{
"type": "FeatureCollection",
"name": "metadata_in_ncr_minus_airshed",
"crs": { "type": "name", "properties": { "name": "urn:ogc:def:crs:EPSG::32644" } },
"features": [
{ "type": "Feature", "properties": { "x_idx": 84416, "y_idx": 105728, "x": 8974015, "y": 3056255, "region": "uttar_pradesh" }, "geometry": { "type": "Polygon", "coordinates": [ [ [ 460251.788175367284566, 2928130.357370213139802 ], [ 462989.439670221996494, 2928122.155828994233161 ], [ 462981.575700480607338, 2925398.925349072087556 ], [ 460243.342482566833496, 2925407.121563030872494 ], [ 460251.788175367284566, 2928130.357370213139802 ] ] ] } },
{ "type": "Feature", "properties": { "x_idx": 83264, "y_idx": 105728, "x": 8968511, "y": 3056255, "region": "uttar_pradesh" }, "geometry": { "type": "Polygon", "coordinates": [ [ [ 455324.00125887512695, 2928146.594497906509787 ], [ 458061.663006615126505, 2928137.339845194015652 ], [ 458052.751930015161633, 2925414.099502602126449 ], [ 455314.508445403480437, 2925423.348144052084535 ], [ 455324.00125887512695, 2928146.594497906509787 ] ] ] } },
{ "type": "Feature", "properties": { "x_idx": 82688, "y_idx": 105728, "x": 8965760, "y": 3056255, "region": "uttar_pradesh" }, "geometry": { "type": "Polygon", "coordinates": [ [ [ 452860.10036966111511, 2928155.423922691028565 ], [ 455597.767707725404762, 2928145.642704480327666 ], [ 455588.333068310166709, 2925422.396968852262944 ], [ 452850.083985842822585, 2925432.171833797823638 ], [ 452860.10036966111511, 2928155.423922691028565 ] ] ] } },
{ "type": "Feature", "properties": { "x_idx": 83840, "y_idx": 105728, "x": 8971263, "y": 3056255, "region": "uttar_pradesh" }, "geometry": { "type": "Polygon", "coordinates": [ [ [ 457787.897101333306637, 2928138.238982407841831 ], [ 460525.553568003640976, 2928129.510888567194343 ], [ 460517.166047836653888, 2925406.275631210766733 ], [ 457778.927851409243885, 2925414.998055790551007 ], [ 457787.897101333306637, 2928138.238982407841831 ] ] ] } },
{ "type": "Feature", "properties": { "x_idx": 84992, "y_idx": 105728, "x": 8976766, "y": 3056255, "region": "uttar_pradesh" }, "geometry": { "type": "Polygon", "coordinates": [ [ [ 462715.67475930438377, 2928122.949655679054558 ], [ 465453.321591600659303, 2928115.27466120896861 ], [ 465445.981166652403772, 2925392.048650921788067 ], [ 462707.752617578371428, 2925399.71866013109684 ], [ 462715.67475930438377, 2928122.949655679054558 ] ] ] } },
{ "type": "Feature", "properties": { "x_idx": 86144, "y_idx": 105728, "x": 8982270, "y": 3056255, "region": "uttar_pradesh" }, "geometry": { "type": "Polygon", "coordinates": [ [ [ 467643.435570209228899, 2928109.555898712482303 ], [ 470381.074005146860145, 2928102.933981632813811 ], [ 470374.780654387956019, 2925379.715987215284258 ], [ 467636.56051398528507, 2925386.333603033795953 ], [ 467643.435570209228899, 2928109.555898712482303 ] ] ] } },
{ "type": "Feature", "properties": { "x_idx": 85568, "y_idx": 105728, "x": 8979518, "y": 3056255, "region": "uttar_pradesh" }, "geometry": { "type": "Polygon", "coordinates": [ [ [ 465179.557131475012284, 2928116.015833499841392 ], [ 467917.199610465788282, 2928108.867380284238607 ], [ 467910.382725053408649, 2925385.645531831774861 ], [ 465172.158535149530508, 2925392.78934178641066 ], [ 465179.557131475012284, 2928116.015833499841392 ] ] ] } },
{ "type": "Feature", "properties": { "x_idx": 84416, "y_idx": 105152, "x": 8974015, "y": 3059007, "region": "uttar_pradesh" }, "geometry": { "type": "Polygon", "coordinates": [ [ [ 460259.394004446512554, 2930580.780085782520473 ], [ 462996.521624453307595, 2930572.573756150901318 ], [ 462988.653042541933246, 2927849.858538756612688 ], [ 460250.94335831614444, 2927858.059547571931034 ], [ 460259.394004446512554, 2930580.780085782520473 ] ] ] } },
{ "type": "Feature", "properties": { "x_idx": 86144, "y_idx": 105152, "x": 8982270, "y": 3059007, "region": "uttar_pradesh" }, "geometry": { "type": "Polygon", "coordinates": [ [ [ 467649.626951315207407, 2930559.966469455976039 ], [ 470386.741527241189033, 2930553.340686182957143 ], [ 470380.444485440966673, 2927830.637939190492034 ], [ 467642.747862891701516, 2927837.259426404722035 ], [ 467649.626951315207407, 2930559.966469455976039 ] ] ] } },
{ "type": "Feature", "properties": { "x_idx": 85568, "y_idx": 105152, "x": 8979518, "y": 3059007, "region": "uttar_pradesh" }, "geometry": { "type": "Polygon", "coordinates": [ [ [ 465186.219990356592461, 2930566.430175852030516 ], [ 467923.338605431956239, 2930559.277549037709832 ], [ 467916.517721935932059, 2927836.570952671580017 ], [ 465178.817054788698442, 2927843.718941841740161 ], [ 465186.219990356592461, 2930566.430175852030516 ] ] ] } },
{ "type": "Feature", "properties": { "x_idx": 84992, "y_idx": 105152, "x": 8976766, "y": 3059007, "region": "uttar_pradesh" }, "geometry": { "type": "Polygon", "coordinates": [ [ [ 462722.80910073115956, 2930573.368046306539327 ], [ 465459.932063833344728, 2930565.688570830971003 ], [ 465452.587333758594468, 2927842.977817664854228 ], [ 462714.882312719360925, 2927850.652313909493387 ], [ 462722.80910073115956, 2930573.368046306539327 ] ] ] } },
{ "type": "Feature", "properties": { "x_idx": 85568, "y_idx": 104576, "x": 8979518, "y": 3061759, "region": "uttar_pradesh" }, "geometry": { "type": "Polygon", "coordinates": [ [ [ 465192.88674960687058, 2933016.380496389698237 ], [ 467929.481194113206584, 2933009.223701031878591 ], [ 467922.65631733374903, 2930287.032661896198988 ], [ 465185.479480006499216, 2930294.184825227595866 ], [ 465192.88674960687058, 2933016.380496389698237 ] ] ] } },
{ "type": "Feature", "properties": { "x_idx": 84416, "y_idx": 104576, "x": 8974015, "y": 3061759, "region": "uttar_pradesh" }, "geometry": { "type": "Polygon", "coordinates": [ [ [ 460267.004285872564651, 2933030.738769394811243 ], [ 463003.607724376721308, 2933022.527657150756568 ], [ 462995.734535833122209, 2930300.328007428906858 ], [ 460258.548692359705456, 2930308.53380530141294 ], [ 460267.004285872564651, 2933030.738769394811243 ] ] ] } },
{ "type": "Feature", "properties": { "x_idx": 83264, "y_idx": 105152, "x": 8968511, "y": 3059007, "region": "uttar_pradesh" }, "geometry": { "type": "Polygon", "coordinates": [ [ [ 455332.55007993063191, 2930597.026693361345679 ], [ 458069.687940390082076, 2930587.766637419350445 ], [ 458060.771637531812303, 2927865.041569285560399 ], [ 455323.051699039351661, 2927874.295621236320585 ], [ 455332.55007993063191, 2930597.026693361345679 ] ] ] } },
{ "type": "Feature", "properties": { "x_idx": 83840, "y_idx": 105152, "x": 8971263, "y": 3059007, "region": "uttar_pradesh" }, "geometry": { "type": "Polygon", "coordinates": [ [ [ 457795.9744235095568, 2930588.666299586184323 ], [ 460533.107009303232189, 2930579.93310992512852 ], [ 460524.714569922361989, 2927857.213120875414461 ], [ 457786.999913211097009, 2927865.940648133400828 ], [ 457795.9744235095568, 2930588.666299586184323 ] ] ] } },
{ "type": "Feature", "properties": { "x_idx": 82688, "y_idx": 105152, "x": 8965760, "y": 3059007, "region": "uttar_pradesh" }, "geometry": { "type": "Polygon", "coordinates": [ [ [ 452869.120695715711918, 2930605.861273090355098 ], [ 455606.264139720529784, 2930596.074344241525978 ], [ 455596.823967001808342, 2927873.343889595475048 ], [ 452859.098437431908678, 2927883.124472863972187 ], [ 452869.120695715711918, 2930605.861273090355098 ] ] ] } },
{ "type": "Feature", "properties": { "x_idx": 83840, "y_idx": 104576, "x": 8971263, "y": 3061759, "region": "uttar_pradesh" }, "geometry": { "type": "Polygon", "coordinates": [ [ [ 457804.056474022509065, 2933038.629579233471304 ], [ 460540.664872284163721, 2933029.891299923881888 ], [ 460532.267519595858175, 2930307.686884326394647 ], [ 457795.076709665649105, 2930316.419508090242743 ], [ 457804.056474022509065, 2933038.629579233471304 ] ] ] } },
{ "type": "Feature", "properties": { "x_idx": 82688, "y_idx": 104576, "x": 8965760, "y": 3061759, "region": "uttar_pradesh" }, "geometry": { "type": "Polygon", "coordinates": [ [ [ 452878.146302088396624, 2933055.8345738039352 ], [ 455614.76554537715856, 2933046.041941235307604 ], [ 455605.319845998776145, 2930323.827072717249393 ], [ 452868.118176392628811, 2930333.613367392215878 ], [ 452878.146302088396624, 2933055.8345738039352 ] ] ] } },
{ "type": "Feature", "properties": { "x_idx": 83264, "y_idx": 104576, "x": 8968511, "y": 3061759, "region": "uttar_pradesh" }, "geometry": { "type": "Polygon", "coordinates": [ [ [ 455341.103905313299038, 2933046.994845374953002 ], [ 458077.717571836197749, 2933037.729392749723047 ], [ 458068.796048994699959, 2930315.519904220011085 ], [ 455331.599963687127456, 2930324.779360126703978 ], [ 455341.103905313299038, 2933046.994845374953002 ] ] ] } },
{ "type": "Feature", "properties": { "x_idx": 83264, "y_idx": 104000, "x": 8968511, "y": 3064510, "region": "uttar_pradesh" }, "geometry": { "type": "Polygon", "coordinates": [ [ [ 455349.66272900608601, 2935496.498679655604064 ], [ 458085.751895305293147, 2935487.227836892474443 ], [ 458076.825158756284509, 2932765.534232757519931 ], [ 455340.153233330580406, 2932774.799086074810475 ], [ 455349.66272900608601, 2935496.498679655604064 ] ] ] } },
{ "type": "Feature", "properties": { "x_idx": 83840, "y_idx": 104000, "x": 8971263, "y": 3064510, "region": "uttar_pradesh" }, "geometry": { "type": "Polygon", "coordinates": [ [ [ 457812.143247187079396, 2935488.1285470565781 ], [ 460548.227151630097069, 2935479.385184273589402 ], [ 460539.824891541386023, 2932757.696646917611361 ], [ 457803.158235088572837, 2932766.434361015446484 ], [ 457812.143247187079396, 2935488.1285470565781 ] ] ] } },
{ "type": "Feature", "properties": { "x_idx": 84416, "y_idx": 104000, "x": 8974015, "y": 3064510, "region": "uttar_pradesh" }, "geometry": { "type": "Polygon", "coordinates": [ [ [ 460274.619014292256907, 2935480.233146758750081 ], [ 463010.697965007799212, 2935472.017257702536881 ], [ 463002.820175370259676, 2932750.333480443339795 ], [ 460266.158479344914667, 2932758.544061572290957 ], [ 460274.619014292256907, 2935480.233146758750081 ] ] ] } },
{ "type": "Feature", "properties": { "x_idx": 84416, "y_idx": 103424, "x": 8974015, "y": 3067262, "region": "uttar_pradesh" }, "geometry": { "type": "Polygon", "coordinates": [ [ [ 460282.2381843518815, 2937929.262943903915584 ], [ 463017.792341361520812, 2937921.04228383814916 ], [ 463009.909956168849021, 2935199.874683469068259 ], [ 460273.772713918588124, 2935208.090042054187506 ], [ 460282.2381843518815, 2937929.262943903915584 ] ] ] } },
{ "type": "Feature", "properties": { "x_idx": 86144, "y_idx": 104576, "x": 8982270, "y": 3061759, "region": "uttar_pradesh" }, "geometry": { "type": "Polygon", "coordinates": [ [ [ 467655.821956801519264, 2933009.91302295261994 ], [ 470392.412367062584963, 2933003.283378170337528 ], [ 470386.111638652684633, 2930281.096183746121824 ], [ 467648.938841019757092, 2930287.721537672914565 ], [ 467655.821956801519264, 2933009.91302295261994 ] ] ] } },
{ "type": "Feature", "properties": { "x_idx": 84992, "y_idx": 104576, "x": 8976766, "y": 3061759, "region": "uttar_pradesh" }, "geometry": { "type": "Polygon", "coordinates": [ [ [ 462729.947618515521754, 2933023.322410216089338 ], [ 465466.546405769418925, 2933015.638459162786603 ], [ 465459.197375737072434, 2930293.443268262315542 ], [ 462722.016189796442632, 2930301.122246115468442 ], [ 462729.947618515521754, 2933023.322410216089338 ] ] ] } },
{ "type": "Feature", "properties": { "x_idx": 86144, "y_idx": 104000, "x": 8982270, "y": 3064510, "region": "uttar_pradesh" }, "geometry": { "type": "Polygon", "coordinates": [ [ [ 467662.02058231056435, 2935459.395284913014621 ], [ 470398.086520622251555, 2935452.761783305089921 ], [ 470391.782110034720972, 2932731.09044623747468 ], [ 467655.133444012317341, 2932737.719662193674594 ], [ 467662.02058231056435, 2935459.395284913014621 ] ] ] } },
{ "type": "Feature", "properties": { "x_idx": 85568, "y_idx": 104000, "x": 8979518, "y": 3064510, "region": "uttar_pradesh" }, "geometry": { "type": "Polygon", "coordinates": [ [ [ 465199.557404536462855, 2935465.86652082297951 ], [ 467935.62737218872644, 2935458.705561977345496 ], [ 467928.798506926686969, 2932737.030384860932827 ], [ 465192.145806114072911, 2932744.18671729741618 ], [ 465199.557404536462855, 2935465.86652082297951 ] ] ] } },
{ "type": "Feature", "properties": { "x_idx": 84992, "y_idx": 104000, "x": 8976766, "y": 3064510, "region": "uttar_pradesh" }, "geometry": { "type": "Polygon", "coordinates": [ [ [ 462737.090307636128273, 2935472.812473115511239 ], [ 465473.164612756168935, 2935465.124051914084703 ], [ 465465.811287935823202, 2932743.44472806667909 ], [ 462729.154243789089378, 2932751.128182101529092 ], [ 462737.090307636128273, 2935472.812473115511239 ] ] ] } },
{ "type": "Feature", "properties": { "x_idx": 86144, "y_idx": 103424, "x": 8982270, "y": 3067262, "region": "uttar_pradesh" }, "geometry": { "type": "Polygon", "coordinates": [ [ [ 467668.222823484276887, 2937908.412981370463967 ], [ 470403.763983930752147, 2937901.775627619586885 ], [ 470397.455895598221105, 2935180.620452334638685 ], [ 467661.331667511840351, 2935187.25352563848719 ], [ 467668.222823484276887, 2937908.412981370463967 ] ] ] } },
{ "type": "Feature", "properties": { "x_idx": 85568, "y_idx": 103424, "x": 8979518, "y": 3067262, "region": "uttar_pradesh" }, "geometry": { "type": "Polygon", "coordinates": [ [ [ 465206.231950455287006, 2937914.88797518145293 ], [ 467941.777135337237269, 2937907.722857906017452 ], [ 467934.944286393991206, 2935186.563847235869616 ], [ 465198.816028421977535, 2935193.724343721289188 ], [ 465206.231950455287006, 2937914.88797518145293 ] ] ] } },
{ "type": "Feature", "properties": { "x_idx": 84992, "y_idx": 103424, "x": 8976766, "y": 3067262, "region": "uttar_pradesh" }, "geometry": { "type": "Polygon", "coordinates": [ [ [ 462744.237163071054965, 2937921.837961037643254 ], [ 465479.786680140590761, 2937914.145075114909559 ], [ 465472.429065702308435, 2935192.981922750826925 ], [ 462736.296469675842673, 2935200.669847537763417 ], [ 462744.237163071054965, 2937921.837961037643254 ] ] ] } },
{ "type": "Feature", "properties": { "x_idx": 86144, "y_idx": 102848, "x": 8982270, "y": 3070014, "region": "uttar_pradesh" }, "geometry": { "type": "Polygon", "coordinates": [ [ [ 467674.428675964125432, 2940356.965838678181171 ], [ 470409.444752998417243, 2940350.324637469835579 ], [ 470403.132991353922989, 2937629.685928038321435 ], [ 467667.533507160260342, 2937636.322854004334658 ], [ 467674.428675964125432, 2940356.965838678181171 ] ] ] } },
{ "type": "Feature", "properties": { "x_idx": 84992, "y_idx": 102848, "x": 8976766, "y": 3070014, "region": "uttar_pradesh" }, "geometry": { "type": "Polygon", "coordinates": [ [ [ 462751.388179797912017, 2940370.398600334767252 ], [ 465486.412603268981911, 2940362.701255121733993 ], [ 465479.050704383407719, 2937642.054578311275691 ], [ 462743.442862434952985, 2937649.746968421619385 ], [ 462751.388179797912017, 2940370.398600334767252 ] ] ] } },
{ "type": "Feature", "properties": { "x_idx": 80960, "y_idx": 105728, "x": 8957504, "y": 3056255, "region": "uttar_pradesh" }, "geometry": { "type": "Polygon", "coordinates": [ [ [ 445468.364638170576654, 2928184.755717683583498 ], [ 448206.050602752366103, 2928173.394759446848184 ], [ 448195.045232846809085, 2925450.130997894331813 ], [ 445456.777498767594807, 2925461.484576854854822 ], [ 445468.364638170576654, 2928184.755717683583498 ] ] ] } },
{ "type": "Feature", "properties": { "x_idx": 82112, "y_idx": 105728, "x": 8963008, "y": 3056255, "region": "uttar_pradesh" }, "geometry": { "type": "Polygon", "coordinates": [ [ [ 450396.194155359116849, 2928164.727263085078448 ], [ 453133.86739300674526, 2928154.419472371693701 ], [ 453123.909184018848464, 2925431.168035904876888 ], [ 450385.654194020084105, 2925441.469131350051612 ], [ 450396.194155359116849, 2928164.727263085078448 ] ] ] } },
{ "type": "Feature", "properties": { "x_idx": 81536, "y_idx": 105728, "x": 8960256, "y": 3056255, "region": "uttar_pradesh" }, "geometry": { "type": "Polygon", "coordinates": [ [ [ 447932.282337640062906, 2928174.504525749012828 ], [ 450669.961784124549013, 2928163.67015515267849 ], [ 450659.47999843157595, 2925440.412710044533014 ], [ 447921.218791231163777, 2925451.240043368656188 ], [ 447932.282337640062906, 2928174.504525749012828 ] ] ] } },
{ "type": "Feature", "properties": { "x_idx": 81536, "y_idx": 105152, "x": 8960256, "y": 3059007, "region": "uttar_pradesh" }, "geometry": { "type": "Polygon", "coordinates": [ [ [ 447942.245693402423058, 2930624.953016043640673 ], [ 450679.40123114438029, 2930614.112319989129901 ], [ 450668.91329805564601, 2927891.370170027483255 ], [ 447931.175658434163779, 2927902.203837322536856 ], [ 447942.245693402423058, 2930624.953016043640673 ] ] ] } },
{ "type": "Feature", "properties": { "x_idx": 82112, "y_idx": 105152, "x": 8963008, "y": 3059007, "region": "uttar_pradesh" }, "geometry": { "type": "Polygon", "coordinates": [ [ [ 450405.685992870130576, 2930615.170045096892864 ], [ 453142.835329304332845, 2930604.856236336287111 ], [ 453132.871279967133887, 2927882.120087747462094 ], [ 450395.139850019011647, 2927892.427209338638932 ], [ 450405.685992870130576, 2930615.170045096892864 ] ] ] } },
{ "type": "Feature", "properties": { "x_idx": 80960, "y_idx": 105152, "x": 8957504, "y": 3059007, "region": "uttar_pradesh" }, "geometry": { "type": "Polygon", "coordinates": [ [ [ 445478.79951931675896, 2930635.210192929953337 ], [ 448215.961567251826636, 2930623.842601825017482 ], [ 448204.949742903350852, 2927901.094143059570342 ], [ 445467.205584306328092, 2927912.454363815486431 ], [ 445478.79951931675896, 2930635.210192929953337 ] ] ] } },
{ "type": "Feature", "properties": { "x_idx": 81536, "y_idx": 104576, "x": 8960256, "y": 3061759, "region": "uttar_pradesh" }, "geometry": { "type": "Polygon", "coordinates": [ [ [ 447952.214881466759834, 2933074.93744315719232 ], [ 450688.84620380809065, 2933064.090429308824241 ], [ 450678.352130704908632, 2930341.863879641517997 ], [ 447941.138365730119403, 2930352.703873245511204 ], [ 447952.214881466759834, 2933074.93744315719232 ] ] ] } },
{ "type": "Feature", "properties": { "x_idx": 82112, "y_idx": 104576, "x": 8963008, "y": 3061759, "region": "uttar_pradesh" }, "geometry": { "type": "Polygon", "coordinates": [ [ [ 450415.183386690798216, 2933065.148770844098181 ], [ 453151.808515254291706, 2933054.828951326198876 ], [ 453141.838632580358535, 2930332.608395762741566 ], [ 450404.631069749942981, 2930342.921536210924387 ], [ 450415.183386690798216, 2933065.148770844098181 ] ] ] } },
{ "type": "Feature", "properties": { "x_idx": 80960, "y_idx": 104576, "x": 8957504, "y": 3061759, "region": "uttar_pradesh" }, "geometry": { "type": "Polygon", "coordinates": [ [ [ 445489.240508757822681, 2933085.200597746763378 ], [ 448225.878333387430757, 2933073.826381807681173 ], [ 448214.860062345978804, 2930351.593530979007483 ], [ 445477.639786299725529, 2930362.960385496262461 ], [ 445489.240508757822681, 2933085.200597746763378 ] ] ] } },
{ "type": "Feature", "properties": { "x_idx": 80384, "y_idx": 105728, "x": 8954753, "y": 3056255, "region": "uttar_pradesh" }, "geometry": { "type": "Polygon", "coordinates": [ [ [ 443004.440778616350144, 2928195.480846230871975 ], [ 445742.133570555481128, 2928183.593292218167335 ], [ 445730.604608554858714, 2925460.32290641637519 ], [ 442992.330037920095492, 2925472.202739147469401 ], [ 443004.440778616350144, 2928195.480846230871975 ] ] ] } },
{ "type": "Feature", "properties": { "x_idx": 80384, "y_idx": 105152, "x": 8954753, "y": 3059007, "region": "uttar_pradesh" }, "geometry": { "type": "Polygon", "coordinates": [ [ [ 443015.347192616434768, 2930645.941583100240678 ], [ 445752.516059629619122, 2930634.047088806983083 ], [ 445740.980336138047278, 2927911.292013806756586 ], [ 443003.229349263885524, 2927923.178796157706529 ], [ 443015.347192616434768, 2930645.941583100240678 ] ] ] } },
{ "type": "Feature", "properties": { "x_idx": 80384, "y_idx": 104576, "x": 8954753, "y": 3061759, "region": "uttar_pradesh" }, "geometry": { "type": "Polygon", "coordinates": [ [ [ 443026.259990905178711, 2933095.938241954427212 ], [ 445762.904626332747284, 2933084.036815788131207 ], [ 445751.362149469030555, 2930361.797356738243252 ], [ 443014.135053424746729, 2930373.691080304794014 ], [ 443026.259990905178711, 2933095.938241954427212 ] ] ] } },
{ "type": "Feature", "properties": { "x_idx": 80384, "y_idx": 104000, "x": 8954753, "y": 3064510, "region": "uttar_pradesh" }, "geometry": { "type": "Polygon", "coordinates": [ [ [ 443037.179165805864614, 2935545.470548497512937 ], [ 445773.299263357184827, 2935533.562198867090046 ], [ 445761.750041240884457, 2932811.838660561479628 ], [ 443025.047142727125902, 2932823.739316935185343 ], [ 443037.179165805864614, 2935545.470548497512937 ] ] ] } },
{ "type": "Feature", "properties": { "x_idx": 91904, "y_idx": 105728, "x": 9009787, "y": 3056255, "region": "uttar_pradesh" }, "geometry": { "type": "Polygon", "coordinates": [ [ [ 492282.064850511320401, 2928071.019507710356265 ], [ 495019.679853792709764, 2928069.662753413431346 ], [ 495018.621663530706428, 2925346.466370481532067 ], [ 492280.424986349884421, 2925347.822243486065418 ], [ 492282.064850511320401, 2928071.019507710356265 ] ] ] } },
{ "type": "Feature", "properties": { "x_idx": 93056, "y_idx": 105728, "x": 9015291, "y": 3056255, "region": "uttar_pradesh" }, "geometry": { "type": "Polygon", "coordinates": [ [ [ 497209.771338010323234, 2928068.99855375662446 ], [ 499947.385365971829742, 2928068.694808295462281 ], [ 499947.37418671650812, 2925345.499054101761431 ], [ 497209.178486169490498, 2925345.802602262236178 ], [ 497209.771338010323234, 2928068.99855375662446 ] ] ] } },
{ "type": "Feature", "properties": { "x_idx": 92480, "y_idx": 105728, "x": 9012539, "y": 3056255, "region": "uttar_pradesh" }, "geometry": { "type": "Polygon", "coordinates": [ [ [ 494745.918391021026764, 2928069.772103593684733 ], [ 497483.532752017315943, 2928068.941854011733085 ], [ 497482.998067450127564, 2925345.745939346961677 ], [ 494744.802033419662621, 2925346.575649632140994 ], [ 494745.918391021026764, 2928069.772103593684733 ] ] ] } },
{ "type": "Feature", "properties": { "x_idx": 89024, "y_idx": 105728, "x": 8996029, "y": 3056255, "region": "uttar_pradesh" }, "geometry": { "type": "Polygon", "coordinates": [ [ [ 479962.778503789159004, 2928084.36438562721014 ], [ 482700.401357255410403, 2928080.3750856439583 ], [ 482696.725619652366731, 2925357.17174443276599 ], [ 479958.521081711631268, 2925361.158453142736107 ], [ 479962.778503789159004, 2928084.36438562721014 ] ] ] } },
{ "type": "Feature", "properties": { "x_idx": 88448, "y_idx": 105728, "x": 8993277, "y": 3056255, "region": "uttar_pradesh" }, "geometry": { "type": "Polygon", "coordinates": [ [ [ 477498.915557326807175, 2928088.454946054611355 ], [ 480236.540908584371209, 2928083.939129872713238 ], [ 480232.341655115189496, 2925360.733473615720868 ], [ 477494.134616018214729, 2925365.246356527321041 ], [ 477498.915557326807175, 2928088.454946054611355 ] ] ] } },
{ "type": "Feature", "properties": { "x_idx": 90176, "y_idx": 105728, "x": 9001532, "y": 3056255, "region": "uttar_pradesh" }, "geometry": { "type": "Polygon", "coordinates": [ [ [ 484890.497884616663214, 2928077.604856367688626 ], [ 487628.116670255316421, 2928074.668580589350313 ], [ 487625.487956861848943, 2925351.468946078326553 ], [ 484887.287492228555493, 2925354.403314577881247 ], [ 484890.497884616663214, 2928077.604856367688626 ] ] ] } },
{ "type": "Feature", "properties": { "x_idx": 90752, "y_idx": 105728, "x": 9004284, "y": 3056255, "region": "uttar_pradesh" }, "geometry": { "type": "Polygon", "coordinates": [ [ [ 487354.354875635297503, 2928074.935882695484906 ], [ 490091.972091238421854, 2928072.526115676853806 ], [ 490089.866886938223615, 2925349.327872822992504 ], [ 487351.66799445549259, 2925351.736074556596577 ], [ 487354.354875635297503, 2928074.935882695484906 ] ] ] } },
{ "type": "Feature", "properties": { "x_idx": 91328, "y_idx": 105728, "x": 9007036, "y": 3056255, "region": "uttar_pradesh" }, "geometry": { "type": "Polygon", "coordinates": [ [ [ 489818.210438158304896, 2928072.740767000243068 ], [ 492555.826392975344788, 2928070.857507016509771 ], [ 492554.244696260604542, 2925347.660348021425307 ], [ 489816.047066262399312, 2925349.542384717147797 ], [ 489818.210438158304896, 2928072.740767000243068 ] ] ] } },
{ "type": "Feature", "properties": { "x_idx": 91328, "y_idx": 105152, "x": 9007036, "y": 3059007, "region": "uttar_pradesh" }, "geometry": { "type": "Polygon", "coordinates": [ [ [ 489820.158678226929624, 2930523.12984316656366 ], [ 492557.250801290560048, 2930521.245483629405499 ], [ 492555.668176900479011, 2927798.563546856865287 ], [ 489817.994037500408012, 2927800.446684585418552 ], [ 489820.158678226929624, 2930523.12984316656366 ] ] ] } },
{ "type": "Feature", "properties": { "x_idx": 90752, "y_idx": 105152, "x": 9004284, "y": 3059007, "region": "uttar_pradesh" }, "geometry": { "type": "Polygon", "coordinates": [ [ [ 487356.774565740895923, 2930525.326240493450314 ], [ 490093.8679480618448, 2930522.915066518355161 ], [ 490091.761509046540596, 2927800.232047197408974 ], [ 487354.086108690535184, 2927802.641657781321555 ], [ 487356.774565740895923, 2930525.326240493450314 ] ] ] } },
{ "type": "Feature", "properties": { "x_idx": 90176, "y_idx": 105152, "x": 9001532, "y": 3059007, "region": "uttar_pradesh" }, "geometry": { "type": "Polygon", "coordinates": [ [ [ 484893.389026491320692, 2930527.996772460173815 ], [ 487630.483976944058668, 2930525.05878232140094 ], [ 487627.853721795661841, 2927802.374373027589172 ], [ 484890.176751192600932, 2927805.310458193533123 ], [ 484893.389026491320692, 2930527.996772460173815 ] ] ] } },
{ "type": "Feature", "properties": { "x_idx": 90176, "y_idx": 104576, "x": 9001532, "y": 3061759, "region": "uttar_pradesh" }, "geometry": { "type": "Polygon", "coordinates": [ [ [ 484896.281860837887507, 2932977.924693902954459 ], [ 487632.852669453830458, 2932974.984991480130702 ], [ 487630.220874401449692, 2930252.816112543921918 ], [ 484893.067704889166635, 2930255.753912300802767 ], [ 484896.281860837887507, 2932977.924693902954459 ] ] ] } },
{ "type": "Feature", "properties": { "x_idx": 91328, "y_idx": 104576, "x": 9007036, "y": 3061759, "region": "uttar_pradesh" }, "geometry": { "type": "Polygon", "coordinates": [ [ [ 489822.108058795973193, 2932973.054928123950958 ], [ 492558.676043455547187, 2932971.169470365159214 ], [ 492557.092492503870744, 2930249.003060954622924 ], [ 489819.942150762130041, 2930250.887298384681344 ], [ 489822.108058795973193, 2932973.054928123950958 ] ] ] } },
{ "type": "Feature", "properties": { "x_idx": 86720, "y_idx": 105728, "x": 8985022, "y": 3056255, "region": "uttar_pradesh" }, "geometry": { "type": "Polygon", "coordinates": [ [ [ 470107.310353834123816, 2928103.569846690166742 ], [ 472844.945053973002359, 2928097.474461005069315 ], [ 472839.175233360205311, 2925374.260012825019658 ], [ 470100.958832787582651, 2925380.351439247373492 ], [ 470107.310353834123816, 2928103.569846690166742 ] ] ] } },
{ "type": "Feature", "properties": { "x_idx": 87296, "y_idx": 105728, "x": 8987773, "y": 3056255, "region": "uttar_pradesh" }, "geometry": { "type": "Polygon", "coordinates": [ [ [ 472571.181760677485727, 2928098.057673148345202 ], [ 475308.813035269151442, 2928092.488814492244273 ], [ 475303.566740670008585, 2925369.27760475082323 ], [ 472565.353770259360317, 2925374.842846141662449 ], [ 472571.181760677485727, 2928098.057673148345202 ] ] ] } },
{ "type": "Feature", "properties": { "x_idx": 87872, "y_idx": 105728, "x": 8990525, "y": 3056255, "region": "uttar_pradesh" }, "geometry": { "type": "Polygon", "coordinates": [ [ [ 475035.050069065589923, 2928093.019374139141291 ], [ 477772.678227363619953, 2928087.977038525044918 ], [ 477767.955455020652153, 2925364.768759424332529 ], [ 475029.745605101808906, 2925369.807819771114737 ], [ 475035.050069065589923, 2928093.019374139141291 ] ] ] } },
{ "type": "Feature", "properties": { "x_idx": 86720, "y_idx": 105152, "x": 8985022, "y": 3059007, "region": "uttar_pradesh" }, "geometry": { "type": "Polygon", "coordinates": [ [ [ 470113.030261596548371, 2930553.976922490168363 ], [ 472850.141107252507936, 2930547.877978016622365 ], [ 472844.367902640311513, 2927825.178772971965373 ], [ 470106.675015392887872, 2927831.273762971162796 ], [ 470113.030261596548371, 2930553.976922490168363 ] ] ] } },
{ "type": "Feature", "properties": { "x_idx": 87872, "y_idx": 105152, "x": 8990525, "y": 3059007, "region": "uttar_pradesh" }, "geometry": { "type": "Polygon", "coordinates": [ [ [ 475039.82704208715586, 2930543.420290045905858 ], [ 477776.931353834574111, 2930538.375010454561561 ], [ 477772.205811574938707, 2927815.681967027485371 ], [ 475034.519467049860395, 2927820.723975312430412 ], [ 475039.82704208715586, 2930543.420290045905858 ] ] ] } },
{ "type": "Feature", "properties": { "x_idx": 87296, "y_idx": 105152, "x": 8987773, "y": 3059007, "region": "uttar_pradesh" }, "geometry": { "type": "Polygon", "coordinates": [ [ [ 472576.430199190974236, 2930548.46153066912666 ], [ 475313.537623453361448, 2930542.889420630875975 ], [ 475308.288251896330621, 2927820.193450107704848 ], [ 472570.598790657706559, 2927825.761947256047279 ], [ 472576.430199190974236, 2930548.46153066912666 ] ] ] } },
{ "type": "Feature", "properties": { "x_idx": 86720, "y_idx": 104576, "x": 8985022, "y": 3061759, "region": "uttar_pradesh" }, "geometry": { "type": "Polygon", "coordinates": [ [ [ 470118.753517751407344, 2933003.919985277112573 ], [ 472855.340202271589078, 2932997.817486327607185 ], [ 472849.563617722946219, 2930275.633829560130835 ], [ 470112.394550863245968, 2930281.732378825545311 ], [ 470118.753517751407344, 2933003.919985277112573 ] ] ] } },
{ "type": "Feature", "properties": { "x_idx": 89600, "y_idx": 105728, "x": 8998780, "y": 3056255, "region": "uttar_pradesh" }, "geometry": { "type": "Polygon", "coordinates": [ [ [ 482426.639186776650604, 2928080.74768992792815 ], [ 485164.259851704176981, 2928077.284903287421912 ], [ 485161.10762733471347, 2925354.083569325041026 ], [ 482422.905280880921055, 2925357.544106689747423 ], [ 482426.639186776650604, 2928080.74768992792815 ] ] ] } },
{ "type": "Feature", "properties": { "x_idx": 89024, "y_idx": 105152, "x": 8996029, "y": 3059007, "region": "uttar_pradesh" }, "geometry": { "type": "Polygon", "coordinates": [ [ [ 479966.612555748142768, 2930534.760248299688101 ], [ 482703.711569096136373, 2930530.768619148060679 ], [ 482700.033675657818094, 2927808.080507636535913 ], [ 479962.352636679075658, 2927812.069548649247736 ], [ 479966.612555748142768, 2930534.760248299688101 ] ] ] } },
{ "type": "Feature", "properties": { "x_idx": 88448, "y_idx": 105152, "x": 8993277, "y": 3059007, "region": "uttar_pradesh" }, "geometry": { "type": "Polygon", "coordinates": [ [ [ 477503.22106827609241, 2930538.853197012096643 ], [ 480240.32257638667943, 2930534.334744257852435 ], [ 480236.120860041643027, 2927811.644320500548929 ], [ 477498.437322935089469, 2927816.159843532834202 ], [ 477503.22106827609241, 2930538.853197012096643 ] ] ] } },
{ "type": "Feature", "properties": { "x_idx": 89600, "y_idx": 105152, "x": 8998780, "y": 3059007, "region": "uttar_pradesh" }, "geometry": { "type": "Polygon", "coordinates": [ [ [ 482430.001782489882316, 2930531.141440978739411 ], [ 485167.09860995283816, 2930527.676632573828101 ], [ 485163.944536788389087, 2927804.990525882691145 ], [ 482426.265686643251684, 2927808.453087732661515 ], [ 482430.001782489882316, 2930531.141440978739411 ] ] ] } },
{ "type": "Feature", "properties": { "x_idx": 88448, "y_idx": 104576, "x": 8993277, "y": 3061759, "region": "uttar_pradesh" }, "geometry": { "type": "Polygon", "coordinates": [ [ [ 477507.529099656152539, 2932988.787445646245033 ], [ 480244.106457968184259, 2932984.266359513159841 ], [ 480239.902281704242341, 2930262.091473398264498 ], [ 477502.74255364947021, 2930266.609633357264102 ], [ 477507.529099656152539, 2932988.787445646245033 ] ] ] } },
{ "type": "Feature", "properties": { "x_idx": 89024, "y_idx": 104576, "x": 8996029, "y": 3061759, "region": "uttar_pradesh" }, "geometry": { "type": "Polygon", "coordinates": [ [ [ 479970.448852151399478, 2932984.692111541051418 ], [ 482707.023718729731627, 2932980.698156042955816 ], [ 482703.343672044400591, 2930258.525579372886568 ], [ 479966.186439088836778, 2930262.516949866898358 ], [ 479970.448852151399478, 2932984.692111541051418 ] ] ] } },
{ "type": "Feature", "properties": { "x_idx": 89600, "y_idx": 104576, "x": 8998780, "y": 3061759, "region": "uttar_pradesh" }, "geometry": { "type": "Polygon", "coordinates": [ [ [ 482433.366346661176067, 2932981.07119515677914 ], [ 485169.939030008390546, 2932977.604367436375469 ], [ 485166.783110268588644, 2930255.43379315873608 ], [ 482429.628063492884394, 2930258.898377045057714 ], [ 482433.366346661176067, 2932981.07119515677914 ] ] ] } },
{ "type": "Feature", "properties": { "x_idx": 88448, "y_idx": 104000, "x": 8993277, "y": 3064510, "region": "uttar_pradesh" }, "geometry": { "type": "Polygon", "coordinates": [ [ [ 477511.839648436871357, 2935438.257417668588459 ], [ 480247.892550667165779, 2935433.733701350167394 ], [ 480243.685917441674974, 2932712.074657664634287 ], [ 477507.050305131298956, 2932716.595451357308775 ], [ 477511.839648436871357, 2935438.257417668588459 ] ] ] } },
{ "type": "Feature", "properties": { "x_idx": 89024, "y_idx": 104000, "x": 8996029, "y": 3064510, "region": "uttar_pradesh" }, "geometry": { "type": "Polygon", "coordinates": [ [ [ 479974.287390300538391, 2935434.15970106376335 ], [ 482710.337803826434538, 2935430.163422040175647 ], [ 482706.655606482760049, 2932708.506684998515993 ], [ 479970.022486242640298, 2932712.500382153317332 ], [ 479974.287390300538391, 2935434.15970106376335 ] ] ] } },
{ "type": "Feature", "properties": { "x_idx": 89600, "y_idx": 104000, "x": 8998780, "y": 3064510, "region": "uttar_pradesh" }, "geometry": { "type": "Polygon", "coordinates": [ [ [ 482436.732876923808362, 2935430.536678174044937 ], [ 485172.781109872856177, 2935427.067833587061614 ], [ 485169.623345777625218, 2932705.413096509408206 ], [ 482432.992409063503146, 2932708.879699983168393 ], [ 482436.732876923808362, 2935430.536678174044937 ] ] ] } },
{ "type": "Feature", "properties": { "x_idx": 90752, "y_idx": 104576, "x": 9004284, "y": 3061759, "region": "uttar_pradesh" }, "geometry": { "type": "Polygon", "coordinates": [ [ [ 487359.195672332542017, 2932975.252605529502034 ], [ 490095.76491472061025, 2932972.840026301331818 ], [ 490093.657242472632788, 2930250.672535654623061 ], [ 487356.50564130366547, 2930253.083553384523839 ], [ 487359.195672332542017, 2932975.252605529502034 ] ] ] } },
{ "type": "Feature", "properties": { "x_idx": 91328, "y_idx": 104000, "x": 9007036, "y": 3064510, "region": "uttar_pradesh" }, "geometry": { "type": "Polygon", "coordinates": [ [ [ 489824.058578494121321, 2935422.515747583005577 ], [ 492560.102118467795663, 2935420.62919293390587 ], [ 492558.517642068385612, 2932698.978615672793239 ], [ 489821.891404676600359, 2932700.86395147209987 ], [ 489824.058578494121321, 2935422.515747583005577 ] ] ] } },
{ "type": "Feature", "properties": { "x_idx": 90176, "y_idx": 104000, "x": 9001532, "y": 3064510, "region": "uttar_pradesh" }, "geometry": { "type": "Polygon", "coordinates": [ [ [ 484899.176385621598456, 2935427.388346408028156 ], [ 487635.222746118437499, 2935424.446933777537197 ], [ 487632.589413013425656, 2932702.793889984488487 ], [ 484895.960351283778436, 2932705.733402256853878 ], [ 484899.176385621598456, 2935427.388346408028156 ] ] ] } },
{ "type": "Feature", "properties": { "x_idx": 90752, "y_idx": 104000, "x": 9004284, "y": 3064510, "region": "uttar_pradesh" }, "geometry": { "type": "Polygon", "coordinates": [ [ [ 487361.61819370725425, 2935424.714703514240682 ], [ 490097.662989880365785, 2935422.300720738247037 ], [ 490095.554085882264189, 2932700.64906355086714 ], [ 487358.926590592076536, 2932703.061486722901464 ], [ 487361.61819370725425, 2935424.714703514240682 ] ] ] } },
{ "type": "Feature", "properties": { "x_idx": 91904, "y_idx": 103424, "x": 9009787, "y": 3067262, "region": "uttar_pradesh" }, "geometry": { "type": "Polygon", "coordinates": [ [ [ 492287.977199147688225, 2937869.78675571968779 ], [ 495023.495041602349374, 2937868.426838579587638 ], [ 495022.434373268450145, 2935147.29317019879818 ], [ 492286.333494751597755, 2935148.652210311498493 ], [ 492287.977199147688225, 2937869.78675571968779 ] ] ] } },
{ "type": "Feature", "properties": { "x_idx": 91328, "y_idx": 103424, "x": 9007036, "y": 3067262, "region": "uttar_pradesh" }, "geometry": { "type": "Polygon", "coordinates": [ [ [ 489826.010235950176138, 2937871.512027578894049 ], [ 492561.529025324678514, 2937869.624377373140305 ], [ 492559.943624591571279, 2935148.489936684723943 ], [ 489823.841797872562893, 2935150.376369521953166 ], [ 489826.010235950176138, 2937871.512027578894049 ] ] ] } },
{ "type": "Feature", "properties": { "x_idx": 90752, "y_idx": 103424, "x": 9004284, "y": 3067262, "region": "uttar_pradesh" }, "geometry": { "type": "Polygon", "coordinates": [ [ [ 487364.042128161876462, 2937873.712260484229773 ], [ 490099.562172206642572, 2937871.296875864733011 ], [ 490097.452037941082381, 2935150.161356561817229 ], [ 487361.348954852786846, 2935152.575183472130448 ], [ 487364.042128161876462, 2937873.712260484229773 ] ] ] } },
{ "type": "Feature", "properties": { "x_idx": 90176, "y_idx": 103424, "x": 9001532, "y": 3067262, "region": "uttar_pradesh" }, "geometry": { "type": "Polygon", "coordinates": [ [ [ 484902.072598807339091, 2937876.387456009164453 ], [ 487637.594205271627288, 2937873.444335249252617 ], [ 487634.959335965337232, 2935152.307431024964899 ], [ 484898.854688341612928, 2935155.248653734568506 ], [ 484902.072598807339091, 2937876.387456009164453 ] ] ] } },
{ "type": "Feature", "properties": { "x_idx": 90176, "y_idx": 102848, "x": 9001532, "y": 3070014, "region": "uttar_pradesh" }, "geometry": { "type": "Polygon", "coordinates": [ [ [ 484904.970498359994963, 2940324.921749063767493 ], [ 487639.967045246856287, 2940321.976922250818461 ], [ 487637.330641590931918, 2937601.356461662333459 ], [ 484901.750714027672075, 2937604.299392732791603 ], [ 484904.970498359994963, 2940324.921749063767493 ] ] ] } },
{ "type": "Feature", "properties": { "x_idx": 91904, "y_idx": 102848, "x": 9009787, "y": 3070014, "region": "uttar_pradesh" }, "geometry": { "type": "Polygon", "coordinates": [ [ [ 492289.457442396553233, 2940318.317222511395812 ], [ 495024.450229861715343, 2940316.956517060287297 ], [ 495023.388943873113021, 2937596.339288380462676 ], [ 492287.812780829204712, 2937597.699117871467024 ], [ 492289.457442396553233, 2940318.317222511395812 ] ] ] } },
{ "type": "Feature", "properties": { "x_idx": 87872, "y_idx": 104576, "x": 8990525, "y": 3061759, "region": "uttar_pradesh" }, "geometry": { "type": "Polygon", "coordinates": [ [ [ 475044.606811526464298, 2932993.357200401369482 ], [ 477781.186970071226824, 2932988.308980399277061 ], [ 477776.458661220560316, 2930266.131477787159383 ], [ 475039.29612915078178, 2930271.176430445630103 ], [ 475044.606811526464298, 2932993.357200401369482 ] ] ] } },
{ "type": "Feature", "properties": { "x_idx": 87296, "y_idx": 104576, "x": 8987773, "y": 3061759, "region": "uttar_pradesh" }, "geometry": { "type": "Polygon", "coordinates": [ [ [ 472581.681710109347478, 2932998.401379075832665 ], [ 475318.264977390004788, 2932992.826021593995392 ], [ 475313.012532569468021, 2930270.64559543132782 ], [ 472575.846887564868666, 2930276.217344398610294 ], [ 472581.681710109347478, 2932998.401379075832665 ] ] ] } },
{ "type": "Feature", "properties": { "x_idx": 87872, "y_idx": 104000, "x": 8990525, "y": 3064510, "region": "uttar_pradesh" }, "geometry": { "type": "Polygon", "coordinates": [ [ [ 475049.389374021382537, 2935442.829830916598439 ], [ 477785.445073080132715, 2935437.778674070723355 ], [ 477780.71400096436264, 2932716.117017060052603 ], [ 475044.075588043022435, 2932721.164910525549203 ], [ 475049.389374021382537, 2935442.829830916598439 ] ] ] } },
{ "type": "Feature", "properties": { "x_idx": 86720, "y_idx": 104000, "x": 8985022, "y": 3064510, "region": "uttar_pradesh" }, "geometry": { "type": "Polygon", "coordinates": [ [ [ 470124.480118272884283, 2935453.398760760668665 ], [ 472860.542335373174865, 2935447.292711646761745 ], [ 472854.762374951562379, 2932725.624907945282757 ], [ 470118.117435173306148, 2932731.727012165822089 ], [ 470124.480118272884283, 2935453.398760760668665 ] ] ] } },
{ "type": "Feature", "properties": { "x_idx": 87296, "y_idx": 104000, "x": 8987773, "y": 3064510, "region": "uttar_pradesh" }, "geometry": { "type": "Polygon", "coordinates": [ [ [ 472586.936289738630876, 2935447.87694407813251 ], [ 475322.995093753910623, 2935442.29834309220314 ], [ 475317.739579364540987, 2932720.633766076527536 ], [ 472581.098057287337724, 2932726.208762925118208 ], [ 472586.936289738630876, 2935447.87694407813251 ] ] ] } },
{ "type": "Feature", "properties": { "x_idx": 87296, "y_idx": 103424, "x": 8987773, "y": 3067262, "region": "uttar_pradesh" }, "geometry": { "type": "Polygon", "coordinates": [ [ [ 472592.193934384558816, 2937896.887951709795743 ], [ 475327.727969219500665, 2937891.306111158337444 ], [ 475322.469388956262264, 2935170.157687716651708 ], [ 472586.352296131197363, 2935175.73592850798741 ], [ 472592.193934384558816, 2937896.887951709795743 ] ] ] } },
{ "type": "Feature", "properties": { "x_idx": 86720, "y_idx": 103424, "x": 8985022, "y": 3067262, "region": "uttar_pradesh" }, "geometry": { "type": "Polygon", "coordinates": [ [ [ 470130.210059134871699, 2937902.41297497600317 ], [ 472865.747502899961546, 2937896.303380007389933 ], [ 472859.964170669089071, 2935175.151733798906207 ], [ 470123.843664297368377, 2935181.257388663012534 ], [ 470130.210059134871699, 2937902.41297497600317 ] ] ] } },
{ "type": "Feature", "properties": { "x_idx": 87872, "y_idx": 103424, "x": 8990525, "y": 3067262, "region": "uttar_pradesh" }, "geometry": { "type": "Polygon", "coordinates": [ [ [ 475054.174726209370419, 2937891.837907625362277 ], [ 477789.705659867497161, 2937886.783817501273006 ], [ 477784.971827813074924, 2935165.63831051858142 ], [ 475048.857840364449657, 2935170.689141225069761 ], [ 475054.174726209370419, 2937891.837907625362277 ] ] ] } },
{ "type": "Feature", "properties": { "x_idx": 86720, "y_idx": 102848, "x": 8985022, "y": 3070014, "region": "uttar_pradesh" }, "geometry": { "type": "Polygon", "coordinates": [ [ [ 470135.943336310621817, 2940350.962354275863618 ], [ 472870.955701193888672, 2940344.849217765964568 ], [ 472865.169001218106132, 2937624.214033119380474 ], [ 470129.573234209208749, 2937630.323234316427261 ], [ 470135.943336310621817, 2940350.962354275863618 ] ] ] } },
{ "type": "Feature", "properties": { "x_idx": 87296, "y_idx": 102848, "x": 8987773, "y": 3070014, "region": "uttar_pradesh" }, "geometry": { "type": "Polygon", "coordinates": [ [ [ 472597.454640352341812, 2940345.434128326829523 ], [ 475332.463600460730959, 2940339.849052149336785 ], [ 475327.201958019228186, 2937619.217086350545287 ], [ 472591.60960040212376, 2937624.798567145131528 ], [ 472597.454640352341812, 2940345.434128326829523 ] ] ] } },
{ "type": "Feature", "properties": { "x_idx": 89024, "y_idx": 103424, "x": 8996029, "y": 3067262, "region": "uttar_pradesh" }, "geometry": { "type": "Polygon", "coordinates": [ [ [ 479978.128167496761307, 2937883.162742902059108 ], [ 482713.653822056250647, 2937879.164143175352365 ], [ 482709.969476643076632, 2935158.023550186771899 ], [ 479973.860775442153681, 2935162.019571179989725 ], [ 479978.128167496761307, 2937883.162742902059108 ] ] ] } },
{ "type": "Feature", "properties": { "x_idx": 89600, "y_idx": 103424, "x": 8998780, "y": 3067262, "region": "uttar_pradesh" }, "geometry": { "type": "Polygon", "coordinates": [ [ [ 482440.101370910939295, 2937879.53761606477201 ], [ 485175.624847547966056, 2937876.066757061053067 ], [ 485172.465241317462642, 2935154.928161608520895 ], [ 482436.358720988384448, 2935158.396782220341265 ], [ 482440.101370910939295, 2937879.53761606477201 ] ] ] } },
{ "type": "Feature", "properties": { "x_idx": 88448, "y_idx": 103424, "x": 8993277, "y": 3067262, "region": "uttar_pradesh" }, "geometry": { "type": "Polygon", "coordinates": [ [ [ 477516.152711587492377, 2937887.262839112430811 ], [ 480251.680851821845863, 2937882.736495804041624 ], [ 480247.47176459239563, 2935161.593598972540349 ], [ 477511.360574350459501, 2935166.117023205384612 ], [ 477516.152711587492377, 2937887.262839112430811 ] ] ] } },
{ "type": "Feature", "properties": { "x_idx": 89600, "y_idx": 102848, "x": 8998780, "y": 3070014, "region": "uttar_pradesh" }, "geometry": { "type": "Polygon", "coordinates": [ [ [ 482443.47182625537971, 2940328.073735185433179 ], [ 485178.470241035451181, 2940324.60086421482265 ], [ 485175.308794890122954, 2937603.978714455384761 ], [ 482439.726996900804807, 2937607.44934975495562 ], [ 482443.47182625537971, 2940328.073735185433179 ] ] ] } },
{ "type": "Feature", "properties": { "x_idx": 89024, "y_idx": 102848, "x": 8996029, "y": 3070014, "region": "uttar_pradesh" }, "geometry": { "type": "Polygon", "coordinates": [ [ [ 479981.97118104097899, 2940331.70096341194585 ], [ 482716.971771088836249, 2940327.700045804027468 ], [ 482713.285280195355881, 2937607.075900936033577 ], [ 479977.701303988636937, 2937611.074242947623134 ], [ 479981.97118104097899, 2940331.70096341194585 ] ] ] } },
{ "type": "Feature", "properties": { "x_idx": 88448, "y_idx": 102848, "x": 8993277, "y": 3070014, "region": "uttar_pradesh" }, "geometry": { "type": "Polygon", "coordinates": [ [ [ 477520.468286077142693, 2940335.803436334710568 ], [ 480255.471358770038933, 2940331.274469230789691 ], [ 480251.259820494567975, 2937610.648023321758956 ], [ 477515.673358276369981, 2937615.174074899870902 ], [ 477520.468286077142693, 2940335.803436334710568 ] ] ] } },
{ "type": "Feature", "properties": { "x_idx": 89024, "y_idx": 102272, "x": 8996029, "y": 3072766, "region": "uttar_pradesh" }, "geometry": { "type": "Polygon", "coordinates": [ [ [ 479985.816428234043997, 2942779.774089270737022 ], [ 482720.291648593789432, 2942775.770856603514403 ], [ 482716.603014809370507, 2940055.66346356831491 ], [ 479981.544069183059037, 2940059.664123774506152 ], [ 479985.816428234043997, 2942779.774089270737022 ] ] ] } },
{ "type": "Feature", "properties": { "x_idx": 88448, "y_idx": 102272, "x": 8993277, "y": 3072766, "region": "uttar_pradesh" }, "geometry": { "type": "Polygon", "coordinates": [ [ [ 477524.786368874658365, 2942783.878936010878533 ], [ 480259.264068849384785, 2942779.347348305862397 ], [ 480255.050082486064639, 2940059.237657031510025 ], [ 477519.988653878041077, 2940063.766332760453224 ], [ 477524.786368874658365, 2942783.878936010878533 ] ] ] } },
{ "type": "Feature", "properties": { "x_idx": 89600, "y_idx": 102272, "x": 8998780, "y": 3072766, "region": "uttar_pradesh" }, "geometry": { "type": "Polygon", "coordinates": [ [ [ 482446.844240589765832, 2942776.144762213807553 ], [ 485181.317288336751517, 2942772.669881725683808 ], [ 485178.154004497162532, 2940052.56448136921972 ], [ 482443.097234433575068, 2940056.037128909025341 ], [ 482446.844240589765832, 2942776.144762213807553 ] ] ] } },
{ "type": "Feature", "properties": { "x_idx": 88448, "y_idx": 101696, "x": 8993277, "y": 3075517, "region": "uttar_pradesh" }, "geometry": { "type": "Polygon", "coordinates": [ [ [ 477529.106956948409788, 2945231.489065140485764 ], [ 480263.058979397115763, 2945226.95486002927646 ], [ 480258.842547904525418, 2942507.362226743716747 ], [ 477524.306458124367055, 2942511.893523429054767 ], [ 477529.106956948409788, 2945231.489065140485764 ] ] ] } },
{ "type": "Feature", "properties": { "x_idx": 87872, "y_idx": 102848, "x": 8990525, "y": 3070014, "region": "uttar_pradesh" }, "geometry": { "type": "Polygon", "coordinates": [ [ [ 475058.96286472765496, 2940340.381156882736832 ], [ 477793.968727439409122, 2940335.324137047864497 ], [ 477789.232138772960752, 2937614.695084162056446 ], [ 475053.642882752639707, 2937619.748848542571068 ], [ 475058.96286472765496, 2940340.381156882736832 ] ] ] } },
{ "type": "Feature", "properties": { "x_idx": 86720, "y_idx": 102272, "x": 8985022, "y": 3072766, "region": "uttar_pradesh" }, "geometry": { "type": "Polygon", "coordinates": [ [ [ 470141.679945773095824, 2942799.046625336632133 ], [ 472876.166926596895792, 2942792.929951597936451 ], [ 472870.376862940785941, 2940072.811532225459814 ], [ 470135.306140882254113, 2940078.924275443423539 ], [ 470141.679945773095824, 2942799.046625336632133 ] ] ] } },
{ "type": "Feature", "properties": { "x_idx": 87296, "y_idx": 102272, "x": 8987773, "y": 3072766, "region": "uttar_pradesh" }, "geometry": { "type": "Polygon", "coordinates": [ [ [ 472602.718403946899343, 2942793.515200604684651 ], [ 475337.201984151441138, 2942787.926892740651965 ], [ 475331.937283227453008, 2940067.811688297428191 ], [ 472596.869966405502055, 2940073.396405155304819 ], [ 472602.718403946899343, 2942793.515200604684651 ] ] ] } },
{ "type": "Feature", "properties": { "x_idx": 87872, "y_idx": 102272, "x": 8990525, "y": 3072766, "region": "uttar_pradesh" }, "geometry": { "type": "Polygon", "coordinates": [ [ [ 475063.753786213113926, 2942788.459305366035551 ], [ 477798.23427280143369, 2942783.399359387345612 ], [ 477793.49493084999267, 2940063.287064309697598 ], [ 475058.43071184476139, 2940068.343758798204362 ], [ 475063.753786213113926, 2942788.459305366035551 ] ] ] } },
{ "type": "Feature", "properties": { "x_idx": 87872, "y_idx": 101696, "x": 8990525, "y": 3075517, "region": "uttar_pradesh" }, "geometry": { "type": "Polygon", "coordinates": [ [ [ 475068.547487302217633, 2945236.072080072481185 ], [ 477802.502292958903126, 2945231.009211518336087 ], [ 477797.760201049852185, 2942511.413977603893727 ], [ 475063.221324277750682, 2942516.473598632030189 ], [ 475068.547487302217633, 2945236.072080072481185 ] ] ] } },
{ "type": "Feature", "properties": { "x_idx": 87296, "y_idx": 101696, "x": 8987773, "y": 3075517, "region": "uttar_pradesh" }, "geometry": { "type": "Polygon", "coordinates": [ [ [ 472607.985221472743433, 2945241.130895540583879 ], [ 475341.943116964888759, 2945235.539359930902719 ], [ 475336.675361254659947, 2942515.941220197826624 ], [ 472602.133390446251724, 2942521.529169180430472 ], [ 472607.985221472743433, 2945241.130895540583879 ] ] ] } },
{ "type": "Feature", "properties": { "x_idx": 86720, "y_idx": 101696, "x": 8985022, "y": 3075517, "region": "uttar_pradesh" }, "geometry": { "type": "Polygon", "coordinates": [ [ [ 470147.419883494847454, 2945246.665515156462789 ], [ 472881.381175450282171, 2945240.545308501459658 ], [ 472875.58775217900984, 2942520.943957758136094 ], [ 470141.042380289523862, 2942527.060238684527576 ], [ 470147.419883494847454, 2945246.665515156462789 ] ] ] } },
{ "type": "Feature", "properties": { "x_idx": 87296, "y_idx": 101120, "x": 8987773, "y": 3078269, "region": "uttar_pradesh" }, "geometry": { "type": "Polygon", "coordinates": [ [ [ 472613.255089233978651, 2947688.280940457247198 ], [ 475346.686995574214961, 2947682.686181041877717 ], [ 475341.416188774339389, 2944963.605409014970064 ], [ 472607.399868828884792, 2944969.196586181409657 ], [ 472613.255089233978651, 2947688.280940457247198 ] ] ] } },
{ "type": "Feature", "properties": { "x_idx": 86720, "y_idx": 101120, "x": 8985022, "y": 3078269, "region": "uttar_pradesh" }, "geometry": { "type": "Polygon", "coordinates": [ [ [ 470153.16314544796478, 2947693.818751055747271 ], [ 472886.598444095172454, 2947687.695015797857195 ], [ 472880.801665274135303, 2944968.61103668063879 ], [ 470146.781948403571732, 2944974.730851002503186 ], [ 470153.16314544796478, 2947693.818751055747271 ] ] ] } },
{ "type": "Feature", "properties": { "x_idx": 87872, "y_idx": 101120, "x": 8990525, "y": 3078269, "region": "uttar_pradesh" }, "geometry": { "type": "Polygon", "coordinates": [ [ [ 475073.343964631028939, 2947683.219208324328065 ], [ 477806.772784916858654, 2947678.153420761693269 ], [ 477802.027946377929766, 2944959.075551006942987 ], [ 475068.014716688077897, 2944964.138095006812364 ], [ 475073.343964631028939, 2947683.219208324328065 ] ] ] } },
{ "type": "Feature", "properties": { "x_idx": 80960, "y_idx": 104000, "x": 8957504, "y": 3064510, "region": "uttar_pradesh" }, "geometry": { "type": "Polygon", "coordinates": [ [ [ 445499.68759914918337, 2935534.726657838560641 ], [ 448235.800894183339551, 2935523.345825101714581 ], [ 448224.776184199843556, 2932801.628887002822012 ], [ 445488.080097404075786, 2932813.002367245964706 ], [ 445499.68759914918337, 2935534.726657838560641 ] ] ] } },
{ "type": "Feature", "properties": { "x_idx": 82112, "y_idx": 104000, "x": 8963008, "y": 3064510, "region": "uttar_pradesh" }, "geometry": { "type": "Polygon", "coordinates": [ [ [ 450424.686330140510108, 2935514.663166032638401 ], [ 453160.786944544641301, 2935504.337343048304319 ], [ 453150.811235547356773, 2932782.632685301825404 ], [ 450414.127846532792319, 2932792.951837318018079 ], [ 450424.686330140510108, 2935514.663166032638401 ] ] ] } },
{ "type": "Feature", "properties": { "x_idx": 82688, "y_idx": 104000, "x": 8965760, "y": 3064510, "region": "uttar_pradesh" }, "geometry": { "type": "Polygon", "coordinates": [ [ [ 452887.177182430343237, 2935505.343550539575517 ], [ 455623.271918715152424, 2935495.54522116901353 ], [ 455613.820699321629945, 2932773.846243570558727 ], [ 452877.143196376797277, 2932783.638242734596133 ], [ 452887.177182430343237, 2935505.343550539575517 ] ] ] } },
{ "type": "Feature", "properties": { "x_idx": 81536, "y_idx": 104000, "x": 8960256, "y": 3064510, "region": "uttar_pradesh" }, "geometry": { "type": "Polygon", "coordinates": [ [ [ 447962.189894820330665, 2935524.457532797940075 ], [ 450698.296695471915882, 2935513.604208817705512 ], [ 450687.796489736298099, 2932791.893564237747341 ], [ 447951.106906107161194, 2932802.739876487758011 ], [ 447962.189894820330665, 2935524.457532797940075 ] ] ] } },
{ "type": "Feature", "properties": { "x_idx": 80960, "y_idx": 103424, "x": 8957504, "y": 3067262, "region": "uttar_pradesh" }, "geometry": { "type": "Polygon", "coordinates": [ [ [ 445510.140783145558089, 2937983.788099232129753 ], [ 448245.729242663132027, 2937972.400657733902335 ], [ 448234.698101489106193, 2935251.199936797376722 ], [ 445498.526510274852626, 2935262.580034731887281 ], [ 445510.140783145558089, 2937983.788099232129753 ] ] ] } },
{ "type": "Feature", "properties": { "x_idx": 82112, "y_idx": 103424, "x": 8963008, "y": 3067262, "region": "uttar_pradesh" }, "geometry": { "type": "Polygon", "coordinates": [ [ [ 450434.194816537608858, 2937963.712956690695137 ], [ 453169.770610862760805, 2937953.381137531716377 ], [ 453159.789082556031644, 2935232.192682033870369 ], [ 450423.630173686950002, 2935242.517838326282799 ], [ 450434.194816537608858, 2937963.712956690695137 ] ] ] } },
{ "type": "Feature", "properties": { "x_idx": 82688, "y_idx": 103424, "x": 8965760, "y": 3067262, "region": "uttar_pradesh" }, "geometry": { "type": "Polygon", "coordinates": [ [ [ 452896.213330391969066, 2937954.387929325457662 ], [ 455631.783253753790632, 2937944.583910072222352 ], [ 455622.326520990405697, 2935223.401127824559808 ], [ 452886.173491035704501, 2935233.198824558407068 ], [ 452896.213330391969066, 2937954.387929325457662 ] ] ] } },
{ "type": "Feature", "properties": { "x_idx": 81536, "y_idx": 103424, "x": 8960256, "y": 3067262, "region": "uttar_pradesh" }, "geometry": { "type": "Polygon", "coordinates": [ [ [ 447972.1707264498109, 2937973.513010991737247 ], [ 450707.752699491218664, 2937962.653384543489665 ], [ 450697.246368505991995, 2935241.458949483465403 ], [ 447961.081272552721202, 2935252.311572716105729 ], [ 447972.1707264498109, 2937973.513010991737247 ] ] ] } },
{ "type": "Feature", "properties": { "x_idx": 80960, "y_idx": 102848, "x": 8957504, "y": 3070014, "region": "uttar_pradesh" }, "geometry": { "type": "Polygon", "coordinates": [ [ [ 445520.600053400674369, 2940432.384648277424276 ], [ 448255.663371849339455, 2940420.990606055129319 ], [ 448244.625807237403933, 2937700.306406356859952 ], [ 445508.979017566714901, 2937711.693113944493234 ], [ 445520.600053400674369, 2940432.384648277424276 ] ] ] } },
{ "type": "Feature", "properties": { "x_idx": 82688, "y_idx": 102848, "x": 8965760, "y": 3070014, "region": "uttar_pradesh" }, "geometry": { "type": "Polygon", "coordinates": [ [ [ 452905.254739623051137, 2940402.967436513863504 ], [ 455640.299544511770364, 2940393.157734297215939 ], [ 455630.837305024324451, 2937672.491451472975314 ], [ 452895.209054019825999, 2937682.294838858302683 ], [ 452905.254739623051137, 2940402.967436513863504 ] ] ] } },
{ "type": "Feature", "properties": { "x_idx": 83264, "y_idx": 103424, "x": 8968511, "y": 3067262, "region": "uttar_pradesh" }, "geometry": { "type": "Polygon", "coordinates": [ [ [ 455358.226544991368428, 2937945.537922232411802 ], [ 458093.790905148489401, 2937936.261695878580213 ], [ 458084.858961168443784, 2935215.084280568175018 ], [ 455348.711501952726394, 2935224.354524750262499 ], [ 455358.226544991368428, 2937945.537922232411802 ] ] ] } },
{ "type": "Feature", "properties": { "x_idx": 83840, "y_idx": 103424, "x": 8971263, "y": 3067262, "region": "uttar_pradesh" }, "geometry": { "type": "Polygon", "coordinates": [ [ [ 457820.234737317601684, 2937937.162929087411612 ], [ 460555.793842024169862, 2937928.414489002898335 ], [ 460547.386680442665238, 2935207.242134319152683 ], [ 457811.244483794900589, 2935215.984932577237487 ], [ 457820.234737317601684, 2937937.162929087411612 ] ] ] } },
{ "type": "Feature", "properties": { "x_idx": 84416, "y_idx": 102848, "x": 8974015, "y": 3070014, "region": "uttar_pradesh" }, "geometry": { "type": "Polygon", "coordinates": [ [ [ 460289.86179069703212, 2940377.827887184452266 ], [ 463024.890848452341743, 2940369.602461910806596 ], [ 463017.003873243986163, 2937648.951342503540218 ], [ 460281.391390727076214, 2937657.171472743619233 ], [ 460289.86179069703212, 2940377.827887184452266 ] ] ] } },
{ "type": "Feature", "properties": { "x_idx": 83264, "y_idx": 102848, "x": 8968511, "y": 3070014, "region": "uttar_pradesh" }, "geometry": { "type": "Polygon", "coordinates": [ [ [ 455366.79534725099802, 2940394.112299457658082 ], [ 458101.834595716441981, 2940384.830696059856564 ], [ 458092.897450582357123, 2937664.169773646630347 ], [ 455357.274763536057435, 2937673.445402147248387 ], [ 455366.79534725099802, 2940394.112299457658082 ] ] ] } },
{ "type": "Feature", "properties": { "x_idx": 83840, "y_idx": 102848, "x": 8971263, "y": 3070014, "region": "uttar_pradesh" }, "geometry": { "type": "Polygon", "coordinates": [ [ [ 457828.330938727827743, 2940385.732451676856726 ], [ 460563.364938148995861, 2940376.978940466884524 ], [ 460554.952880982891656, 2937656.323072526138276 ], [ 457819.335450098908041, 2937665.070948770735413 ], [ 457828.330938727827743, 2940385.732451676856726 ] ] ] } },
{ "type": "Feature", "properties": { "x_idx": 83840, "y_idx": 102272, "x": 8971263, "y": 3072766, "region": "uttar_pradesh" }, "geometry": { "type": "Polygon", "coordinates": [ [ [ 457836.431845730752684, 2942833.836841499432921 ], [ 460570.940434686373919, 2942825.078265339136124 ], [ 460562.523487844620831, 2940104.939187855925411 ], [ 457827.431128314347006, 2940113.692135912366211 ], [ 457836.431845730752684, 2942833.836841499432921 ] ] ] } },
{ "type": "Feature", "properties": { "x_idx": 84416, "y_idx": 102272, "x": 8974015, "y": 3072766, "region": "uttar_pradesh" }, "geometry": { "type": "Polygon", "coordinates": [ [ [ 460297.489827972836792, 2942825.927703273948282 ], [ 463031.993481294251978, 2942817.697518595028669 ], [ 463024.101921610243153, 2940097.563183864112943 ], [ 460289.014504416030832, 2940105.788079957012087 ], [ 460297.489827972836792, 2942825.927703273948282 ] ] ] } },
{ "type": "Feature", "properties": { "x_idx": 83264, "y_idx": 102272, "x": 8968511, "y": 3072766, "region": "uttar_pradesh" }, "geometry": { "type": "Polygon", "coordinates": [ [ [ 455375.369129766011611, 2942842.221538004465401 ], [ 458109.882961359107867, 2942832.934564109891653 ], [ 458100.940621348738205, 2940112.790438308846205 ], [ 455365.84301206242526, 2940122.071444581262767 ], [ 455375.369129766011611, 2942842.221538004465401 ] ] ] } },
{ "type": "Feature", "properties": { "x_idx": 84416, "y_idx": 101696, "x": 8974015, "y": 3075517, "region": "uttar_pradesh" }, "geometry": { "type": "Polygon", "coordinates": [ [ [ 460305.122290823841467, 2945273.562119168229401 ], [ 463039.100234900601208, 2945265.327180886641145 ], [ 463031.204096281609964, 2942545.709934189449996 ], [ 460296.642049630638212, 2942553.939590332563967 ], [ 460305.122290823841467, 2945273.562119168229401 ] ] ] } },
{ "type": "Feature", "properties": { "x_idx": 83840, "y_idx": 101696, "x": 8971263, "y": 3075517, "region": "uttar_pradesh" }, "geometry": { "type": "Polygon", "coordinates": [ [ [ 457844.537452639022376, 2945281.475825549568981 ], [ 460578.520326317928266, 2945272.712190614081919 ], [ 460570.098495709942654, 2942553.09020694764331 ], [ 457835.531512754503638, 2942561.848220640327781 ], [ 457844.537452639022376, 2945281.475825549568981 ] ] ] } },
{ "type": "Feature", "properties": { "x_idx": 82112, "y_idx": 102848, "x": 8963008, "y": 3070014, "region": "uttar_pradesh" }, "geometry": { "type": "Polygon", "coordinates": [ [ [ 450443.708839200029615, 2940412.297869169153273 ], [ 453178.759507895330898, 2940401.960061127785593 ], [ 453168.772167293936945, 2937681.288111952133477 ], [ 450433.138044530991465, 2937691.619265229906887 ], [ 450443.708839200029615, 2940412.297869169153273 ] ] ] } },
{ "type": "Feature", "properties": { "x_idx": 81536, "y_idx": 102848, "x": 8960256, "y": 3070014, "region": "uttar_pradesh" }, "geometry": { "type": "Polygon", "coordinates": [ [ [ 447982.15736934094457, 2940422.103604089003056 ], [ 450717.214209220604971, 2940411.237682837527245 ], [ 450706.701760369469412, 2937690.559761371463537 ], [ 447971.06145805347478, 2937701.418687923811376 ], [ 447982.15736934094457, 2940422.103604089003056 ] ] ] } },
{ "type": "Feature", "properties": { "x_idx": 82688, "y_idx": 102272, "x": 8965760, "y": 3072766, "region": "uttar_pradesh" }, "geometry": { "type": "Polygon", "coordinates": [ [ [ 452914.301403772842605, 2942851.081798776518553 ], [ 455648.8207850070321, 2942841.266420517116785 ], [ 455639.3530454421998, 2940121.116940832231194 ], [ 452904.249878979055211, 2940130.926011949777603 ], [ 452914.301403772842605, 2942851.081798776518553 ] ] ] } },
{ "type": "Feature", "properties": { "x_idx": 81536, "y_idx": 102272, "x": 8960256, "y": 3072766, "region": "uttar_pradesh" }, "geometry": { "type": "Polygon", "coordinates": [ [ [ 447992.149816478951834, 2942870.229038761463016 ], [ 450726.681218014215119, 2942859.356830372009426 ], [ 450716.162658681510948, 2940139.19572621723637 ], [ 447981.047455595282372, 2940150.060948424041271 ], [ 447992.149816478951834, 2942870.229038761463016 ] ] ] } },
{ "type": "Feature", "properties": { "x_idx": 82112, "y_idx": 102272, "x": 8963008, "y": 3072766, "region": "uttar_pradesh" }, "geometry": { "type": "Polygon", "coordinates": [ [ [ 450453.228391444834415, 2942860.417630140203983 ], [ 453187.75362932839198, 2942850.073840508237481 ], [ 453177.760483447811566, 2940129.918701372109354 ], [ 450442.65145238279365, 2940140.255844342987984 ], [ 450453.228391444834415, 2942860.417630140203983 ] ] ] } },
{ "type": "Feature", "properties": { "x_idx": 80960, "y_idx": 102272, "x": 8957504, "y": 3072766, "region": "uttar_pradesh" }, "geometry": { "type": "Polygon", "coordinates": [ [ [ 445531.065402567619458, 2942880.516031644772738 ], [ 448265.603274764085654, 2942869.115396736189723 ], [ 448254.559294467500877, 2940148.9480219935067 ], [ 445519.437611933622975, 2940160.341331198811531 ], [ 445531.065402567619458, 2942880.516031644772738 ] ] ] } },
{ "type": "Feature", "properties": { "x_idx": 82112, "y_idx": 101696, "x": 8963008, "y": 3075517, "region": "uttar_pradesh" }, "geometry": { "type": "Polygon", "coordinates": [ [ [ 450462.753466588503215, 2945308.071966596413404 ], [ 453196.752968847285956, 2945297.722202668432146 ], [ 453186.754024703695904, 2942578.084176931064576 ], [ 450452.170390559651423, 2942588.427302301861346 ], [ 450462.753466588503215, 2945308.071966596413404 ] ] ] } },
{ "type": "Feature", "properties": { "x_idx": 81536, "y_idx": 101696, "x": 8960256, "y": 3075517, "region": "uttar_pradesh" }, "geometry": { "type": "Polygon", "coordinates": [ [ [ 448002.148060848121531, 2945317.889042000286281 ], [ 450736.153719225374516, 2945307.01055414089933 ], [ 450725.629056796198711, 2942587.366570656187832 ], [ 447991.039258163364138, 2942598.238080853130668 ], [ 448002.148060848121531, 2945317.889042000286281 ] ] ] } },
{ "type": "Feature", "properties": { "x_idx": 80960, "y_idx": 101696, "x": 8957504, "y": 3075517, "region": "uttar_pradesh" }, "geometry": { "type": "Polygon", "coordinates": [ [ [ 445541.53682329878211, 2945328.181976324878633 ], [ 448275.548944428679533, 2945316.774756769649684 ], [ 448264.498556201462634, 2942597.124510343652219 ], [ 445529.902286028838716, 2942608.524413127917796 ], [ 445541.53682329878211, 2945328.181976324878633 ] ] ] } },
{ "type": "Feature", "properties": { "x_idx": 80960, "y_idx": 101120, "x": 8957504, "y": 3078269, "region": "uttar_pradesh" }, "geometry": { "type": "Polygon", "coordinates": [ [ [ 445552.014308245736174, 2947775.382209635805339 ], [ 448285.500373863615096, 2947763.968413472641259 ], [ 448274.44358546071453, 2945044.835598365403712 ], [ 445540.373032504576258, 2945056.242086690384895 ], [ 445552.014308245736174, 2947775.382209635805339 ] ] ] } },
{ "type": "Feature", "properties": { "x_idx": 85568, "y_idx": 102848, "x": 8979518, "y": 3070014, "region": "uttar_pradesh" }, "geometry": { "type": "Polygon", "coordinates": [ [ [ 465212.91038267291151, 2940363.444585822056979 ], [ 467947.930479237111285, 2940356.275315172038972 ], [ 467941.09365141444141, 2937635.632775019388646 ], [ 465205.490142240305431, 2937642.797430496662855 ], [ 465212.91038267291151, 2940363.444585822056979 ] ] ] } },
{ "type": "Feature", "properties": { "x_idx": 86144, "y_idx": 102272, "x": 8982270, "y": 3072766, "region": "uttar_pradesh" }, "geometry": { "type": "Polygon", "coordinates": [ [ [ 467680.638135390996467, 2942805.053583511617035 ], [ 470415.128823834995274, 2942798.408539530821145 ], [ 470408.813393312040716, 2940078.286599665414542 ], [ 467673.73895859910408, 2940084.927373609505594 ], [ 467680.638135390996467, 2942805.053583511617035 ] ] ] } },
{ "type": "Feature", "properties": { "x_idx": 85568, "y_idx": 102272, "x": 8979518, "y": 3072766, "region": "uttar_pradesh" }, "geometry": { "type": "Polygon", "coordinates": [ [ [ 465219.592696498380974, 2942811.536079417448491 ], [ 467954.087399566313252, 2942804.362660451326519 ], [ 467947.246597666526213, 2940084.236894528381526 ], [ 465212.168142878566869, 2940091.405703942291439 ], [ 465219.592696498380974, 2942811.536079417448491 ] ] ] } },
{ "type": "Feature", "properties": { "x_idx": 84992, "y_idx": 102272, "x": 8976766, "y": 3072766, "region": "uttar_pradesh" }, "geometry": { "type": "Polygon", "coordinates": [ [ [ 462758.543352793785743, 2942818.494117681868374 ], [ 465493.042377487348858, 2942810.792318608611822 ], [ 465485.676199325651396, 2940090.662421064451337 ], [ 462750.59341704408871, 2940098.359271069057286 ], [ 462758.543352793785743, 2942818.494117681868374 ] ] ] } },
{ "type": "Feature", "properties": { "x_idx": 86144, "y_idx": 101696, "x": 8982270, "y": 3075517, "region": "uttar_pradesh" }, "geometry": { "type": "Polygon", "coordinates": [ [ [ 467686.851197405485436, 2945252.675942867994308 ], [ 470420.816192449943628, 2945246.027060800231993 ], [ 470414.497097482439131, 2942526.42219385644421 ], [ 467679.948017469374463, 2942533.06681109406054 ], [ 467686.851197405485436, 2945252.675942867994308 ] ] ] } },
{ "type": "Feature", "properties": { "x_idx": 84992, "y_idx": 101696, "x": 8976766, "y": 3075517, "region": "uttar_pradesh" }, "geometry": { "type": "Polygon", "coordinates": [ [ [ 462765.702677035180386, 2945266.124240076169372 ], [ 465499.675998141115997, 2945258.417992572300136 ], [ 465492.305545874987729, 2942538.805177651811391 ], [ 462757.748128480336163, 2942546.506482120137662 ], [ 462765.702677035180386, 2945266.124240076169372 ] ] ] } },
{ "type": "Feature", "properties": { "x_idx": 85568, "y_idx": 101696, "x": 8979518, "y": 3075517, "region": "uttar_pradesh" }, "geometry": { "type": "Polygon", "coordinates": [ [ [ 465226.278887240216136, 2945259.162182964850217 ], [ 467960.247892002167646, 2945251.984620739705861 ], [ 467953.403120828093961, 2942532.375932404305786 ], [ 465218.850025645981077, 2942539.548890696372837 ], [ 465226.278887240216136, 2945259.162182964850217 ] ] ] } },
{ "type": "Feature", "properties": { "x_idx": 85568, "y_idx": 101120, "x": 8979518, "y": 3078269, "region": "uttar_pradesh" }, "geometry": { "type": "Polygon", "coordinates": [ [ [ 465232.96895020653028, 2947706.322623785585165 ], [ 467966.411952221707907, 2947699.14092336082831 ], [ 467959.563216576701961, 2944980.049615608528256 ], [ 465225.535785851010587, 2944987.226717721205205 ], [ 465232.96895020653028, 2947706.322623785585165 ] ] ] } },
{ "type": "Feature", "properties": { "x_idx": 86144, "y_idx": 101120, "x": 8982270, "y": 3078269, "region": "uttar_pradesh" }, "geometry": { "type": "Polygon", "coordinates": [ [ [ 467693.067857647780329, 2947699.832644069101661 ], [ 470426.506854852312244, 2947693.179928598925471 ], [ 470420.184099874692038, 2944974.092437574174255 ], [ 467686.160679411666933, 2944980.74089341936633 ], [ 467693.067857647780329, 2947699.832644069101661 ] ] ] } },
{ "type": "Feature", "properties": { "x_idx": 84992, "y_idx": 101120, "x": 8976766, "y": 3078269, "region": "uttar_pradesh" }, "geometry": { "type": "Polygon", "coordinates": [ [ [ 462772.866147498250939, 2947713.288694835733622 ], [ 465506.313460575242061, 2947705.578004332724959 ], [ 465498.938739376899321, 2944986.482575033791363 ], [ 462764.906991720374208, 2944994.188328535761684 ], [ 462772.866147498250939, 2947713.288694835733622 ] ] ] } },
{ "type": "Feature", "properties": { "x_idx": 82688, "y_idx": 101696, "x": 8965760, "y": 3075517, "region": "uttar_pradesh" }, "geometry": { "type": "Polygon", "coordinates": [ [ [ 452923.353316489665303, 2945298.730743106920272 ], [ 455657.346969257108867, 2945288.909695725888014 ], [ 455647.873736262146849, 2942569.277322539594024 ], [ 452913.295959562645294, 2942579.092070468701422 ], [ 452923.353316489665303, 2945298.730743106920272 ] ] ] } },
{ "type": "Feature", "properties": { "x_idx": 83264, "y_idx": 101696, "x": 8968511, "y": 3075517, "region": "uttar_pradesh" }, "geometry": { "type": "Polygon", "coordinates": [ [ [ 455383.947886516980361, 2945289.865364866796881 ], [ 458117.935996425920166, 2945280.573027024045587 ], [ 458108.988467817718629, 2942560.946001193951815 ], [ 455374.416241512983106, 2942570.232378690969199 ], [ 455383.947886516980361, 2945289.865364866796881 ] ] ] } },
{ "type": "Feature", "properties": { "x_idx": 82688, "y_idx": 101120, "x": 8965760, "y": 3078269, "region": "uttar_pradesh" }, "geometry": { "type": "Polygon", "coordinates": [ [ [ 452932.410471421550028, 2947745.913996824063361 ], [ 455665.878091278660577, 2947736.087287242989987 ], [ 455656.399371501524001, 2945016.972323555033654 ], [ 452922.347289419034496, 2945026.79274137550965 ], [ 452932.410471421550028, 2947745.913996824063361 ] ] ] } },
{ "type": "Feature", "properties": { "x_idx": 83264, "y_idx": 101120, "x": 8968511, "y": 3078269, "region": "uttar_pradesh" }, "geometry": { "type": "Polygon", "coordinates": [ [ [ 455392.53161148383515, 2947737.043507364112884 ], [ 458125.993695265729912, 2947727.745812121778727 ], [ 458117.040984338673297, 2945008.636189261917025 ], [ 455382.994445868360344, 2945017.927931434474885 ], [ 455392.53161148383515, 2947737.043507364112884 ] ] ] } },
{ "type": "Feature", "properties": { "x_idx": 83840, "y_idx": 101120, "x": 8971263, "y": 3078269, "region": "uttar_pradesh" }, "geometry": { "type": "Polygon", "coordinates": [ [ [ 457852.647753764584195, 2947728.649131147190928 ], [ 460586.104607724468224, 2947719.880443612579256 ], [ 460577.677899260306731, 2945000.77585676079616 ], [ 457843.636597731965594, 2945009.538929915521294 ], [ 457852.647753764584195, 2947728.649131147190928 ] ] ] } },
{ "type": "Feature", "properties": { "x_idx": 84416, "y_idx": 101120, "x": 8974015, "y": 3078269, "region": "uttar_pradesh" }, "geometry": { "type": "Polygon", "coordinates": [ [ [ 460312.759173894068226, 2947720.730862186290324 ], [ 463046.211104284564499, 2947712.491176106501371 ], [ 463038.310392271552701, 2944993.391320440918207 ], [ 460304.27402101556072, 2945001.625730831176043 ], [ 460312.759173894068226, 2947720.730862186290324 ] ] ] } },
{ "type": "Feature", "properties": { "x_idx": 83840, "y_idx": 100544, "x": 8971263, "y": 3081021, "region": "uttar_pradesh" }, "geometry": { "type": "Polygon", "coordinates": [ [ [ 457860.762743418861646, 2950175.356485931202769 ], [ 460593.69327358645387, 2950166.582751975394785 ], [ 460585.261693176813424, 2947447.995864579454064 ], [ 457851.746377558738459, 2947456.763991018757224 ], [ 457860.762743418861646, 2950175.356485931202769 ] ] ] } },
{ "type": "Feature", "properties": { "x_idx": 82688, "y_idx": 100544, "x": 8965760, "y": 3081021, "region": "uttar_pradesh" }, "geometry": { "type": "Polygon", "coordinates": [ [ [ 452941.472862215538044, 2950192.631287567317486 ], [ 455674.414145088056102, 2950182.798922706861049 ], [ 455664.929945177282207, 2947464.20167116029188 ], [ 452931.403862196253613, 2947474.027751950081438 ], [ 452941.472862215538044, 2950192.631287567317486 ] ] ] } },
{ "type": "Feature", "properties": { "x_idx": 83264, "y_idx": 100544, "x": 8968511, "y": 3081021, "region": "uttar_pradesh" }, "geometry": { "type": "Polygon", "coordinates": [ [ [ 455401.120298645866569, 2950183.755693134851754 ], [ 458134.056052226980682, 2950174.452647041995078 ], [ 458125.098165260627866, 2947455.860729795414954 ], [ 455391.577619108487852, 2947465.157830094918609 ], [ 455401.120298645866569, 2950183.755693134851754 ] ] ] } },
{ "type": "Feature", "properties": { "x_idx": 84416, "y_idx": 100544, "x": 8974015, "y": 3081021, "region": "uttar_pradesh" }, "geometry": { "type": "Polygon", "coordinates": [ [ [ 460320.400471827015281, 2950167.433659970294684 ], [ 463053.326084458385594, 2950159.189231894910336 ], [ 463045.420804593130015, 2947440.607069902587682 ], [ 460311.910413214820437, 2947448.846228735987097 ], [ 460320.400471827015281, 2950167.433659970294684 ] ] ] } },
{ "type": "Feature", "properties": { "x_idx": 82112, "y_idx": 101120, "x": 8963008, "y": 3078269, "region": "uttar_pradesh" }, "geometry": { "type": "Polygon", "coordinates": [ [ [ 450472.284057946875691, 2947755.260605856310576 ], [ 453205.757520136772655, 2947744.904874925501645 ], [ 453195.752784747164696, 2945025.784265587106347 ], [ 450461.694852377928328, 2945036.133366065099835 ], [ 450472.284057946875691, 2947755.260605856310576 ] ] ] } },
{ "type": "Feature", "properties": { "x_idx": 81536, "y_idx": 101120, "x": 8960256, "y": 3078269, "region": "uttar_pradesh" }, "geometry": { "type": "Polygon", "coordinates": [ [ [ 448012.15209543221863, 2947765.08334112400189 ], [ 450745.631706206710078, 2947754.198581459466368 ], [ 450735.100948066974524, 2945035.072021648753434 ], [ 448001.036858742241748, 2945045.949812167789787 ], [ 448012.15209543221863, 2947765.08334112400189 ] ] ] } },
{ "type": "Feature", "properties": { "x_idx": 80960, "y_idx": 100544, "x": 8957504, "y": 3081021, "region": "uttar_pradesh" }, "geometry": { "type": "Polygon", "coordinates": [ [ [ 445562.497850059415214, 2950222.116459213197231 ], [ 448295.457556088920683, 2950210.696094482671469 ], [ 448284.394375265866984, 2947492.081013339105994 ], [ 445550.849844012700487, 2947503.494079165160656 ], [ 445562.497850059415214, 2950222.116459213197231 ] ] ] } },
{ "type": "Feature", "properties": { "x_idx": 82112, "y_idx": 100544, "x": 8963008, "y": 3081021, "region": "uttar_pradesh" }, "geometry": { "type": "Polygon", "coordinates": [ [ [ 450481.820158834918402, 2950201.98327555693686 ], [ 453214.767276880971622, 2950191.621584919281304 ], [ 453204.756757262861356, 2947473.018694623373449 ], [ 450471.224831153638661, 2947483.373762913513929 ], [ 450481.820158834918402, 2950201.98327555693686 ] ] ] } },
{ "type": "Feature", "properties": { "x_idx": 81536, "y_idx": 100544, "x": 8960256, "y": 3081021, "region": "uttar_pradesh" }, "geometry": { "type": "Polygon", "coordinates": [ [ [ 448022.161913214251399, 2950211.811663769651204 ], [ 450755.115172310324851, 2950200.920639968011528 ], [ 450744.57832584658172, 2947482.311806472949684 ], [ 448011.040250315680169, 2947493.195869649760425 ], [ 448022.161913214251399, 2950211.811663769651204 ] ] ] } },
{ "type": "Feature", "properties": { "x_idx": 81536, "y_idx": 99968, "x": 8960256, "y": 3083773, "region": "uttar_pradesh" }, "geometry": { "type": "Polygon", "coordinates": [ [ [ 448032.177507176529616, 2952658.073737897910178 ], [ 450764.604110887506977, 2952647.176457628142089 ], [ 450754.061183487123344, 2949929.085652734152973 ], [ 448021.049425866629463, 2949939.975980899762362 ], [ 448032.177507176529616, 2952658.073737897910178 ] ] ] } },
{ "type": "Feature", "properties": { "x_idx": 82112, "y_idx": 99968, "x": 8963008, "y": 3083773, "region": "uttar_pradesh" }, "geometry": { "type": "Polygon", "coordinates": [ [ [ 450491.361762567306869, 2952648.239703659899533 ], [ 453223.782232763420325, 2952637.87206061091274 ], [ 453213.765935935196467, 2949919.787191641516984 ], [ 450480.760320201923605, 2949930.148220449220389 ], [ 450491.361762567306869, 2952648.239703659899533 ] ] ] } },
{ "type": "Feature", "properties": { "x_idx": 80960, "y_idx": 99968, "x": 8957504, "y": 3083773, "region": "uttar_pradesh" }, "geometry": { "type": "Polygon", "coordinates": [ [ [ 445572.987441389937885, 2952668.384453018195927 ], [ 448305.420484123751521, 2952656.957527761347592 ], [ 448294.350918636948336, 2949938.860482866410166 ], [ 445561.332713204144966, 2949950.28011815296486 ], [ 445572.987441389937885, 2952668.384453018195927 ] ] ] } },
{ "type": "Feature", "properties": { "x_idx": 82688, "y_idx": 99392, "x": 8965760, "y": 3086524, "region": "uttar_pradesh" }, "geometry": { "type": "Polygon", "coordinates": [ [ [ 452959.613325976068154, 2955084.666892298962921 ], [ 455691.501024132070597, 2955074.823237651027739 ], [ 455682.005883902602363, 2952357.262316878885031 ], [ 452949.532711101637688, 2952367.099702841136605 ], [ 452959.613325976068154, 2955084.666892298962921 ] ] ] } },
{ "type": "Feature", "properties": { "x_idx": 81536, "y_idx": 99392, "x": 8960256, "y": 3086524, "region": "uttar_pradesh" }, "geometry": { "type": "Polygon", "coordinates": [ [ [ 448042.198870300722774, 2955103.869291791692376 ], [ 450774.098515289078932, 2955092.965762721840292 ], [ 450763.54951434006216, 2952375.393288356717676 ], [ 448031.064378377690446, 2952386.289873842615634 ], [ 448042.198870300722774, 2955103.869291791692376 ] ] ] } },
{ "type": "Feature", "properties": { "x_idx": 87872, "y_idx": 100544, "x": 8990525, "y": 3081021, "region": "uttar_pradesh" }, "geometry": { "type": "Polygon", "coordinates": [ [ [ 475078.143214835494291, 2950129.900417763739824 ], [ 477811.045745680108666, 2950124.831714762374759 ], [ 477806.298163839324843, 2947406.271511805709451 ], [ 475072.81088571192231, 2947411.336975209414959 ], [ 475078.143214835494291, 2950129.900417763739824 ] ] ] } },
{ "type": "Feature", "properties": { "x_idx": 87296, "y_idx": 100544, "x": 8987773, "y": 3081021, "region": "uttar_pradesh" }, "geometry": { "type": "Polygon", "coordinates": [ [ [ 472618.528003534476738, 2950134.965062996372581 ], [ 475351.433616652037017, 2950129.367083716671914 ], [ 475346.15976245951606, 2947410.803982036188245 ], [ 472612.669397857622243, 2947416.398383445106447 ], [ 472618.528003534476738, 2950134.965062996372581 ] ] ] } },
{ "type": "Feature", "properties": { "x_idx": 86720, "y_idx": 100544, "x": 8985022, "y": 3081021, "region": "uttar_pradesh" }, "geometry": { "type": "Polygon", "coordinates": [ [ [ 470158.909727604303043, 2950140.506060676649213 ], [ 472891.818728872167412, 2950134.378801128827035 ], [ 472886.01859856734518, 2947415.812496277969331 ], [ 470152.524841196660418, 2947421.935839682351798 ], [ 470158.909727604303043, 2950140.506060676649213 ] ] ] } },
{ "type": "Feature", "properties": { "x_idx": 86144, "y_idx": 99968, "x": 8982270, "y": 3083773, "region": "uttar_pradesh" }, "geometry": { "type": "Polygon", "coordinates": [ [ [ 467705.5119553739205, 2952592.747982892207801 ], [ 470437.898045053356327, 2952586.087614679243416 ], [ 470431.567983360379003, 2949868.035783051513135 ], [ 467698.596795072662644, 2949874.691902054473758 ], [ 467705.5119553739205, 2952592.747982892207801 ] ] ] } },
{ "type": "Feature", "properties": { "x_idx": 87296, "y_idx": 99968, "x": 8987773, "y": 3083773, "region": "uttar_pradesh" }, "geometry": { "type": "Polygon", "coordinates": [ [ [ 472623.803960677585565, 2952581.18299112515524 ], [ 475356.182976870855782, 2952575.581795922480524 ], [ 475350.906078982981853, 2949857.536666866391897 ], [ 472617.941973836277612, 2949863.134288577362895 ], [ 472623.803960677585565, 2952581.18299112515524 ] ] ] } },
{ "type": "Feature", "properties": { "x_idx": 87872, "y_idx": 99968, "x": 8990525, "y": 3083773, "region": "uttar_pradesh" }, "geometry": { "type": "Polygon", "coordinates": [ [ [ 475082.945234550978057, 2952576.115436358842999 ], [ 477815.321172253054101, 2952571.043821487110108 ], [ 477810.570850438787602, 2949853.001587606500834 ], [ 475077.609827985230368, 2949858.069966846611351 ], [ 475082.945234550978057, 2952576.115436358842999 ] ] ] } },
{ "type": "Feature", "properties": { "x_idx": 86720, "y_idx": 99968, "x": 8985022, "y": 3083773, "region": "uttar_pradesh" }, "geometry": { "type": "Polygon", "coordinates": [ [ [ 470164.659625935135409, 2952586.727171985432506 ], [ 472897.042026121576782, 2952580.596392462495714 ], [ 472891.238548399240244, 2949862.548064157366753 ], [ 470158.271054640412331, 2949868.674932329915464 ], [ 470164.659625935135409, 2952586.727171985432506 ] ] ] } },
{ "type": "Feature", "properties": { "x_idx": 87872, "y_idx": 99392, "x": 8990525, "y": 3086524, "region": "uttar_pradesh" }, "geometry": { "type": "Polygon", "coordinates": [ [ [ 475087.750020412786398, 2955021.863992396276444 ], [ 477819.599061639921274, 2955016.789469222072512 ], [ 477814.846003180835396, 2952299.265506340190768 ], [ 475082.411540143482853, 2952304.336797848343849 ], [ 475087.750020412786398, 2955021.863992396276444 ] ] ] } },
{ "type": "Feature", "properties": { "x_idx": 86144, "y_idx": 99392, "x": 8982270, "y": 3086524, "region": "uttar_pradesh" }, "geometry": { "type": "Polygon", "coordinates": [ [ [ 467711.739384135929868, 2955038.506076767109334 ], [ 470443.598564868152607, 2955031.841889212373644 ], [ 470437.26485647080699, 2952314.308340346440673 ], [ 467704.82024007034488, 2952320.968283898662776 ], [ 467711.739384135929868, 2955038.506076767109334 ] ] ] } },
{ "type": "Feature", "properties": { "x_idx": 86720, "y_idx": 99392, "x": 8985022, "y": 3086524, "region": "uttar_pradesh" }, "geometry": { "type": "Polygon", "coordinates": [ [ [ 470170.412836411385797, 2955032.481813269201666 ], [ 472902.268332183419261, 2955026.347518084570765 ], [ 472896.461511110246647, 2952308.817468246910721 ], [ 470164.020584706391674, 2952314.947856874670833 ], [ 470170.412836411385797, 2955032.481813269201666 ] ] ] } },
{ "type": "Feature", "properties": { "x_idx": 84992, "y_idx": 100544, "x": 8976766, "y": 3081021, "region": "uttar_pradesh" }, "geometry": { "type": "Polygon", "coordinates": [ [ [ 462780.033759158512112, 2950159.987209602259099 ], [ 465512.954760134336539, 2950152.272081532049924 ], [ 465505.57577517646132, 2947433.694340494927019 ], [ 462772.070001740241423, 2947441.404537599999458 ], [ 462780.033759158512112, 2950159.987209602259099 ] ] ] } },
{ "type": "Feature", "properties": { "x_idx": 86144, "y_idx": 100544, "x": 8982270, "y": 3081021, "region": "uttar_pradesh" }, "geometry": { "type": "Polygon", "coordinates": [ [ [ 467699.288111757487059, 2950146.523414754774421 ], [ 470432.200807050685398, 2950139.866870569996536 ], [ 470425.87439649773296, 2947421.297058103606105 ], [ 467692.376940066169482, 2947427.949347871355712 ], [ 467699.288111757487059, 2950146.523414754774421 ] ] ] } },
{ "type": "Feature", "properties": { "x_idx": 85568, "y_idx": 100544, "x": 8979518, "y": 3081021, "region": "uttar_pradesh" }, "geometry": { "type": "Polygon", "coordinates": [ [ [ 465239.66288070497103, 2950153.017129520419985 ], [ 467972.579575901501812, 2950145.831295954063535 ], [ 467965.726880589325447, 2947427.257671426050365 ], [ 465232.225418801885098, 2947434.438912300392985 ], [ 465239.66288070497103, 2950153.017129520419985 ] ] ] } },
{ "type": "Feature", "properties": { "x_idx": 85568, "y_idx": 99968, "x": 8979518, "y": 3083773, "region": "uttar_pradesh" }, "geometry": { "type": "Polygon", "coordinates": [ [ [ 465246.360674042720348, 2952599.245428134221584 ], [ 467978.750758717767894, 2952592.055466486141086 ], [ 467971.89410854264861, 2949873.999827462248504 ], [ 465238.918919806252234, 2949881.185202040709555 ], [ 465246.360674042720348, 2952599.245428134221584 ] ] ] } },
{ "type": "Feature", "properties": { "x_idx": 84992, "y_idx": 99968, "x": 8976766, "y": 3083773, "region": "uttar_pradesh" }, "geometry": { "type": "Polygon", "coordinates": [ [ [ 462787.205506991012953, 2952606.219512341078371 ], [ 465519.599892162368633, 2952598.499952134676278 ], [ 465512.216648618225008, 2949880.440201641060412 ], [ 462779.237153515568934, 2949888.154836917296052 ], [ 462787.205506991012953, 2952606.219512341078371 ] ] ] } },
{ "type": "Feature", "properties": { "x_idx": 85568, "y_idx": 99392, "x": 8979518, "y": 3086524, "region": "uttar_pradesh" }, "geometry": { "type": "Polygon", "coordinates": [ [ [ 465253.062325526436325, 2955045.007247912231833 ], [ 467984.925496346259024, 2955037.813163242768496 ], [ 467978.064896112831775, 2952320.275811646599323 ], [ 465245.616284171410371, 2952327.465314868837595 ], [ 465253.062325526436325, 2955045.007247912231833 ] ] ] } },
{ "type": "Feature", "properties": { "x_idx": 84992, "y_idx": 99392, "x": 8976766, "y": 3086524, "region": "uttar_pradesh" }, "geometry": { "type": "Polygon", "coordinates": [ [ [ 462794.381385970453266, 2955051.985331336967647 ], [ 465526.248852003016509, 2955044.261344427708536 ], [ 465518.861355046276003, 2952326.719886400736868 ], [ 462786.408442021580413, 2952334.438954415265471 ], [ 462794.381385970453266, 2955051.985331336967647 ] ] ] } },
{ "type": "Feature", "properties": { "x_idx": 85568, "y_idx": 98816, "x": 8979518, "y": 3089276, "region": "uttar_pradesh" }, "geometry": { "type": "Polygon", "coordinates": [ [ [ 465259.767830462486017, 2957490.302317465655506 ], [ 467991.103784462204203, 2957483.104114833753556 ], [ 467984.239238975686021, 2954766.085352231282741 ], [ 465252.317507204017602, 2954773.278979037888348 ], [ 465259.767830462486017, 2957490.302317465655506 ] ] ] } },
{ "type": "Feature", "properties": { "x_idx": 84992, "y_idx": 98816, "x": 8976766, "y": 3089276, "region": "uttar_pradesh" }, "geometry": { "type": "Polygon", "coordinates": [ [ [ 462801.561391070834361, 2957497.284395198803395 ], [ 465532.901634999434464, 2957489.555987018626183 ], [ 465525.509889804408886, 2954772.533123025204986 ], [ 462793.583862232859246, 2954780.256618346553296 ], [ 462801.561391070834361, 2957497.284395198803395 ] ] ] } },
{ "type": "Feature", "properties": { "x_idx": 84416, "y_idx": 98816, "x": 8974015, "y": 3089276, "region": "uttar_pradesh" }, "geometry": { "type": "Polygon", "coordinates": [ [ [ 460343.350801229244098, 2957504.743663156405091 ], [ 463074.695639836951159, 2957496.485043928492814 ], [ 463066.776689670339692, 2954779.457775214221328 ], [ 460334.84606113168411, 2954787.711144551634789 ], [ 460343.350801229244098, 2957504.743663156405091 ] ] ] } },
{ "type": "Feature", "properties": { "x_idx": 83840, "y_idx": 99968, "x": 8971263, "y": 3083773, "region": "uttar_pradesh" }, "geometry": { "type": "Polygon", "coordinates": [ [ [ 457868.88241591269616, 2952621.597617866005749 ], [ 460601.286318583704997, 2952612.818843665067106 ], [ 460592.849872139748186, 2949894.749958008527756 ], [ 457859.860846546303947, 2949903.523131556808949 ], [ 457868.88241591269616, 2952621.597617866005749 ] ] ] } },
{ "type": "Feature", "properties": { "x_idx": 84416, "y_idx": 99968, "x": 8974015, "y": 3083773, "region": "uttar_pradesh" }, "geometry": { "type": "Polygon", "coordinates": [ [ [ 460328.046179265598767, 2952613.670240482315421 ], [ 463060.445170434133615, 2952605.421076217666268 ], [ 463052.535328258876689, 2949887.356910179369152 ], [ 460319.551220871973783, 2949895.600811652373523 ], [ 460328.046179265598767, 2952613.670240482315421 ] ] ] } },
{ "type": "Feature", "properties": { "x_idx": 82688, "y_idx": 99968, "x": 8965760, "y": 3083773, "region": "uttar_pradesh" }, "geometry": { "type": "Polygon", "coordinates": [ [ [ 452950.540482518437784, 2952638.882343297358602 ], [ 455682.955124700791202, 2952629.044330081902444 ], [ 455673.465451305732131, 2949910.965092959348112 ], [ 452940.465671541576739, 2949920.796829796861857 ], [ 452950.540482518437784, 2952638.882343297358602 ] ] ] } },
{ "type": "Feature", "properties": { "x_idx": 83264, "y_idx": 99968, "x": 8968511, "y": 3083773, "region": "uttar_pradesh" }, "geometry": { "type": "Polygon", "coordinates": [ [ [ 455409.713941981841344, 2952630.001650142017752 ], [ 458142.12306165730115, 2952620.69325975002721 ], [ 458133.160004931909498, 2949902.619350397959352 ], [ 455400.165755212830845, 2949911.921802275348455 ], [ 455409.713941981841344, 2952630.001650142017752 ] ] ] } },
{ "type": "Feature", "properties": { "x_idx": 83840, "y_idx": 99392, "x": 8971263, "y": 3086524, "region": "uttar_pradesh" }, "geometry": { "type": "Polygon", "coordinates": [ [ [ 457877.006765556347091, 2955067.372255236376077 ], [ 460608.883737395575736, 2955058.588446969166398 ], [ 460600.442430829163641, 2952341.037864974699914 ], [ 457867.979999005561695, 2952349.816079454030842 ], [ 457877.006765556347091, 2955067.372255236376077 ] ] ] } },
{ "type": "Feature", "properties": { "x_idx": 83264, "y_idx": 99392, "x": 8968511, "y": 3086524, "region": "uttar_pradesh" }, "geometry": { "type": "Polygon", "coordinates": [ [ [ 455418.312535469885916, 2955075.781106670387089 ], [ 458150.194717903970741, 2955066.467378529254347 ], [ 458141.226497700321488, 2952348.911778997629881 ], [ 455408.758848160156049, 2952358.219575902447104 ], [ 455418.312535469885916, 2955075.781106670387089 ] ] ] } },
{ "type": "Feature", "properties": { "x_idx": 84416, "y_idx": 99392, "x": 8974015, "y": 3086524, "region": "uttar_pradesh" }, "geometry": { "type": "Polygon", "coordinates": [ [ [ 460335.696290852385573, 2955059.440332008060068 ], [ 463067.568357223353814, 2955051.186437359079719 ], [ 463059.653958280745428, 2952333.640569199807942 ], [ 460327.196438630111516, 2952341.889207507483661 ], [ 460335.696290852385573, 2955059.440332008060068 ] ] ] } },
{ "type": "Feature", "properties": { "x_idx": 83840, "y_idx": 98816, "x": 8971263, "y": 3089276, "region": "uttar_pradesh" }, "geometry": { "type": "Polygon", "coordinates": [ [ [ 457885.135786659724545, 2957512.680126649793237 ], [ 460616.485524701012764, 2957503.891290493775159 ], [ 460608.039363924413919, 2954786.8593137296848 ], [ 457876.103829246945679, 2954795.642562961671501 ], [ 457885.135786659724545, 2957512.680126649793237 ] ] ] } },
{ "type": "Feature", "properties": { "x_idx": 83264, "y_idx": 98816, "x": 8968511, "y": 3089276, "region": "uttar_pradesh" }, "geometry": { "type": "Polygon", "coordinates": [ [ [ 455426.916073087602854, 2957521.093791327439249 ], [ 458158.271015313628595, 2957511.774731988552958 ], [ 458149.297637913259678, 2954794.737743844278157 ], [ 455417.356891928706318, 2954804.050879225600511 ], [ 455426.916073087602854, 2957521.093791327439249 ] ] ] } },
{ "type": "Feature", "properties": { "x_idx": 83840, "y_idx": 98240, "x": 8971263, "y": 3092028, "region": "uttar_pradesh" }, "geometry": { "type": "Polygon", "coordinates": [ [ [ 457893.26947353198193, 2959957.520961033180356 ], [ 460624.091675178264268, 2959948.727103167679161 ], [ 460615.6406661044457, 2957232.214032844174653 ], [ 457884.232331580249593, 2957241.002310650423169 ], [ 457893.26947353198193, 2959957.520961033180356 ] ] ] } },
{ "type": "Feature", "properties": { "x_idx": 80960, "y_idx": 99392, "x": 8957504, "y": 3086524, "region": "uttar_pradesh" }, "geometry": { "type": "Polygon", "coordinates": [ [ [ 445583.48307488678256, 2955114.185919331852347 ], [ 448315.389150986738969, 2955102.752441591117531 ], [ 448304.313208593288437, 2952385.173734872601926 ], [ 445571.821632729086559, 2952396.599931578617543 ], [ 445583.48307488678256, 2955114.185919331852347 ] ] ] } },
{ "type": "Feature", "properties": { "x_idx": 82112, "y_idx": 99392, "x": 8963008, "y": 3086524, "region": "uttar_pradesh" }, "geometry": { "type": "Polygon", "coordinates": [ [ [ 450500.908862457727082, 2955094.029618450440466 ], [ 453232.802381467074156, 2955083.656030285172164 ], [ 453222.780314447532874, 2952366.089484568685293 ], [ 450490.301312837284058, 2952376.456466598901898 ], [ 450500.908862457727082, 2955094.029618450440466 ] ] ] } },
{ "type": "Feature", "properties": { "x_idx": 81536, "y_idx": 98816, "x": 8960256, "y": 3089276, "region": "uttar_pradesh" }, "geometry": { "type": "Polygon", "coordinates": [ [ [ 448052.225995567743666, 2957549.198054056614637 ], [ 450783.598378865106497, 2957538.288283856119961 ], [ 450773.043311756162439, 2954821.234441588632762 ], [ 448041.08510083053261, 2954832.13727672630921 ], [ 448052.225995567743666, 2957549.198054056614637 ] ] ] } },
{ "type": "Feature", "properties": { "x_idx": 80960, "y_idx": 98816, "x": 8957504, "y": 3089276, "region": "uttar_pradesh" }, "geometry": { "type": "Polygon", "coordinates": [ [ [ 445593.984743198670913, 2957559.52058676071465 ], [ 448325.363549695699476, 2957548.080564577598125 ], [ 448314.281238153460436, 2954831.020497605204582 ], [ 445582.316595237120055, 2954842.453247689642012 ], [ 445593.984743198670913, 2957559.52058676071465 ] ] ] } },
{ "type": "Feature", "properties": { "x_idx": 82688, "y_idx": 98816, "x": 8965760, "y": 3089276, "region": "uttar_pradesh" }, "geometry": { "type": "Polygon", "coordinates": [ [ [ 452968.691386234015226, 2957529.984663178678602 ], [ 455700.051837396342307, 2957520.135374022182077 ], [ 455690.551236982923001, 2954803.09307116875425 ], [ 452958.604974522604607, 2954812.936099332291633 ], [ 452968.691386234015226, 2957529.984663178678602 ] ] ] } },
{ "type": "Feature", "properties": { "x_idx": 82112, "y_idx": 98816, "x": 8963008, "y": 3089276, "region": "uttar_pradesh" }, "geometry": { "type": "Polygon", "coordinates": [ [ [ 450510.461451819399372, 2957539.352748532313854 ], [ 453241.827716674131807, 2957528.973222548142076 ], [ 453231.799886483000591, 2954811.925301653333008 ], [ 450499.84780237369705, 2954822.298229610081762 ], [ 450510.461451819399372, 2957539.352748532313854 ] ] ] } },
{ "type": "Feature", "properties": { "x_idx": 80960, "y_idx": 98240, "x": 8957504, "y": 3092028, "region": "uttar_pradesh" }, "geometry": { "type": "Polygon", "coordinates": [ [ [ 445604.492438973742537, 2960004.388184227515012 ], [ 448335.343673267925624, 2959992.941625644918531 ], [ 448324.255000335455406, 2957276.400499632116407 ], [ 445592.81759337708354, 2957287.839795052073896 ], [ 445604.492438973742537, 2960004.388184227515012 ] ] ] } },
{ "type": "Feature", "properties": { "x_idx": 82112, "y_idx": 98240, "x": 8963008, "y": 3092028, "region": "uttar_pradesh" }, "geometry": { "type": "Polygon", "coordinates": [ [ [ 450520.019523964961991, 2959984.208822831511497 ], [ 453250.858232066384517, 2959973.823366326279938 ], [ 453240.824645723914728, 2957257.294371464289725 ], [ 450509.399782124382909, 2957267.673238050658256 ], [ 450520.019523964961991, 2959984.208822831511497 ] ] ] } },
{ "type": "Feature", "properties": { "x_idx": 81536, "y_idx": 98240, "x": 8960256, "y": 3092028, "region": "uttar_pradesh" }, "geometry": { "type": "Polygon", "coordinates": [ [ [ 448062.258875958039425, 2959994.059753617737442 ], [ 450793.103694965073373, 2959983.143749957438558 ], [ 450782.542569085664582, 2957266.60884099919349 ], [ 448051.111586206126958, 2957277.517918119207025 ], [ 448062.258875958039425, 2959994.059753617737442 ] ] ] } },
{ "type": "Feature", "properties": { "x_idx": 82688, "y_idx": 98240, "x": 8965760, "y": 3092028, "region": "uttar_pradesh" }, "geometry": { "type": "Polygon", "coordinates": [ [ [ 452977.774656936875544, 2959974.835384862497449 ], [ 455708.607558507530484, 2959964.980468122754246 ], [ 455699.101504561316688, 2957248.457084397785366 ], [ 452967.682455449830741, 2957258.305747838690877 ], [ 452977.774656936875544, 2959974.835384862497449 ] ] ] } },
{ "type": "Feature", "properties": { "x_idx": 80384, "y_idx": 103424, "x": 8954753, "y": 3067262, "region": "uttar_pradesh" }, "geometry": { "type": "Polygon", "coordinates": [ [ [ 443048.104709641309455, 2937994.538228755816817 ], [ 445783.699963394377846, 2937982.622964069247246 ], [ 445772.144004146102816, 2935261.415650942828506 ], [ 443035.965609494538512, 2935273.32323171524331 ], [ 443048.104709641309455, 2937994.538228755816817 ] ] ] } },
{ "type": "Feature", "properties": { "x_idx": 80384, "y_idx": 102848, "x": 8954753, "y": 3070014, "region": "uttar_pradesh" }, "geometry": { "type": "Polygon", "coordinates": [ [ [ 443059.036614733282477, 2940443.141009078361094 ], [ 445794.106719135073945, 2940431.218837745953351 ], [ 445782.544030876131728, 2937710.528053873684257 ], [ 443046.890446049685124, 2937722.442550636362284 ], [ 443059.036614733282477, 2940443.141009078361094 ] ] ] } },
{ "type": "Feature", "properties": { "x_idx": 80384, "y_idx": 102272, "x": 8954753, "y": 3072766, "region": "uttar_pradesh" }, "geometry": { "type": "Polygon", "coordinates": [ [ [ 443069.97487340279622, 2942891.278616134077311 ], [ 445804.519523269264027, 2942879.349546567071229 ], [ 445792.950114121893421, 2940159.175595668144524 ], [ 443057.82164471456781, 2940171.097000009845942 ], [ 443069.97487340279622, 2942891.278616134077311 ] ] ] } },
{ "type": "Feature", "properties": { "x_idx": 80384, "y_idx": 101696, "x": 8954753, "y": 3075517, "region": "uttar_pradesh" }, "geometry": { "type": "Polygon", "coordinates": [ [ [ 443080.919477970164735, 2945338.950776914134622 ], [ 445814.938368486182299, 2945327.014817524235696 ], [ 445803.362246573378798, 2942607.358002960216254 ], [ 443068.759197810257319, 2942619.286306471563876 ], [ 443080.919477970164735, 2945338.950776914134622 ] ] ] } },
{ "type": "Feature", "properties": { "x_idx": 80384, "y_idx": 101120, "x": 8954753, "y": 3078269, "region": "uttar_pradesh" }, "geometry": { "type": "Polygon", "coordinates": [ [ [ 443091.870420754887164, 2947786.157218735199422 ], [ 445825.363247474306263, 2947774.214377933647484 ], [ 445813.780420919880271, 2945055.075002707075328 ], [ 443079.703097657184117, 2945067.010196977294981 ], [ 443091.870420754887164, 2947786.157218735199422 ] ] ] } },
{ "type": "Feature", "properties": { "x_idx": 80384, "y_idx": 100544, "x": 8954753, "y": 3081021, "region": "uttar_pradesh" }, "geometry": { "type": "Polygon", "coordinates": [ [ [ 443102.827694075705949, 2950232.897669232450426 ], [ 445835.794152921473142, 2950220.947955433279276 ], [ 445824.204629850108176, 2947502.32632218953222 ], [ 443090.653336574789137, 2947514.268398805055767 ], [ 443102.827694075705949, 2950232.897669232450426 ] ] ] } },
{ "type": "Feature", "properties": { "x_idx": 80384, "y_idx": 99968, "x": 8954753, "y": 3083773, "region": "uttar_pradesh" }, "geometry": { "type": "Polygon", "coordinates": [ [ [ 443113.791290250665043, 2952679.171856366563588 ], [ 445846.231077514763456, 2952667.215277982410043 ], [ 445834.634866051841527, 2949949.111689007375389 ], [ 443101.609906882105861, 2949961.060639556497335 ], [ 443113.791290250665043, 2952679.171856366563588 ] ] ] } },
{ "type": "Feature", "properties": { "x_idx": 80384, "y_idx": 99392, "x": 8954753, "y": 3086524, "region": "uttar_pradesh" }, "geometry": { "type": "Polygon", "coordinates": [ [ [ 443124.761201596877072, 2955124.979508418124169 ], [ 445856.674013940442819, 2955113.016073863487691 ], [ 445845.071122212219052, 2952395.430831086356193 ], [ 443112.572800897003617, 2952407.386647154577076 ], [ 443124.761201596877072, 2955124.979508418124169 ] ] ] } },
{ "type": "Feature", "properties": { "x_idx": 80384, "y_idx": 98816, "x": 8954753, "y": 3089276, "region": "uttar_pradesh" }, "geometry": { "type": "Polygon", "coordinates": [ [ [ 443135.737420431047212, 2957570.32035399088636 ], [ 445867.122954884311184, 2957558.350071682594717 ], [ 445855.513391017739195, 2954841.283476673066616 ], [ 443123.542010937002487, 2954853.246149845886976 ], [ 443135.737420431047212, 2957570.32035399088636 ] ] ] } },
{ "type": "Feature", "properties": { "x_idx": 80384, "y_idx": 98240, "x": 8954753, "y": 3092028, "region": "uttar_pradesh" }, "geometry": { "type": "Polygon", "coordinates": [ [ [ 443146.719939068891108, 2960015.194122010376304 ], [ 445877.577893031295389, 2960003.217000362928957 ], [ 445865.961665154143702, 2957286.66935433447361 ], [ 443134.517529318633024, 2957298.638876197393984 ], [ 443146.719939068891108, 2960015.194122010376304 ] ] ] } },
{ "type": "Feature", "properties": { "x_idx": 87296, "y_idx": 99392, "x": 8987773, "y": 3086524, "region": "uttar_pradesh" }, "geometry": { "type": "Polygon", "coordinates": [ [ [ 472629.082956966361962, 2955026.93445312930271 ], [ 475360.935072902648244, 2955021.330045945011079 ], [ 475355.655135017121211, 2952303.803191435988992 ], [ 472623.21759306837339, 2952309.404029508586973 ], [ 472629.082956966361962, 2955026.93445312930271 ] ] ] } },
{ "type": "Feature", "properties": { "x_idx": 87296, "y_idx": 98816, "x": 8987773, "y": 3089276, "region": "uttar_pradesh" }, "geometry": { "type": "Polygon", "coordinates": [ [ [ 472634.364988703629933, 2957472.219177619554102 ], [ 475365.689901419216767, 2957466.611562396399677 ], [ 475360.406927234027535, 2954749.603283998556435 ], [ 472628.496251856908202, 2954755.207334490027279 ], [ 472634.364988703629933, 2957472.219177619554102 ] ] ] } },
{ "type": "Feature", "properties": { "x_idx": 86720, "y_idx": 98816, "x": 8985022, "y": 3089276, "region": "uttar_pradesh" }, "geometry": { "type": "Polygon", "coordinates": [ [ [ 470176.169355003687087, 2957477.769713136833161 ], [ 472907.497643397306092, 2957471.631906605791301 ], [ 472901.687483040383086, 2954754.620436800643802 ], [ 470169.773427365464158, 2954760.754341569729149 ], [ 470176.169355003687087, 2957477.769713136833161 ] ] ] } },
{ "type": "Feature", "properties": { "x_idx": 86144, "y_idx": 98816, "x": 8982270, "y": 3089276, "region": "uttar_pradesh" }, "geometry": { "type": "Polygon", "coordinates": [ [ [ 467717.970393681840505, 2957483.797424988821149 ], [ 470449.302362502552569, 2957477.129422780126333 ], [ 470442.965011836960912, 2954760.114458240568638 ], [ 467711.047270698181819, 2954766.778221655637026 ], [ 467717.970393681840505, 2957483.797424988821149 ] ] ] } },
{ "type": "Feature", "properties": { "x_idx": 87872, "y_idx": 98816, "x": 8990525, "y": 3089276, "region": "uttar_pradesh" }, "geometry": { "type": "Polygon", "coordinates": [ [ [ 475092.557569055701606, 2957467.145814486313611 ], [ 477823.87941084447084, 2957462.068386579398066 ], [ 477819.123619069636334, 2954745.062996260821819 ], [ 475087.216018821869511, 2954750.137196466792375 ], [ 475092.557569055701606, 2957467.145814486313611 ] ] ] } },
{ "type": "Feature", "properties": { "x_idx": 87872, "y_idx": 98240, "x": 8990525, "y": 3092028, "region": "uttar_pradesh" }, "geometry": { "type": "Polygon", "coordinates": [ [ [ 475097.367877114214934, 2959911.960631558671594 ], [ 477828.162216870463453, 2959906.880302488338202 ], [ 477823.403695109125692, 2957190.393785940017551 ], [ 475092.023260655230843, 2957195.470891274977475 ], [ 475097.367877114214934, 2959911.960631558671594 ] ] ] } },
{ "type": "Feature", "properties": { "x_idx": 86144, "y_idx": 98240, "x": 8982270, "y": 3092028, "region": "uttar_pradesh" }, "geometry": { "type": "Polygon", "coordinates": [ [ [ 467724.204979649803136, 2959928.621756487060338 ], [ 470455.009433963685296, 2959921.949944311752915 ], [ 470448.668445466377307, 2957205.453865307383239 ], [ 467717.277882594673429, 2957212.121443897020072 ], [ 467724.204979649803136, 2959928.621756487060338 ] ] ] } },
{ "type": "Feature", "properties": { "x_idx": 86720, "y_idx": 98240, "x": 8985022, "y": 3092028, "region": "uttar_pradesh" }, "geometry": { "type": "Polygon", "coordinates": [ [ [ 470181.9291776822065, 2959922.590600518509746 ], [ 472912.729956102499273, 2959916.449286955874413 ], [ 472906.916460529202595, 2957199.956698391120881 ], [ 470175.529578588320874, 2957206.094114986248314 ], [ 470181.9291776822065, 2959922.590600518509746 ] ] ] } },
{ "type": "Feature", "properties": { "x_idx": 87296, "y_idx": 98240, "x": 8987773, "y": 3092028, "region": "uttar_pradesh" }, "geometry": { "type": "Polygon", "coordinates": [ [ [ 472639.650052191631403, 2959917.036893526092172 ], [ 475370.447459091956262, 2959911.426074205897748 ], [ 475365.161452305561397, 2957194.936673126649112 ], [ 472633.777946504647844, 2957200.543932096101344 ], [ 472639.650052191631403, 2959917.036893526092172 ] ] ] } },
{ "type": "Feature", "properties": { "x_idx": 87296, "y_idx": 97664, "x": 8987773, "y": 3094780, "region": "uttar_pradesh" }, "geometry": { "type": "Polygon", "coordinates": [ [ [ 472644.938143732491881, 2962361.387330106925219 ], [ 475375.207742592087016, 2962355.773310632444918 ], [ 475369.918706903117709, 2959639.803087716922164 ], [ 472639.062673314067069, 2959645.413551221136004 ], [ 472644.938143732491881, 2962361.387330106925219 ] ] ] } },
{ "type": "Feature", "properties": { "x_idx": 84992, "y_idx": 98240, "x": 8976766, "y": 3092028, "region": "uttar_pradesh" }, "geometry": { "type": "Polygon", "coordinates": [ [ [ 462808.745517265808303, 2959942.116432853974402 ], [ 465539.558236494369339, 2959934.383608837611973 ], [ 465532.162248235661536, 2957217.879640085622668 ], [ 462800.763409123523161, 2957225.607557281386107 ], [ 462808.745517265808303, 2959942.116432853974402 ] ] ] } },
{ "type": "Feature", "properties": { "x_idx": 85568, "y_idx": 98240, "x": 8979518, "y": 3092028, "region": "uttar_pradesh" }, "geometry": { "type": "Polygon", "coordinates": [ [ [ 465266.477184156596195, 2959935.13036572188139 ], [ 467997.28561874065781, 2959927.928050187882036 ], [ 467990.417132806614973, 2957211.428177787456661 ], [ 465259.02258421049919, 2957218.625923118554056 ], [ 465266.477184156596195, 2959935.13036572188139 ] ] ] } },
{ "type": "Feature", "properties": { "x_idx": 84416, "y_idx": 98240, "x": 8974015, "y": 3092028, "region": "uttar_pradesh" }, "geometry": { "type": "Polygon", "coordinates": [ [ [ 460351.009705037635285, 2959949.579962854273617 ], [ 463081.827013285539579, 2959941.316624853294343 ], [ 463073.903517438739073, 2957224.808256793767214 ], [ 460342.500083018676378, 2957233.066351355519146 ], [ 460351.009705037635285, 2959949.579962854273617 ] ] ] } },
{ "type": "Feature", "properties": { "x_idx": 84992, "y_idx": 97664, "x": 8976766, "y": 3094780, "region": "uttar_pradesh" }, "geometry": { "type": "Polygon", "coordinates": [ [ [ 462815.933759528619703, 2962386.481173561420292 ], [ 465546.218651830218732, 2962378.743939141277224 ], [ 465538.818425683013629, 2959662.759166477248073 ], [ 462807.947077667340636, 2959670.491500114090741 ], [ 462815.933759528619703, 2962386.481173561420292 ] ] ] } },
{ "type": "Feature", "properties": { "x_idx": 85568, "y_idx": 97664, "x": 8979518, "y": 3094780, "region": "uttar_pradesh" }, "geometry": { "type": "Polygon", "coordinates": [ [ [ 465273.190381914319005, 2962379.491121937986463 ], [ 468003.470994856092148, 2962372.28469856409356 ], [ 467996.598573280614801, 2959656.304017211310565 ], [ 465265.731510496640112, 2959663.505876005627215 ], [ 465273.190381914319005, 2962379.491121937986463 ] ] ] } },
{ "type": "Feature", "properties": { "x_idx": 84416, "y_idx": 97664, "x": 8974015, "y": 3094780, "region": "uttar_pradesh" }, "geometry": { "type": "Polygon", "coordinates": [ [ [ 460358.672996918554418, 2962393.948960359208286 ], [ 463088.962472579325549, 2962385.680909391492605 ], [ 463081.034436596557498, 2959669.691742833238095 ], [ 460350.15849893266568, 2959677.954556812532246 ], [ 460358.672996918554418, 2962393.948960359208286 ] ] ] } },
{ "type": "Feature", "properties": { "x_idx": 85568, "y_idx": 97088, "x": 8979518, "y": 3097531, "region": "uttar_pradesh" }, "geometry": { "type": "Polygon", "coordinates": [ [ [ 465279.907419040508103, 2964823.384315688628703 ], [ 468009.659908482630271, 2964816.173789535649121 ], [ 468002.783556072216015, 2962100.712599721737206 ], [ 465272.444281367992517, 2962107.918566919397563 ], [ 465279.907419040508103, 2964823.384315688628703 ] ] ] } },
{ "type": "Feature", "properties": { "x_idx": 84992, "y_idx": 97088, "x": 8976766, "y": 3097531, "region": "uttar_pradesh" }, "geometry": { "type": "Polygon", "coordinates": [ [ [ 462823.126112832047511, 2964830.378346893470734 ], [ 465552.882876348798163, 2964822.636707504745573 ], [ 465545.478417488804553, 2962107.171431420370936 ], [ 462815.134862837614492, 2962114.908176063559949 ], [ 462823.126112832047511, 2964830.378346893470734 ] ] ] } },
{ "type": "Feature", "properties": { "x_idx": 84416, "y_idx": 97088, "x": 8974015, "y": 3097531, "region": "uttar_pradesh" }, "geometry": { "type": "Polygon", "coordinates": [ [ [ 460366.340671512531117, 2964837.850385244004428 ], [ 463096.102012727758847, 2964829.577627117745578 ], [ 463088.169442153885029, 2962114.107962552458048 ], [ 460357.821303514647298, 2962122.375490142963827 ], [ 460366.340671512531117, 2964837.850385244004428 ] ] ] } },
{ "type": "Feature", "properties": { "x_idx": 86144, "y_idx": 96512, "x": 8982270, "y": 3100283, "region": "uttar_pradesh" }, "geometry": { "type": "Polygon", "coordinates": [ [ [ 467742.930152459943201, 2967260.28994480567053 ], [ 470472.150251373066567, 2967253.606730862520635 ], [ 470465.798376003687736, 2964538.669112114235759 ], [ 467735.991162274440285, 2964545.348108100239187 ], [ 467742.930152459943201, 2967260.28994480567053 ] ] ] } },
{ "type": "Feature", "properties": { "x_idx": 86720, "y_idx": 97664, "x": 8985022, "y": 3094780, "region": "uttar_pradesh" }, "geometry": { "type": "Polygon", "coordinates": [ [ [ 470187.692300416820217, 2962366.944204672239721 ], [ 472917.965266637969762, 2962360.799388393294066 ], [ 472912.148439916141797, 2959644.825981914065778 ], [ 470181.289034345187247, 2959650.966906019952148 ], [ 470187.692300416820217, 2962366.944204672239721 ] ] ] } },
{ "type": "Feature", "properties": { "x_idx": 87872, "y_idx": 97664, "x": 8990525, "y": 3094780, "region": "uttar_pradesh" }, "geometry": { "type": "Polygon", "coordinates": [ [ [ 475102.180941222643014, 2962356.308172872755677 ], [ 477832.447476721135899, 2962351.22494620969519 ], [ 477827.686228302889504, 2959635.257604275364429 ], [ 475096.833262278290931, 2959640.337611170019954 ], [ 475102.180941222643014, 2962356.308172872755677 ] ] ] } },
{ "type": "Feature", "properties": { "x_idx": 86144, "y_idx": 97664, "x": 8982270, "y": 3094780, "region": "uttar_pradesh" }, "geometry": { "type": "Polygon", "coordinates": [ [ [ 467730.443137677386403, 2962372.978800518903881 ], [ 470460.719775258272421, 2962366.303183065261692 ], [ 470454.375153366127051, 2959650.326290440745652 ], [ 467723.512071397795808, 2959656.997679518070072 ], [ 467730.443137677386403, 2962372.978800518903881 ] ] ] } },
{ "type": "Feature", "properties": { "x_idx": 86144, "y_idx": 97088, "x": 8982270, "y": 3097531, "region": "uttar_pradesh" }, "geometry": { "type": "Polygon", "coordinates": [ [ [ 467736.684863401809707, 2964816.868286659009755 ], [ 470466.433382392744534, 2964810.188868616707623 ], [ 470460.085131543106399, 2962094.731462863273919 ], [ 467729.749832745292224, 2962101.406657739076763 ], [ 467736.684863401809707, 2964816.868286659009755 ] ] ] } },
{ "type": "Feature", "properties": { "x_idx": 87296, "y_idx": 97088, "x": 8987773, "y": 3097531, "region": "uttar_pradesh" }, "geometry": { "type": "Polygon", "coordinates": [ [ [ 472650.229259627871215, 2964805.270216938108206 ], [ 475379.970748590363655, 2964799.653001251630485 ], [ 475374.678687697916757, 2962084.202256990596652 ], [ 472644.350428587233182, 2962089.815921086352319 ], [ 472650.229259627871215, 2964805.270216938108206 ] ] ] } },
{ "type": "Feature", "properties": { "x_idx": 86720, "y_idx": 97088, "x": 8985022, "y": 3097531, "region": "uttar_pradesh" }, "geometry": { "type": "Polygon", "coordinates": [ [ [ 470193.458719176938757, 2964810.830255172681063 ], [ 472923.203571342281066, 2964804.681940493173897 ], [ 472917.383417540171649, 2962089.228016590699553 ], [ 470187.051790605881251, 2962095.37244389206171 ], [ 470193.458719176938757, 2964810.830255172681063 ] ] ] } },
{ "type": "Feature", "properties": { "x_idx": 87872, "y_idx": 97088, "x": 8990525, "y": 3097531, "region": "uttar_pradesh" }, "geometry": { "type": "Polygon", "coordinates": [ [ [ 475106.996758014895022, 2964800.188168003689498 ], [ 477836.735187399550341, 2964795.102047317661345 ], [ 477831.971215654397383, 2962079.654180488083512 ], [ 475101.646020325133577, 2962084.737085372209549 ], [ 475106.996758014895022, 2964800.188168003689498 ] ] ] } },
{ "type": "Feature", "properties": { "x_idx": 87872, "y_idx": 96512, "x": 8990525, "y": 3100283, "region": "uttar_pradesh" }, "geometry": { "type": "Polygon", "coordinates": [ [ [ 475111.815324124589097, 2967243.60034685023129 ], [ 477841.025345908594318, 2967238.511335712391883 ], [ 477836.258654166595079, 2964523.583244119770825 ], [ 475106.461531429900788, 2964528.669043423607945 ], [ 475111.815324124589097, 2967243.60034685023129 ] ] ] } },
{ "type": "Feature", "properties": { "x_idx": 86720, "y_idx": 96512, "x": 8985022, "y": 3100283, "region": "uttar_pradesh" }, "geometry": { "type": "Polygon", "coordinates": [ [ [ 470199.228429931739811, 2967254.248481917660683 ], [ 472928.444866553763859, 2967248.096673155203462 ], [ 472922.621389739913866, 2964533.162531961221248 ], [ 470192.817843340046238, 2964539.310458142310381 ], [ 470199.228429931739811, 2967254.248481917660683 ] ] ] } },
{ "type": "Feature", "properties": { "x_idx": 87296, "y_idx": 96512, "x": 8987773, "y": 3100283, "region": "uttar_pradesh" }, "geometry": { "type": "Polygon", "coordinates": [ [ [ 472655.523396179138217, 2967248.68528391700238 ], [ 475384.736473757424392, 2967243.064875962678343 ], [ 475379.441391360829584, 2964528.133910487871617 ], [ 472649.641208625864238, 2964533.750771233811975 ], [ 472655.523396179138217, 2967248.68528391700238 ] ] ] } },
{ "type": "Feature", "properties": { "x_idx": 83264, "y_idx": 98240, "x": 8968511, "y": 3092028, "region": "uttar_pradesh" }, "geometry": { "type": "Polygon", "coordinates": [ [ [ 455435.524548812070861, 2959965.939433038700372 ], [ 458166.351948232448194, 2959956.615049053914845 ], [ 458157.373419917305, 2957240.096973507665098 ], [ 455425.959880496142432, 2957249.415440815035254 ], [ 455435.524548812070861, 2959965.939433038700372 ] ] ] } },
{ "type": "Feature", "properties": { "x_idx": 82688, "y_idx": 97664, "x": 8965760, "y": 3094780, "region": "uttar_pradesh" }, "geometry": { "type": "Polygon", "coordinates": [ [ [ 452986.863131729071029, 2962419.218786605168134 ], [ 455717.168181479093619, 2962409.358249207492918 ], [ 455707.65668065182399, 2959693.354085459839553 ], [ 452976.765147528261878, 2959703.20837725372985 ], [ 452986.863131729071029, 2962419.218786605168134 ] ] ] } },
{ "type": "Feature", "properties": { "x_idx": 83840, "y_idx": 97664, "x": 8971263, "y": 3094780, "region": "uttar_pradesh" }, "geometry": { "type": "Polygon", "coordinates": [ [ [ 457901.407820481923409, 2962401.894487642683089 ], [ 460631.702183505287394, 2962393.095614247955382 ], [ 460623.24633204768179, 2959677.101751210633665 ], [ 457892.365500314801466, 2959685.895051412750036 ], [ 457901.407820481923409, 2962401.894487642683089 ] ] ] } },
{ "type": "Feature", "properties": { "x_idx": 83264, "y_idx": 97664, "x": 8968511, "y": 3094780, "region": "uttar_pradesh" }, "geometry": { "type": "Polygon", "coordinates": [ [ [ 455444.137956619728357, 2962410.317761061247438 ], [ 458174.437511006137356, 2962400.988058981951326 ], [ 458165.453838058805559, 2959684.98919688211754 ], [ 455434.567807839543093, 2959694.312989563681185 ], [ 455444.137956619728357, 2962410.317761061247438 ] ] ] } },
{ "type": "Feature", "properties": { "x_idx": 83840, "y_idx": 97088, "x": 8971263, "y": 3097531, "region": "uttar_pradesh" }, "geometry": { "type": "Polygon", "coordinates": [ [ [ 457909.550821817654651, 2964845.80043605202809 ], [ 460639.317044359515421, 2964836.996553307399154 ], [ 460630.85635643202113, 2962121.522198049351573 ], [ 457900.503329759347253, 2962130.320514468941838 ], [ 457909.550821817654651, 2964845.80043605202809 ] ] ] } },
{ "type": "Feature", "properties": { "x_idx": 83264, "y_idx": 97088, "x": 8968511, "y": 3097531, "region": "uttar_pradesh" }, "geometry": { "type": "Polygon", "coordinates": [ [ [ 455452.756290486548096, 2964854.228504967410117 ], [ 458182.527697979705408, 2964844.893491346854717 ], [ 458173.538886683352757, 2962129.414143185596913 ], [ 455443.180667935404927, 2962138.743254689034075 ], [ 455452.756290486548096, 2964854.228504967410117 ] ] ] } },
{ "type": "Feature", "properties": { "x_idx": 83840, "y_idx": 96512, "x": 8971263, "y": 3100283, "region": "uttar_pradesh" }, "geometry": { "type": "Polygon", "coordinates": [ [ [ 457917.698471846990287, 2967289.238536156713963 ], [ 460646.936252417741343, 2967280.429650242906064 ], [ 460638.470733934896998, 2964565.475102900061756 ], [ 457908.645814222225454, 2964574.278429355472326 ], [ 457917.698471846990287, 2967289.238536156713963 ] ] ] } },
{ "type": "Feature", "properties": { "x_idx": 82688, "y_idx": 96512, "x": 8965760, "y": 3100283, "region": "uttar_pradesh" }, "geometry": { "type": "Polygon", "coordinates": [ [ [ 453005.055668155313469, 2967306.582548880949616 ], [ 455734.304109054151922, 2967296.710790944285691 ], [ 455724.78173442237312, 2964581.745968274306506 ], [ 452994.946139715320896, 2964591.611495998688042 ], [ 453005.055668155313469, 2967306.582548880949616 ] ] ] } },
{ "type": "Feature", "properties": { "x_idx": 83264, "y_idx": 96512, "x": 8968511, "y": 3100283, "region": "uttar_pradesh" }, "geometry": { "type": "Polygon", "coordinates": [ [ [ 455461.37954438792076, 2967297.671394651290029 ], [ 458190.622503497928847, 2967288.331076043657959 ], [ 458181.628560136305168, 2964573.371541957370937 ], [ 455451.798454759875312, 2964582.705965728964657 ], [ 455461.37954438792076, 2967297.671394651290029 ] ] ] } },
{ "type": "Feature", "properties": { "x_idx": 82688, "y_idx": 95936, "x": 8965760, "y": 3103035, "region": "uttar_pradesh" }, "geometry": { "type": "Polygon", "coordinates": [ [ [ 453014.159717074944638, 2969749.562369528226554 ], [ 455742.879401681711897, 2969739.685011711902916 ], [ 455733.351600127760321, 2967025.240309426095337 ], [ 453004.044427110813558, 2967035.111444726586342 ], [ 453014.159717074944638, 2969749.562369528226554 ] ] ] } },
{ "type": "Feature", "properties": { "x_idx": 84416, "y_idx": 96512, "x": 8974015, "y": 3100283, "region": "uttar_pradesh" }, "geometry": { "type": "Polygon", "coordinates": [ [ [ 460374.012723459454719, 2967281.283967405557632 ], [ 463103.245628740289249, 2967273.006507928017527 ], [ 463095.308529120520689, 2964558.05664549022913 ], [ 460365.488491405150853, 2964566.328880885615945 ], [ 460374.012723459454719, 2967281.283967405557632 ] ] ] } },
{ "type": "Feature", "properties": { "x_idx": 85568, "y_idx": 96512, "x": 8979518, "y": 3100283, "region": "uttar_pradesh" }, "geometry": { "type": "Polygon", "coordinates": [ [ [ 465286.628290839842521, 2967266.80967687163502 ], [ 468015.8523552941042, 2967259.595053001772612 ], [ 468008.97207685559988, 2964544.653654860332608 ], [ 465279.160892129584681, 2964551.863725399598479 ], [ 465286.628290839842521, 2967266.80967687163502 ] ] ] } },
{ "type": "Feature", "properties": { "x_idx": 84992, "y_idx": 96512, "x": 8976766, "y": 3100283, "region": "uttar_pradesh" }, "geometry": { "type": "Polygon", "coordinates": [ [ [ 462830.3225721482886, 2967273.80768274795264 ], [ 465559.550905391690321, 2967266.061643825378269 ], [ 465552.142218994908035, 2964551.116164455190301 ], [ 462822.326759606949054, 2964558.857314670924097 ], [ 462830.3225721482886, 2967273.80768274795264 ] ] ] } },
{ "type": "Feature", "properties": { "x_idx": 85568, "y_idx": 95936, "x": 8979518, "y": 3103035, "region": "uttar_pradesh" }, "geometry": { "type": "Polygon", "coordinates": [ [ [ 465293.352992616419215, 2969709.766935707535595 ], [ 468022.048330963880289, 2969702.548219182994217 ], [ 468015.164131304656621, 2966988.126912489533424 ], [ 465285.881338085979223, 2966995.341081307269633 ], [ 465293.352992616419215, 2969709.766935707535595 ] ] ] } },
{ "type": "Feature", "properties": { "x_idx": 84416, "y_idx": 95936, "x": 8974015, "y": 3103035, "region": "uttar_pradesh" }, "geometry": { "type": "Polygon", "coordinates": [ [ [ 460381.689147398923524, 2969724.249437063932419 ], [ 463110.393315625493415, 2969715.967282042838633 ], [ 463102.451692505739629, 2967001.537521509453654 ], [ 460373.160057244240306, 2967009.814458901062608 ], [ 460381.689147398923524, 2969724.249437063932419 ] ] ] } },
{ "type": "Feature", "properties": { "x_idx": 84992, "y_idx": 95936, "x": 8976766, "y": 3103035, "region": "uttar_pradesh" }, "geometry": { "type": "Polygon", "coordinates": [ [ [ 462837.523132449307013, 2969716.76891134493053 ], [ 465566.222734299895819, 2969709.018478323705494 ], [ 465558.809825542906765, 2966994.593095442280173 ], [ 462829.522762947890442, 2967002.338645795825869 ], [ 462837.523132449307013, 2969716.76891134493053 ] ] ] } },
{ "type": "Feature", "properties": { "x_idx": 85568, "y_idx": 95360, "x": 8979518, "y": 3105786, "region": "uttar_pradesh" }, "geometry": { "type": "Polygon", "coordinates": [ [ [ 465300.081519674044102, 2972152.255822741426528 ], [ 468028.247831164917443, 2972145.033018624410033 ], [ 468021.359715092694387, 2969431.132102792151272 ], [ 465292.605614541447721, 2969438.350364828016609 ], [ 465300.081519674044102, 2972152.255822741426528 ] ] ] } },
{ "type": "Feature", "properties": { "x_idx": 84416, "y_idx": 95360, "x": 8974015, "y": 3105786, "region": "uttar_pradesh" }, "geometry": { "type": "Polygon", "coordinates": [ [ [ 460389.369937970011961, 2972166.746524763759226 ], [ 463117.545068391831592, 2972158.459680007770658 ], [ 463109.598927318234928, 2969444.550320792011917 ], [ 460380.835995671455748, 2969452.831954372115433 ], [ 460389.369937970011961, 2972166.746524763759226 ] ] ] } },
{ "type": "Feature", "properties": { "x_idx": 84992, "y_idx": 95360, "x": 8976766, "y": 3105786, "region": "uttar_pradesh" }, "geometry": { "type": "Polygon", "coordinates": [ [ [ 462844.727788706426509, 2972159.261763229034841 ], [ 465572.898358414124232, 2972151.506941544823349 ], [ 465565.481232473975979, 2969437.601954566314816 ], [ 462836.722867832169868, 2969445.351899623405188 ], [ 462844.727788706426509, 2972159.261763229034841 ] ] ] } },
{ "type": "Feature", "properties": { "x_idx": 86144, "y_idx": 95360, "x": 8982270, "y": 3105786, "region": "uttar_pradesh" }, "geometry": { "type": "Polygon", "coordinates": [ [ [ 467755.43140312290052, 2972145.728698327206075 ], [ 470483.593758893781342, 2972139.037906652782112 ], [ 470477.234647799632512, 2969425.140760874841362 ], [ 467748.484508424764499, 2969431.827345014549792 ], [ 467755.43140312290052, 2972145.728698327206075 ] ] ] } },
{ "type": "Feature", "properties": { "x_idx": 86144, "y_idx": 95936, "x": 8982270, "y": 3103035, "region": "uttar_pradesh" }, "geometry": { "type": "Polygon", "coordinates": [ [ [ 467749.179000488307793, 2969703.24350517988205 ], [ 470477.870378204970621, 2969696.556500026024878 ], [ 470471.514882753952406, 2966982.138968056533486 ], [ 467742.236055622051936, 2966988.821760464459658 ], [ 467749.179000488307793, 2969703.24350517988205 ] ] ] } },
{ "type": "Feature", "properties": { "x_idx": 87296, "y_idx": 95936, "x": 8987773, "y": 3103035, "region": "uttar_pradesh" }, "geometry": { "type": "Polygon", "coordinates": [ [ [ 472660.820549687370658, 2969691.63226126646623 ], [ 475389.504914763441775, 2969686.008664987981319 ], [ 475384.206814562436193, 2966971.597778073046356 ], [ 472654.935009731387254, 2966977.217831525485963 ], [ 472660.820549687370658, 2969691.63226126646623 ] ] ] } },
{ "type": "Feature", "properties": { "x_idx": 87872, "y_idx": 95936, "x": 8990525, "y": 3103035, "region": "uttar_pradesh" }, "geometry": { "type": "Polygon", "coordinates": [ [ [ 475116.636636185052339, 2969686.544439635705203 ], [ 477845.317949250689708, 2969681.452541616279632 ], [ 477840.548540842486545, 2966967.044525033328682 ], [ 475111.279792226094287, 2966972.133215186186135 ], [ 475116.636636185052339, 2969686.544439635705203 ] ] ] } },
{ "type": "Feature", "properties": { "x_idx": 86720, "y_idx": 95936, "x": 8985022, "y": 3103035, "region": "uttar_pradesh" }, "geometry": { "type": "Polygon", "coordinates": [ [ [ 470205.001428649935406, 2969697.198615130502731 ], [ 472933.689148610457778, 2969691.043316599912941 ], [ 472927.862352853640914, 2966976.629257889464498 ], [ 470198.587188516685273, 2966982.780678634066135 ], [ 470205.001428649935406, 2969697.198615130502731 ] ] ] } },
{ "type": "Feature", "properties": { "x_idx": 87296, "y_idx": 95360, "x": 8987773, "y": 3105786, "region": "uttar_pradesh" }, "geometry": { "type": "Polygon", "coordinates": [ [ [ 472666.120716453297064, 2972134.110879531595856 ], [ 475394.276068278471939, 2972128.484098873101175 ], [ 475388.974953973025549, 2969414.593589931260794 ], [ 472660.231828204821795, 2969420.216832146048546 ], [ 472666.120716453297064, 2972134.110879531595856 ] ] ] } },
{ "type": "Feature", "properties": { "x_idx": 87872, "y_idx": 95360, "x": 8990525, "y": 3105786, "region": "uttar_pradesh" }, "geometry": { "type": "Polygon", "coordinates": [ [ [ 475121.460690829320811, 2972129.020176905207336 ], [ 477849.612994428141974, 2972123.925395575352013 ], [ 477844.840872684493661, 2969410.037753415293992 ], [ 475116.10079934715759, 2969415.129330846481025 ], [ 475121.460690829320811, 2972129.020176905207336 ] ] ] } },
{ "type": "Feature", "properties": { "x_idx": 86720, "y_idx": 95360, "x": 8985022, "y": 3105786, "region": "uttar_pradesh" }, "geometry": { "type": "Polygon", "coordinates": [ [ [ 470210.777711299946532, 2972139.680385355371982 ], [ 472938.936413849878591, 2972133.52160137379542 ], [ 472933.106303219508845, 2969419.627924559637904 ], [ 470204.359822104685009, 2969425.782835551537573 ], [ 470210.777711299946532, 2972139.680385355371982 ] ] ] } },
{ "type": "Feature", "properties": { "x_idx": 87872, "y_idx": 94784, "x": 8990525, "y": 3108538, "region": "uttar_pradesh" }, "geometry": { "type": "Polygon", "coordinates": [ [ [ 475126.287484690197743, 2974571.027289524674416 ], [ 477853.910478443023749, 2974565.929628455545753 ], [ 477849.135646694921888, 2971852.562659774906933 ], [ 475120.924549426184967, 2971857.657120914198458 ], [ 475126.287484690197743, 2974571.027289524674416 ] ] ] } },
{ "type": "Feature", "properties": { "x_idx": 86720, "y_idx": 94784, "x": 8985022, "y": 3108538, "region": "uttar_pradesh" }, "geometry": { "type": "Polygon", "coordinates": [ [ [ 470216.55727384990314, 2974581.693523457273841 ], [ 472944.186658609483857, 2974575.531258341856301 ], [ 472938.353237175033428, 2971862.158262481912971 ], [ 470210.135740072524641, 2971868.316659403964877 ], [ 470216.55727384990314, 2974581.693523457273841 ] ] ] } },
{ "type": "Feature", "properties": { "x_idx": 87296, "y_idx": 94784, "x": 8987773, "y": 3108538, "region": "uttar_pradesh" }, "geometry": { "type": "Polygon", "coordinates": [ [ [ 472671.423892777354922, 2974576.120869579259306 ], [ 475399.049930972105358, 2974570.490908483508974 ], [ 475393.745806262595579, 2971857.121076572220773 ], [ 472665.531660347012803, 2971862.747503605671227 ], [ 472671.423892777354922, 2974576.120869579259306 ] ] ] } },
{ "type": "Feature", "properties": { "x_idx": 82112, "y_idx": 95936, "x": 8963008, "y": 3103035, "region": "uttar_pradesh" }, "geometry": { "type": "Polygon", "coordinates": [ [ [ 450558.306506616121624, 2969758.957152089104056 ], [ 453287.031969101924915, 2969748.548046483658254 ], [ 453276.975428369420115, 2967034.097760681994259 ], [ 450547.662469513772521, 2967044.500308807939291 ], [ 450558.306506616121624, 2969758.957152089104056 ] ] ] } },
{ "type": "Feature", "properties": { "x_idx": 81536, "y_idx": 95936, "x": 8960256, "y": 3103035, "region": "uttar_pradesh" }, "geometry": { "type": "Polygon", "coordinates": [ [ [ 448102.44780833600089, 2969768.830514688510448 ], [ 450831.17935157334432, 2969757.889653902966529 ], [ 450820.59406451950781, 2967043.4334831177257 ], [ 448091.275016535248142, 2967054.36745146010071 ], [ 448102.44780833600089, 2969768.830514688510448 ] ] ] } },
{ "type": "Feature", "properties": { "x_idx": 81536, "y_idx": 95360, "x": 8960256, "y": 3105786, "region": "uttar_pradesh" }, "geometry": { "type": "Polygon", "coordinates": [ [ [ 448112.509359025338199, 2972211.352845943532884 ], [ 450840.711830514599569, 2972200.405790058430284 ], [ 450830.120521647273563, 2969486.470053259283304 ], [ 448101.330211218330078, 2969497.410225227009505 ], [ 448112.509359025338199, 2972211.352845943532884 ] ] ] } },
{ "type": "Feature", "properties": { "x_idx": 80960, "y_idx": 95360, "x": 8957504, "y": 3105786, "region": "uttar_pradesh" }, "geometry": { "type": "Polygon", "coordinates": [ [ [ 445657.121072433132213, 2972221.710657202173024 ], [ 448385.329919637879357, 2972210.231537293177098 ], [ 448374.209556157235056, 2969496.289621696807444 ], [ 445645.412861217802856, 2969507.761523137800395 ], [ 445657.121072433132213, 2972221.710657202173024 ] ] ] } },
{ "type": "Feature", "properties": { "x_idx": 82112, "y_idx": 95360, "x": 8963008, "y": 3105786, "region": "uttar_pradesh" }, "geometry": { "type": "Polygon", "coordinates": [ [ [ 450567.891892348532565, 2972201.473892700858414 ], [ 453296.088290626124945, 2972191.05889306915924 ], [ 453286.026028853084426, 2969477.129033974837512 ], [ 450557.241800013463944, 2969487.537484237458557 ], [ 450567.891892348532565, 2972201.473892700858414 ] ] ] } },
{ "type": "Feature", "properties": { "x_idx": 81536, "y_idx": 94784, "x": 8960256, "y": 3108538, "region": "uttar_pradesh" }, "geometry": { "type": "Polygon", "coordinates": [ [ [ 448122.576622706837952, 2974653.406494833994657 ], [ 450850.24972206435632, 2974642.453251523431391 ], [ 450839.652398776786868, 2971929.03824777295813 ], [ 448111.391126697242726, 2971939.984615691937506 ], [ 448122.576622706837952, 2974653.406494833994657 ] ] ] } },
{ "type": "Feature", "properties": { "x_idx": 82112, "y_idx": 94784, "x": 8963008, "y": 3108538, "region": "uttar_pradesh" }, "geometry": { "type": "Polygon", "coordinates": [ [ [ 450577.482720727857668, 2974643.521957872901112 ], [ 453305.149754414102063, 2974633.101071517448872 ], [ 453295.081778624444269, 2971919.691938190720975 ], [ 450566.826580594351981, 2971930.106283290311694 ], [ 450577.482720727857668, 2974643.521957872901112 ] ] ] } },
{ "type": "Feature", "properties": { "x_idx": 81536, "y_idx": 94208, "x": 8960256, "y": 3111290, "region": "uttar_pradesh" }, "geometry": { "type": "Polygon", "coordinates": [ [ [ 448132.649592356465291, 2977094.991192546673119 ], [ 450859.793019568023738, 2977084.031769484747201 ], [ 450849.18968925421359, 2974371.137797482777387 ], [ 448121.457755948649719, 2974382.09035368077457 ], [ 448132.649592356465291, 2977094.991192546673119 ] ] ] } },
{ "type": "Feature", "properties": { "x_idx": 82688, "y_idx": 94208, "x": 8965760, "y": 3111290, "region": "uttar_pradesh" }, "geometry": { "type": "Polygon", "coordinates": [ [ [ 453041.502910362614784, 2977075.690356970764697 ], [ 455768.634523059125058, 2977065.796241081319749 ], [ 455759.090480665094219, 2974352.913695017807186 ], [ 453031.370378214749508, 2974362.801611483562738 ], [ 453041.502910362614784, 2977075.690356970764697 ] ] ] } },
{ "type": "Feature", "properties": { "x_idx": 80960, "y_idx": 94208, "x": 8957504, "y": 3111290, "region": "uttar_pradesh" }, "geometry": { "type": "Polygon", "coordinates": [ [ [ 445678.214460668561514, 2977105.36070524295792 ], [ 448405.364247762830928, 2977093.868617127649486 ], [ 448394.231262396846432, 2974380.968481633812189 ], [ 445666.492960412346292, 2974392.453369164373726 ], [ 445678.214460668561514, 2977105.36070524295792 ] ] ] } },
{ "type": "Feature", "properties": { "x_idx": 83264, "y_idx": 95936, "x": 8968511, "y": 3103035, "region": "uttar_pradesh" }, "geometry": { "type": "Polygon", "coordinates": [ [ [ 455470.007712298771366, 2969740.646160334348679 ], [ 458198.721921904885676, 2969731.300543292891234 ], [ 458189.72285276214825, 2967016.861123057082295 ], [ 455460.421162288228516, 2967026.200852544978261 ], [ 455470.007712298771366, 2969740.646160334348679 ] ] ] } },
{ "type": "Feature", "properties": { "x_idx": 83840, "y_idx": 95936, "x": 8971263, "y": 3103035, "region": "uttar_pradesh" }, "geometry": { "type": "Polygon", "coordinates": [ [ [ 457925.850764877046458, 2969732.208518176805228 ], [ 460654.559802356583532, 2969723.394635275006294 ], [ 460646.089459233393427, 2967008.960195622872561 ], [ 457916.792948011134285, 2967017.768525934312493 ], [ 457925.850764877046458, 2969732.208518176805228 ] ] ] } },
{ "type": "Feature", "properties": { "x_idx": 83840, "y_idx": 95360, "x": 8971263, "y": 3105786, "region": "uttar_pradesh" }, "geometry": { "type": "Polygon", "coordinates": [ [ [ 457934.007695214648265, 2972174.710112656001002 ], [ 460662.187688851961866, 2972165.891238946933299 ], [ 460653.712527003954165, 2969451.977206401526928 ], [ 457924.944725433364511, 2969460.790534387808293 ], [ 457934.007695214648265, 2972174.710112656001002 ] ] ] } },
{ "type": "Feature", "properties": { "x_idx": 82688, "y_idx": 95360, "x": 8965760, "y": 3105786, "region": "uttar_pradesh" }, "geometry": { "type": "Polygon", "coordinates": [ [ [ 453023.26894465519581, 2972192.073790463153273 ], [ 455751.459572218009271, 2972182.190839693881571 ], [ 455741.92635039583547, 2969468.266557209193707 ], [ 453013.147900231298991, 2969478.143293158616871 ], [ 453023.26894465519581, 2972192.073790463153273 ] ] ] } },
{ "type": "Feature", "properties": { "x_idx": 83264, "y_idx": 95360, "x": 8968511, "y": 3105786, "region": "uttar_pradesh" }, "geometry": { "type": "Polygon", "coordinates": [ [ [ 455478.640788193384651, 2972183.152532558422536 ], [ 458206.825947544188239, 2972173.801623637787998 ], [ 458197.821758905192837, 2969459.88261666893959 ], [ 455469.048784495564178, 2969469.227645319420844 ], [ 455478.640788193384651, 2972183.152532558422536 ] ] ] } },
{ "type": "Feature", "properties": { "x_idx": 83264, "y_idx": 94784, "x": 8968511, "y": 3108538, "region": "uttar_pradesh" }, "geometry": { "type": "Polygon", "coordinates": [ [ [ 455487.278766045637894, 2974625.19024218712002 ], [ 458214.934574759099633, 2974615.834047941491008 ], [ 458205.925272909167688, 2971902.435753298923373 ], [ 455477.681315356225241, 2971911.786074556875974 ], [ 455487.278766045637894, 2974625.19024218712002 ] ] ] } },
{ "type": "Feature", "properties": { "x_idx": 83840, "y_idx": 94784, "x": 8971263, "y": 3108538, "region": "uttar_pradesh" }, "geometry": { "type": "Polygon", "coordinates": [ [ [ 457942.169257165980525, 2974616.743050457444042 ], [ 460669.819906579388771, 2974607.919192123692483 ], [ 460661.339931922615506, 2971894.52586574293673 ], [ 457933.10114079574123, 2971903.344185222871602 ], [ 457942.169257165980525, 2974616.743050457444042 ] ] ] } },
{ "type": "Feature", "properties": { "x_idx": 82688, "y_idx": 94784, "x": 8965760, "y": 3108538, "region": "uttar_pradesh" }, "geometry": { "type": "Polygon", "coordinates": [ [ [ 453032.3833445374039, 2974634.116542547941208 ], [ 455760.044614673708566, 2974624.228005755227059 ], [ 455750.505979238019791, 2971910.824442130979151 ], [ 453022.256552718754392, 2971920.706771801691502 ], [ 453032.3833445374039, 2974634.116542547941208 ] ] ] } },
{ "type": "Feature", "properties": { "x_idx": 83840, "y_idx": 94208, "x": 8971263, "y": 3111290, "region": "uttar_pradesh" }, "geometry": { "type": "Polygon", "coordinates": [ [ [ 457950.335445036820602, 2977058.307062768843025 ], [ 460677.456450214085635, 2977049.478225992061198 ], [ 460668.971668665006291, 2974336.605904475320131 ], [ 457941.262188404565677, 2974345.42920926772058 ], [ 457950.335445036820602, 2977058.307062768843025 ] ] ] } },
{ "type": "Feature", "properties": { "x_idx": 83264, "y_idx": 94208, "x": 8968511, "y": 3111290, "region": "uttar_pradesh" }, "geometry": { "type": "Polygon", "coordinates": [ [ [ 455495.921639828942716, 2977066.759020406752825 ], [ 458223.04779789224267, 2977057.397547392174602 ], [ 458214.033389117219485, 2974344.520263775717467 ], [ 455486.318748844147194, 2974353.875871086493134 ], [ 455495.921639828942716, 2977066.759020406752825 ] ] ] } },
{ "type": "Feature", "properties": { "x_idx": 86144, "y_idx": 94784, "x": 8982270, "y": 3108538, "region": "uttar_pradesh" }, "geometry": { "type": "Polygon", "coordinates": [ [ [ 467761.68735599948559, 2974587.74525511264801 ], [ 470489.320389444532339, 2974581.050681606400758 ], [ 470482.9576671460527, 2971867.674221079330891 ], [ 467754.736516318633221, 2971874.364592261146754 ], [ 467761.68735599948559, 2974587.74525511264801 ] ] ] } },
{ "type": "Feature", "properties": { "x_idx": 84992, "y_idx": 94784, "x": 8976766, "y": 3108538, "region": "uttar_pradesh" }, "geometry": { "type": "Polygon", "coordinates": [ [ [ 462851.936535890679806, 2974601.285969264805317 ], [ 465579.577773074735887, 2974593.526764352805912 ], [ 465572.156435128767043, 2971880.142472336534411 ], [ 462843.927069231402129, 2971887.896806661039591 ], [ 462851.936535890679806, 2974601.285969264805317 ] ] ] } },
{ "type": "Feature", "properties": { "x_idx": 85568, "y_idx": 94784, "x": 8979518, "y": 3108538, "region": "uttar_pradesh" }, "geometry": { "type": "Polygon", "coordinates": [ [ [ 465306.81386731605744, 2974594.276068836916238 ], [ 468034.450851569999941, 2974587.049182191491127 ], [ 468027.558823892904911, 2971873.668956279288977 ], [ 465299.333716799796093, 2971880.891306468751281 ], [ 465306.81386731605744, 2974594.276068836916238 ] ] ] } },
{ "type": "Feature", "properties": { "x_idx": 84416, "y_idx": 94784, "x": 8974015, "y": 3108538, "region": "uttar_pradesh" }, "geometry": { "type": "Polygon", "coordinates": [ [ [ 460397.055089811387006, 2974608.774961367249489 ], [ 463124.700882047240157, 2974600.483432685025036 ], [ 463116.750228566525038, 2971887.094773846678436 ], [ 460388.516301326046232, 2971895.381097807083279 ], [ 460397.055089811387006, 2974608.774961367249489 ] ] ] } },
{ "type": "Feature", "properties": { "x_idx": 86144, "y_idx": 94208, "x": 8982270, "y": 3111290, "region": "uttar_pradesh" }, "geometry": { "type": "Polygon", "coordinates": [ [ [ 467767.946854753419757, 2977029.292906723916531 ], [ 470495.050265861849766, 2977022.594556077383459 ], [ 470488.683936798304785, 2974309.739079497754574 ], [ 467760.992074939422309, 2974316.433233032468706 ], [ 467767.946854753419757, 2977029.292906723916531 ] ] ] } },
{ "type": "Feature", "properties": { "x_idx": 85568, "y_idx": 94208, "x": 8979518, "y": 3111290, "region": "uttar_pradesh" }, "geometry": { "type": "Polygon", "coordinates": [ [ [ 465313.550030845450237, 2977035.827405184973031 ], [ 468040.657387851329986, 2977028.596441072877496 ], [ 468033.761453377839644, 2974315.737203778233379 ], [ 465306.065640164364595, 2974322.963637060020119 ], [ 465313.550030845450237, 2977035.827405184973031 ] ] ] } },
{ "type": "Feature", "properties": { "x_idx": 84416, "y_idx": 94208, "x": 8974015, "y": 3111290, "region": "uttar_pradesh" }, "geometry": { "type": "Polygon", "coordinates": [ [ [ 460404.744597561191767, 2977050.33447806397453 ], [ 463131.860751599189825, 2977042.038271265104413 ], [ 463123.905591258546337, 2974329.170611502602696 ], [ 460396.200968846562319, 2974337.461620034649968 ], [ 460404.744597561191767, 2977050.33447806397453 ] ] ] } },
{ "type": "Feature", "properties": { "x_idx": 84992, "y_idx": 94208, "x": 8976766, "y": 3111290, "region": "uttar_pradesh" }, "geometry": { "type": "Polygon", "coordinates": [ [ [ 462859.149368972633965, 2977042.841260640416294 ], [ 465586.260973621567246, 2977035.077677937690169 ], [ 465578.835428847640287, 2974322.214379581622779 ], [ 462851.135362116561737, 2974329.973097736481577 ], [ 462859.149368972633965, 2977042.841260640416294 ] ] ] } },
{ "type": "Feature", "properties": { "x_idx": 85568, "y_idx": 93632, "x": 8979518, "y": 3114042, "region": "uttar_pradesh" }, "geometry": { "type": "Polygon", "coordinates": [ [ [ 465320.290005564806052, 2979476.909563294611871 ], [ 468046.867435680818744, 2979469.674526780843735 ], [ 468039.967599219991826, 2976757.336576445959508 ], [ 465312.801379938260652, 2976764.567087756004184 ], [ 465320.290005564806052, 2979476.909563294611871 ] ] ] } },
{ "type": "Feature", "properties": { "x_idx": 84992, "y_idx": 93632, "x": 8976766, "y": 3114042, "region": "uttar_pradesh" }, "geometry": { "type": "Polygon", "coordinates": [ [ [ 462866.366282922506798, 2979483.927368866279721 ], [ 465592.947955394163728, 2979476.159413809422404 ], [ 465585.518208970606793, 2976763.817407456226647 ], [ 462858.347741458332166, 2976771.580504006240517 ], [ 462866.366282922506798, 2979483.927368866279721 ] ] ] } },
{ "type": "Feature", "properties": { "x_idx": 86720, "y_idx": 94208, "x": 8985022, "y": 3111290, "region": "uttar_pradesh" }, "geometry": { "type": "Polygon", "coordinates": [ [ [ 470222.340112267469522, 2977023.237760625779629 ], [ 472949.439879226323683, 2977017.072018695063889 ], [ 472943.603151057730429, 2974304.220002485439181 ], [ 470215.914938388217706, 2974310.381881021428853 ], [ 470222.340112267469522, 2977023.237760625779629 ] ] ] } },
{ "type": "Feature", "properties": { "x_idx": 87872, "y_idx": 94208, "x": 8990525, "y": 3111290, "region": "uttar_pradesh" }, "geometry": { "type": "Polygon", "coordinates": [ [ [ 475131.117014400137123, 2977012.565508684143424 ], [ 477858.210398297058418, 2977007.464971446897835 ], [ 477853.432859875960276, 2974294.618974943179637 ], [ 475125.75103909597965, 2974299.716316218022257 ], [ 475131.117014400137123, 2977012.565508684143424 ] ] ] } },
{ "type": "Feature", "properties": { "x_idx": 87296, "y_idx": 94208, "x": 8987773, "y": 3111290, "region": "uttar_pradesh" }, "geometry": { "type": "Polygon", "coordinates": [ [ [ 472676.730074959574267, 2977017.661962597165257 ], [ 475403.826499513816088, 2977012.028825009707361 ], [ 475398.519368100853171, 2974299.179968826007098 ], [ 472670.834502458455972, 2974304.809576734434813 ], [ 472676.730074959574267, 2977017.661962597165257 ] ] ] } },
{ "type": "Feature", "properties": { "x_idx": 87296, "y_idx": 93632, "x": 8987773, "y": 3114042, "region": "uttar_pradesh" }, "geometry": { "type": "Polygon", "coordinates": [ [ [ 472682.039259299926925, 2979458.733890098519623 ], [ 475408.605770572787151, 2979453.097579964436591 ], [ 475403.295636157330591, 2976740.76999784912914 ], [ 472676.140350839181338, 2976746.402782687917352 ], [ 472682.039259299926925, 2979458.733890098519623 ] ] ] } },
{ "type": "Feature", "properties": { "x_idx": 86720, "y_idx": 93632, "x": 8985022, "y": 3114042, "region": "uttar_pradesh" }, "geometry": { "type": "Polygon", "coordinates": [ [ [ 470228.126222520135343, 2979464.3128283736296 ], [ 472954.696072037040722, 2979458.143613944295794 ], [ 472948.856041204649955, 2976745.812875727657229 ], [ 470221.697413019661326, 2976751.978231559041888 ], [ 470228.126222520135343, 2979464.3128283736296 ] ] ] } },
{ "type": "Feature", "properties": { "x_idx": 87872, "y_idx": 93632, "x": 8990525, "y": 3114042, "region": "uttar_pradesh" }, "geometry": { "type": "Polygon", "coordinates": [ [ [ 475135.949276591360103, 2979453.634565895888954 ], [ 477862.512750991852954, 2979448.531156062614173 ], [ 477857.732509229274001, 2976736.206430077087134 ], [ 475130.580264988995623, 2976741.306647915858775 ], [ 475135.949276591360103, 2979453.634565895888954 ] ] ] } },
{ "type": "Feature", "properties": { "x_idx": 86144, "y_idx": 93632, "x": 8982270, "y": 3114042, "region": "uttar_pradesh" }, "geometry": { "type": "Polygon", "coordinates": [ [ [ 467774.20989501971053, 2979470.371384674217552 ], [ 470500.783384150068741, 2979463.669261577539146 ], [ 470494.413452761073131, 2976751.335067288484424 ], [ 467767.251179922488518, 2976758.032998484093696 ], [ 467774.20989501971053, 2979470.371384674217552 ] ] ] } },
{ "type": "Feature", "properties": { "x_idx": 87872, "y_idx": 93056, "x": 8990525, "y": 3116793, "region": "uttar_pradesh" }, "geometry": { "type": "Polygon", "coordinates": [ [ [ 475140.78426789585501, 2981894.234192994888872 ], [ 477866.817533528606873, 2981889.127914138138294 ], [ 477862.034591756470036, 2979177.324756649788469 ], [ 475135.412223737512249, 2979182.427847481798381 ], [ 475140.78426789585501, 2981894.234192994888872 ] ] ] } },
{ "type": "Feature", "properties": { "x_idx": 86720, "y_idx": 93056, "x": 8985022, "y": 3116793, "region": "uttar_pradesh" }, "geometry": { "type": "Polygon", "coordinates": [ [ [ 470233.915600574924611, 2981904.918458534870297 ], [ 472959.955233378219418, 2981898.745775924995542 ], [ 472954.111903952551074, 2979186.936613682191819 ], [ 470227.483159934228752, 2979193.105442491360009 ], [ 470233.915600574924611, 2981904.918458534870297 ] ] ] } },
{ "type": "Feature", "properties": { "x_idx": 87296, "y_idx": 93056, "x": 8987773, "y": 3116793, "region": "uttar_pradesh" }, "geometry": { "type": "Polygon", "coordinates": [ [ [ 472687.351442097744439, 2981899.336383918765932 ], [ 475413.387740817794111, 2981893.696905182674527 ], [ 475408.074607101036236, 2979181.890895115677267 ], [ 472681.449201789102517, 2979187.52685294020921 ], [ 472687.351442097744439, 2981899.336383918765932 ] ] ] } },
{ "type": "Feature", "properties": { "x_idx": 80384, "y_idx": 97664, "x": 8954753, "y": 3094780, "region": "uttar_pradesh" }, "geometry": { "type": "Polygon", "coordinates": [ [ [ 443157.708749825542327, 2962459.600541728083044 ], [ 445888.038821065798402, 2962447.6165891578421 ], [ 445876.415937306475826, 2959731.588192962110043 ], [ 443145.499348357785493, 2959743.564555098768324 ], [ 443157.708749825542327, 2962459.600541728083044 ] ] ] } },
{ "type": "Feature", "properties": { "x_idx": 80384, "y_idx": 97088, "x": 8954753, "y": 3097531, "region": "uttar_pradesh" }, "geometry": { "type": "Polygon", "coordinates": [ [ [ 443168.703845015494153, 2964903.539342713542283 ], [ 445898.505731671408284, 2964891.548567638732493 ], [ 445886.876200159196742, 2962176.039721771143377 ], [ 443156.487460369709879, 2962188.022915765177459 ], [ 443168.703845015494153, 2964903.539342713542283 ] ] ] } },
{ "type": "Feature", "properties": { "x_idx": 80960, "y_idx": 96512, "x": 8957504, "y": 3100283, "region": "uttar_pradesh" }, "geometry": { "type": "Polygon", "coordinates": [ [ [ 445636.051617548801005, 2967336.185850985813886 ], [ 448365.318323327286635, 2967324.719731471966952 ], [ 448354.210612782509997, 2964609.737232015002519 ], [ 445624.356728066632058, 2964621.196115181781352 ], [ 445636.051617548801005, 2967336.185850985813886 ] ] ] } },
{ "type": "Feature", "properties": { "x_idx": 80384, "y_idx": 96512, "x": 8954753, "y": 3100283, "region": "uttar_pradesh" }, "geometry": { "type": "Polygon", "coordinates": [ [ [ 443179.70521695248317, 2967347.010254860855639 ], [ 445908.978617531189229, 2967335.012665699236095 ], [ 445897.342446396010928, 2964620.023670298047364 ], [ 443167.48185766878305, 2964632.013687732629478 ], [ 443179.70521695248317, 2967347.010254860855639 ] ] ] } },
{ "type": "Feature", "properties": { "x_idx": 81536, "y_idx": 97664, "x": 8960256, "y": 3094780, "region": "uttar_pradesh" }, "geometry": { "type": "Polygon", "coordinates": [ [ [ 448072.297504451300483, 2962438.454119727946818 ], [ 450802.614456937881187, 2962427.531890279147774 ], [ 450792.047279678052291, 2959711.516215479467064 ], [ 448061.143827484920621, 2959722.431526911910623 ], [ 448072.297504451300483, 2962438.454119727946818 ] ] ] } },
{ "type": "Feature", "properties": { "x_idx": 80960, "y_idx": 97664, "x": 8957504, "y": 3094780, "region": "uttar_pradesh" }, "geometry": { "type": "Polygon", "coordinates": [ [ [ 445615.006154859380331, 2962448.788440986536443 ], [ 448345.32951472006971, 2962437.335354048758745 ], [ 448334.234488156624138, 2959721.313469844870269 ], [ 445603.324619797058403, 2959732.759302557446063 ], [ 445615.006154859380331, 2962448.788440986536443 ] ] ] } },
{ "type": "Feature", "properties": { "x_idx": 82112, "y_idx": 97664, "x": 8963008, "y": 3094780, "region": "uttar_pradesh" }, "geometry": { "type": "Polygon", "coordinates": [ [ [ 450529.5830722063547, 2962428.597570604644716 ], [ 453259.893921325041447, 2962418.206190875731409 ], [ 453249.854585852124728, 2959702.196422895416617 ], [ 450518.95724540197989, 2959712.581220813561231 ], [ 450529.5830722063547, 2962428.597570604644716 ] ] ] } },
{ "type": "Feature", "properties": { "x_idx": 80960, "y_idx": 97088, "x": 8957504, "y": 3097531, "region": "uttar_pradesh" }, "geometry": { "type": "Polygon", "coordinates": [ [ [ 445625.525883502385113, 2964892.721086608245969 ], [ 448355.321067068027332, 2964881.261479359585792 ], [ 448344.219694633618928, 2962165.759137460030615 ], [ 445613.837667144660372, 2962177.211499422322959 ], [ 445625.525883502385113, 2964892.721086608245969 ] ] ] } },
{ "type": "Feature", "properties": { "x_idx": 82688, "y_idx": 97088, "x": 8965760, "y": 3097531, "region": "uttar_pradesh" }, "geometry": { "type": "Polygon", "coordinates": [ [ [ 452995.956804254208691, 2964863.13459797995165 ], [ 455725.733700323849916, 2964853.268446849659085 ], [ 455716.216759267903399, 2962137.78380357241258 ], [ 452985.853044402203523, 2962147.643716794904321 ], [ 452995.956804254208691, 2964863.13459797995165 ] ] ] } },
{ "type": "Feature", "properties": { "x_idx": 82112, "y_idx": 97088, "x": 8963008, "y": 3097531, "region": "uttar_pradesh" }, "geometry": { "type": "Polygon", "coordinates": [ [ [ 450539.152089854935184, 2964872.518721421249211 ], [ 453268.93477813055506, 2964862.121425766963512 ], [ 453258.88970054872334, 2962146.631185162812471 ], [ 450528.520185518544167, 2962157.021907115820795 ], [ 450539.152089854935184, 2964872.518721421249211 ] ] ] } },
{ "type": "Feature", "properties": { "x_idx": 81536, "y_idx": 97088, "x": 8960256, "y": 3097531, "region": "uttar_pradesh" }, "geometry": { "type": "Polygon", "coordinates": [ [ [ 448082.341874026460573, 2964882.380881960969418 ], [ 450812.130658131849486, 2964871.452434393577278 ], [ 450801.557436882401817, 2962155.956294248346239 ], [ 448071.181817646778654, 2962166.877832322381437 ], [ 448082.341874026460573, 2964882.380881960969418 ] ] ] } },
{ "type": "Feature", "properties": { "x_idx": 82112, "y_idx": 96512, "x": 8963008, "y": 3100283, "region": "uttar_pradesh" }, "geometry": { "type": "Polygon", "coordinates": [ [ [ 450548.726570221420843, 2967315.972005176357925 ], [ 453277.980796163028572, 2967305.568800897337496 ], [ 453267.929983494512271, 2964590.598387805279344 ], [ 450538.088595785549842, 2964600.995026494376361 ], [ 450548.726570221420843, 2967315.972005176357925 ] ] ] } },
{ "type": "Feature", "properties": { "x_idx": 81536, "y_idx": 96512, "x": 8960256, "y": 3100283, "region": "uttar_pradesh" }, "geometry": { "type": "Polygon", "coordinates": [ [ [ 448092.391977662104182, 2967325.839770207647234 ], [ 450821.652291894657537, 2967314.90511219529435 ], [ 450811.073034046974499, 2964599.928806841373444 ], [ 448081.225549670692999, 2964610.856563885230571 ], [ 448092.391977662104182, 2967325.839770207647234 ] ] ] } },
{ "type": "Feature", "properties": { "x_idx": 80960, "y_idx": 95936, "x": 8957504, "y": 3103035, "region": "uttar_pradesh" }, "geometry": { "type": "Polygon", "coordinates": [ [ [ 445646.583349644090049, 2969779.182464336976409 ], [ 448375.321276512462646, 2969767.709840602241457 ], [ 448364.207235618785489, 2967053.247483366169035 ], [ 445634.881795209192205, 2967064.712879693135619 ], [ 445646.583349644090049, 2969779.182464336976409 ] ] ] } },
{ "type": "Feature", "properties": { "x_idx": 80384, "y_idx": 95936, "x": 8954753, "y": 3103035, "region": "uttar_pradesh" }, "geometry": { "type": "Polygon", "coordinates": [ [ [ 443190.712857949431054, 2969790.013008385896683 ], [ 445919.457471327623352, 2969778.008613555692136 ], [ 445907.814668700040784, 2967063.539768400602043 ], [ 443178.48253256897442, 2967075.536600857973099 ], [ 443190.712857949431054, 2969790.013008385896683 ] ] ] } },
{ "type": "Feature", "properties": { "x_idx": 80384, "y_idx": 95360, "x": 8954753, "y": 3105786, "region": "uttar_pradesh" }, "geometry": { "type": "Polygon", "coordinates": [ [ [ 443201.726760318968445, 2972232.5473338291049 ], [ 445929.942285742261447, 2972220.536141749937087 ], [ 445918.292859753710218, 2969506.587746258825064 ], [ 443189.48947738338029, 2969518.591385319828987 ], [ 443201.726760318968445, 2972232.5473338291049 ] ] ] } },
{ "type": "Feature", "properties": { "x_idx": 80960, "y_idx": 94784, "x": 8957504, "y": 3108538, "region": "uttar_pradesh" }, "geometry": { "type": "Polygon", "coordinates": [ [ [ 445667.664778560050763, 2974663.770160442683846 ], [ 448395.344245716987643, 2974652.284552406519651 ], [ 448384.217567412008066, 2971938.86337751056999 ], [ 445655.949918737402186, 2971950.341776019427925 ], [ 445667.664778560050763, 2974663.770160442683846 ] ] ] } },
{ "type": "Feature", "properties": { "x_idx": 80384, "y_idx": 94784, "x": 8954753, "y": 3108538, "region": "uttar_pradesh" }, "geometry": { "type": "Polygon", "coordinates": [ [ [ 443212.74691637273645, 2974674.612962050363421 ], [ 445940.433053456479684, 2974662.594981141854078 ], [ 445928.777012238919269, 2971949.167334378231317 ], [ 443200.502684424514882, 2971961.177771624177694 ], [ 443212.74691637273645, 2974674.612962050363421 ] ] ] } },
{ "type": "Feature", "properties": { "x_idx": 80384, "y_idx": 94208, "x": 8954753, "y": 3111290, "region": "uttar_pradesh" }, "geometry": { "type": "Polygon", "coordinates": [ [ [ 443223.773318421910517, 2977116.209624235052615 ], [ 445950.929767150664702, 2977104.18486291822046 ], [ 445939.267118836811278, 2974391.278263584244996 ], [ 443211.52214600413572, 2974403.295490594115108 ], [ 443223.773318421910517, 2977116.209624235052615 ] ] ] } },
{ "type": "Feature", "properties": { "x_idx": 80384, "y_idx": 93632, "x": 8954753, "y": 3114042, "region": "uttar_pradesh" }, "geometry": { "type": "Polygon", "coordinates": [ [ [ 443234.8059587769676, 2979557.33705188985914 ], [ 445961.432419504853897, 2979545.305518585257232 ], [ 445949.763172228063922, 2976832.920265027787536 ], [ 443222.547854433534667, 2976844.944273381959647 ], [ 443234.8059587769676, 2979557.33705188985914 ] ] ] } },
{ "type": "Feature", "properties": { "x_idx": 80384, "y_idx": 93056, "x": 8954753, "y": 3116793, "region": "uttar_pradesh" }, "geometry": { "type": "Polygon", "coordinates": [ [ [ 443245.844829747860786, 2981997.994976844638586 ], [ 445971.941003198327962, 2981985.956679974682629 ], [ 445960.265165092598181, 2979274.093070178292692 ], [ 443233.579802023246884, 2979286.12385145528242 ], [ 443245.844829747860786, 2981997.994976844638586 ] ] ] } },
{ "type": "Feature", "properties": { "x_idx": 90752, "y_idx": 94208, "x": 9004284, "y": 3111290, "region": "uttar_pradesh" }, "geometry": { "type": "Polygon", "coordinates": [ [ [ 487403.015867841430008, 2976994.273286285344511 ], [ 490130.098574633593671, 2976991.835704107768834 ], [ 490127.968957860721275, 2974278.999500842299312 ], [ 487400.297828951501288, 2974281.435555635951459 ], [ 487403.015867841430008, 2976994.273286285344511 ] ] ] } },
{ "type": "Feature", "properties": { "x_idx": 91328, "y_idx": 93632, "x": 9007036, "y": 3114042, "region": "uttar_pradesh" }, "geometry": { "type": "Polygon", "coordinates": [ [ [ 489859.361160166503396, 2979433.110337622929364 ], [ 492585.91274209797848, 2979431.204266868531704 ], [ 492584.311798242619261, 2976718.890378262382001 ], [ 489857.171462939702906, 2976720.795256831217557 ], [ 489859.361160166503396, 2979433.110337622929364 ] ] ] } },
{ "type": "Feature", "properties": { "x_idx": 90176, "y_idx": 93632, "x": 9001532, "y": 3114042, "region": "uttar_pradesh" }, "geometry": { "type": "Polygon", "coordinates": [ [ [ 484951.564575551834423, 2979438.033342631999403 ], [ 487678.118916160427034, 2979435.061501615215093 ], [ 487675.458214881538879, 2976722.745200432837009 ], [ 484948.315117081394419, 2976725.715182662475854 ], [ 484951.564575551834423, 2979438.033342631999403 ] ] ] } },
{ "type": "Feature", "properties": { "x_idx": 90752, "y_idx": 93632, "x": 9004284, "y": 3114042, "region": "uttar_pradesh" }, "geometry": { "type": "Polygon", "coordinates": [ [ [ 487405.463563904108014, 2979435.332041383255273 ], [ 490132.016374490165617, 2979432.893086362164468 ], [ 490129.885552678199019, 2976720.578141453210264 ], [ 487402.743987019348424, 2976723.015570987481624 ], [ 487405.463563904108014, 2979435.332041383255273 ] ] ] } },
{ "type": "Feature", "properties": { "x_idx": 90752, "y_idx": 93056, "x": 9004284, "y": 3116793, "region": "uttar_pradesh" }, "geometry": { "type": "Polygon", "coordinates": [ [ [ 487407.912642361305188, 2981875.921379179228097 ], [ 490133.935257470875513, 2981873.48105302080512 ], [ 490131.803232105157804, 2979161.687664448749274 ], [ 487405.191529377363622, 2979164.126467015594244 ], [ 487407.912642361305188, 2981875.921379179228097 ] ] ] } },
{ "type": "Feature", "properties": { "x_idx": 91328, "y_idx": 93056, "x": 9007036, "y": 3116793, "region": "uttar_pradesh" }, "geometry": { "type": "Polygon", "coordinates": [ [ [ 489861.333062611753121, 2981873.698426417540759 ], [ 492587.354450598126277, 2981871.79128410294652 ], [ 492585.752602479653433, 2979159.99895051959902 ], [ 489859.142128576582763, 2979161.904902130365372 ], [ 489861.333062611753121, 2981873.698426417540759 ] ] ] } },
{ "type": "Feature", "properties": { "x_idx": 90176, "y_idx": 93056, "x": 9001532, "y": 3116793, "region": "uttar_pradesh" }, "geometry": { "type": "Polygon", "coordinates": [ [ [ 484954.490831756091211, 2981878.624199049547315 ], [ 487680.514974981197156, 2981875.65068731829524 ], [ 487677.852770857687574, 2979163.855944158509374 ], [ 484951.239537895424291, 2979166.827599412295967 ], [ 484954.490831756091211, 2981878.624199049547315 ] ] ] } },
{ "type": "Feature", "properties": { "x_idx": 91328, "y_idx": 92480, "x": 9007036, "y": 3119545, "region": "uttar_pradesh" }, "geometry": { "type": "Polygon", "coordinates": [ [ [ 489863.306076734443195, 2984313.81683162227273 ], [ 492588.796971874893643, 2984311.908619082998484 ], [ 492587.194220609264448, 2981600.638138144277036 ], [ 489861.113907417282462, 2981602.545161462388933 ], [ 489863.306076734443195, 2984313.81683162227273 ] ] ] } },
{ "type": "Feature", "properties": { "x_idx": 90752, "y_idx": 92480, "x": 9004284, "y": 3119545, "region": "uttar_pradesh" }, "geometry": { "type": "Polygon", "coordinates": [ [ [ 487410.363101506896783, 2984316.041031830944121 ], [ 490135.855222239042632, 2984313.599336243700236 ], [ 490133.72199480474228, 2981602.327801629435271 ], [ 487407.640454319363926, 2981604.767975522670895 ], [ 487410.363101506896783, 2984316.041031830944121 ] ] ] } },
{ "type": "Feature", "properties": { "x_idx": 90176, "y_idx": 92480, "x": 9001532, "y": 3119545, "region": "uttar_pradesh" }, "geometry": { "type": "Polygon", "coordinates": [ [ [ 484957.41873765969649, 2984318.745368431322277 ], [ 487682.912384600262158, 2984315.770188066642731 ], [ 487680.24867948674364, 2981604.49730055173859 ], [ 484954.165610673895571, 2981607.470626750960946 ], [ 484957.41873765969649, 2984318.745368431322277 ] ] ] } },
{ "type": "Feature", "properties": { "x_idx": 88448, "y_idx": 94208, "x": 8993277, "y": 3111290, "region": "uttar_pradesh" }, "geometry": { "type": "Polygon", "coordinates": [ [ [ 477585.501202161831316, 2977007.948395273648202 ], [ 480312.591847148432862, 2977003.380454770289361 ], [ 480308.343898330931552, 2974290.537017602939159 ], [ 477580.664820249134209, 2974295.102095859590918 ], [ 477585.501202161831316, 2977007.948395273648202 ] ] ] } },
{ "type": "Feature", "properties": { "x_idx": 89600, "y_idx": 94208, "x": 8998780, "y": 3111290, "region": "uttar_pradesh" }, "geometry": { "type": "Polygon", "coordinates": [ [ [ 482494.262408934300765, 2977000.152177206706256 ], [ 485221.348481332766823, 2976996.649420832749456 ], [ 485218.159703060402535, 2974283.810201303567737 ], [ 482490.485203890420962, 2974287.310762863140553 ], [ 482494.262408934300765, 2977000.152177206706256 ] ] ] } },
{ "type": "Feature", "properties": { "x_idx": 90176, "y_idx": 94208, "x": 9001532, "y": 3111290, "region": "uttar_pradesh" }, "geometry": { "type": "Polygon", "coordinates": [ [ [ 484948.639971085533034, 2976996.973067022394389 ], [ 487675.724209807114676, 2976994.00289879925549 ], [ 487673.065013227402233, 2974281.165337573736906 ], [ 484945.392350270180032, 2974284.133644697722048 ], [ 484948.639971085533034, 2976996.973067022394389 ] ] ] } },
{ "type": "Feature", "properties": { "x_idx": 89600, "y_idx": 93632, "x": 8998780, "y": 3114042, "region": "uttar_pradesh" }, "geometry": { "type": "Polygon", "coordinates": [ [ [ 482497.663923877174966, 2979441.214243283960968 ], [ 485224.220095880213194, 2979437.709514165762812 ], [ 485221.029513248417061, 2976725.391556739341468 ], [ 482493.884581517777406, 2976728.894093767739832 ], [ 482497.663923877174966, 2979441.214243283960968 ] ] ] } },
{ "type": "Feature", "properties": { "x_idx": 89024, "y_idx": 93632, "x": 8996029, "y": 3114042, "region": "uttar_pradesh" }, "geometry": { "type": "Polygon", "coordinates": [ [ [ 480043.761337647621986, 2979444.874745592474937 ], [ 482770.319642413407564, 2979440.83712588949129 ], [ 482766.599176167044789, 2976728.517212247475982 ], [ 480039.452108720317483, 2976732.552306559402496 ], [ 480043.761337647621986, 2979444.874745592474937 ] ] ] } },
{ "type": "Feature", "properties": { "x_idx": 88448, "y_idx": 93632, "x": 8993277, "y": 3114042, "region": "uttar_pradesh" }, "geometry": { "type": "Polygon", "coordinates": [ [ [ 477589.856545629154425, 2979449.014852151274681 ], [ 480316.417284528608434, 2979444.444339002948254 ], [ 480312.16693203052273, 2976732.122169175185263 ], [ 477585.017427079379559, 2976736.689823631197214 ], [ 477589.856545629154425, 2979449.014852151274681 ] ] ] } },
{ "type": "Feature", "properties": { "x_idx": 89600, "y_idx": 93056, "x": 8998780, "y": 3116793, "region": "uttar_pradesh" }, "geometry": { "type": "Polygon", "coordinates": [ [ [ 482501.067359901615418, 2981881.806887941434979 ], [ 485227.093332238611765, 2981878.30018853303045 ], [ 485223.900947471149266, 2979166.503791187424213 ], [ 482497.285882860829588, 2979170.008301232941449 ], [ 482501.067359901615418, 2981881.806887941434979 ] ] ] } },
{ "type": "Feature", "properties": { "x_idx": 89024, "y_idx": 93056, "x": 8996029, "y": 3116793, "region": "uttar_pradesh" }, "geometry": { "type": "Polygon", "coordinates": [ [ [ 480047.641955903440248, 2981885.469448110554367 ], [ 482773.67005834489828, 2981881.429558539297432 ], [ 482769.947490671765991, 2979169.631207411643118 ], [ 480043.330293003411498, 2979173.668574732262641 ], [ 480047.641955903440248, 2981885.469448110554367 ] ] ] } },
{ "type": "Feature", "properties": { "x_idx": 88448, "y_idx": 93056, "x": 8993277, "y": 3116793, "region": "uttar_pradesh" }, "geometry": { "type": "Polygon", "coordinates": [ [ [ 477594.214348865614738, 2981889.611882150638849 ], [ 480320.244882406841498, 2981885.038799555506557 ], [ 480315.992129190766718, 2979173.238195046782494 ], [ 477589.372497051663231, 2979177.808422503992915 ], [ 477594.214348865614738, 2981889.611882150638849 ] ] ] } },
{ "type": "Feature", "properties": { "x_idx": 89024, "y_idx": 92480, "x": 8996029, "y": 3119545, "region": "uttar_pradesh" }, "geometry": { "type": "Polygon", "coordinates": [ [ [ 480051.524761880980805, 2984325.59445880446583 ], [ 482777.02236309676664, 2984321.552302191499621 ], [ 482773.297696590307169, 2981610.275811200961471 ], [ 480047.210668012150563, 2981614.315448703244328 ], [ 480051.524761880980805, 2984325.59445880446583 ] ] ] } },
{ "type": "Feature", "properties": { "x_idx": 89600, "y_idx": 92480, "x": 8998780, "y": 3119545, "region": "uttar_pradesh" }, "geometry": { "type": "Polygon", "coordinates": [ [ [ 482504.472714636533055, 2984321.92984333820641 ], [ 485229.968188406201079, 2984318.421176091302186 ], [ 485226.774003727128729, 2981607.146636449731886 ], [ 482500.689105548837688, 2981610.653117059264332 ], [ 482504.472714636533055, 2984321.92984333820641 ] ] ] } },
{ "type": "Feature", "properties": { "x_idx": 88448, "y_idx": 92480, "x": 8993277, "y": 3119545, "region": "uttar_pradesh" }, "geometry": { "type": "Polygon", "coordinates": [ [ [ 477598.574608835333493, 2984329.739217426627874 ], [ 480324.074638116755523, 2984325.163568586111069 ], [ 480319.819487145345192, 2981613.884827019181103 ], [ 477593.730027130339295, 2981618.457624277565628 ], [ 477598.574608835333493, 2984329.739217426627874 ] ] ] } },
{ "type": "Feature", "properties": { "x_idx": 88448, "y_idx": 91904, "x": 8993277, "y": 3122297, "region": "uttar_pradesh" }, "geometry": { "type": "Polygon", "coordinates": [ [ [ 477602.937322502082679, 2986769.39659046381712 ], [ 480327.906548991566524, 2986764.818378574680537 ], [ 480323.649003227881622, 2984054.061797213274986 ], [ 477598.090014279587194, 2984058.637161073740572 ], [ 477602.937322502082679, 2986769.39659046381712 ] ] ] } },
{ "type": "Feature", "properties": { "x_idx": 90176, "y_idx": 91904, "x": 9001532, "y": 3122297, "region": "uttar_pradesh" }, "geometry": { "type": "Polygon", "coordinates": [ [ [ 484960.348291223868728, 2986758.396583260968328 ], [ 487685.311143348284531, 2986755.419736343435943 ], [ 487682.645939099544194, 2984044.669001734349877 ], [ 484957.093333378259558, 2984047.643996797967702 ], [ 484960.348291223868728, 2986758.396583260968328 ] ] ] } },
{ "type": "Feature", "properties": { "x_idx": 89600, "y_idx": 91904, "x": 8998780, "y": 3122297, "region": "uttar_pradesh" }, "geometry": { "type": "Polygon", "coordinates": [ [ [ 482507.879985710722394, 2986761.582841954659671 ], [ 485232.844662381277885, 2986758.072209323290735 ], [ 485229.648680014826823, 2984047.319824649486691 ], [ 482504.094247210770845, 2984050.828273367602378 ], [ 482507.879985710722394, 2986761.582841954659671 ] ] ] } },
{ "type": "Feature", "properties": { "x_idx": 89024, "y_idx": 91904, "x": 8996029, "y": 3122297, "region": "uttar_pradesh" }, "geometry": { "type": "Polygon", "coordinates": [ [ [ 480055.409752876672428, 2986765.249510156922042 ], [ 482780.376554334710818, 2986761.205089328344911 ], [ 482776.649791588482913, 2984050.450755736324936 ], [ 480051.09323104302166, 2984054.492660595104098 ], [ 480055.409752876672428, 2986765.249510156922042 ] ] ] } },
{ "type": "Feature", "properties": { "x_idx": 90176, "y_idx": 91328, "x": 9001532, "y": 3125049, "region": "uttar_pradesh" }, "geometry": { "type": "Polygon", "coordinates": [ [ [ 484963.279490409884602, 2989197.577576339244843 ], [ 487687.711249555752147, 2989194.599064949434251 ], [ 487685.044548026751727, 2986484.370780151803046 ], [ 484960.022703969734721, 2986487.347441999707371 ], [ 484963.279490409884602, 2989197.577576339244843 ] ] ] } },
{ "type": "Feature", "properties": { "x_idx": 89600, "y_idx": 91328, "x": 8998780, "y": 3125049, "region": "uttar_pradesh" }, "geometry": { "type": "Polygon", "coordinates": [ [ [ 482511.289170752861537, 2989200.765616593882442 ], [ 485235.722752161847893, 2989197.25302103208378 ], [ 485232.524974332365673, 2986487.023088228423148 ], [ 482507.501305475481786, 2986490.533502604812384 ], [ 482511.289170752861537, 2989200.765616593882442 ] ] ] } },
{ "type": "Feature", "properties": { "x_idx": 89024, "y_idx": 91328, "x": 8996029, "y": 3125049, "region": "uttar_pradesh" }, "geometry": { "type": "Polygon", "coordinates": [ [ [ 480059.296926186652854, 2989204.434334969613701 ], [ 482783.732629724370781, 2989200.387652751989663 ], [ 482780.00377333216602, 2986490.155773463658988 ], [ 480054.977979392453562, 2986494.199942852836102 ], [ 480059.296926186652854, 2989204.434334969613701 ] ] ] } },
{ "type": "Feature", "properties": { "x_idx": 88448, "y_idx": 91328, "x": 8993277, "y": 3125049, "region": "uttar_pradesh" }, "geometry": { "type": "Polygon", "coordinates": [ [ [ 477607.302486829692498, 2989208.583734061568975 ], [ 480331.740612364374101, 2989204.002962325699627 ], [ 480327.480674771592021, 2986493.768838073592633 ], [ 477602.452455463295337, 2986498.346765337046236 ], [ 477607.302486829692498, 2989208.583734061568975 ] ] ] } },
{ "type": "Feature", "properties": { "x_idx": 87872, "y_idx": 92480, "x": 8990525, "y": 3119545, "region": "uttar_pradesh" }, "geometry": { "type": "Polygon", "coordinates": [ [ [ 475145.621984945202712, 2984334.364122138358653 ], [ 477871.124742908461485, 2984329.254977829754353 ], [ 477866.33910445892252, 2981617.973686462268233 ], [ 475140.246911973459646, 2981623.07964671542868 ], [ 475145.621984945202712, 2984334.364122138358653 ] ] ] } },
{ "type": "Feature", "properties": { "x_idx": 87296, "y_idx": 92480, "x": 8987773, "y": 3119545, "region": "uttar_pradesh" }, "geometry": { "type": "Polygon", "coordinates": [ [ [ 472692.666619652416557, 2984339.469176213257015 ], [ 475418.172406917554326, 2984333.826532820239663 ], [ 475412.856277601036709, 2981622.542392426170409 ], [ 472686.761051607783884, 2981628.181519290432334 ], [ 472692.666619652416557, 2984339.469176213257015 ] ] ] } },
{ "type": "Feature", "properties": { "x_idx": 86720, "y_idx": 92480, "x": 8985022, "y": 3119545, "region": "uttar_pradesh" }, "geometry": { "type": "Polygon", "coordinates": [ [ [ 470239.708242398686707, 2984345.054383265320212 ], [ 472965.217359585920349, 2984338.878236793912947 ], [ 472959.370735637901817, 2981627.590948147699237 ], [ 470233.272175099060405, 2981633.763245617039502 ], [ 470239.708242398686707, 2984345.054383265320212 ] ] ] } },
{ "type": "Feature", "properties": { "x_idx": 87296, "y_idx": 91904, "x": 8987773, "y": 3122297, "region": "uttar_pradesh" }, "geometry": { "type": "Polygon", "coordinates": [ [ [ 472697.984788262867369, 2986779.131999463774264 ], [ 475422.959765540377703, 2986773.486195359844714 ], [ 475417.640644325874746, 2984062.72422190150246 ], [ 472692.075896594440565, 2984068.366513860877603 ], [ 472697.984788262867369, 2986779.131999463774264 ] ] ] } },
{ "type": "Feature", "properties": { "x_idx": 86720, "y_idx": 91904, "x": 8985022, "y": 3122297, "region": "uttar_pradesh" }, "geometry": { "type": "Polygon", "coordinates": [ [ [ 470245.504143957805354, 2986784.720335046760738 ], [ 472970.482446996145882, 2986778.54072903143242 ], [ 472964.632532596937381, 2984067.775611246004701 ], [ 470239.064454481005669, 2984073.951373057439923 ], [ 470245.504143957805354, 2986784.720335046760738 ] ] ] } },
{ "type": "Feature", "properties": { "x_idx": 87872, "y_idx": 91904, "x": 8990525, "y": 3122297, "region": "uttar_pradesh" }, "geometry": { "type": "Polygon", "coordinates": [ [ [ 475150.462424370867666, 2986774.02408580807969 ], [ 477875.434376132150646, 2986768.912079619709402 ], [ 477870.646044337598141, 2984058.152951635885984 ], [ 475145.084326328651514, 2984063.26177773764357 ], [ 475150.462424370867666, 2986774.02408580807969 ] ] ] } },
{ "type": "Feature", "properties": { "x_idx": 87296, "y_idx": 91328, "x": 8987773, "y": 3125049, "region": "uttar_pradesh" }, "geometry": { "type": "Polygon", "coordinates": [ [ [ 472703.305944227613509, 2989218.324586472008377 ], [ 475427.749813354341313, 2989212.67562560364604 ], [ 475422.427703943976667, 2986502.436115985736251 ], [ 472697.393733048113063, 2986508.081569094210863 ], [ 472703.305944227613509, 2989218.324586472008377 ] ] ] } },
{ "type": "Feature", "properties": { "x_idx": 87872, "y_idx": 91328, "x": 8990525, "y": 3125049, "region": "uttar_pradesh" }, "geometry": { "type": "Polygon", "coordinates": [ [ [ 475155.305582803965081, 2989213.213816804345697 ], [ 477879.746430200350005, 2989208.098952310625464 ], [ 477874.955408393463586, 2986497.862284615635872 ], [ 475149.924463434377685, 2986502.973972993437201 ], [ 475155.305582803965081, 2989213.213816804345697 ] ] ] } },
{ "type": "Feature", "properties": { "x_idx": 86720, "y_idx": 91328, "x": 8985022, "y": 3125049, "region": "uttar_pradesh" }, "geometry": { "type": "Polygon", "coordinates": [ [ [ 470251.303301218431443, 2989223.916046679485589 ], [ 472975.750491944374517, 2989217.73298544017598 ], [ 472969.897291165601928, 2986507.490335420705378 ], [ 470244.859994046506472, 2986513.669557255227119 ], [ 470251.303301218431443, 2989223.916046679485589 ] ] ] } },
{ "type": "Feature", "properties": { "x_idx": 86720, "y_idx": 90752, "x": 8985022, "y": 3127800, "region": "uttar_pradesh" }, "geometry": { "type": "Polygon", "coordinates": [ [ [ 470257.105710146541242, 2991662.641251290682703 ], [ 472981.021490766026545, 2991656.454739146865904 ], [ 472975.165007679490373, 2988946.734853440430015 ], [ 470250.658789761771914, 2988952.917530979029834 ], [ 470257.105710146541242, 2991662.641251290682703 ] ] ] } },
{ "type": "Feature", "properties": { "x_idx": 90752, "y_idx": 91904, "x": 9004284, "y": 3122297, "region": "uttar_pradesh" }, "geometry": { "type": "Polygon", "coordinates": [ [ [ 487412.814939634525217, 2986755.690731820650399 ], [ 490137.776267457695212, 2986753.247668511234224 ], [ 490135.641839440329932, 2984042.498285116162151 ], [ 487410.090760139399208, 2984044.939828629605472 ], [ 487412.814939634525217, 2986755.690731820650399 ] ] ] } },
{ "type": "Feature", "properties": { "x_idx": 91328, "y_idx": 91904, "x": 9007036, "y": 3122297, "region": "uttar_pradesh" }, "geometry": { "type": "Polygon", "coordinates": [ [ [ 489865.280201160814613, 2986753.465285721234977 ], [ 492590.24030492384918, 2986751.55600429000333 ], [ 492588.636651627137326, 2984040.807673257775605 ], [ 489863.086798088101204, 2984042.715766950044781 ], [ 489865.280201160814613, 2986753.465285721234977 ] ] ] } },
{ "type": "Feature", "properties": { "x_idx": 91904, "y_idx": 91904, "x": 9009787, "y": 3122297, "region": "uttar_pradesh" }, "geometry": { "type": "Polygon", "coordinates": [ [ [ 492317.744346020859666, 2986751.720243386458606 ], [ 495042.703525965916924, 2986750.344742483459413 ], [ 495041.630646254867315, 2984039.597164961975068 ], [ 492316.081717818102334, 2984040.97181018255651 ], [ 492317.744346020859666, 2986751.720243386458606 ] ] ] } },
{ "type": "Feature", "properties": { "x_idx": 91328, "y_idx": 91328, "x": 9007036, "y": 3125049, "region": "uttar_pradesh" }, "geometry": { "type": "Polygon", "coordinates": [ [ [ 489867.255434516933747, 2989192.643521515652537 ], [ 492591.684448740445077, 2989190.733172528445721 ], [ 492590.079894528782461, 2986480.507288306951523 ], [ 489865.060799215221778, 2986482.416451037861407 ], [ 489867.255434516933747, 2989192.643521515652537 ] ] ] } },
{ "type": "Feature", "properties": { "x_idx": 90752, "y_idx": 91328, "x": 9004284, "y": 3125049, "region": "uttar_pradesh" }, "geometry": { "type": "Polygon", "coordinates": [ [ [ 487415.26815503789112, 2989194.870211951434612 ], [ 490139.698391789919697, 2989192.425782626960427 ], [ 490137.562764674948994, 2986482.198847357649356 ], [ 487412.542445131053682, 2986484.64175878232345 ], [ 487415.26815503789112, 2989194.870211951434612 ] ] ] } },
{ "type": "Feature", "properties": { "x_idx": 91328, "y_idx": 90752, "x": 9007036, "y": 3127800, "region": "uttar_pradesh" }, "geometry": { "type": "Polygon", "coordinates": [ [ [ 489869.231775428750552, 2991631.35127213364467 ], [ 492593.12940232019173, 2991629.43985692365095 ], [ 492591.523948309710249, 2988919.736716060433537 ], [ 489867.035909424826968, 2988921.646946496330202 ], [ 489869.231775428750552, 2991631.35127213364467 ] ] ] } },
{ "type": "Feature", "properties": { "x_idx": 90176, "y_idx": 90752, "x": 9001532, "y": 3127800, "region": "uttar_pradesh" }, "geometry": { "type": "Polygon", "coordinates": [ [ [ 484966.21233317849692, 2991636.288080794736743 ], [ 487690.112701553094666, 2991633.307907013222575 ], [ 487687.444504598970525, 2988923.60236857412383 ], [ 484962.953720409539528, 2988926.58069512527436 ], [ 484966.21233317849692, 2991636.288080794736743 ] ] ] } },
{ "type": "Feature", "properties": { "x_idx": 90752, "y_idx": 90752, "x": 9004284, "y": 3127800, "region": "uttar_pradesh" }, "geometry": { "type": "Polygon", "coordinates": [ [ [ 487417.722746010345872, 2991633.579205350484699 ], [ 490141.621593898569699, 2991631.133411718998104 ], [ 490139.484769171685912, 2988921.429221120197326 ], [ 487414.995507588086184, 2988923.873498748987913 ], [ 487417.722746010345872, 2991633.579205350484699 ] ] ] } },
{ "type": "Feature", "properties": { "x_idx": 91904, "y_idx": 90752, "x": 9009787, "y": 3127800, "region": "uttar_pradesh" }, "geometry": { "type": "Polygon", "coordinates": [ [ [ 492320.739690975518897, 2991629.604279571212828 ], [ 495044.636396360991057, 2991628.227241431828588 ], [ 495043.562311931804288, 2988918.524852198082954 ], [ 492319.075195837300271, 2988919.901036791037768 ], [ 492320.739690975518897, 2991629.604279571212828 ] ] ] } },
{ "type": "Feature", "properties": { "x_idx": 91904, "y_idx": 90176, "x": 9009787, "y": 3130552, "region": "uttar_pradesh" }, "geometry": { "type": "Polygon", "coordinates": [ [ [ 492322.238621724769473, 2994067.840305180288851 ], [ 495045.60364351113094, 2994066.462499865330756 ], [ 495044.528957843023818, 2991357.283149231690913 ], [ 492320.573194854776375, 2991358.660102069377899 ], [ 492322.238621724769473, 2994067.840305180288851 ] ] ] } },
{ "type": "Feature", "properties": { "x_idx": 87296, "y_idx": 90752, "x": 8987773, "y": 3127800, "region": "uttar_pradesh" }, "geometry": { "type": "Polygon", "coordinates": [ [ [ 472708.630083845229819, 2991657.046670364681631 ], [ 475432.542547027289402, 2991651.39455667603761 ], [ 475427.217453123477753, 2988941.677807447034866 ], [ 472702.714557267434429, 2988947.326417759992182 ], [ 472708.630083845229819, 2991657.046670364681631 ] ] ] } },
{ "type": "Feature", "properties": { "x_idx": 87872, "y_idx": 90752, "x": 8990525, "y": 3127800, "region": "uttar_pradesh" }, "geometry": { "type": "Polygon", "coordinates": [ [ [ 475160.151456875551958, 2991651.933048255275935 ], [ 477884.060902113444172, 2991646.81532902829349 ], [ 477879.267193627078086, 2988937.101418169215322 ], [ 475154.7673199219862, 2988942.215965250041336 ], [ 475160.151456875551958, 2991651.933048255275935 ] ] ] } },
{ "type": "Feature", "properties": { "x_idx": 86720, "y_idx": 90176, "x": 8985022, "y": 3130552, "region": "uttar_pradesh" }, "geometry": { "type": "Polygon", "coordinates": [ [ [ 470262.911366707645357, 2994100.895682329777628 ], [ 472986.295439796114806, 2994094.705723599996418 ], [ 472980.435678473906592, 2991385.508898393716663 ], [ 470256.460837592720054, 2991391.695027317386121 ], [ 470262.911366707645357, 2994100.895682329777628 ] ] ] } },
{ "type": "Feature", "properties": { "x_idx": 87872, "y_idx": 90176, "x": 8990525, "y": 3130552, "region": "uttar_pradesh" }, "geometry": { "type": "Polygon", "coordinates": [ [ [ 475165.000043216103222, 2994090.181513611227274 ], [ 477888.377788871526718, 2994085.060943224467337 ], [ 477883.581397038826253, 2991375.870085386559367 ], [ 475159.612892422301229, 2991380.987487597856671 ], [ 475165.000043216103222, 2994090.181513611227274 ] ] ] } },
{ "type": "Feature", "properties": { "x_idx": 87296, "y_idx": 90176, "x": 8987773, "y": 3130552, "region": "uttar_pradesh" }, "geometry": { "type": "Polygon", "coordinates": [ [ [ 472713.957203413709067, 2994095.297984591219574 ], [ 475437.337963226949796, 2994089.642722030635923 ], [ 475432.009888532222249, 2991380.449029375333339 ], [ 472708.038365550804883, 2991386.100792944896966 ], [ 472713.957203413709067, 2994095.297984591219574 ] ] ] } },
{ "type": "Feature", "properties": { "x_idx": 87872, "y_idx": 89600, "x": 8990525, "y": 3133304, "region": "uttar_pradesh" }, "geometry": { "type": "Polygon", "coordinates": [ [ [ 475169.851338456210215, 2996527.95894663920626 ], [ 477892.697087474574801, 2996522.83552866615355 ], [ 477887.898015628976282, 2993814.168019681703299 ], [ 475164.461177566030528, 2993819.288273449521512 ], [ 475169.851338456210215, 2996527.95894663920626 ] ] ] } },
{ "type": "Feature", "properties": { "x_idx": 87296, "y_idx": 89600, "x": 8987773, "y": 3133304, "region": "uttar_pradesh" }, "geometry": { "type": "Polygon", "coordinates": [ [ [ 472719.287299230985809, 2996533.078262919560075 ], [ 475442.136058620584663, 2996527.419855433516204 ], [ 475436.805006837937981, 2993818.749515183735639 ], [ 472713.365154196450021, 2993824.404428064357489 ], [ 472719.287299230985809, 2996533.078262919560075 ] ] ] } },
{ "type": "Feature", "properties": { "x_idx": 86720, "y_idx": 89600, "x": 8985022, "y": 3133304, "region": "uttar_pradesh" }, "geometry": { "type": "Polygon", "coordinates": [ [ [ 470268.720266866963357, 2996538.679073564242572 ], [ 472991.572335369535722, 2996532.485672569368035 ], [ 472985.709299884096254, 2993823.812203694600612 ], [ 470262.266133504919708, 2993830.001779683399945 ], [ 470268.720266866963357, 2996538.679073564242572 ] ] ] } },
{ "type": "Feature", "properties": { "x_idx": 86720, "y_idx": 89024, "x": 8985022, "y": 3136056, "region": "uttar_pradesh" }, "geometry": { "type": "Polygon", "coordinates": [ [ [ 470274.532406589540187, 2998975.991159089840949 ], [ 472996.852173820720054, 2998969.794320149812847 ], [ 472990.985868244781159, 2996261.644503077957779 ], [ 470268.074673463706858, 2996267.837521812412888 ], [ 470274.532406589540187, 2998975.991159089840949 ] ] ] } },
{ "type": "Feature", "properties": { "x_idx": 87872, "y_idx": 89024, "x": 8990525, "y": 3136056, "region": "uttar_pradesh" }, "geometry": { "type": "Polygon", "coordinates": [ [ [ 475174.705339225940406, 2998965.265081436373293 ], [ 477897.018794922332745, 2998960.138819450046867 ], [ 477892.217046397388913, 2996251.994954789523035 ], [ 475169.312171983707231, 2996257.118056540843099 ], [ 475174.705339225940406, 2998965.265081436373293 ] ] ] } },
{ "type": "Feature", "properties": { "x_idx": 88448, "y_idx": 90752, "x": 8993277, "y": 3127800, "region": "uttar_pradesh" }, "geometry": { "type": "Polygon", "coordinates": [ [ [ 477611.670098781469278, 2991647.300381348468363 ], [ 480335.576825568103231, 2991642.717052964959294 ], [ 480331.314499109692406, 2988933.005682369694114 ], [ 477606.817347645177506, 2988937.586169836111367 ], [ 477611.670098781469278, 2991647.300381348468363 ] ] ] } },
{ "type": "Feature", "properties": { "x_idx": 89600, "y_idx": 90752, "x": 8998780, "y": 3127800, "region": "uttar_pradesh" }, "geometry": { "type": "Polygon", "coordinates": [ [ [ 482514.700267391337547, 2991639.477900382596999 ], [ 485238.602455745858606, 2991635.963344344403595 ], [ 485235.402884677867405, 2988926.256159958895296 ], [ 482510.910277971648611, 2988929.768537538591772 ], [ 482514.700267391337547, 2991639.477900382596999 ] ] ] } },
{ "type": "Feature", "properties": { "x_idx": 89024, "y_idx": 90752, "x": 8996029, "y": 3127800, "region": "uttar_pradesh" }, "geometry": { "type": "Polygon", "coordinates": [ [ [ 480063.186279106826987, 2991643.148666369263083 ], [ 482787.090586931095459, 2991639.099725589621812 ], [ 482783.359639486880042, 2988929.390597151592374 ], [ 480058.864910356584005, 2988933.437028244137764 ], [ 480063.186279106826987, 2991643.148666369263083 ] ] ] } },
{ "type": "Feature", "properties": { "x_idx": 89600, "y_idx": 90176, "x": 8998780, "y": 3130552, "region": "uttar_pradesh" }, "geometry": { "type": "Polygon", "coordinates": [ [ [ 482518.113273254537489, 2994077.719426773954183 ], [ 485241.483771130966488, 2994074.202912712004036 ], [ 485238.282409049221314, 2991365.018772928975523 ], [ 482514.321162327658385, 2991368.533111257944256 ], [ 482518.113273254537489, 2994077.719426773954183 ] ] ] } },
{ "type": "Feature", "properties": { "x_idx": 88448, "y_idx": 90176, "x": 8993277, "y": 3130552, "region": "uttar_pradesh" }, "geometry": { "type": "Polygon", "coordinates": [ [ [ 477616.040155320661142, 2994085.546265774872154 ], [ 480339.415185935329646, 2994080.960383943747729 ], [ 480335.150473574991338, 2991371.77206319058314 ], [ 477611.184687788714655, 2991376.355107659939677 ], [ 477616.040155320661142, 2994085.546265774872154 ] ] ] } },
{ "type": "Feature", "properties": { "x_idx": 89024, "y_idx": 90176, "x": 8996029, "y": 3130552, "region": "uttar_pradesh" }, "geometry": { "type": "Polygon", "coordinates": [ [ [ 480067.077808932925109, 2994081.392237807158381 ], [ 482790.450423620117363, 2994077.341041292063892 ], [ 482786.71738771814853, 2991368.154959890525788 ], [ 480062.7540212313761, 2991372.203649858478457 ], [ 480067.077808932925109, 2994081.392237807158381 ] ] ] } },
{ "type": "Feature", "properties": { "x_idx": 89024, "y_idx": 89600, "x": 8996029, "y": 3133304, "region": "uttar_pradesh" }, "geometry": { "type": "Polygon", "coordinates": [ [ [ 480070.971512960561085, 2996519.164783051703125 ], [ 482793.812137456494384, 2996515.111333628185093 ], [ 482790.077015691087581, 2993806.448595093563199 ], [ 480066.64530931256013, 2993810.499541111290455 ], [ 480070.971512960561085, 2996519.164783051703125 ] ] ] } },
{ "type": "Feature", "properties": { "x_idx": 88448, "y_idx": 89600, "x": 8993277, "y": 3133304, "region": "uttar_pradesh" }, "geometry": { "type": "Polygon", "coordinates": [ [ [ 477620.412653410283383, 2996523.321121108718216 ], [ 480343.255690798745491, 2996518.732689030002803 ], [ 480338.988595500297379, 2993810.067713950760663 ], [ 477615.55447285703849, 2993814.653312223032117 ], [ 477620.412653410283383, 2996523.321121108718216 ] ] ] } },
{ "type": "Feature", "properties": { "x_idx": 89600, "y_idx": 89600, "x": 8998780, "y": 3133304, "region": "uttar_pradesh" }, "geometry": { "type": "Polygon", "coordinates": [ [ [ 482521.528185970440973, 2996515.489929534029216 ], [ 485244.36669631494442, 2996511.971459902822971 ], [ 485241.163545444200281, 2993803.310660553630441 ], [ 482517.733956171898171, 2993806.826957178767771 ], [ 482521.528185970440973, 2996515.489929534029216 ] ] ] } },
{ "type": "Feature", "properties": { "x_idx": 89600, "y_idx": 89024, "x": 8998780, "y": 3136056, "region": "uttar_pradesh" }, "geometry": { "type": "Polygon", "coordinates": [ [ [ 482524.945003167144023, 2998952.789142759982497 ], [ 485247.251229295157827, 2998949.268720014486462 ], [ 485244.046291860518977, 2996241.131556569132954 ], [ 482521.148657132405788, 2996244.649809035472572 ], [ 482524.945003167144023, 2998952.789142759982497 ] ] ] } },
{ "type": "Feature", "properties": { "x_idx": 90176, "y_idx": 90176, "x": 9001532, "y": 3130552, "region": "uttar_pradesh" }, "geometry": { "type": "Polygon", "coordinates": [ [ [ 484969.146817490691319, 2994074.527830079197884 ], [ 487692.515497670567129, 2994071.545995985623449 ], [ 487689.845807146572042, 2991362.363500089384615 ], [ 484965.886380658601411, 2991365.343489264138043 ], [ 484969.146817490691319, 2994074.527830079197884 ] ] ] } },
{ "type": "Feature", "properties": { "x_idx": 91328, "y_idx": 90176, "x": 9007036, "y": 3130552, "region": "uttar_pradesh" }, "geometry": { "type": "Polygon", "coordinates": [ [ [ 489871.209222522156779, 2994069.588271027430892 ], [ 492594.575164658308495, 2994067.675790930166841 ], [ 492592.968811965372879, 2991358.49568960769102 ], [ 489869.012127342750318, 2991360.406986414454877 ], [ 489871.209222522156779, 2994069.588271027430892 ] ] ] } },
{ "type": "Feature", "properties": { "x_idx": 90752, "y_idx": 90176, "x": 9004284, "y": 3130552, "region": "uttar_pradesh" }, "geometry": { "type": "Polygon", "coordinates": [ [ [ 487420.178710845357273, 2994071.817445468623191 ], [ 490143.545872446440626, 2994069.370289238635451 ], [ 490141.407851593394298, 2991360.189139494672418 ], [ 487417.449945803789888, 2991362.634781620465219 ], [ 487420.178710845357273, 2994071.817445468623191 ] ] ] } },
{ "type": "Feature", "properties": { "x_idx": 90176, "y_idx": 89600, "x": 9001532, "y": 3133304, "region": "uttar_pradesh" }, "geometry": { "type": "Polygon", "coordinates": [ [ [ 484972.082941307045985, 2996512.296557960100472 ], [ 487694.919636238424573, 2996509.313065636437386 ], [ 487692.248453999811318, 2993800.65390811348334 ], [ 484968.820682677789591, 2993803.635557830799371 ], [ 484972.082941307045985, 2996512.296557960100472 ] ] ] } },
{ "type": "Feature", "properties": { "x_idx": 90752, "y_idx": 89600, "x": 9004284, "y": 3133304, "region": "uttar_pradesh" }, "geometry": { "type": "Polygon", "coordinates": [ [ [ 487422.636047836043872, 2996509.584666075650603 ], [ 490145.471226096269675, 2996507.136148953810334 ], [ 490143.332010602985974, 2993798.478335896506906 ], [ 487419.905758071690798, 2993800.925340811256319 ], [ 487422.636047836043872, 2996509.584666075650603 ] ] ] } },
{ "type": "Feature", "properties": { "x_idx": 91328, "y_idx": 89600, "x": 9007036, "y": 3133304, "region": "uttar_pradesh" }, "geometry": { "type": "Polygon", "coordinates": [ [ [ 489873.187774422869552, 2996507.354251964949071 ], [ 492596.021734750131145, 2996505.440708314534277 ], [ 492594.414484491106123, 2993796.783942364621907 ], [ 489870.989451594941784, 2993798.696304207667708 ], [ 489873.187774422869552, 2996507.354251964949071 ] ] ] } },
{ "type": "Feature", "properties": { "x_idx": 90752, "y_idx": 89024, "x": 9004284, "y": 3136056, "region": "uttar_pradesh" }, "geometry": { "type": "Polygon", "coordinates": [ [ [ 487425.094755275524221, 2998946.880601267330348 ], [ 490147.397653510735836, 2998944.430724962148815 ], [ 490145.257244863081723, 2996236.29654406150803 ], [ 487422.362942684907466, 2996238.744910057168454 ], [ 487425.094755275524221, 2998946.880601267330348 ] ] ] } },
{ "type": "Feature", "properties": { "x_idx": 90176, "y_idx": 89024, "x": 9001532, "y": 3136056, "region": "uttar_pradesh" }, "geometry": { "type": "Polygon", "coordinates": [ [ [ 484975.020702588139102, 2998949.593998535070568 ], [ 487697.325115586631, 2998946.608850061893463 ], [ 487694.652443488943391, 2996238.473326382227242 ], [ 484971.756624427740462, 2996241.456634560599923 ], [ 484975.020702588139102, 2998949.593998535070568 ] ] ] } },
{ "type": "Feature", "properties": { "x_idx": 91328, "y_idx": 89024, "x": 9007036, "y": 3136056, "region": "uttar_pradesh" }, "geometry": { "type": "Polygon", "coordinates": [ [ [ 489875.167429756605998, 2998944.648949043359607 ], [ 492597.469111590879038, 2998942.73434317484498 ], [ 492595.860964882129338, 2996234.601208067499101 ], [ 489872.96788080711849, 2996236.514633611310273 ], [ 489875.167429756605998, 2998944.648949043359607 ] ] ] } },
{ "type": "Feature", "properties": { "x_idx": 90752, "y_idx": 88448, "x": 9004284, "y": 3138807, "region": "uttar_pradesh" }, "geometry": { "type": "Polygon", "coordinates": [ [ [ 487427.554831456800457, 3001383.7049854635261 ], [ 490149.32515335228527, 3001381.253751682117581 ], [ 490147.183553036360536, 2998673.643498046789318 ], [ 487424.821497936616652, 2998676.093223415780813 ], [ 487427.554831456800457, 3001383.7049854635261 ] ] ] } },
{ "type": "Feature", "properties": { "x_idx": 89024, "y_idx": 89024, "x": 8996029, "y": 3136056, "region": "uttar_pradesh" }, "geometry": { "type": "Polygon", "coordinates": [ [ [ 480074.867388485057745, 2998956.466036198660731 ], [ 482797.175726105167996, 2998952.410336694680154 ], [ 482793.438521070871502, 2996244.271236496977508 ], [ 480070.538771895808168, 2996248.324435737449676 ], [ 480074.867388485057745, 2998956.466036198660731 ] ] ] } },
{ "type": "Feature", "properties": { "x_idx": 88448, "y_idx": 89024, "x": 8993277, "y": 3136056, "region": "uttar_pradesh" }, "geometry": { "type": "Polygon", "coordinates": [ [ [ 477624.787590013060253, 2998960.624681445304304 ], [ 480347.098337490460835, 2998956.033702320419252 ], [ 480342.828862218011636, 2996247.8923683851026 ], [ 477619.926699813222513, 2996252.480517260730267 ], [ 477624.787590013060253, 2998960.624681445304304 ] ] ] } },
{ "type": "Feature", "properties": { "x_idx": 88448, "y_idx": 88448, "x": 8993277, "y": 3138807, "region": "uttar_pradesh" }, "geometry": { "type": "Polygon", "coordinates": [ [ [ 477629.164962091599591, 3001397.45668120495975 ], [ 480350.943123342818581, 3001392.863158234395087 ], [ 480346.671271060593426, 2998685.245760551653802 ], [ 477624.30136562010739, 2998689.83645682875067 ], [ 477629.164962091599591, 3001397.45668120495975 ] ] ] } },
{ "type": "Feature", "properties": { "x_idx": 89024, "y_idx": 88448, "x": 8996029, "y": 3138807, "region": "uttar_pradesh" }, "geometry": { "type": "Polygon", "coordinates": [ [ [ 480078.7654328016215, 3001393.295731666963547 ], [ 482800.541187230846845, 3001389.237784910481423 ], [ 482796.801901522383559, 2998681.622618158813566 ], [ 480074.434406276443042, 2998685.678067793138325 ], [ 480078.7654328016215, 3001393.295731666963547 ] ] ] } },
{ "type": "Feature", "properties": { "x_idx": 89600, "y_idx": 88448, "x": 8998780, "y": 3138807, "region": "uttar_pradesh" }, "geometry": { "type": "Polygon", "coordinates": [ [ [ 482528.363722472277004, 3001389.616800871212035 ], [ 485250.137368068972137, 3001386.094427464995533 ], [ 485246.930646295601036, 2998678.481195031665266 ], [ 482524.56526283727726, 2998682.001400886103511 ], [ 482528.363722472277004, 3001389.616800871212035 ] ] ] } },
{ "type": "Feature", "properties": { "x_idx": 90176, "y_idx": 88448, "x": 9001532, "y": 3138807, "region": "uttar_pradesh" }, "geometry": { "type": "Polygon", "coordinates": [ [ [ 484977.960099294257816, 3001386.419886222109199 ], [ 487699.73193404515041, 3001383.433083681389689 ], [ 487697.057773944048677, 2998675.821488953661174 ], [ 484974.694203868974, 2998678.806453512050211 ], [ 484977.960099294257816, 3001386.419886222109199 ] ] ] } },
{ "type": "Feature", "properties": { "x_idx": 89600, "y_idx": 87872, "x": 8998780, "y": 3141559, "region": "uttar_pradesh" }, "geometry": { "type": "Polygon", "coordinates": [ [ [ 482531.784341513586696, 3003825.972638605162501 ], [ 485253.025110633578151, 3003822.448316993191838 ], [ 485249.816606746811885, 3001115.359310327097774 ], [ 482527.983770914201159, 3001118.881467114668339 ], [ 482531.784341513586696, 3003825.972638605162501 ] ] ] } },
{ "type": "Feature", "properties": { "x_idx": 89024, "y_idx": 87872, "x": 8996029, "y": 3141559, "region": "uttar_pradesh" }, "geometry": { "type": "Polygon", "coordinates": [ [ [ 480082.665643205225933, 3003829.653604194987565 ], [ 482803.90851849806495, 3003825.593413012567908 ], [ 482800.167154710390605, 3001118.502474462147802 ], [ 480078.332209749671165, 3001122.5601716642268 ], [ 480082.665643205225933, 3003829.653604194987565 ] ] ] } },
{ "type": "Feature", "properties": { "x_idx": 88448, "y_idx": 87872, "x": 8993277, "y": 3141559, "region": "uttar_pradesh" }, "geometry": { "type": "Polygon", "coordinates": [ [ [ 477633.544766608276404, 3003833.8168551241979 ], [ 480354.790045687637758, 3003829.220791508909315 ], [ 480350.515819360152818, 3001122.127624833956361 ], [ 477628.678467240242753, 3001126.720865312963724 ], [ 477633.544766608276404, 3003833.8168551241979 ] ] ] } },
{ "type": "Feature", "properties": { "x_idx": 90176, "y_idx": 87872, "x": 9001532, "y": 3141559, "region": "uttar_pradesh" }, "geometry": { "type": "Polygon", "coordinates": [ [ [ 484980.901129385747481, 3003822.773955759126693 ], [ 487702.14008994383039, 3003819.785501231905073 ], [ 487699.464443694974761, 3001112.698130210861564 ], [ 484977.633418961951975, 3001115.684749069157988 ], [ 484980.901129385747481, 3003822.773955759126693 ] ] ] } },
{ "type": "Feature", "properties": { "x_idx": 87296, "y_idx": 89024, "x": 8987773, "y": 3136056, "region": "uttar_pradesh" }, "geometry": { "type": "Polygon", "coordinates": [ [ [ 472724.620367594528943, 2998970.387239445932209 ], [ 475446.936829875456169, 2998964.725690980441868 ], [ 475441.602804707945324, 2996256.578998608049005 ], [ 472718.694919502246194, 2996262.237056853249669 ], [ 472724.620367594528943, 2998970.387239445932209 ] ] ] } },
{ "type": "Feature", "properties": { "x_idx": 86720, "y_idx": 88448, "x": 8985022, "y": 3138807, "region": "uttar_pradesh" }, "geometry": { "type": "Polygon", "coordinates": [ [ [ 470280.347781840071548, 3001412.831673324573785 ], [ 473002.134951484040357, 3001406.631400758866221 ], [ 472996.265379890566692, 2998699.005530599504709 ], [ 470273.886453434068244, 2998705.201987759675831 ], [ 470280.347781840071548, 3001412.831673324573785 ] ] ] } },
{ "type": "Feature", "properties": { "x_idx": 87296, "y_idx": 88448, "x": 8987773, "y": 3138807, "region": "uttar_pradesh" }, "geometry": { "type": "Polygon", "coordinates": [ [ [ 472729.956404801865574, 3001407.224648588337004 ], [ 475451.74027365836082, 3001401.559963091742247 ], [ 475446.403278809448238, 2998693.937213704455644 ], [ 472724.027657765778713, 2998699.598413366824389 ], [ 472729.956404801865574, 3001407.224648588337004 ] ] ] } },
{ "type": "Feature", "properties": { "x_idx": 87872, "y_idx": 88448, "x": 8990525, "y": 3138807, "region": "uttar_pradesh" }, "geometry": { "type": "Polygon", "coordinates": [ [ [ 475179.562042155361269, 3001402.099652420263737 ], [ 477901.342908214312047, 3001396.970549995545298 ], [ 477896.538486343924887, 2998689.350624767597765 ], [ 475174.165872305457015, 2998694.4765709284693 ], [ 475179.562042155361269, 3001402.099652420263737 ] ] ] } },
{ "type": "Feature", "properties": { "x_idx": 86720, "y_idx": 87872, "x": 8985022, "y": 3141559, "region": "uttar_pradesh" }, "geometry": { "type": "Polygon", "coordinates": [ [ [ 470286.166388583078515, 3003849.200351004954427 ], [ 473007.420664693578146, 3003842.996649134904146 ], [ 473001.547831155825406, 3001135.895020643714815 ], [ 470279.701469380815979, 3001142.094911909196526 ], [ 470286.166388583078515, 3003849.200351004954427 ] ] ] } },
{ "type": "Feature", "properties": { "x_idx": 87296, "y_idx": 87872, "x": 8987773, "y": 3141559, "region": "uttar_pradesh" }, "geometry": { "type": "Polygon", "coordinates": [ [ [ 472735.295407149940729, 3003843.590225084219128 ], [ 475456.546386636036914, 3003837.922406502068043 ], [ 475451.206425809417851, 3001130.823894856963307 ], [ 472729.363365284400061, 3001136.488231989555061 ], [ 472735.295407149940729, 3003843.590225084219128 ] ] ] } },
{ "type": "Feature", "properties": { "x_idx": 87872, "y_idx": 87872, "x": 8990525, "y": 3141559, "region": "uttar_pradesh" }, "geometry": { "type": "Polygon", "coordinates": [ [ [ 475184.421443874074612, 3003838.462394328787923 ], [ 477905.669424349849578, 3003833.330455039162189 ], [ 477900.862332468037494, 3001126.234764 ], [ 475179.022275161347352, 3001131.363550996407866 ], [ 475184.421443874074612, 3003838.462394328787923 ] ] ] } },
{ "type": "Feature", "properties": { "x_idx": 87872, "y_idx": 87296, "x": 8990525, "y": 3144311, "region": "uttar_pradesh" }, "geometry": { "type": "Polygon", "coordinates": [ [ [ 475189.283541011740454, 3006274.353042226750404 ], [ 477909.99834032804938, 3006269.218269647099078 ], [ 477905.188581769121811, 3003562.647107188589871 ], [ 475183.88137718103826, 3003567.778731447644532 ], [ 475189.283541011740454, 3006274.353042226750404 ] ] ] } },
{ "type": "Feature", "properties": { "x_idx": 87296, "y_idx": 87296, "x": 8987773, "y": 3144311, "region": "uttar_pradesh" }, "geometry": { "type": "Polygon", "coordinates": [ [ [ 472740.637370935699437, 3006279.483703997451812 ], [ 475461.355165474931709, 3006273.812756278552115 ], [ 475456.012242374476045, 3003567.238776768557727 ], [ 472734.702038355288096, 3003572.906247425358742 ], [ 472740.637370935699437, 3006279.483703997451812 ] ] ] } },
{ "type": "Feature", "properties": { "x_idx": 86720, "y_idx": 87296, "x": 8985022, "y": 3144311, "region": "uttar_pradesh" }, "geometry": { "type": "Polygon", "coordinates": [ [ [ 470291.988222782674711, 3006285.096927196718752 ], [ 473012.709309783065692, 3006278.889800342731178 ], [ 473006.833218374580611, 3003572.31270791310817 ], [ 470285.519717268354725, 3003578.516028963029385 ], [ 470291.988222782674711, 3006285.096927196718752 ] ] ] } },
{ "type": "Feature", "properties": { "x_idx": 82112, "y_idx": 94208, "x": 8963008, "y": 3111290, "region": "uttar_pradesh" }, "geometry": { "type": "Polygon", "coordinates": [ [ [ 450587.078985062427819, 2977085.101078792940825 ], [ 453314.216354143631179, 2977074.674313013907522 ], [ 453304.142671361914836, 2974361.786204155068845 ], [ 450576.416804565524217, 2974372.206436790991575 ], [ 450587.078985062427819, 2977085.101078792940825 ] ] ] } },
{ "type": "Feature", "properties": { "x_idx": 80960, "y_idx": 93632, "x": 8957504, "y": 3114042, "region": "uttar_pradesh" }, "geometry": { "type": "Polygon", "coordinates": [ [ [ 445688.770111401565373, 2979546.482023111078888 ], [ 448415.389918787812348, 2979534.983462964184582 ], [ 448404.250634124793578, 2976822.604665220249444 ], [ 445677.041978886118159, 2976834.096033724024892 ], [ 445688.770111401565373, 2979546.482023111078888 ] ] ] } },
{ "type": "Feature", "properties": { "x_idx": 82112, "y_idx": 93632, "x": 8963008, "y": 3114042, "region": "uttar_pradesh" }, "geometry": { "type": "Polygon", "coordinates": [ [ [ 450596.680678660282865, 2979526.210986969061196 ], [ 453323.288083492137957, 2979515.778349068015814 ], [ 453313.208700743503869, 2976803.411563022993505 ], [ 450586.012465235544369, 2976813.8376758932136 ], [ 450596.680678660282865, 2979526.210986969061196 ] ] ] } },
{ "type": "Feature", "properties": { "x_idx": 81536, "y_idx": 93632, "x": 8960256, "y": 3114042, "region": "uttar_pradesh" }, "geometry": { "type": "Polygon", "coordinates": [ [ [ 448142.728260949777905, 2979536.10667058872059 ], [ 450869.34171637048712, 2979525.141075450461358 ], [ 450858.732386424962897, 2976812.7684335433878 ], [ 448131.530091948749032, 2976823.727170345373452 ], [ 448142.728260949777905, 2979536.10667058872059 ] ] ] } },
{ "type": "Feature", "properties": { "x_idx": 80960, "y_idx": 93056, "x": 8957504, "y": 3116793, "region": "uttar_pradesh" }, "geometry": { "type": "Polygon", "coordinates": [ [ [ 445699.331723401497584, 2981987.133845877833664 ], [ 448425.421251803811174, 2981975.628821748308837 ], [ 448414.275675608252641, 2979263.771659736987203 ], [ 445687.596966801967937, 2979275.269501166418195 ], [ 445699.331723401497584, 2981987.133845877833664 ] ] ] } },
{ "type": "Feature", "properties": { "x_idx": 81536, "y_idx": 93056, "x": 8960256, "y": 3116793, "region": "uttar_pradesh" }, "geometry": { "type": "Polygon", "coordinates": [ [ [ 448152.812621461693197, 2981976.752660791389644 ], [ 450878.895805816107895, 2981965.780901252757758 ], [ 450868.280483633978292, 2979253.929887424223125 ], [ 448141.608127672981936, 2979264.894797155167907 ], [ 448152.812621461693197, 2981976.752660791389644 ] ] ] } },
{ "type": "Feature", "properties": { "x_idx": 82112, "y_idx": 93056, "x": 8963008, "y": 3116793, "region": "uttar_pradesh" }, "geometry": { "type": "Polygon", "coordinates": [ [ [ 450606.287794828880578, 2981966.851414232049137 ], [ 453332.364936136407778, 2981956.412911512888968 ], [ 453322.279860446578823, 2979244.567746264394373 ], [ 450595.613555912394077, 2979254.999732067808509 ], [ 450606.287794828880578, 2981966.851414232049137 ] ] ] } },
{ "type": "Feature", "properties": { "x_idx": 82112, "y_idx": 92480, "x": 8963008, "y": 3119545, "region": "uttar_pradesh" }, "geometry": { "type": "Polygon", "coordinates": [ [ [ 450615.900326875038445, 2984407.022092735860497 ], [ 453341.446905752876773, 2984396.577732500620186 ], [ 453331.356144148099702, 2981685.254485676065087 ], [ 450605.220069903647527, 2981695.692337109707296 ], [ 450615.900326875038445, 2984407.022092735860497 ] ] ] } },
{ "type": "Feature", "properties": { "x_idx": 82688, "y_idx": 92480, "x": 8965760, "y": 3119545, "region": "uttar_pradesh" }, "geometry": { "type": "Polygon", "coordinates": [ [ [ 453068.892539897467941, 2984397.595490965526551 ], [ 455794.433383889379911, 2984387.684679364319891 ], [ 455784.873160556948278, 2981676.366974608507007 ], [ 453058.742829161463305, 2981686.271609884686768 ], [ 453068.892539897467941, 2984397.595490965526551 ] ] ] } },
{ "type": "Feature", "properties": { "x_idx": 81536, "y_idx": 92480, "x": 8960256, "y": 3119545, "region": "uttar_pradesh" }, "geometry": { "type": "Polygon", "coordinates": [ [ [ 448162.902666866546497, 2984416.928895308170468 ], [ 450888.45528124878183, 2984405.950979044660926 ], [ 450877.83397422573762, 2981694.621890922077 ], [ 448151.691856096382253, 2981705.592965906951576 ], [ 448162.902666866546497, 2984416.928895308170468 ] ] ] } },
{ "type": "Feature", "properties": { "x_idx": 83840, "y_idx": 93632, "x": 8971263, "y": 3114042, "region": "uttar_pradesh" }, "geometry": { "type": "Polygon", "coordinates": [ [ [ 457958.506253132538404, 2979499.401881100144237 ], [ 460685.097314430691767, 2979490.568072063382715 ], [ 460676.607731906347908, 2976778.217053755186498 ], [ 457949.427862565557007, 2976787.045337677001953 ], [ 457958.506253132538404, 2979499.401881100144237 ] ] ] } },
{ "type": "Feature", "properties": { "x_idx": 84416, "y_idx": 93632, "x": 8974015, "y": 3114042, "region": "uttar_pradesh" }, "geometry": { "type": "Polygon", "coordinates": [ [ [ 460412.438455857103691, 2979491.424806363880634 ], [ 463139.02467205474386, 2979483.123927258420736 ], [ 463131.065010401885957, 2976770.777564914431423 ], [ 460403.889992871321738, 2976779.073252208996564 ], [ 460412.438455857103691, 2979491.424806363880634 ] ] ] } },
{ "type": "Feature", "properties": { "x_idx": 83264, "y_idx": 93632, "x": 8968511, "y": 3114042, "region": "uttar_pradesh" }, "geometry": { "type": "Polygon", "coordinates": [ [ [ 455504.569403516128659, 2979507.858598727267236 ], [ 458231.165611285949126, 2979498.491853499785066 ], [ 458222.146101872203872, 2976786.135879253502935 ], [ 455494.961078932741657, 2976795.496766061522067 ], [ 455504.569403516128659, 2979507.858598727267236 ] ] ] } },
{ "type": "Feature", "properties": { "x_idx": 82688, "y_idx": 93632, "x": 8965760, "y": 3114042, "region": "uttar_pradesh" }, "geometry": { "type": "Polygon", "coordinates": [ [ [ 453050.627635771117639, 2979516.794965239241719 ], [ 455777.229291384050157, 2979506.895277183502913 ], [ 455767.679848687490448, 2976794.534047024790198 ], [ 453040.489370360330213, 2976804.427543356548995 ], [ 453050.627635771117639, 2979516.794965239241719 ] ] ] } },
{ "type": "Feature", "properties": { "x_idx": 84416, "y_idx": 93056, "x": 8974015, "y": 3116793, "region": "uttar_pradesh" }, "geometry": { "type": "Polygon", "coordinates": [ [ [ 460420.136659336625598, 2981932.045678099617362 ], [ 463146.192638420732692, 2981923.740132497623563 ], [ 463138.228481003665365, 2979211.915365554857999 ], [ 460411.583368038060144, 2979220.215725801885128 ], [ 460420.136659336625598, 2981932.045678099617362 ] ] ] } },
{ "type": "Feature", "properties": { "x_idx": 82688, "y_idx": 93056, "x": 8965760, "y": 3116793, "region": "uttar_pradesh" }, "geometry": { "type": "Polygon", "coordinates": [ [ [ 453059.757514402968809, 2981957.430099186487496 ], [ 455785.828913657867815, 2981947.524845893029124 ], [ 455776.274077314941678, 2979235.685229622293264 ], [ 453049.613522795902099, 2979245.584298891015351 ], [ 453059.757514402968809, 2981957.430099186487496 ] ] ] } },
{ "type": "Feature", "properties": { "x_idx": 83840, "y_idx": 93056, "x": 8971263, "y": 3116793, "region": "uttar_pradesh" }, "geometry": { "type": "Polygon", "coordinates": [ [ [ 457966.681675757979974, 2981940.027237283997238 ], [ 460692.742493903439026, 2981931.188462171237916 ], [ 460684.248116321279667, 2979219.35904505290091 ], [ 457957.598157584201545, 2979228.192301920615137 ], [ 457966.681675757979974, 2981940.027237283997238 ] ] ] } },
{ "type": "Feature", "properties": { "x_idx": 83264, "y_idx": 93056, "x": 8968511, "y": 3116793, "region": "uttar_pradesh" }, "geometry": { "type": "Polygon", "coordinates": [ [ [ 455513.222051079617813, 2981948.488708981778473 ], [ 458239.28800928191049, 2981939.116698096971959 ], [ 458230.263405516336206, 2979227.282331203576177 ], [ 455503.60829959489638, 2979236.648490953724831 ], [ 455513.222051079617813, 2981948.488708981778473 ] ] ] } },
{ "type": "Feature", "properties": { "x_idx": 83840, "y_idx": 92480, "x": 8971263, "y": 3119545, "region": "uttar_pradesh" }, "geometry": { "type": "Polygon", "coordinates": [ [ [ 457974.861707217409275, 2984380.182863474823534 ], [ 460700.39198330626823, 2984371.339128469582647 ], [ 460691.892816584149841, 2981660.031610166653991 ], [ 457965.773067765287124, 2981668.869833798613399 ], [ 457974.861707217409275, 2984380.182863474823534 ] ] ] } },
{ "type": "Feature", "properties": { "x_idx": 84416, "y_idx": 92480, "x": 8974015, "y": 3119545, "region": "uttar_pradesh" }, "geometry": { "type": "Polygon", "coordinates": [ [ [ 460427.839202636445407, 2984372.196825427003205 ], [ 463153.364645703462884, 2984363.886619138997048 ], [ 463145.395998070656788, 2981652.583745222073048 ], [ 460419.281088984222151, 2981660.888772611040622 ], [ 460427.839202636445407, 2984372.196825427003205 ] ] ] } },
{ "type": "Feature", "properties": { "x_idx": 84992, "y_idx": 93056, "x": 8976766, "y": 3116793, "region": "uttar_pradesh" }, "geometry": { "type": "Polygon", "coordinates": [ [ [ 462873.587272710050456, 2981924.544025775976479 ], [ 465599.638713731721509, 2981916.771703802514821 ], [ 465592.204770837153774, 2979204.951287433505058 ], [ 462865.564202226814814, 2979212.718756942078471 ], [ 462873.587272710050456, 2981924.544025775976479 ] ] ] } },
{ "type": "Feature", "properties": { "x_idx": 86144, "y_idx": 93056, "x": 8982270, "y": 3116793, "region": "uttar_pradesh" }, "geometry": { "type": "Polygon", "coordinates": [ [ [ 467780.47647243301617, 2981910.980420797597617 ], [ 470506.51974031329155, 2981904.274529941380024 ], [ 470500.14621103880927, 2979192.461915922816843 ], [ 467773.513826903013978, 2979199.163620090577751 ], [ 467780.47647243301617, 2981910.980420797597617 ] ] ] } },
{ "type": "Feature", "properties": { "x_idx": 85568, "y_idx": 93056, "x": 8979518, "y": 3116793, "region": "uttar_pradesh" }, "geometry": { "type": "Polygon", "coordinates": [ [ [ 465327.033786776359193, 2981917.522275000344962 ], [ 468053.080990730144549, 2981910.283171148970723 ], [ 468046.177257091214415, 2979198.466805754695088 ], [ 465319.540931424009614, 2979205.701390029396862 ], [ 465327.033786776359193, 2981917.522275000344962 ] ] ] } },
{ "type": "Feature", "properties": { "x_idx": 86144, "y_idx": 92480, "x": 8982270, "y": 3119545, "region": "uttar_pradesh" }, "geometry": { "type": "Polygon", "coordinates": [ [ [ 467786.746582627703901, 2984351.119747248943895 ], [ 470512.259330355213024, 2984344.410093325655907 ], [ 470505.882207635499071, 2981633.11935720173642 ], [ 467779.780011515598744, 2981639.824829649180174 ], [ 467786.746582627703901, 2984351.119747248943895 ] ] ] } },
{ "type": "Feature", "properties": { "x_idx": 85568, "y_idx": 92480, "x": 8979518, "y": 3119545, "region": "uttar_pradesh" }, "geometry": { "type": "Polygon", "coordinates": [ [ [ 465333.781369781936519, 2984357.665272457990795 ], [ 468059.298048670520075, 2984350.422106333542615 ], [ 468052.390422663185745, 2981639.127623504959047 ], [ 465326.284289924020413, 2981646.366275679320097 ], [ 465333.781369781936519, 2984357.665272457990795 ] ] ] } },
{ "type": "Feature", "properties": { "x_idx": 84992, "y_idx": 92480, "x": 8976766, "y": 3119545, "region": "uttar_pradesh" }, "geometry": { "type": "Polygon", "coordinates": [ [ [ 462880.812333304667845, 2984364.690963525790721 ], [ 465606.333243972971104, 2984356.914280072785914 ], [ 465598.895109786535613, 2981645.615751313045621 ], [ 462872.784739391936455, 2981653.387588342651725 ], [ 462880.812333304667845, 2984364.690963525790721 ] ] ] } },
{ "type": "Feature", "properties": { "x_idx": 86144, "y_idx": 91904, "x": 8982270, "y": 3122297, "region": "uttar_pradesh" }, "geometry": { "type": "Polygon", "coordinates": [ [ [ 467793.020221237675287, 2986790.78909651003778 ], [ 470518.00215027917875, 2986784.075684211216867 ], [ 470511.621438554895576, 2984073.307123244740069 ], [ 467786.04972939461004, 2984080.016359280794859 ], [ 467793.020221237675287, 2986790.78909651003778 ] ] ] } },
{ "type": "Feature", "properties": { "x_idx": 84992, "y_idx": 91904, "x": 8976766, "y": 3122297, "region": "uttar_pradesh" }, "geometry": { "type": "Polygon", "coordinates": [ [ [ 462888.041459675354417, 2986804.367914595175534 ], [ 465613.031541456410196, 2986796.58687510015443 ], [ 465605.589221157599241, 2984085.810531213413924 ], [ 462880.009347923099995, 2984093.586730326991528 ], [ 462888.041459675354417, 2986804.367914595175534 ] ] ] } },
{ "type": "Feature", "properties": { "x_idx": 85568, "y_idx": 91904, "x": 8979518, "y": 3122297, "region": "uttar_pradesh" }, "geometry": { "type": "Polygon", "coordinates": [ [ [ 465340.53274988301564, 2986797.338288147933781 ], [ 468065.518605172866955, 2986790.091064815409482 ], [ 468058.607091607234906, 2984079.318761815316975 ], [ 465333.0314507400617, 2984086.561476826667786 ], [ 465340.53274988301564, 2986797.338288147933781 ] ] ] } },
{ "type": "Feature", "properties": { "x_idx": 84992, "y_idx": 91328, "x": 8976766, "y": 3125049, "region": "uttar_pradesh" }, "geometry": { "type": "Polygon", "coordinates": [ [ [ 462895.274646790639963, 2989243.574611783958972 ], [ 465619.733601520070806, 2989235.789221685845405 ], [ 465612.287100288784131, 2986525.535359579604119 ], [ 462887.238022789300885, 2986533.315915338695049 ], [ 462895.274646790639963, 2989243.574611783958972 ] ] ] } },
{ "type": "Feature", "properties": { "x_idx": 83264, "y_idx": 92480, "x": 8968511, "y": 3119545, "region": "uttar_pradesh" }, "geometry": { "type": "Polygon", "coordinates": [ [ [ 455521.879576491308399, 2984388.649083323311061 ], [ 458247.414986221585423, 2984379.271813338622451 ], [ 458238.385294391482603, 2981667.959351424127817 ], [ 455512.260404803149868, 2981677.330777558963746 ], [ 455521.879576491308399, 2984388.649083323311061 ] ] ] } },
{ "type": "Feature", "properties": { "x_idx": 83840, "y_idx": 91904, "x": 8971263, "y": 3122297, "region": "uttar_pradesh" }, "geometry": { "type": "Polygon", "coordinates": [ [ [ 457983.046341815032065, 2986819.868492153007537 ], [ 460708.045777312479913, 2986811.019803437869996 ], [ 460699.541827368841041, 2984100.234481216873974 ], [ 457973.952587413426954, 2984109.077665428165346 ], [ 457983.046341815032065, 2986819.868492153007537 ] ] ] } },
{ "type": "Feature", "properties": { "x_idx": 83264, "y_idx": 91904, "x": 8968511, "y": 3122297, "region": "uttar_pradesh" }, "geometry": { "type": "Polygon", "coordinates": [ [ [ 455530.541973722574767, 2986828.339454231783748 ], [ 458255.546536445850506, 2986818.956931704189628 ], [ 458246.511762839101721, 2984108.166672032792121 ], [ 455520.917388529342134, 2984117.543357997201383 ], [ 455530.541973722574767, 2986828.339454231783748 ] ] ] } },
{ "type": "Feature", "properties": { "x_idx": 84416, "y_idx": 91904, "x": 8974015, "y": 3122297, "region": "uttar_pradesh" }, "geometry": { "type": "Polygon", "coordinates": [ [ [ 460435.546080393192824, 2986811.877980825025588 ], [ 463160.540688908775337, 2986803.56311966245994 ], [ 463152.567556609224994, 2984092.782436035573483 ], [ 460426.9831503466703, 2984101.092124756425619 ], [ 460435.546080393192824, 2986811.877980825025588 ] ] ] } },
{ "type": "Feature", "properties": { "x_idx": 84416, "y_idx": 91328, "x": 8974015, "y": 3125049, "region": "uttar_pradesh" }, "geometry": { "type": "Polygon", "coordinates": [ [ [ 460443.257287242915481, 2989251.088877094443887 ], [ 463167.720763042278122, 2989242.769366868771613 ], [ 463159.7431516253273, 2986532.511170438956469 ], [ 460434.689546761976089, 2986540.825514680705965 ], [ 460443.257287242915481, 2989251.088877094443887 ] ] ] } },
{ "type": "Feature", "properties": { "x_idx": 83264, "y_idx": 91328, "x": 8968511, "y": 3125049, "region": "uttar_pradesh" }, "geometry": { "type": "Polygon", "coordinates": [ [ [ 455539.209236744500231, 2989267.559554505627602 ], [ 458263.682654295233078, 2989258.17178599210456 ], [ 458254.64280520012835, 2986547.90402547409758 ], [ 455529.579244745080359, 2986557.285964708775282 ], [ 455539.209236744500231, 2989267.559554505627602 ] ] ] } },
{ "type": "Feature", "properties": { "x_idx": 83840, "y_idx": 91328, "x": 8971263, "y": 3125049, "region": "uttar_pradesh" }, "geometry": { "type": "Polygon", "coordinates": [ [ [ 457991.235573854239192, 2989259.083856116980314 ], [ 460715.70387059514178, 2989250.230219878256321 ], [ 460707.195143348828424, 2986539.967390645295382 ], [ 457982.136710832477547, 2986548.815529252868146 ], [ 457991.235573854239192, 2989259.083856116980314 ] ] ] } },
{ "type": "Feature", "properties": { "x_idx": 83264, "y_idx": 90752, "x": 8968511, "y": 3127800, "region": "uttar_pradesh" }, "geometry": { "type": "Polygon", "coordinates": [ [ [ 455547.881359527644236, 2991706.309117268770933 ], [ 458271.823334109736606, 2991696.916109329089522 ], [ 458262.778415815089829, 2988987.171144512016326 ], [ 455538.245967421389651, 2988996.558330461382866 ], [ 455547.881359527644236, 2991706.309117268770933 ] ] ] } },
{ "type": "Feature", "properties": { "x_idx": 84416, "y_idx": 90752, "x": 8974015, "y": 3127800, "region": "uttar_pradesh" }, "geometry": { "type": "Polygon", "coordinates": [ [ [ 460450.972817821253557, 2991689.829247359652072 ], [ 463174.904863109171856, 2991681.505093881394714 ], [ 463166.922778124571778, 2988971.76968119898811 ], [ 460442.400272866245359, 2988980.088675150182098 ], [ 460450.972817821253557, 2991689.829247359652072 ] ] ] } },
{ "type": "Feature", "properties": { "x_idx": 83840, "y_idx": 90752, "x": 8971263, "y": 3127800, "region": "uttar_pradesh" }, "geometry": { "type": "Polygon", "coordinates": [ [ [ 457999.429397638130467, 2991697.828688491601497 ], [ 460723.366257826972287, 2991688.97011091420427 ], [ 460714.852759197237901, 2988979.230071218218654 ], [ 457990.325432326178998, 2988988.083158037625253 ], [ 457999.429397638130467, 2991697.828688491601497 ] ] ] } },
{ "type": "Feature", "properties": { "x_idx": 80960, "y_idx": 91904, "x": 8957504, "y": 3122297, "region": "uttar_pradesh" }, "geometry": { "type": "Polygon", "coordinates": [ [ [ 445720.472801768977661, 2986867.027935039717704 ], [ 448445.500875853584148, 2986855.510007092729211 ], [ 448434.342739889165387, 2984144.697009071242064 ], [ 445708.724821528943721, 2984156.207772206049412 ], [ 445720.472801768977661, 2986867.027935039717704 ] ] ] } },
{ "type": "Feature", "properties": { "x_idx": 82688, "y_idx": 91904, "x": 8965760, "y": 3122297, "region": "uttar_pradesh" }, "geometry": { "type": "Polygon", "coordinates": [ [ [ 453078.032705893507227, 2986837.29087305534631 ], [ 455803.042696087039076, 2986827.37451007636264 ], [ 455793.477092422428541, 2984116.579014101531357 ], [ 453067.877283096429892, 2984126.489208455197513 ], [ 453078.032705893507227, 2986837.29087305534631 ] ] ] } },
{ "type": "Feature", "properties": { "x_idx": 82112, "y_idx": 91904, "x": 8963008, "y": 3122297, "region": "uttar_pradesh" }, "geometry": { "type": "Polygon", "coordinates": [ [ [ 450625.518268105166499, 2986846.722754958551377 ], [ 453350.533986017399002, 2986836.272544510662556 ], [ 453340.437545524386223, 2984125.471513376571238 ], [ 450614.832000516180415, 2984135.91522313747555 ], [ 450625.518268105166499, 2986846.722754958551377 ] ] ] } },
{ "type": "Feature", "properties": { "x_idx": 81536, "y_idx": 91904, "x": 8960256, "y": 3122297, "region": "uttar_pradesh" }, "geometry": { "type": "Polygon", "coordinates": [ [ [ 448172.998390138149261, 2986856.635106615722179 ], [ 450898.020136011822615, 2986845.651041304692626 ], [ 450887.392851544136647, 2984134.844176154583693 ], [ 448161.781270193459932, 2984145.82140871649608 ], [ 448172.998390138149261, 2986856.635106615722179 ] ] ] } },
{ "type": "Feature", "properties": { "x_idx": 81536, "y_idx": 91328, "x": 8960256, "y": 3125049, "region": "uttar_pradesh" }, "geometry": { "type": "Polygon", "coordinates": [ [ [ 448183.099784249847289, 2989295.871027512475848 ], [ 450907.590363448078278, 2989284.880820829886943 ], [ 450896.957108932547271, 2986574.596475562546402 ], [ 448171.876362937968224, 2986585.579858026001602 ], [ 448183.099784249847289, 2989295.871027512475848 ] ] ] } },
{ "type": "Feature", "properties": { "x_idx": 82688, "y_idx": 91328, "x": 8965760, "y": 3125049, "region": "uttar_pradesh" }, "geometry": { "type": "Polygon", "coordinates": [ [ [ 453087.178006029629614, 2989276.515978254377842 ], [ 455811.656844258715864, 2989266.594070828519762 ], [ 455802.085866919718683, 2986556.321080542635173 ], [ 453077.016878239810467, 2986566.236827044282109 ], [ 453087.178006029629614, 2989276.515978254377842 ] ] ] } },
{ "type": "Feature", "properties": { "x_idx": 82112, "y_idx": 91328, "x": 8963008, "y": 3125049, "region": "uttar_pradesh" }, "geometry": { "type": "Polygon", "coordinates": [ [ [ 450635.141611825150903, 2989285.953133699018508 ], [ 453359.626170605304651, 2989275.497080341912806 ], [ 453349.52405825140886, 2986565.218561806716025 ], [ 450624.449341056402773, 2986575.66812259145081 ], [ 450635.141611825150903, 2989285.953133699018508 ] ] ] } },
{ "type": "Feature", "properties": { "x_idx": 80960, "y_idx": 91328, "x": 8957504, "y": 3125049, "region": "uttar_pradesh" }, "geometry": { "type": "Polygon", "coordinates": [ [ [ 445731.052253418485634, 2989306.269666709937155 ], [ 448455.549152908381075, 2989294.745298929046839 ], [ 448444.384748708689585, 2986584.454828446730971 ], [ 445719.297673623310402, 2986595.97204036032781 ], [ 445731.052253418485634, 2989306.269666709937155 ] ] ] } },
{ "type": "Feature", "properties": { "x_idx": 82688, "y_idx": 90752, "x": 8965760, "y": 3127800, "region": "uttar_pradesh" }, "geometry": { "type": "Polygon", "coordinates": [ [ [ 453096.328433943795972, 2991715.270539686083794 ], [ 455820.275822411989793, 2991705.343094745185226 ], [ 455810.699478056863882, 2988995.592906698118895 ], [ 453086.161608230089769, 2989005.514198416378349 ], [ 453096.328433943795972, 2991715.270539686083794 ] ] ] } },
{ "type": "Feature", "properties": { "x_idx": 81536, "y_idx": 90752, "x": 8960256, "y": 3127800, "region": "uttar_pradesh" }, "geometry": { "type": "Polygon", "coordinates": [ [ [ 448193.206842174404301, 2991734.636391120497137 ], [ 450917.165956899814773, 2991723.640050745103508 ], [ 450906.526739733875729, 2989013.878521911799908 ], [ 448181.977127303311136, 2989024.868046598508954 ], [ 448193.206842174404301, 2991734.636391120497137 ] ] ] } },
{ "type": "Feature", "properties": { "x_idx": 85568, "y_idx": 91328, "x": 8979518, "y": 3125049, "region": "uttar_pradesh" }, "geometry": { "type": "Polygon", "coordinates": [ [ [ 465347.287922380841337, 2989236.541054870933294 ], [ 468071.742655907815788, 2989229.289779395330697 ], [ 468064.827259594283532, 2986519.039953131228685 ], [ 465339.782409173669294, 2986526.286725913640112 ], [ 465347.287922380841337, 2989236.541054870933294 ] ] ] } },
{ "type": "Feature", "properties": { "x_idx": 86144, "y_idx": 91328, "x": 8982270, "y": 3125049, "region": "uttar_pradesh" }, "geometry": { "type": "Polygon", "coordinates": [ [ [ 467799.297383896657266, 2989229.988201381172985 ], [ 470523.748196088359691, 2989223.271035398822278 ], [ 470517.363899800460786, 2986513.024946497287601 ], [ 467792.322976174065843, 2986519.737941430415958 ], [ 467799.297383896657266, 2989229.988201381172985 ] ] ] } },
{ "type": "Feature", "properties": { "x_idx": 86144, "y_idx": 90752, "x": 8982270, "y": 3127800, "region": "uttar_pradesh" }, "geometry": { "type": "Polygon", "coordinates": [ [ [ 467805.578066237911116, 2991668.716794988140464 ], [ 470529.497463785577565, 2991661.995880015194416 ], [ 470523.109587375307456, 2988952.272559725679457 ], [ 467798.599747487634886, 2988958.989308863412589 ], [ 467805.578066237911116, 2991668.716794988140464 ] ] ] } },
{ "type": "Feature", "properties": { "x_idx": 85568, "y_idx": 90752, "x": 8979518, "y": 3127800, "region": "uttar_pradesh" }, "geometry": { "type": "Polygon", "coordinates": [ [ [ 465354.046882576018106, 2991675.273305752780288 ], [ 468077.970196545589715, 2991668.017983198631555 ], [ 468071.05092229496222, 2988958.290930218994617 ], [ 465346.537160526087973, 2988965.541755707468837 ], [ 465354.046882576018106, 2991675.273305752780288 ] ] ] } },
{ "type": "Feature", "properties": { "x_idx": 84992, "y_idx": 90752, "x": 8976766, "y": 3127800, "region": "uttar_pradesh" }, "geometry": { "type": "Polygon", "coordinates": [ [ [ 462902.511889618821442, 2991682.310788218397647 ], [ 465626.439419501693919, 2991674.521052955649793 ], [ 465618.988742518180516, 2988964.789969177916646 ], [ 462894.47075895924354, 2988972.574876144062728 ], [ 462902.511889618821442, 2991682.310788218397647 ] ] ] } },
{ "type": "Feature", "properties": { "x_idx": 85568, "y_idx": 90176, "x": 8979518, "y": 3130552, "region": "uttar_pradesh" }, "geometry": { "type": "Polygon", "coordinates": [ [ [ 465360.809625769092236, 2994113.534774242900312 ], [ 468084.20122275617905, 2994106.27540967753157 ], [ 468077.27807537955232, 2991397.071426167618483 ], [ 465353.295700098096859, 2991404.326299296692014 ], [ 465360.809625769092236, 2994113.534774242900312 ] ] ] } },
{ "type": "Feature", "properties": { "x_idx": 86144, "y_idx": 90176, "x": 8982270, "y": 3130552, "region": "uttar_pradesh" }, "geometry": { "type": "Polygon", "coordinates": [ [ [ 467811.862263894407079, 2994106.97461078222841 ], [ 470535.249949373246636, 2994100.24995150975883 ], [ 470528.858497282373719, 2991391.049696018919349 ], [ 467804.880038968694862, 2991397.770194669719785 ], [ 467811.862263894407079, 2994106.97461078222841 ] ] ] } },
{ "type": "Feature", "properties": { "x_idx": 84992, "y_idx": 90176, "x": 8976766, "y": 3130552, "region": "uttar_pradesh" }, "geometry": { "type": "Polygon", "coordinates": [ [ [ 462909.753183127730154, 2994120.576177346985787 ], [ 465633.148990738671273, 2994112.782102358527482 ], [ 465625.694143183587585, 2991403.574093096423894 ], [ 462901.707551401108503, 2991411.363345832098275 ], [ 462909.753183127730154, 2994120.576177346985787 ] ] ] } },
{ "type": "Feature", "properties": { "x_idx": 86144, "y_idx": 89600, "x": 8982270, "y": 3133304, "region": "uttar_pradesh" }, "geometry": { "type": "Polygon", "coordinates": [ [ [ 467818.14997249894077, 2996544.761382528115064 ], [ 470541.005648853664752, 2996538.03298365091905 ], [ 470534.610625524073839, 2993829.356088791042566 ], [ 467811.163846250332426, 2993836.080332261510193 ], [ 467818.14997249894077, 2996544.761382528115064 ] ] ] } },
{ "type": "Feature", "properties": { "x_idx": 84992, "y_idx": 89600, "x": 8976766, "y": 3133304, "region": "uttar_pradesh" }, "geometry": { "type": "Polygon", "coordinates": [ [ [ 462916.998522284964565, 2996558.370512936264277 ], [ 465639.862310568045359, 2996550.572103661485016 ], [ 465632.403297622455284, 2993841.887464748229831 ], [ 462908.948395082959905, 2993849.681057813577354 ], [ 462916.998522284964565, 2996558.370512936264277 ] ] ] } },
{ "type": "Feature", "properties": { "x_idx": 82112, "y_idx": 90752, "x": 8963008, "y": 3127800, "region": "uttar_pradesh" }, "geometry": { "type": "Polygon", "coordinates": [ [ [ 450644.770351340353955, 2991724.712962078396231 ], [ 453368.723453191574663, 2991714.251073118299246 ], [ 453358.615676004614215, 2989004.495363731868565 ], [ 450634.072084830375388, 2989014.950768237467855 ], [ 450644.770351340353955, 2991724.712962078396231 ] ] ] } },
{ "type": "Feature", "properties": { "x_idx": 81536, "y_idx": 90176, "x": 8960256, "y": 3130552, "region": "uttar_pradesh" }, "geometry": { "type": "Polygon", "coordinates": [ [ [ 448203.319556884118356, 2994172.930930887814611 ], [ 450926.746909708890598, 2994161.928464497905225 ], [ 450916.101737290387973, 2991452.690048285759985 ], [ 448192.08355626242701, 2991463.685707519296557 ], [ 448203.319556884118356, 2994172.930930887814611 ] ] ] } },
{ "type": "Feature", "properties": { "x_idx": 80960, "y_idx": 90176, "x": 8957504, "y": 3130552, "region": "uttar_pradesh" }, "geometry": { "type": "Polygon", "coordinates": [ [ [ 445752.228944850037806, 2994183.341169838793576 ], [ 448475.66260212654015, 2994171.803946543484926 ], [ 448464.485684757819399, 2991462.559420431032777 ], [ 445740.461190477828495, 2991474.089505750220269 ], [ 445752.228944850037806, 2994183.341169838793576 ] ] ] } },
{ "type": "Feature", "properties": { "x_idx": 82112, "y_idx": 90176, "x": 8963008, "y": 3130552, "region": "uttar_pradesh" }, "geometry": { "type": "Polygon", "coordinates": [ [ [ 450654.404479955672286, 2994163.001973546110094 ], [ 453377.825827450607903, 2994152.534256286453456 ], [ 453367.712392458983231, 2991443.301652239635587 ], [ 450643.700225143344142, 2991453.762893160339445 ], [ 450654.404479955672286, 2994163.001973546110094 ] ] ] } },
{ "type": "Feature", "properties": { "x_idx": 80960, "y_idx": 89600, "x": 8957504, "y": 3133304, "region": "uttar_pradesh" }, "geometry": { "type": "Polygon", "coordinates": [ [ [ 445762.826169910724275, 2996621.170408507343382 ], [ 448485.727760307840072, 2996609.626769532449543 ], [ 448474.544598006352317, 2993900.90565953636542 ], [ 445751.051840517902747, 2993912.442169480957091 ], [ 445762.826169910724275, 2996621.170408507343382 ] ] ] } },
{ "type": "Feature", "properties": { "x_idx": 81536, "y_idx": 89600, "x": 8960256, "y": 3133304, "region": "uttar_pradesh" }, "geometry": { "type": "Polygon", "coordinates": [ [ [ 448213.437921350705437, 2996610.754380578175187 ], [ 450936.333215216698591, 2996599.745795850642025 ], [ 450925.682094944175333, 2993891.030788097530603 ], [ 448202.195642787497491, 2993902.032574198674411 ], [ 448213.437921350705437, 2996610.754380578175187 ] ] ] } },
{ "type": "Feature", "properties": { "x_idx": 82688, "y_idx": 89600, "x": 8965760, "y": 3133304, "region": "uttar_pradesh" }, "geometry": { "type": "Polygon", "coordinates": [ [ [ 453114.644647655659355, 2996591.366965357679874 ], [ 455837.528244690969586, 2996581.428466181736439 ], [ 455827.941186280571856, 2993872.724770823959261 ], [ 453104.46644730301341, 2993882.657132181804627 ], [ 453114.644647655659355, 2996591.366965357679874 ] ] ] } },
{ "type": "Feature", "properties": { "x_idx": 82112, "y_idx": 89600, "x": 8963008, "y": 3133304, "region": "uttar_pradesh" }, "geometry": { "type": "Polygon", "coordinates": [ [ [ 450664.043990975536872, 2996600.819901866372675 ], [ 453386.933287056512199, 2996590.346363612916321 ], [ 453376.814201288972981, 2993881.637160738930106 ], [ 450653.333755300438497, 2993892.104230771306902 ], [ 450664.043990975536872, 2996600.819901866372675 ] ] ] } },
{ "type": "Feature", "properties": { "x_idx": 82112, "y_idx": 89024, "x": 8963008, "y": 3136056, "region": "uttar_pradesh" }, "geometry": { "type": "Polygon", "coordinates": [ [ [ 450673.688877703854814, 2999038.16648113168776 ], [ 453396.045825682696886, 2999027.687129189725965 ], [ 453385.9210961687495, 2996319.501622963231057 ], [ 450662.972668605973013, 2996329.974514800589532 ], [ 450673.688877703854814, 2999038.16648113168776 ] ] ] } },
{ "type": "Feature", "properties": { "x_idx": 81536, "y_idx": 89024, "x": 8960256, "y": 3136056, "region": "uttar_pradesh" }, "geometry": { "type": "Polygon", "coordinates": [ [ [ 448223.561928545474075, 2999048.106474283151329 ], [ 450945.924866764165927, 2999037.091778899077326 ], [ 450935.26780603651423, 2996328.900475077796727 ], [ 448212.313379850413185, 2996339.908380368724465 ], [ 448223.561928545474075, 2999048.106474283151329 ] ] ] } },
{ "type": "Feature", "properties": { "x_idx": 84416, "y_idx": 90176, "x": 8974015, "y": 3130552, "region": "uttar_pradesh" }, "geometry": { "type": "Polygon", "coordinates": [ [ [ 460458.69266676355619, 2994128.098825069610029 ], [ 463182.092984114249703, 2994119.770034151617438 ], [ 463174.106431112217251, 2991410.557701403275132 ], [ 460450.115323295234703, 2991418.881339251063764 ], [ 460458.69266676355619, 2994128.098825069610029 ] ] ] } },
{ "type": "Feature", "properties": { "x_idx": 83840, "y_idx": 90176, "x": 8971263, "y": 3130552, "region": "uttar_pradesh" }, "geometry": { "type": "Polygon", "coordinates": [ [ [ 458007.627807469514664, 2994136.102722726296633 ], [ 460731.032933680049609, 2994127.239209994208068 ], [ 460722.514669586613309, 2991418.02225602325052 ], [ 457998.518746197572909, 2991426.880284869112074 ], [ 458007.627807469514664, 2994136.102722726296633 ] ] ] } },
{ "type": "Feature", "properties": { "x_idx": 83264, "y_idx": 90176, "x": 8968511, "y": 3130552, "region": "uttar_pradesh" }, "geometry": { "type": "Polygon", "coordinates": [ [ [ 455556.558336042042356, 2994144.587875970639288 ], [ 458279.968570229015313, 2994135.189635162707418 ], [ 458270.918589024106041, 2991425.967762235086411 ], [ 455546.917550528771244, 2991435.360188340302557 ], [ 455556.558336042042356, 2994144.587875970639288 ] ] ] } },
{ "type": "Feature", "properties": { "x_idx": 82688, "y_idx": 90176, "x": 8965760, "y": 3130552, "region": "uttar_pradesh" }, "geometry": { "type": "Polygon", "coordinates": [ [ [ 453105.4839832734433, 2994153.554290799424052 ], [ 455828.899624553858303, 2994143.621315274387598 ], [ 455819.317919841443654, 2991434.39422565465793 ], [ 453095.311466705345083, 2991444.321055658627301 ], [ 453105.4839832734433, 2994153.554290799424052 ] ] ] } },
{ "type": "Feature", "properties": { "x_idx": 84416, "y_idx": 89600, "x": 8974015, "y": 3133304, "region": "uttar_pradesh" }, "geometry": { "type": "Polygon", "coordinates": [ [ [ 460466.416828704706859, 2996565.897343990392983 ], [ 463189.285121062013786, 2996557.563921445980668 ], [ 463181.294105593056884, 2993848.874964463990182 ], [ 460457.834692684235051, 2993857.203240397386253 ], [ 460466.416828704706859, 2996565.897343990392983 ] ] ] } },
{ "type": "Feature", "properties": { "x_idx": 83840, "y_idx": 89600, "x": 8971263, "y": 3133304, "region": "uttar_pradesh" }, "geometry": { "type": "Polygon", "coordinates": [ [ [ 458015.830797650618479, 2996573.905692585743964 ], [ 460738.703892826393712, 2996565.0372508848086 ], [ 460730.180869189382065, 2993856.343678473494947 ], [ 458006.716646749468055, 2993865.206643160432577 ], [ 458015.830797650618479, 2996573.905692585743964 ] ] ] } },
{ "type": "Feature", "properties": { "x_idx": 83264, "y_idx": 89600, "x": 8968511, "y": 3133304, "region": "uttar_pradesh" }, "geometry": { "type": "Polygon", "coordinates": [ [ [ 455565.240160257439129, 2996582.395564375910908 ], [ 458288.118356992432382, 2996572.992097257636487 ], [ 458279.063319166831207, 2993864.293612054083496 ], [ 455555.593988037493546, 2993873.691271756775677 ], [ 455565.240160257439129, 2996582.395564375910908 ] ] ] } },
{ "type": "Feature", "properties": { "x_idx": 84416, "y_idx": 89024, "x": 8974015, "y": 3136056, "region": "uttar_pradesh" }, "geometry": { "type": "Polygon", "coordinates": [ [ [ 460474.145298279239796, 2999003.224538216367364 ], [ 463196.481268956558779, 2998994.886489857453853 ], [ 463188.485796571651008, 2996286.721204115077853 ], [ 460465.558375668246299, 2996295.054112321697176 ], [ 460474.145298279239796, 2999003.224538216367364 ] ] ] } },
{ "type": "Feature", "properties": { "x_idx": 82688, "y_idx": 89024, "x": 8965760, "y": 3136056, "region": "uttar_pradesh" }, "geometry": { "type": "Polygon", "coordinates": [ [ [ 453123.810420727008022, 2999028.708297455217689 ], [ 455846.161676829564385, 2999018.764281560201198 ], [ 455836.569271380838472, 2996310.584275938104838 ], [ 453113.626543660298921, 2996320.522161717526615 ], [ 453123.810420727008022, 2999028.708297455217689 ] ] ] } },
{ "type": "Feature", "properties": { "x_idx": 83264, "y_idx": 89024, "x": 8968511, "y": 3136056, "region": "uttar_pradesh" }, "geometry": { "type": "Polygon", "coordinates": [ [ [ 455573.926826142997015, 2999019.731916578486562 ], [ 458296.272688738710713, 2999010.323229709640145 ], [ 458287.212600582686719, 2996302.148427703417838 ], [ 455564.275273917242885, 2996311.551314443349838 ], [ 455573.926826142997015, 2999019.731916578486562 ] ] ] } },
{ "type": "Feature", "properties": { "x_idx": 85568, "y_idx": 89600, "x": 8979518, "y": 3133304, "region": "uttar_pradesh" }, "geometry": { "type": "Polygon", "coordinates": [ [ [ 465367.576147260202561, 2996551.32519410783425 ], [ 468090.435730209224857, 2996544.061792596243322 ], [ 468083.508714518160559, 2993835.381174389272928 ], [ 465360.058023190184031, 2993842.640090093482286 ], [ 465367.576147260202561, 2996551.32519410783425 ] ] ] } },
{ "type": "Feature", "properties": { "x_idx": 86144, "y_idx": 89024, "x": 8982270, "y": 3136056, "region": "uttar_pradesh" }, "geometry": { "type": "Polygon", "coordinates": [ [ [ 467824.441187683900353, 2998982.076844323892146 ], [ 470546.764558228838723, 2998975.34471053397283 ], [ 470540.365968102763873, 2996267.191471775993705 ], [ 467817.451164965226781, 2996273.91945537365973 ], [ 467824.441187683900353, 2998982.076844323892146 ] ] ] } },
{ "type": "Feature", "properties": { "x_idx": 85568, "y_idx": 89024, "x": 8979518, "y": 3136056, "region": "uttar_pradesh" }, "geometry": { "type": "Polygon", "coordinates": [ [ [ 465374.346442349022254, 2998988.644299442414194 ], [ 468096.673714574077167, 2998981.376866051461548 ], [ 468089.74283538031159, 2996273.219908619765192 ], [ 465366.824125102488324, 2996280.482861831784248 ], [ 465374.346442349022254, 2998988.644299442414194 ] ] ] } },
{ "type": "Feature", "properties": { "x_idx": 84992, "y_idx": 89024, "x": 8976766, "y": 3136056, "region": "uttar_pradesh" }, "geometry": { "type": "Polygon", "coordinates": [ [ [ 462924.247902057599276, 2998995.693529081530869 ], [ 465646.579374326625839, 2998987.890790960751474 ], [ 465639.116201171884313, 2996279.729817867279053 ], [ 462916.193284972221591, 2996287.527745822910219 ], [ 462924.247902057599276, 2998995.693529081530869 ] ] ] } },
{ "type": "Feature", "properties": { "x_idx": 86144, "y_idx": 88448, "x": 8982270, "y": 3138807, "region": "uttar_pradesh" }, "geometry": { "type": "Polygon", "coordinates": [ [ [ 467830.735905081266537, 3001418.920730584766716 ], [ 470552.526673500367906, 3001412.184866575989872 ], [ 470546.124521020392422, 2998704.55557902995497 ], [ 467823.741990745766088, 2998711.287298061419278 ], [ 467830.735905081266537, 3001418.920730584766716 ] ] ] } },
{ "type": "Feature", "properties": { "x_idx": 85568, "y_idx": 88448, "x": 8979518, "y": 3138807, "region": "uttar_pradesh" }, "geometry": { "type": "Polygon", "coordinates": [ [ [ 465381.120506335108075, 3001425.49182466417551 ], [ 468102.915171519736759, 3001418.220364461187273 ], [ 468095.980433635530062, 2998710.587362913880497 ], [ 465373.594001134857535, 2998717.854348568245769 ], [ 465381.120506335108075, 3001425.49182466417551 ] ] ] } },
{ "type": "Feature", "properties": { "x_idx": 84992, "y_idx": 88448, "x": 8976766, "y": 3138807, "region": "uttar_pradesh" }, "geometry": { "type": "Polygon", "coordinates": [ [ [ 462931.501317412476055, 3001432.544960199389607 ], [ 465653.300177350756712, 3001424.737898671533912 ], [ 465645.832849168626126, 2998717.100886508822441 ], [ 462923.442216036084574, 2998724.903143915813416 ], [ 462931.501317412476055, 3001432.544960199389607 ] ] ] } },
{ "type": "Feature", "properties": { "x_idx": 84992, "y_idx": 87872, "x": 8976766, "y": 3141559, "region": "uttar_pradesh" }, "geometry": { "type": "Polygon", "coordinates": [ [ [ 462938.758763316029217, 3003868.924541025888175 ], [ 465660.024714976549149, 3003861.113161532208323 ], [ 465652.553236949141137, 3001154.000405056867748 ], [ 462930.695183241507038, 3001161.806986475363374 ], [ 462938.758763316029217, 3003868.924541025888175 ] ] ] } },
{ "type": "Feature", "properties": { "x_idx": 86144, "y_idx": 87872, "x": 8982270, "y": 3141559, "region": "uttar_pradesh" }, "geometry": { "type": "Polygon", "coordinates": [ [ [ 467837.034120322903618, 3003855.292776049114764 ], [ 470558.291990669618826, 3003848.553186515346169 ], [ 470551.88628027861705, 3001141.448144937399775 ], [ 467830.03631922416389, 3001148.183594709262252 ], [ 467837.034120322903618, 3003855.292776049114764 ] ] ] } },
{ "type": "Feature", "properties": { "x_idx": 85568, "y_idx": 87872, "x": 8979518, "y": 3141559, "region": "uttar_pradesh" }, "geometry": { "type": "Polygon", "coordinates": [ [ [ 465387.89833451755112, 3003861.867504510097206 ], [ 468109.160096715029795, 3003854.592022561933845 ], [ 468102.221504952758551, 3001147.483271656092256 ], [ 465380.3676465866738, 3001154.754284685477614 ], [ 465387.89833451755112, 3003861.867504510097206 ] ] ] } },
{ "type": "Feature", "properties": { "x_idx": 83840, "y_idx": 89024, "x": 8971263, "y": 3136056, "region": "uttar_pradesh" }, "geometry": { "type": "Polygon", "coordinates": [ [ [ 458024.038362483377568, 2999011.237332163378596 ], [ 460746.379129937442485, 2999002.363967681769282 ], [ 460737.851352677389514, 2996294.194072301499546 ], [ 458014.919128284207545, 2996303.061966643668711 ], [ 458024.038362483377568, 2999011.237332163378596 ] ] ] } },
{ "type": "Feature", "properties": { "x_idx": 83840, "y_idx": 88448, "x": 8971263, "y": 3138807, "region": "uttar_pradesh" }, "geometry": { "type": "Polygon", "coordinates": [ [ [ 458032.25049626926193, 3001448.097375877667218 ], [ 460754.058639684284572, 3001439.219094800297171 ], [ 460745.526114722131751, 2998731.573171562515199 ], [ 458023.126185103727039, 2998740.44598937407136 ], [ 458032.25049626926193, 3001448.097375877667218 ] ] ] } },
{ "type": "Feature", "properties": { "x_idx": 83264, "y_idx": 88448, "x": 8968511, "y": 3138807, "region": "uttar_pradesh" }, "geometry": { "type": "Polygon", "coordinates": [ [ [ 455582.618327667703852, 3001456.596666994038969 ], [ 458304.431559806398582, 3001447.182766934391111 ], [ 458295.366427610395476, 2998739.531943236012012 ], [ 455572.961402137298137, 2998748.940050456207246 ], [ 455582.618327667703852, 3001456.596666994038969 ] ] ] } },
{ "type": "Feature", "properties": { "x_idx": 84416, "y_idx": 88448, "x": 8974015, "y": 3138807, "region": "uttar_pradesh" }, "geometry": { "type": "Polygon", "coordinates": [ [ [ 460481.87807012128178, 3001440.080142165068537 ], [ 463203.681422801688313, 3001431.737473805435002 ], [ 463195.681499052210711, 2998724.096154412720352 ], [ 460473.286366881802678, 2998732.433689079247415 ], [ 460481.87807012128178, 3001440.080142165068537 ] ] ] } },
{ "type": "Feature", "properties": { "x_idx": 82688, "y_idx": 88448, "x": 8965760, "y": 3138807, "region": "uttar_pradesh" }, "geometry": { "type": "Polygon", "coordinates": [ [ [ 453132.981296123703942, 3001465.578021507710218 ], [ 455854.799914975475986, 3001455.628495826851577 ], [ 455845.20216914860066, 2998747.972475051414222 ], [ 453122.791749413765501, 2998757.915878320578486 ], [ 453132.981296123703942, 3001465.578021507710218 ] ] ] } },
{ "type": "Feature", "properties": { "x_idx": 83264, "y_idx": 87872, "x": 8968511, "y": 3141559, "region": "uttar_pradesh" }, "geometry": { "type": "Polygon", "coordinates": [ [ [ 455591.314658799848985, 3003892.989550357218832 ], [ 458312.594964533578604, 3003883.57044366793707 ], [ 458303.524794588680379, 3001176.443893034942448 ], [ 455581.652366666588932, 3001185.857214174699038 ], [ 455591.314658799848985, 3003892.989550357218832 ] ] ] } },
{ "type": "Feature", "properties": { "x_idx": 84416, "y_idx": 87872, "x": 8974015, "y": 3141559, "region": "uttar_pradesh" }, "geometry": { "type": "Polygon", "coordinates": [ [ [ 460489.615138864610344, 3003876.463890571147203 ], [ 463210.885577600740362, 3003868.116608024109155 ], [ 463202.88120803842321, 3001160.999549739062786 ], [ 460481.018660959089175, 3001169.341705052182078 ], [ 460489.615138864610344, 3003876.463890571147203 ] ] ] } },
{ "type": "Feature", "properties": { "x_idx": 83840, "y_idx": 87872, "x": 8971263, "y": 3141559, "region": "uttar_pradesh" }, "geometry": { "type": "Polygon", "coordinates": [ [ [ 458040.467193309392314, 3003884.485558463260531 ], [ 460761.742416737717576, 3003875.602366976439953 ], [ 460753.205149994872045, 3001168.480710638687015 ], [ 458031.33781150955474, 3001177.358445733785629 ], [ 458040.467193309392314, 3003884.485558463260531 ] ] ] } },
{ "type": "Feature", "properties": { "x_idx": 82688, "y_idx": 87296, "x": 8965760, "y": 3144311, "region": "uttar_pradesh" }, "geometry": { "type": "Polygon", "coordinates": [ [ [ 453151.338328435609583, 3006337.901584745384753 ], [ 455872.09078531031264, 3006327.94106029253453 ], [ 455862.48237870959565, 3003621.333893124014139 ], [ 453141.137463653867599, 3003631.288310572504997 ], [ 453151.338328435609583, 3006337.901584745384753 ] ] ] } },
{ "type": "Feature", "properties": { "x_idx": 84416, "y_idx": 87296, "x": 8974015, "y": 3144311, "region": "uttar_pradesh" }, "geometry": { "type": "Polygon", "coordinates": [ [ [ 460497.356499142828397, 3006312.375518499407917 ], [ 463218.093728356994689, 3006304.023627578746527 ], [ 463210.084918533801101, 3003597.431124794762582 ], [ 460488.755252533999737, 3003605.777894941624254 ], [ 460497.356499142828397, 3006312.375518499407917 ] ] ] } },
{ "type": "Feature", "properties": { "x_idx": 80960, "y_idx": 92480, "x": 8957504, "y": 3119545, "region": "uttar_pradesh" }, "geometry": { "type": "Polygon", "coordinates": [ [ [ 445709.899289310211316, 2984427.315905694849789 ], [ 448435.458239822124597, 2984415.804425631649792 ], [ 448424.306379859277513, 2981704.469196981750429 ], [ 445698.157916802272666, 2981715.973503288812935 ], [ 445709.899289310211316, 2984427.315905694849789 ] ] ] } },
{ "type": "Feature", "properties": { "x_idx": 80384, "y_idx": 92480, "x": 8954753, "y": 3119545, "region": "uttar_pradesh" }, "geometry": { "type": "Polygon", "coordinates": [ [ [ 443256.889923643902875, 2984438.183131251484156 ], [ 445982.455510909901932, 2984426.138079238124192 ], [ 445970.77309010992758, 2981714.796410831622779 ], [ 443244.617981083283667, 2981726.833956609945744 ], [ 443256.889923643902875, 2984438.183131251484156 ] ] ] } },
{ "type": "Feature", "properties": { "x_idx": 80384, "y_idx": 91904, "x": 8954753, "y": 3122297, "region": "uttar_pradesh" }, "geometry": { "type": "Polygon", "coordinates": [ [ [ 443267.941232773649972, 2986877.901247586123645 ], [ 445992.97593531786697, 2986865.849448852706701 ], [ 445981.286939958808944, 2984155.030019104015082 ], [ 443255.662383922957815, 2984167.07432096125558 ], [ 443267.941232773649972, 2986877.901247586123645 ] ] ] } },
{ "type": "Feature", "properties": { "x_idx": 80384, "y_idx": 91328, "x": 8954753, "y": 3125049, "region": "uttar_pradesh" }, "geometry": { "type": "Polygon", "coordinates": [ [ [ 443278.998749445367139, 2989317.149058646522462 ], [ 446003.502269099757541, 2989305.090521615929902 ], [ 445991.806707317649852, 2986594.793627435807139 ], [ 443266.713002851000056, 2986606.844676949549466 ], [ 443278.998749445367139, 2989317.149058646522462 ] ] ] } },
{ "type": "Feature", "properties": { "x_idx": 80960, "y_idx": 90752, "x": 8957504, "y": 3127800, "region": "uttar_pradesh" }, "geometry": { "type": "Polygon", "coordinates": [ [ [ 445741.63763689895859, 2991745.040833827108145 ], [ 448465.60306399629917, 2991733.510034263599664 ], [ 448454.432399328390602, 2989023.742387871257961 ], [ 445729.876465726236347, 2989035.266040513291955 ], [ 445741.63763689895859, 2991745.040833827108145 ] ] ] } },
{ "type": "Feature", "properties": { "x_idx": 80384, "y_idx": 90752, "x": 8954753, "y": 3127800, "region": "uttar_pradesh" }, "geometry": { "type": "Polygon", "coordinates": [ [ [ 443290.062465966504533, 2991755.926297553814948 ], [ 446014.034504932817072, 2991743.861030650325119 ], [ 446002.332384864101186, 2989034.08696859003976 ], [ 443277.769830175733659, 2989046.144757336936891 ], [ 443290.062465966504533, 2991755.926297553814948 ] ] ] } },
{ "type": "Feature", "properties": { "x_idx": 80384, "y_idx": 90176, "x": 8954753, "y": 3130552, "region": "uttar_pradesh" }, "geometry": { "type": "Polygon", "coordinates": [ [ [ 443301.132374644163065, 2994194.23269775416702 ], [ 446024.572635493590496, 2994182.160709402523935 ], [ 446012.863965275289956, 2991472.909775652457029 ], [ 443288.832858204608783, 2991484.974295208696276 ], [ 443301.132374644163065, 2994194.23269775416702 ] ] ] } },
{ "type": "Feature", "properties": { "x_idx": 80384, "y_idx": 89600, "x": 8954753, "y": 3133304, "region": "uttar_pradesh" }, "geometry": { "type": "Polygon", "coordinates": [ [ [ 443312.208467784628738, 2996632.067993010859936 ], [ 446035.116653458098881, 2996619.989291636738926 ], [ 446023.401441227993928, 2993911.261782033834606 ], [ 443299.902079244784545, 2993923.333023973740637 ], [ 443312.208467784628738, 2996632.067993010859936 ] ] ] } },
{ "type": "Feature", "properties": { "x_idx": 80960, "y_idx": 89024, "x": 8957504, "y": 3136056, "region": "uttar_pradesh" }, "geometry": { "type": "Polygon", "coordinates": [ [ [ 445773.429304719669744, 2999058.52828392572701 ], [ 448495.79853154841112, 2999046.978237323928624 ], [ 448484.609132082783617, 2996338.780838917940855 ], [ 445761.648408485460095, 2996350.323765437118709 ], [ 445773.429304719669744, 2999058.52828392572701 ] ] ] } },
{ "type": "Feature", "properties": { "x_idx": 80384, "y_idx": 89024, "x": 8954753, "y": 3136056, "region": "uttar_pradesh" }, "geometry": { "type": "Polygon", "coordinates": [ [ [ 443323.290737693954725, 2999069.43191741546616 ], [ 446045.666551502014045, 2999057.346511443611234 ], [ 446033.944805398234166, 2996349.142721462994814 ], [ 443310.977485602663364, 2996361.22067736228928 ], [ 443323.290737693954725, 2999069.43191741546616 ] ] ] } },
{ "type": "Feature", "properties": { "x_idx": 80384, "y_idx": 88448, "x": 8954753, "y": 3138807, "region": "uttar_pradesh" }, "geometry": { "type": "Polygon", "coordinates": [ [ [ 443334.379176677437499, 3001506.324205382261425 ], [ 446056.222322300309315, 3001494.232103238813579 ], [ 446044.494050461682491, 2998786.55232799379155 ], [ 443322.059069584298413, 2998798.636989425867796 ], [ 443334.379176677437499, 3001506.324205382261425 ] ] ] } },
{ "type": "Feature", "properties": { "x_idx": 80384, "y_idx": 87872, "x": 8954753, "y": 3141559, "region": "uttar_pradesh" }, "geometry": { "type": "Polygon", "coordinates": [ [ [ 443345.473777039907873, 3003942.74459164403379 ], [ 446066.783958527608775, 3003930.645801756065339 ], [ 446055.049169093486853, 3001223.490336006507277 ], [ 443333.146823495102581, 3001235.581694546621293 ], [ 443345.473777039907873, 3003942.74459164403379 ] ] ] } },
{ "type": "Feature", "properties": { "x_idx": 80384, "y_idx": 87296, "x": 8954753, "y": 3144311, "region": "uttar_pradesh" }, "geometry": { "type": "Polygon", "coordinates": [ [ [ 443356.574531085847411, 3006378.692811262328178 ], [ 446077.351452857954428, 3006366.587342055980116 ], [ 446065.610153968213126, 3003659.956480200402439 ], [ 443344.240739639964886, 3003672.054527421947569 ], [ 443356.574531085847411, 3006378.692811262328178 ] ] ] } },
{ "type": "Feature", "properties": { "x_idx": 80960, "y_idx": 88448, "x": 8957504, "y": 3138807, "region": "uttar_pradesh" }, "geometry": { "type": "Polygon", "coordinates": [ [ [ 445784.038341915002093, 3001495.414530508685857 ], [ 448505.87490885599982, 3001483.858084332197905 ], [ 448494.679279995383695, 2998776.184692629612982 ], [ 445772.250887019268703, 2998787.734027671162039 ], [ 445784.038341915002093, 3001495.414530508685857 ] ] ] } },
{ "type": "Feature", "properties": { "x_idx": 81536, "y_idx": 88448, "x": 8960256, "y": 3138807, "region": "uttar_pradesh" }, "geometry": { "type": "Polygon", "coordinates": [ [ [ 448233.691571439150721, 3001484.986946419347078 ], [ 450955.521857691695914, 3001473.966148057021201 ], [ 450944.858863908448257, 2998766.298843280412257 ], [ 448222.436760422424413, 2998777.312860082369298 ], [ 448233.691571439150721, 3001484.986946419347078 ] ] ] } },
{ "type": "Feature", "properties": { "x_idx": 82112, "y_idx": 88448, "x": 8963008, "y": 3138807, "region": "uttar_pradesh" }, "geometry": { "type": "Polygon", "coordinates": [ [ [ 450683.339133444125764, 3001475.04144575772807 ], [ 453405.163437002454884, 3001464.556287434417754 ], [ 453395.033070771780331, 2998756.894772967323661 ], [ 450672.616958364029415, 2998767.373479303903878 ], [ 450683.339133444125764, 3001475.04144575772807 ] ] ] } },
{ "type": "Feature", "properties": { "x_idx": 81536, "y_idx": 87872, "x": 8960256, "y": 3141559, "region": "uttar_pradesh" }, "geometry": { "type": "Polygon", "coordinates": [ [ [ 448243.82684300217079, 3003921.395531719084829 ], [ 450965.124181339342613, 3003910.368638059590012 ], [ 450954.455261900380719, 3001203.225627087056637 ], [ 448232.565777474548668, 3001214.245747719891369 ], [ 448243.82684300217079, 3003921.395531719084829 ] ] ] } },
{ "type": "Feature", "properties": { "x_idx": 82112, "y_idx": 87872, "x": 8963008, "y": 3141559, "region": "uttar_pradesh" }, "geometry": { "type": "Polygon", "coordinates": [ [ [ 450692.99475149938371, 3003911.444530479144305 ], [ 453414.286114688380621, 3003900.953573080245405 ], [ 453404.150118771358393, 3001193.816345131024718 ], [ 450682.266617878107354, 3001204.300858661532402 ], [ 450692.99475149938371, 3003911.444530479144305 ] ] ] } },
{ "type": "Feature", "properties": { "x_idx": 80960, "y_idx": 87872, "x": 8957504, "y": 3141559, "region": "uttar_pradesh" }, "geometry": { "type": "Polygon", "coordinates": [ [ [ 445794.653274134325329, 3003931.828882988542318 ], [ 448515.956885238003451, 3003920.266045290976763 ], [ 448504.75503475201549, 3001213.116955052129924 ], [ 445782.859268757514656, 3001224.67269056243822 ], [ 445794.653274134325329, 3003931.828882988542318 ] ] ] } },
{ "type": "Feature", "properties": { "x_idx": 82688, "y_idx": 87872, "x": 8965760, "y": 3141559, "region": "uttar_pradesh" }, "geometry": { "type": "Polygon", "coordinates": [ [ [ 453142.157267481437884, 3003901.975872250739485 ], [ 455863.442953134013806, 3003892.020843716338277 ], [ 455853.839873589749914, 3001184.889102546498179 ], [ 453131.962058199685998, 3001194.838016372174025 ], [ 453142.157267481437884, 3003901.975872250739485 ] ] ] } },
{ "type": "Feature", "properties": { "x_idx": 82112, "y_idx": 87296, "x": 8963008, "y": 3144311, "region": "uttar_pradesh" }, "geometry": { "type": "Polygon", "coordinates": [ [ [ 450702.655725172196981, 3006347.375470357015729 ], [ 453423.413852412835695, 3006336.87872119108215 ], [ 453413.272233840252738, 3003630.266074155922979 ], [ 450691.921640451357234, 3003640.756387573201209 ], [ 450702.655725172196981, 3006347.375470357015729 ] ] ] } },
{ "type": "Feature", "properties": { "x_idx": 81536, "y_idx": 87296, "x": 8960256, "y": 3144311, "region": "uttar_pradesh" }, "geometry": { "type": "Polygon", "coordinates": [ [ [ 448253.967736204271205, 3006357.331965246237814 ], [ 450974.731831046636216, 3006346.298983968794346 ], [ 450964.056993352482095, 3003639.68056119652465 ], [ 448242.700423976988532, 3003650.706777980085462 ], [ 448253.967736204271205, 3006357.331965246237814 ] ] ] } },
{ "type": "Feature", "properties": { "x_idx": 82112, "y_idx": 86720, "x": 8963008, "y": 3147062, "region": "uttar_pradesh" }, "geometry": { "type": "Polygon", "coordinates": [ [ [ 450712.322047764842864, 3008782.834000775590539 ], [ 453432.546643847716041, 3008772.331467149779201 ], [ 453422.399409650708549, 3006066.243695065844804 ], [ 450701.582019386347383, 3006076.739801063202322 ], [ 450712.322047764842864, 3008782.834000775590539 ] ] ] } },
{ "type": "Feature", "properties": { "x_idx": 83264, "y_idx": 87296, "x": 8968511, "y": 3144311, "region": "uttar_pradesh" }, "geometry": { "type": "Polygon", "coordinates": [ [ [ 455600.015813507547136, 3006328.910301732830703 ], [ 458320.762897257925943, 3006319.485994973219931 ], [ 458311.687695855507627, 3003612.884011802263558 ], [ 455590.348161473579239, 3003622.302540301345289 ], [ 455600.015813507547136, 3006328.910301732830703 ] ] ] } },
{ "type": "Feature", "properties": { "x_idx": 83840, "y_idx": 87296, "x": 8971263, "y": 3144311, "region": "uttar_pradesh" }, "geometry": { "type": "Polygon", "coordinates": [ [ [ 458048.688447904540226, 3006320.401614983566105 ], [ 460769.430455768189859, 3006311.513519275467843 ], [ 460760.888453166349791, 3003604.916424232069403 ], [ 458039.554001802927814, 3003613.799070423003286 ], [ 458048.688447904540226, 3006320.401614983566105 ] ] ] } },
{ "type": "Feature", "properties": { "x_idx": 84416, "y_idx": 86720, "x": 8974015, "y": 3147062, "region": "uttar_pradesh" }, "geometry": { "type": "Polygon", "coordinates": [ [ [ 460505.102145588898566, 3008747.814761333633214 ], [ 463225.305870073090773, 3008739.458267853595316 ], [ 463217.29262554156594, 3006033.390614607837051 ], [ 460496.49613624002086, 3006041.741993774659932 ], [ 460505.102145588898566, 3008747.814761333633214 ] ] ] } },
{ "type": "Feature", "properties": { "x_idx": 83840, "y_idx": 86720, "x": 8971263, "y": 3147062, "region": "uttar_pradesh" }, "geometry": { "type": "Polygon", "coordinates": [ [ [ 458056.914254355127923, 3008755.845280821900815 ], [ 460777.122751445742324, 3008746.952287079766393 ], [ 460768.576018907013349, 3006040.88004736835137 ], [ 458047.774750284501351, 3006049.767598468344659 ], [ 458056.914254355127923, 3008755.845280821900815 ] ] ] } },
{ "type": "Feature", "properties": { "x_idx": 83264, "y_idx": 86720, "x": 8968511, "y": 3147062, "region": "uttar_pradesh" }, "geometry": { "type": "Polygon", "coordinates": [ [ [ 455608.721785758505575, 3008764.358656503260136 ], [ 458328.935352316882927, 3008754.929156234953552 ], [ 458319.855125748727005, 3006048.852034562267363 ], [ 455599.048780526325572, 3006058.275763859972358 ], [ 455608.721785758505575, 3008764.358656503260136 ] ] ] } },
{ "type": "Feature", "properties": { "x_idx": 83264, "y_idx": 86144, "x": 8968511, "y": 3149814, "region": "uttar_pradesh" }, "geometry": { "type": "Polygon", "coordinates": [ [ [ 455617.432569519849494, 3011199.334350374061614 ], [ 458337.11232404736802, 3011189.899663156829774 ], [ 458328.027078605722636, 3008484.34769666288048 ], [ 455607.754217792593408, 3008493.776620199438184 ], [ 455617.432569519849494, 3011199.334350374061614 ] ] ] } },
{ "type": "Feature", "properties": { "x_idx": 84416, "y_idx": 86144, "x": 8974015, "y": 3149814, "region": "uttar_pradesh" }, "geometry": { "type": "Polygon", "coordinates": [ [ [ 460512.852072835667059, 3011182.78135477937758 ], [ 463232.52199775155168, 3011174.420264554210007 ], [ 463224.504324064473622, 3008468.877754527144134 ], [ 460504.241306710289791, 3008477.233736898284405 ], [ 460512.852072835667059, 3011182.78135477937758 ] ] ] } },
{ "type": "Feature", "properties": { "x_idx": 83840, "y_idx": 86144, "x": 8971263, "y": 3149814, "region": "uttar_pradesh" }, "geometry": { "type": "Polygon", "coordinates": [ [ [ 458065.144606961112004, 3011190.816291683819145 ], [ 460784.81929844012484, 3011181.918406095355749 ], [ 460776.267841886961833, 3008476.371315395925194 ], [ 458056.000051254872233, 3008485.263765217736363 ], [ 458065.144606961112004, 3011190.816291683819145 ] ] ] } },
{ "type": "Feature", "properties": { "x_idx": 84416, "y_idx": 85568, "x": 8974015, "y": 3152566, "region": "uttar_pradesh" }, "geometry": { "type": "Polygon", "coordinates": [ [ [ 460520.606275515572634, 3013617.275034871418029 ], [ 463239.742106394551229, 3013608.909353716764599 ], [ 463231.720009104989003, 3010903.892280221916735 ], [ 460511.990758577594534, 3010912.252859984058887 ], [ 460520.606275515572634, 3013617.275034871418029 ] ] ] } },
{ "type": "Feature", "properties": { "x_idx": 83264, "y_idx": 85568, "x": 8968511, "y": 3152566, "region": "uttar_pradesh" }, "geometry": { "type": "Polygon", "coordinates": [ [ [ 455626.148158758645877, 3013633.837119379080832 ], [ 458345.293806786066853, 3013624.397251775953919 ], [ 458336.20354876347119, 3010919.370733775664121 ], [ 455616.464467239624355, 3010928.804844988975674 ], [ 455626.148158758645877, 3013633.837119379080832 ] ] ] } },
{ "type": "Feature", "properties": { "x_idx": 86144, "y_idx": 87296, "x": 8982270, "y": 3144311, "region": "uttar_pradesh" }, "geometry": { "type": "Polygon", "coordinates": [ [ [ 467843.335829040384851, 3006291.19271578034386 ], [ 470564.060505737899803, 3006284.449405416380614 ], [ 470557.651241878978908, 3003577.868904199916869 ], [ 467836.334146032168064, 3003584.608080018311739 ], [ 467843.335829040384851, 3006291.19271578034386 ] ] ] } },
{ "type": "Feature", "properties": { "x_idx": 84992, "y_idx": 87296, "x": 8976766, "y": 3144311, "region": "uttar_pradesh" }, "geometry": { "type": "Polygon", "coordinates": [ [ [ 462946.020234734460246, 3006304.832006625831127 ], [ 465666.752982539823279, 3006297.016314606182277 ], [ 465659.277359849540517, 3003590.428108213003725 ], [ 462937.9521815549233, 3003598.239008201751858 ], [ 462946.020234734460246, 3006304.832006625831127 ] ] ] } },
{ "type": "Feature", "properties": { "x_idx": 85568, "y_idx": 87296, "x": 8979518, "y": 3144311, "region": "uttar_pradesh" }, "geometry": { "type": "Polygon", "coordinates": [ [ [ 465394.679922195209656, 3006297.771074044518173 ], [ 468115.408485828433186, 3006290.491575417108834 ], [ 468108.466045000881422, 3003583.907369547523558 ], [ 465387.145056757261045, 3003591.182404885999858 ], [ 465394.679922195209656, 3006297.771074044518173 ] ] ] } },
{ "type": "Feature", "properties": { "x_idx": 85568, "y_idx": 86720, "x": 8979518, "y": 3147062, "region": "uttar_pradesh" }, "geometry": { "type": "Polygon", "coordinates": [ [ [ 465401.465264666592702, 3008733.202268651220948 ], [ 468121.660334528132807, 3008725.918758413754404 ], [ 468114.714049448433798, 3006019.859391614794731 ], [ 465393.926226945361122, 3006027.138444194104522 ], [ 465401.465264666592702, 3008733.202268651220948 ] ] ] } },
{ "type": "Feature", "properties": { "x_idx": 84992, "y_idx": 86720, "x": 8976766, "y": 3147062, "region": "uttar_pradesh" }, "geometry": { "type": "Polygon", "coordinates": [ [ [ 462953.28572663362138, 3008740.267092382535338 ], [ 465673.484975376108196, 3008732.447093278169632 ], [ 465666.005213205644395, 3006026.383731003385037 ], [ 462945.213205942534842, 3006034.198944122064859 ], [ 462953.28572663362138, 3008740.267092382535338 ] ] ] } },
{ "type": "Feature", "properties": { "x_idx": 86144, "y_idx": 86144, "x": 8982270, "y": 3149814, "region": "uttar_pradesh" }, "geometry": { "type": "Polygon", "coordinates": [ [ [ 467855.949709427310154, 3011161.57521990686655 ], [ 470575.607113574398682, 3011154.824481964576989 ], [ 470569.190756110358052, 3008449.293943222612143 ], [ 467848.940277163055725, 3008456.040557051077485 ], [ 467855.949709427310154, 3011161.57521990686655 ] ] ] } },
{ "type": "Feature", "properties": { "x_idx": 84992, "y_idx": 86144, "x": 8976766, "y": 3149814, "region": "uttar_pradesh" }, "geometry": { "type": "Polygon", "coordinates": [ [ [ 462960.555233978957403, 3011175.229534002952278 ], [ 465680.220688820525538, 3011167.405233254656196 ], [ 465672.736792353040073, 3008461.867008777335286 ], [ 462952.478251370193902, 3008469.686529585625976 ], [ 462960.555233978957403, 3011175.229534002952278 ] ] ] } },
{ "type": "Feature", "properties": { "x_idx": 85568, "y_idx": 86144, "x": 8979518, "y": 3149814, "region": "uttar_pradesh" }, "geometry": { "type": "Polygon", "coordinates": [ [ [ 465408.254357229918242, 3011168.16082403762266 ], [ 468127.915638481965289, 3011160.873307257890701 ], [ 468120.965513963543344, 3008455.33907320862636 ], [ 465400.711152449599467, 3008462.622137961909175 ], [ 465408.254357229918242, 3011168.16082403762266 ] ] ] } },
{ "type": "Feature", "properties": { "x_idx": 86144, "y_idx": 85568, "x": 8982270, "y": 3152566, "region": "uttar_pradesh" }, "geometry": { "type": "Polygon", "coordinates": [ [ [ 467862.261872358387336, 3013596.05725604435429 ], [ 470581.385198343778029, 3013589.302811354398727 ], [ 470574.965300743002445, 3010884.29769400274381 ], [ 467855.248572748154402, 3010891.048019795212895 ], [ 467862.261872358387336, 3013596.05725604435429 ] ] ] } },
{ "type": "Feature", "properties": { "x_idx": 84992, "y_idx": 85568, "x": 8976766, "y": 3152566, "region": "uttar_pradesh" }, "geometry": { "type": "Polygon", "coordinates": [ [ [ 462967.828751735622063, 3013609.71906752185896 ], [ 465686.960118208022323, 3013601.890470571350306 ], [ 465679.472092626907397, 3010896.877677205950022 ], [ 462959.747312803461682, 3010904.701500262599438 ], [ 462967.828751735622063, 3013609.71906752185896 ] ] ] } },
{ "type": "Feature", "properties": { "x_idx": 80960, "y_idx": 86720, "x": 8957504, "y": 3147062, "region": "uttar_pradesh" }, "geometry": { "type": "Polygon", "coordinates": [ [ [ 445815.900794192741159, 3008803.240846209228039 ], [ 448536.137607251817826, 3008791.665249631740153 ], [ 448524.923336826090235, 3006085.565645151305944 ], [ 445804.09371239709435, 3006097.134157439228147 ], [ 445815.900794192741159, 3008803.240846209228039 ] ] ] } },
{ "type": "Feature", "properties": { "x_idx": 81536, "y_idx": 86720, "x": 8960256, "y": 3147062, "region": "uttar_pradesh" }, "geometry": { "type": "Polygon", "coordinates": [ [ [ 448264.114244014956057, 3008792.795982380863279 ], [ 450984.344800152757671, 3008781.756921167019755 ], [ 450973.664051604340784, 3006075.66338063403964 ], [ 448252.840692899713758, 3006086.695685889106244 ], [ 448264.114244014956057, 3008792.795982380863279 ] ] ] } },
{ "type": "Feature", "properties": { "x_idx": 82688, "y_idx": 86720, "x": 8965760, "y": 3147062, "region": "uttar_pradesh" }, "geometry": { "type": "Polygon", "coordinates": [ [ [ 453160.524472621094901, 3008773.354894375894219 ], [ 455880.743405508925207, 3008763.38888093829155 ], [ 455871.129678513272665, 3006057.306581808254123 ], [ 453150.317959411651827, 3006067.266495945863426 ], [ 453160.524472621094901, 3008773.354894375894219 ] ] ] } },
{ "type": "Feature", "properties": { "x_idx": 82112, "y_idx": 86144, "x": 8963008, "y": 3149814, "region": "uttar_pradesh" }, "geometry": { "type": "Polygon", "coordinates": [ [ [ 450721.993712578958366, 3011217.819857439026237 ], [ 453441.684482664451934, 3011207.311546659562737 ], [ 453431.531639874679968, 3008501.748943209648132 ], [ 450711.247747985296883, 3008512.250834479462355 ], [ 450721.993712578958366, 3011217.819857439026237 ] ] ] } },
{ "type": "Feature", "properties": { "x_idx": 81536, "y_idx": 86144, "x": 8960256, "y": 3149814, "region": "uttar_pradesh" }, "geometry": { "type": "Polygon", "coordinates": [ [ [ 448274.266359403147362, 3011227.78731882898137 ], [ 450993.963081996364053, 3011216.742185359820724 ], [ 450983.276429995079525, 3008511.173820747062564 ], [ 448262.98657721222844, 3008522.21220679115504 ], [ 448274.266359403147362, 3011227.78731882898137 ] ] ] } },
{ "type": "Feature", "properties": { "x_idx": 82688, "y_idx": 86144, "x": 8965760, "y": 3149814, "region": "uttar_pradesh" }, "geometry": { "type": "Polygon", "coordinates": [ [ [ 453169.715693672420457, 3011208.335536845959723 ], [ 455889.400807734054979, 3011198.364041358698159 ], [ 455879.7817670055083, 3008492.806903948076069 ], [ 453159.503539107972756, 3008502.772307841107249 ], [ 453169.715693672420457, 3011208.335536845959723 ] ] ] } },
{ "type": "Feature", "properties": { "x_idx": 80960, "y_idx": 86144, "x": 8957504, "y": 3149814, "region": "uttar_pradesh" }, "geometry": { "type": "Polygon", "coordinates": [ [ [ 445826.533367304713465, 3011238.237928034272045 ], [ 448546.236338896036614, 3011226.655964098870754 ], [ 448535.015870156872552, 3008521.081543199252337 ], [ 445814.71975957241375, 3008532.656431795097888 ], [ 445826.533367304713465, 3011238.237928034272045 ] ] ] } },
{ "type": "Feature", "properties": { "x_idx": 82112, "y_idx": 85568, "x": 8963008, "y": 3152566, "region": "uttar_pradesh" }, "geometry": { "type": "Polygon", "coordinates": [ [ [ 450731.670712915889453, 3013652.332776379771531 ], [ 453450.82736253424082, 3013641.818695756606758 ], [ 453440.668918183771893, 3010936.781554256100208 ], [ 450720.918819550017361, 3010947.289223489817232 ], [ 450731.670712915889453, 3013652.332776379771531 ] ] ] } },
{ "type": "Feature", "properties": { "x_idx": 81536, "y_idx": 85568, "x": 8960256, "y": 3152566, "region": "uttar_pradesh" }, "geometry": { "type": "Polygon", "coordinates": [ [ [ 448284.424075337417889, 3013662.305710623040795 ], [ 451003.586669915879611, 3013651.254512580111623 ], [ 450992.89412186347181, 3010946.211617203895003 ], [ 448273.138069883454591, 3010957.256076357327402 ], [ 448284.424075337417889, 3013662.305710623040795 ] ] ] } },
{ "type": "Feature", "properties": { "x_idx": 82688, "y_idx": 85568, "x": 8965760, "y": 3152566, "region": "uttar_pradesh" }, "geometry": { "type": "Polygon", "coordinates": [ [ [ 453178.911985223647207, 3013642.843248191755265 ], [ 455898.062985989672597, 3013632.866277588997036 ], [ 455888.438638190447818, 3010927.834595213178545 ], [ 453168.69419637741521, 3010937.805481926072389 ], [ 453178.911985223647207, 3013642.843248191755265 ] ] ] } },
{ "type": "Feature", "properties": { "x_idx": 86720, "y_idx": 86720, "x": 8985022, "y": 3147062, "region": "uttar_pradesh" }, "geometry": { "type": "Polygon", "coordinates": [ [ [ 470297.813280402799137, 3008720.521137284114957 ], [ 473018.000883086118847, 3008714.310589767526835 ], [ 473012.121537880680989, 3006008.258327435236424 ], [ 470291.341193060972728, 3006014.465073948726058 ], [ 470297.813280402799137, 3008720.521137284114957 ] ] ] } },
{ "type": "Feature", "properties": { "x_idx": 86144, "y_idx": 86720, "x": 8982270, "y": 3147062, "region": "uttar_pradesh" }, "geometry": { "type": "Polygon", "coordinates": [ [ [ 467849.641026864876039, 3008726.620285164099187 ], [ 470569.832214705937076, 3008719.873258663807064 ], [ 470563.41940182261169, 3006013.817591845057905 ], [ 467842.635466801410075, 3006020.560489015653729 ], [ 467849.641026864876039, 3008726.620285164099187 ] ] ] } },
{ "type": "Feature", "properties": { "x_idx": 87296, "y_idx": 86720, "x": 8987773, "y": 3147062, "region": "uttar_pradesh" }, "geometry": { "type": "Polygon", "coordinates": [ [ [ 472745.982292455679271, 3008714.90482071461156 ], [ 475466.166606841376051, 3008709.230747806839645 ], [ 475460.820725171244703, 3006003.181594467256218 ], [ 472740.043673275271431, 3006008.852194698993117 ], [ 472745.982292455679271, 3008714.90482071461156 ] ] ] } },
{ "type": "Feature", "properties": { "x_idx": 87872, "y_idx": 86720, "x": 8990525, "y": 3147062, "region": "uttar_pradesh" }, "geometry": { "type": "Polygon", "coordinates": [ [ [ 475194.148330197494943, 3008709.771331499796361 ], [ 477914.32965314789908, 3008704.633729205001146 ], [ 477909.517231246340089, 3005998.587389363441616 ], [ 475188.74317499413155, 3006003.721847308799624 ], [ 475194.148330197494943, 3008709.771331499796361 ] ] ] } },
{ "type": "Feature", "properties": { "x_idx": 86720, "y_idx": 86144, "x": 8985022, "y": 3149814, "region": "uttar_pradesh" }, "geometry": { "type": "Polygon", "coordinates": [ [ [ 470303.641557407099754, 3011155.472716973628849 ], [ 473023.295380936120637, 3011149.258753116242588 ], [ 473017.412786007742397, 3008443.73161455988884 ], [ 470297.16589272255078, 3008449.941782216541469 ], [ 470303.641557407099754, 3011155.472716973628849 ] ] ] } },
{ "type": "Feature", "properties": { "x_idx": 87872, "y_idx": 86144, "x": 8990525, "y": 3149814, "region": "uttar_pradesh" }, "geometry": { "type": "Polygon", "coordinates": [ [ [ 475199.015808060532436, 3011144.716997856274247 ], [ 477918.663359808095265, 3011139.576569419819862 ], [ 477913.848277898679953, 3008434.055345872417092 ], [ 475193.607665229937993, 3008439.192633931990713 ], [ 475199.015808060532436, 3011144.716997856274247 ] ] ] } },
{ "type": "Feature", "properties": { "x_idx": 87296, "y_idx": 86144, "x": 8987773, "y": 3149814, "region": "uttar_pradesh" }, "geometry": { "type": "Polygon", "coordinates": [ [ [ 472751.330168006301392, 3011149.85331094218418 ], [ 475470.980707401351538, 3011144.176116793882102 ], [ 475465.631870865938254, 3008438.652083302848041 ], [ 472745.388266341004055, 3008444.325809161644429 ], [ 472751.330168006301392, 3011149.85331094218418 ] ] ] } },
{ "type": "Feature", "properties": { "x_idx": 86720, "y_idx": 85568, "x": 8985022, "y": 3152566, "region": "uttar_pradesh" }, "geometry": { "type": "Polygon", "coordinates": [ [ [ 470309.473049758991692, 3013589.951402303297073 ], [ 473028.592799666163046, 3013583.734026425052434 ], [ 473022.706959089206066, 3010878.732304958160967 ], [ 470302.993812216853257, 3010884.945889436174184 ], [ 470309.473049758991692, 3013589.951402303297073 ] ] ] } },
{ "type": "Feature", "properties": { "x_idx": 87872, "y_idx": 85568, "x": 8990525, "y": 3152566, "region": "uttar_pradesh" }, "geometry": { "type": "Polygon", "coordinates": [ [ [ 475203.885971229756251, 3013579.189777330961078 ], [ 477922.999457307218108, 3013574.046526328194886 ], [ 477918.181718724837992, 3010869.050712388940156 ], [ 475198.47484451753553, 3010874.190826985985041 ], [ 475203.885971229756251, 3013579.189777330961078 ] ] ] } },
{ "type": "Feature", "properties": { "x_idx": 87296, "y_idx": 85568, "x": 8987773, "y": 3152566, "region": "uttar_pradesh" }, "geometry": { "type": "Polygon", "coordinates": [ [ [ 472756.680993883695919, 3013584.328910717274994 ], [ 475475.797463820781559, 3013578.648599275387824 ], [ 475470.445676124596503, 3010873.649978946428746 ], [ 472750.735813848907128, 3010879.326826484873891 ], [ 472756.680993883695919, 3013584.328910717274994 ] ] ] } },
{ "type": "Feature", "properties": { "x_idx": 83840, "y_idx": 85568, "x": 8971263, "y": 3152566, "region": "uttar_pradesh" }, "geometry": { "type": "Polygon", "coordinates": [ [ [ 458073.379500022274442, 3013625.314383605029434 ], [ 460792.520091420796234, 3013616.411612358409911 ], [ 460783.963916776061524, 3010911.389963985420763 ], [ 458064.229899013997056, 3010920.287306340876967 ], [ 458073.379500022274442, 3013625.314383605029434 ] ] ] } },
{ "type": "Feature", "properties": { "x_idx": 82688, "y_idx": 84992, "x": 8965760, "y": 3155318, "region": "uttar_pradesh" }, "geometry": { "type": "Polygon", "coordinates": [ [ [ 453188.113340908661485, 3016076.877764761913568 ], [ 455906.729934279224835, 3016066.895325979683548 ], [ 455897.10028607212007, 3013362.389391600620002 ], [ 453177.889924854214769, 3013372.365754199679941 ], [ 453188.113340908661485, 3016076.877764761913568 ] ] ] } },
{ "type": "Feature", "properties": { "x_idx": 84416, "y_idx": 84992, "x": 8974015, "y": 3155318, "region": "uttar_pradesh" }, "geometry": { "type": "Polygon", "coordinates": [ [ [ 460528.3647482607048, 3016051.295537962112576 ], [ 463246.966191004030406, 3016042.925271692220122 ], [ 463238.939675665460527, 3013338.433927691541612 ], [ 460519.744486474432051, 3013346.799099029507488 ], [ 460528.3647482607048, 3016051.295537962112576 ] ] ] } },
{ "type": "Feature", "properties": { "x_idx": 83840, "y_idx": 84992, "x": 8971263, "y": 3155318, "region": "uttar_pradesh" }, "geometry": { "type": "Polygon", "coordinates": [ [ [ 458081.618927837815136, 3016059.33929293602705 ], [ 460800.225125056749675, 3016050.431642219889909 ], [ 460791.664238243654836, 3013345.935729134827852 ], [ 458072.464287861599587, 3013354.837957835756242 ], [ 458081.618927837815136, 3016059.33929293602705 ] ] ] } },
{ "type": "Feature", "properties": { "x_idx": 83264, "y_idx": 84992, "x": 8968511, "y": 3155318, "region": "uttar_pradesh" }, "geometry": { "type": "Polygon", "coordinates": [ [ [ 455634.868547441379633, 3016067.86669986974448 ], [ 458353.479794869315811, 3016058.421658441890031 ], [ 458344.384530558716506, 3013353.920881897676736 ], [ 455625.179522834427189, 3013363.3601742265746 ], [ 455634.868547441379633, 3016067.86669986974448 ] ] ] } },
{ "type": "Feature", "properties": { "x_idx": 83840, "y_idx": 84416, "x": 8971263, "y": 3158069, "region": "uttar_pradesh" }, "geometry": { "type": "Polygon", "coordinates": [ [ [ 458089.862884706817567, 3018492.890756351873279 ], [ 460807.934394016861916, 3018483.978232355322689 ], [ 460799.368800958967768, 3015780.008347161114216 ], [ 458080.703212097054347, 3015788.915456019341946 ], [ 458089.862884706817567, 3018492.890756351873279 ] ] ] } },
{ "type": "Feature", "properties": { "x_idx": 84416, "y_idx": 84416, "x": 8974015, "y": 3158069, "region": "uttar_pradesh" }, "geometry": { "type": "Polygon", "coordinates": [ [ [ 460536.127485702862032, 3018484.842600726522505 ], [ 463254.19424658146454, 3018476.467755157966167 ], [ 463246.163318747654557, 3015772.502433252986521 ], [ 460527.502485032950062, 3015780.872190352529287 ], [ 460536.127485702862032, 3018484.842600726522505 ] ] ] } },
{ "type": "Feature", "properties": { "x_idx": 83264, "y_idx": 84416, "x": 8968511, "y": 3158069, "region": "uttar_pradesh" }, "geometry": { "type": "Polygon", "coordinates": [ [ [ 455643.59372953424463, 3018501.422828521579504 ], [ 458361.670282633043826, 3018491.972619831096381 ], [ 458352.570018327794969, 3015787.997877345886081 ], [ 455633.899378543545026, 3015797.442344228737056 ], [ 455643.59372953424463, 3018501.422828521579504 ] ] ] } },
{ "type": "Feature", "properties": { "x_idx": 84416, "y_idx": 83840, "x": 8974015, "y": 3160821, "region": "uttar_pradesh" }, "geometry": { "type": "Polygon", "coordinates": [ [ [ 460543.894482473551761, 3020917.915960167068988 ], [ 463261.426268128154334, 3020909.536541115026921 ], [ 463253.390933353337459, 3018206.097533546853811 ], [ 460535.264748885005247, 3018214.47187059186399 ], [ 460543.894482473551761, 3020917.915960167068988 ] ] ] } },
{ "type": "Feature", "properties": { "x_idx": 83264, "y_idx": 83840, "x": 8968511, "y": 3160821, "region": "uttar_pradesh" }, "geometry": { "type": "Polygon", "coordinates": [ [ [ 455652.323699003027286, 3020934.505242334678769 ], [ 458369.865264412946999, 3020925.049872945062816 ], [ 458360.760006406751927, 3018221.601456759963185 ], [ 455642.624028333229944, 3018231.051091633737087 ], [ 455652.323699003027286, 3020934.505242334678769 ] ] ] } },
{ "type": "Feature", "properties": { "x_idx": 85568, "y_idx": 85568, "x": 8979518, "y": 3152566, "region": "uttar_pradesh" }, "geometry": { "type": "Polygon", "coordinates": [ [ [ 465415.047195183113217, 3013602.646476238500327 ], [ 468134.17439335770905, 3013595.354957983829081 ], [ 468127.220434214221314, 3010890.346149999648333 ], [ 465407.499828568194062, 3010897.633221858646721 ], [ 465415.047195183113217, 3013602.646476238500327 ] ] ] } },
{ "type": "Feature", "properties": { "x_idx": 85568, "y_idx": 84992, "x": 8979518, "y": 3155318, "region": "uttar_pradesh" }, "geometry": { "type": "Polygon", "coordinates": [ [ [ 465421.843773823929951, 3016036.65896160621196 ], [ 468140.43659482273506, 3016029.363446945790201 ], [ 468133.478805868129712, 3013324.880357985850424 ], [ 465414.292250599246472, 3013332.171431882772595 ], [ 465421.843773823929951, 3016036.65896160621196 ] ] ] } },
{ "type": "Feature", "properties": { "x_idx": 86144, "y_idx": 84992, "x": 8982270, "y": 3155318, "region": "uttar_pradesh" }, "geometry": { "type": "Polygon", "coordinates": [ [ [ 467868.577511288574897, 3016030.066129928920418 ], [ 470587.166465014161076, 3016023.307983187492937 ], [ 470580.743031720921863, 3013318.828580186702311 ], [ 467861.560349187406246, 3013325.582613247446716 ], [ 467868.577511288574897, 3016030.066129928920418 ] ] ] } },
{ "type": "Feature", "properties": { "x_idx": 84992, "y_idx": 84992, "x": 8976766, "y": 3155318, "region": "uttar_pradesh" }, "geometry": { "type": "Polygon", "coordinates": [ [ [ 462975.10627486865269, 3016043.7354292916134 ], [ 465693.703258873254526, 3016035.902541581075639 ], [ 465686.211109362193383, 3013331.415472288616002 ], [ 462967.020385207550135, 3013339.24359215144068 ], [ 462975.10627486865269, 3016043.7354292916134 ] ] ] } },
{ "type": "Feature", "properties": { "x_idx": 84992, "y_idx": 84416, "x": 8976766, "y": 3158069, "region": "uttar_pradesh" }, "geometry": { "type": "Polygon", "coordinates": [ [ [ 462982.387798342504539, 3018477.278355987742543 ], [ 465700.450106150587089, 3018469.441182959359139 ], [ 465692.953837893670425, 3015765.480130341369659 ], [ 462974.297463547438383, 3015773.312541569117457 ], [ 462982.387798342504539, 3018477.278355987742543 ] ] ] } },
{ "type": "Feature", "properties": { "x_idx": 85568, "y_idx": 84416, "x": 8979518, "y": 3158069, "region": "uttar_pradesh" }, "geometry": { "type": "Polygon", "coordinates": [ [ [ 465428.644088449713308, 3018470.198016816750169 ], [ 468146.702238544181455, 3018462.898510819301009 ], [ 468139.740624592755921, 3015758.941433486994356 ], [ 465421.088413840334397, 3015766.236504352185875 ], [ 465428.644088449713308, 3018470.198016816750169 ] ] ] } },
{ "type": "Feature", "properties": { "x_idx": 86144, "y_idx": 84416, "x": 8982270, "y": 3158069, "region": "uttar_pradesh" }, "geometry": { "type": "Polygon", "coordinates": [ [ [ 467874.8966218479909, 3018463.601578237023205 ], [ 470592.950909585459158, 3018456.839734139386564 ], [ 470586.523945044260472, 3015752.886338090989739 ], [ 467867.87560211122036, 3015759.644073725212365 ], [ 467874.8966218479909, 3018463.601578237023205 ] ] ] } },
{ "type": "Feature", "properties": { "x_idx": 86144, "y_idx": 83840, "x": 8982270, "y": 3160821, "region": "uttar_pradesh" }, "geometry": { "type": "Polygon", "coordinates": [ [ [ 467881.219199666578788, 3020896.663337971549481 ], [ 470598.738528057350777, 3020889.897801212500781 ], [ 470592.308036712987814, 3018186.470704356674105 ], [ 467874.194327149889432, 3018193.232137869112194 ], [ 467881.219199666578788, 3020896.663337971549481 ] ] ] } },
{ "type": "Feature", "properties": { "x_idx": 85568, "y_idx": 83840, "x": 8979518, "y": 3160821, "region": "uttar_pradesh" }, "geometry": { "type": "Polygon", "coordinates": [ [ [ 465435.448134357575327, 3020903.263378873001784 ], [ 468152.971320188895334, 3020895.959886607248336 ], [ 468146.005886055179872, 3018192.529113141819835 ], [ 465427.88831358886091, 3018199.828175907954574 ], [ 465435.448134357575327, 3020903.263378873001784 ] ] ] } },
{ "type": "Feature", "properties": { "x_idx": 84992, "y_idx": 83840, "x": 8976766, "y": 3160821, "region": "uttar_pradesh" }, "geometry": { "type": "Polygon", "coordinates": [ [ [ 462989.673317121632863, 3020910.347584612667561 ], [ 465707.20065537415212, 3020902.506131708156317 ], [ 465699.700273555645254, 3018199.071388005744666 ], [ 462981.57854278763989, 3018206.908085156232119 ], [ 462989.673317121632863, 3020910.347584612667561 ] ] ] } },
{ "type": "Feature", "properties": { "x_idx": 82112, "y_idx": 84992, "x": 8963008, "y": 3155318, "region": "uttar_pradesh" }, "geometry": { "type": "Polygon", "coordinates": [ [ [ 450741.353042076632846, 3016086.372493950184435 ], [ 453459.975277127698064, 3016075.85265079094097 ], [ 453449.811238249007147, 3013371.34126420179382 ], [ 450730.595227381912991, 3013381.854704092256725 ], [ 450741.353042076632846, 3016086.372493950184435 ] ] ] } },
{ "type": "Feature", "properties": { "x_idx": 80960, "y_idx": 84992, "x": 8957504, "y": 3155318, "region": "uttar_pradesh" }, "geometry": { "type": "Polygon", "coordinates": [ [ [ 445847.816102872777265, 3016106.812972269020975 ], [ 448566.450508486595936, 3016095.218297782354057 ], [ 448555.21766643592855, 3013390.695123641286045 ], [ 445835.989467815088574, 3013402.282740688882768 ], [ 445847.816102872777265, 3016106.812972269020975 ] ] ] } },
{ "type": "Feature", "properties": { "x_idx": 81536, "y_idx": 84992, "x": 8960256, "y": 3155318, "region": "uttar_pradesh" }, "geometry": { "type": "Polygon", "coordinates": [ [ [ 448294.587384785874747, 3016096.350894113536924 ], [ 451013.215557249088306, 3016085.293639179319143 ], [ 451002.517120547941886, 3013380.77650600252673 ], [ 448283.295163882081397, 3013391.827030582353473 ], [ 448294.587384785874747, 3016096.350894113536924 ] ] ] } },
{ "type": "Feature", "properties": { "x_idx": 82112, "y_idx": 84416, "x": 8963008, "y": 3158069, "region": "uttar_pradesh" }, "geometry": { "type": "Polygon", "coordinates": [ [ [ 450751.040693361719605, 3018519.938746823463589 ], [ 453469.128220115206204, 3018509.413148438092321 ], [ 453458.958593741292134, 3015805.427809364162385 ], [ 450740.276964781980496, 3015815.947012601885945 ], [ 450751.040693361719605, 3018519.938746823463589 ] ] ] } },
{ "type": "Feature", "properties": { "x_idx": 81536, "y_idx": 84416, "x": 8960256, "y": 3158069, "region": "uttar_pradesh" }, "geometry": { "type": "Polygon", "coordinates": [ [ [ 448304.756280716159381, 3018529.922605974134058 ], [ 451022.849737333599478, 3018518.859301830176264 ], [ 451012.145419386448339, 3015814.868223457597196 ], [ 448293.457852176215965, 3015825.924805782735348 ], [ 448304.756280716159381, 3018529.922605974134058 ] ] ] } },
{ "type": "Feature", "properties": { "x_idx": 82688, "y_idx": 84416, "x": 8965760, "y": 3158069, "region": "uttar_pradesh" }, "geometry": { "type": "Polygon", "coordinates": [ [ [ 453197.319754360709339, 3018510.438823232427239 ], [ 455915.401646605983842, 3018500.450923205818981 ], [ 455905.766704654088244, 3015796.471029426902533 ], [ 453187.090718172024935, 3015806.452860976569355 ], [ 453197.319754360709339, 3018510.438823232427239 ] ] ] } },
{ "type": "Feature", "properties": { "x_idx": 80960, "y_idx": 84416, "x": 8957504, "y": 3158069, "region": "uttar_pradesh" }, "geometry": { "type": "Polygon", "coordinates": [ [ [ 445858.46625059901271, 3018540.390407701488584 ], [ 448576.56593244272517, 3018528.789390022866428 ], [ 448565.326915394922253, 3015824.79227834707126 ], [ 445846.633114153635688, 3015836.386247538030148 ], [ 445858.46625059901271, 3018540.390407701488584 ] ] ] } },
{ "type": "Feature", "properties": { "x_idx": 82112, "y_idx": 83840, "x": 8963008, "y": 3160821, "region": "uttar_pradesh" }, "geometry": { "type": "Polygon", "coordinates": [ [ [ 450760.733660071273334, 3020953.031272001098841 ], [ 453478.286185166798532, 3020942.499925698619336 ], [ 453468.110978330951184, 3018239.040926381479949 ], [ 450749.964025050750934, 3018249.565885657910258 ], [ 450760.733660071273334, 3020953.031272001098841 ] ] ] } },
{ "type": "Feature", "properties": { "x_idx": 81536, "y_idx": 83840, "x": 8960256, "y": 3160821, "region": "uttar_pradesh" }, "geometry": { "type": "Polygon", "coordinates": [ [ [ 448314.930756095680408, 3020963.020583205390722 ], [ 451032.489203506556805, 3020951.951237536035478 ], [ 451021.779011716484092, 3018248.486506208311766 ], [ 448303.626127733616158, 3018259.549138596281409 ], [ 448314.930756095680408, 3020963.020583205390722 ] ] ] } },
{ "type": "Feature", "properties": { "x_idx": 82688, "y_idx": 83840, "x": 8965760, "y": 3160821, "region": "uttar_pradesh" }, "geometry": { "type": "Polygon", "coordinates": [ [ [ 453206.53121921280399, 3020943.526160603389144 ], [ 455924.078116972697899, 3020933.532806268893182 ], [ 455914.437887939508073, 3018230.079245332162827 ], [ 453196.296569964382797, 3018240.066538896411657 ], [ 453206.53121921280399, 3020943.526160603389144 ] ] ] } },
{ "type": "Feature", "properties": { "x_idx": 83840, "y_idx": 83840, "x": 8971263, "y": 3160821, "region": "uttar_pradesh" }, "geometry": { "type": "Polygon", "coordinates": [ [ [ 458098.111364928015973, 3020925.968510855454952 ], [ 460815.647892969544046, 3020917.051119767129421 ], [ 460807.077599590818863, 3018213.607554704882205 ], [ 458088.946666019503027, 3018222.519537531770766 ], [ 458098.111364928015973, 3020925.968510855454952 ] ] ] } },
{ "type": "Feature", "properties": { "x_idx": 83264, "y_idx": 83264, "x": 8968511, "y": 3163573, "region": "uttar_pradesh" }, "geometry": { "type": "Polygon", "coordinates": [ [ [ 455661.058449813339394, 3023367.113678632769734 ], [ 458378.064734544372186, 3023357.653155106585473 ], [ 458368.954489131225273, 3020654.731357103679329 ], [ 455651.353466169384774, 3020664.186153406277299 ], [ 455661.058449813339394, 3023367.113678632769734 ] ] ] } },
{ "type": "Feature", "properties": { "x_idx": 84416, "y_idx": 83264, "x": 8974015, "y": 3163573, "region": "uttar_pradesh" }, "geometry": { "type": "Polygon", "coordinates": [ [ [ 460551.665733204048593, 3023350.51535360654816 ], [ 463268.66225064516766, 3023342.131366887129843 ], [ 463260.622514483635314, 3020639.218965537380427 ], [ 460543.031272662105039, 3020647.59787671174854 ], [ 460551.665733204048593, 3023350.51535360654816 ] ] ] } },
{ "type": "Feature", "properties": { "x_idx": 83840, "y_idx": 83264, "x": 8971263, "y": 3163573, "region": "uttar_pradesh" }, "geometry": { "type": "Polygon", "coordinates": [ [ [ 458106.364362799620721, 3023358.572293768636882 ], [ 460823.365616583090741, 3023349.650041778106242 ], [ 460814.790628807619214, 3020646.733088730368763 ], [ 458097.19464392750524, 3020655.649939335882664 ], [ 458106.364362799620721, 3023358.572293768636882 ] ] ] } },
{ "type": "Feature", "properties": { "x_idx": 82688, "y_idx": 83264, "x": 8965760, "y": 3163573, "region": "uttar_pradesh" }, "geometry": { "type": "Polygon", "coordinates": [ [ [ 453215.747729097725824, 3023376.139514198061079 ], [ 455932.759339381882455, 3023366.140712491702288 ], [ 455923.113829931244254, 3020663.213776279240847 ], [ 453205.507473864301573, 3020673.206524922512472 ], [ 453215.747729097725824, 3023376.139514198061079 ] ] ] } },
{ "type": "Feature", "properties": { "x_idx": 83840, "y_idx": 82688, "x": 8971263, "y": 3166325, "region": "uttar_pradesh" }, "geometry": { "type": "Polygon", "coordinates": [ [ [ 458114.621872619842179, 3025790.70184273738414 ], [ 460831.087559525214601, 3025781.774736034218222 ], [ 460822.507883277663495, 3023079.384686524514109 ], [ 458105.447140119562391, 3023088.30639872001484 ], [ 458114.621872619842179, 3025790.70184273738414 ] ] ] } },
{ "type": "Feature", "properties": { "x_idx": 83264, "y_idx": 82688, "x": 8968511, "y": 3166325, "region": "uttar_pradesh" }, "geometry": { "type": "Polygon", "coordinates": [ [ [ 455669.797975930327084, 3025799.247875060886145 ], [ 458386.268687362316996, 3025789.782203960232437 ], [ 458377.153460836678278, 3023087.387315664906055 ], [ 455660.087686017563101, 3023096.847266834229231 ], [ 455669.797975930327084, 3025799.247875060886145 ] ] ] } },
{ "type": "Feature", "properties": { "x_idx": 84416, "y_idx": 82688, "x": 8974015, "y": 3166325, "region": "uttar_pradesh" }, "geometry": { "type": "Polygon", "coordinates": [ [ [ 460559.441232525161467, 3025782.640518690925092 ], [ 463275.902189133223146, 3025774.25197011930868 ], [ 463267.858057139674202, 3023071.866466512903571 ], [ 460550.802050995524041, 3023080.249946000985801 ], [ 460559.441232525161467, 3025782.640518690925092 ] ] ] } },
{ "type": "Feature", "properties": { "x_idx": 83264, "y_idx": 82112, "x": 8968511, "y": 3169076, "region": "uttar_pradesh" }, "geometry": { "type": "Polygon", "coordinates": [ [ [ 455678.542271318845451, 3028230.907569588627666 ], [ 458394.477117201546207, 3028221.43675747839734 ], [ 458385.35691585810855, 3025519.569070055149496 ], [ 455668.826681842911057, 3025529.034169527236372 ], [ 455678.542271318845451, 3028230.907569588627666 ] ] ] } },
{ "type": "Feature", "properties": { "x_idx": 83840, "y_idx": 82112, "x": 8971263, "y": 3169076, "region": "uttar_pradesh" }, "geometry": { "type": "Polygon", "coordinates": [ [ [ 458122.883888686308637, 3028222.35689573129639 ], [ 460838.813716463686433, 3028213.424940505996346 ], [ 460830.229357668897137, 3025511.562085699755698 ], [ 458113.704148893710226, 3025520.488653295207769 ], [ 458122.883888686308637, 3028222.35689573129639 ] ] ] } },
{ "type": "Feature", "properties": { "x_idx": 81536, "y_idx": 83264, "x": 8960256, "y": 3163573, "region": "uttar_pradesh" }, "geometry": { "type": "Polygon", "coordinates": [ [ [ 448325.110803891264368, 3023395.644563128706068 ], [ 451042.133949104696512, 3023384.569183616898954 ], [ 451031.41789087530924, 3020681.631091217976063 ], [ 448313.799983521574177, 3020692.69976598629728 ], [ 448325.110803891264368, 3023395.644563128706068 ] ] ] } },
{ "type": "Feature", "properties": { "x_idx": 80960, "y_idx": 83264, "x": 8957504, "y": 3163573, "region": "uttar_pradesh" }, "geometry": { "type": "Polygon", "coordinates": [ [ [ 445879.784069108136464, 3023406.1237901924178 ], [ 448596.813423698185943, 3023394.510110299102962 ], [ 448585.562079975439701, 3020691.565999922342598 ], [ 445867.937954439606983, 3020703.17264923080802 ], [ 445879.784069108136464, 3023406.1237901924178 ] ] ] } },
{ "type": "Feature", "properties": { "x_idx": 82112, "y_idx": 83264, "x": 8963008, "y": 3163573, "region": "uttar_pradesh" }, "geometry": { "type": "Polygon", "coordinates": [ [ [ 450770.431935505068395, 3023385.649806804023683 ], [ 453487.449165952042677, 3023375.112719894386828 ], [ 453477.268385688075796, 3020672.180352217052132 ], [ 450759.656401488464326, 3020682.711060223635286 ], [ 450770.431935505068395, 3023385.649806804023683 ] ] ] } },
{ "type": "Feature", "properties": { "x_idx": 80960, "y_idx": 82688, "x": 8957504, "y": 3166325, "region": "uttar_pradesh" }, "geometry": { "type": "Polygon", "coordinates": [ [ [ 445890.451725158665795, 3025838.279212215915322 ], [ 448606.945477004919667, 3025826.659213300328702 ], [ 448595.687981605296955, 3023124.242041040677577 ], [ 445878.599133655545302, 3023135.855018323753029 ], [ 445890.451725158665795, 3025838.279212215915322 ] ] ] } },
{ "type": "Feature", "properties": { "x_idx": 81536, "y_idx": 82688, "x": 8960256, "y": 3166325, "region": "uttar_pradesh" }, "geometry": { "type": "Polygon", "coordinates": [ [ [ 448335.296417069504969, 3025827.794283389579505 ], [ 451051.783967464463785, 3025816.712877717800438 ], [ 451041.062050199718215, 3023114.301715773064643 ], [ 448323.979412507207599, 3023125.376425238326192 ], [ 448335.296417069504969, 3025827.794283389579505 ] ] ] } },
{ "type": "Feature", "properties": { "x_idx": 82112, "y_idx": 82688, "x": 8963008, "y": 3166325, "region": "uttar_pradesh" }, "geometry": { "type": "Polygon", "coordinates": [ [ [ 450780.135512962588109, 3025817.794088878203183 ], [ 453496.617156140331645, 3025807.251268670894206 ], [ 453486.430809482175391, 3023104.845824158750474 ], [ 450769.354087394895032, 3023115.382273584138602 ], [ 450780.135512962588109, 3025817.794088878203183 ] ] ] } },
{ "type": "Feature", "properties": { "x_idx": 82688, "y_idx": 82688, "x": 8965760, "y": 3166325, "region": "uttar_pradesh" }, "geometry": { "type": "Polygon", "coordinates": [ [ [ 453224.969277647673152, 3025808.278621661476791 ], [ 455941.445307835703716, 3025798.274379518814385 ], [ 455931.794524631928653, 3023095.874359556939453 ], [ 453214.723423504387029, 3023105.872556342277676 ], [ 453224.969277647673152, 3025808.278621661476791 ] ] ] } },
{ "type": "Feature", "properties": { "x_idx": 81536, "y_idx": 82112, "x": 8960256, "y": 3169076, "region": "uttar_pradesh" }, "geometry": { "type": "Polygon", "coordinates": [ [ [ 448345.487588596530259, 3028259.46948195528239 ], [ 451061.439251921838149, 3028248.382057807873935 ], [ 451050.711483026156202, 3025546.498117484617978 ], [ 448334.164407656935509, 3025557.578853962942958 ], [ 448345.487588596530259, 3028259.46948195528239 ] ] ] } },
{ "type": "Feature", "properties": { "x_idx": 82112, "y_idx": 82112, "x": 8963008, "y": 3169076, "region": "uttar_pradesh" }, "geometry": { "type": "Polygon", "coordinates": [ [ [ 450789.844385742908344, 3028249.463856191374362 ], [ 453505.790149400592782, 3028238.915309997275472 ], [ 453495.598243382759392, 3025537.037079816684127 ], [ 450779.057076069584582, 3025547.579263352323323 ], [ 450789.844385742908344, 3028249.463856191374362 ] ] ] } },
{ "type": "Feature", "properties": { "x_idx": 80960, "y_idx": 82112, "x": 8957504, "y": 3169076, "region": "uttar_pradesh" }, "geometry": { "type": "Polygon", "coordinates": [ [ [ 445901.125202584313229, 3028269.960105274338275 ], [ 448617.083059435302857, 3028258.333795393817127 ], [ 448605.819420133018866, 3025556.443852419033647 ], [ 445889.266142431879416, 3025568.063149618916214 ], [ 445901.125202584313229, 3028269.960105274338275 ] ] ] } },
{ "type": "Feature", "properties": { "x_idx": 91328, "y_idx": 88448, "x": 9007036, "y": 3138807, "region": "uttar_pradesh" }, "geometry": { "type": "Polygon", "coordinates": [ [ [ 489877.148187148908619, 3001381.472096681594849 ], [ 492598.9172941755387, 3001379.556429929565638 ], [ 492597.308252133661881, 2998671.947220772970468 ], [ 489874.947413605055772, 2998673.861708682961762 ], [ 489877.148187148908619, 3001381.472096681594849 ] ] ] } },
{ "type": "Feature", "properties": { "x_idx": 90752, "y_idx": 87872, "x": 9004284, "y": 3141559, "region": "uttar_pradesh" }, "geometry": { "type": "Polygon", "coordinates": [ [ [ 487430.016274672700092, 3003820.057553401682526 ], [ 490151.253724283422343, 3003817.604963853489608 ], [ 490149.110933785443194, 3001110.518932237289846 ], [ 487427.281422119762283, 3001112.97001527203247 ], [ 487430.016274672700092, 3003820.057553401682526 ] ] ] } },
{ "type": "Feature", "properties": { "x_idx": 91328, "y_idx": 87872, "x": 9007036, "y": 3141559, "region": "uttar_pradesh" }, "geometry": { "type": "Polygon", "coordinates": [ [ [ 489879.130045225319918, 3003817.823429618496448 ], [ 492600.366281499329489, 3003815.906703317537904 ], [ 492598.75634524092311, 3001108.821714866440743 ], [ 489876.928048614296131, 3001110.737263808958232 ], [ 489879.130045225319918, 3003817.823429618496448 ] ] ] } },
{ "type": "Feature", "properties": { "x_idx": 91328, "y_idx": 87296, "x": 9007036, "y": 3144311, "region": "uttar_pradesh" }, "geometry": { "type": "Polygon", "coordinates": [ [ [ 489881.113002611149568, 3006253.702682919800282 ], [ 492601.816072557121515, 3006251.784898405428976 ], [ 492600.205243198841345, 3003545.224425051826984 ], [ 489878.909784460323863, 3003547.141033691354096 ], [ 489881.113002611149568, 3006253.702682919800282 ] ] ] } },
{ "type": "Feature", "properties": { "x_idx": 90752, "y_idx": 87296, "x": 9004284, "y": 3144311, "region": "uttar_pradesh" }, "geometry": { "type": "Polygon", "coordinates": [ [ [ 487432.47908321605064, 3006255.938040148932487 ], [ 490153.183364966418594, 3006253.484096541069448 ], [ 490151.039385772659443, 3003546.922581336926669 ], [ 487429.74271352723008, 3003549.375020328909159 ], [ 487432.47908321605064, 3006255.938040148932487 ] ] ] } },
{ "type": "Feature", "properties": { "x_idx": 90176, "y_idx": 87296, "x": 9001532, "y": 3144311, "region": "uttar_pradesh" }, "geometry": { "type": "Polygon", "coordinates": [ [ [ 484983.843790822720621, 3006258.655942214187235 ], [ 487704.5495816123439, 3006255.665837781038135 ], [ 487701.872451071685646, 3003549.102984859608114 ], [ 484980.574267666903324, 3003552.091255935840309 ], [ 484983.843790822720621, 3006258.655942214187235 ] ] ] } },
{ "type": "Feature", "properties": { "x_idx": 91328, "y_idx": 86720, "x": 9007036, "y": 3147062, "region": "uttar_pradesh" }, "geometry": { "type": "Polygon", "coordinates": [ [ [ 489883.097057931765448, 3008689.109591972548515 ], [ 492603.266666343959514, 3008687.190750579349697 ], [ 492601.654945002519526, 3005981.155086357146502 ], [ 489880.892619768565055, 3005983.072753358632326 ], [ 489883.097057931765448, 3008689.109591972548515 ] ] ] } },
{ "type": "Feature", "properties": { "x_idx": 90176, "y_idx": 86720, "x": 9001532, "y": 3147062, "region": "uttar_pradesh" }, "geometry": { "type": "Polygon", "coordinates": [ [ [ 484986.788081565056928, 3008694.065580970607698 ], [ 487706.960407380305696, 3008691.073828714434057 ], [ 487704.281794403796084, 3005985.035787926521152 ], [ 484983.51674794399878, 3005988.025709138717502 ], [ 484986.788081565056928, 3008694.065580970607698 ] ] ] } },
{ "type": "Feature", "properties": { "x_idx": 90752, "y_idx": 86720, "x": 9004284, "y": 3147062, "region": "uttar_pradesh" }, "geometry": { "type": "Polygon", "coordinates": [ [ [ 487434.943255379446782, 3008691.346181090921164 ], [ 490155.114074063661974, 3008688.890885131899267 ], [ 490152.968907660455443, 3005982.854180374182761 ], [ 487432.205370451847557, 3005985.307973615359515 ], [ 487434.943255379446782, 3008691.346181090921164 ] ] ] } },
{ "type": "Feature", "properties": { "x_idx": 90176, "y_idx": 86144, "x": 9001532, "y": 3149814, "region": "uttar_pradesh" }, "geometry": { "type": "Polygon", "coordinates": [ [ [ 484989.733999572752509, 3011129.00260773813352 ], [ 487709.372565577272326, 3011126.009209739044309 ], [ 487706.692472021037247, 3008420.496274762786925 ], [ 484986.460857753176242, 3008423.487844030372798 ], [ 484989.733999572752509, 3011129.00260773813352 ] ] ] } },
{ "type": "Feature", "properties": { "x_idx": 89600, "y_idx": 87296, "x": 8998780, "y": 3144311, "region": "uttar_pradesh" }, "geometry": { "type": "Polygon", "coordinates": [ [ [ 482535.206857918470632, 3006261.856391027569771 ], [ 485255.914454986108467, 3006258.330123664345592 ], [ 485252.704171211342327, 3003551.765637158881873 ], [ 482531.404178990866058, 3003555.289742425084114 ], [ 482535.206857918470632, 3006261.856391027569771 ] ] ] } },
{ "type": "Feature", "properties": { "x_idx": 89024, "y_idx": 87296, "x": 8996029, "y": 3144311, "region": "uttar_pradesh" }, "geometry": { "type": "Polygon", "coordinates": [ [ [ 480086.568016990728211, 3006265.539388848003 ], [ 482807.277717571356334, 3006261.476956067606807 ], [ 482803.53427829942666, 3003554.910540111828595 ], [ 480082.232179610582534, 3003558.970482053235173 ], [ 480086.568016990728211, 3006265.539388848003 ] ] ] } },
{ "type": "Feature", "properties": { "x_idx": 88448, "y_idx": 87296, "x": 8993277, "y": 3144311, "region": "uttar_pradesh" }, "geometry": { "type": "Polygon", "coordinates": [ [ [ 477637.92700052523287, 3006269.704938268754631 ], [ 480358.63910185667919, 3006265.106337209232152 ], [ 480354.362504448683467, 3003558.537695935927331 ], [ 477633.058001636061817, 3003563.133477415889502 ], [ 477637.92700052523287, 3006269.704938268754631 ] ] ] } },
{ "type": "Feature", "properties": { "x_idx": 88448, "y_idx": 86720, "x": 8993277, "y": 3147062, "region": "uttar_pradesh" }, "geometry": { "type": "Polygon", "coordinates": [ [ [ 477642.31166080449475, 3008705.120666024740785 ], [ 480362.490289181703702, 3008700.519530722871423 ], [ 480358.211323657946195, 3005994.475708884652704 ], [ 477637.439965769648552, 3005999.074028164148331 ], [ 477642.31166080449475, 3008705.120666024740785 ] ] ] } },
{ "type": "Feature", "properties": { "x_idx": 89600, "y_idx": 86720, "x": 8998780, "y": 3147062, "region": "uttar_pradesh" }, "geometry": { "type": "Polygon", "coordinates": [ [ [ 482538.631269314326346, 3008697.267793525476009 ], [ 485258.805399123462848, 3008693.739582865033299 ], [ 485255.593337686324958, 3005987.699910554103553 ], [ 482534.826484694727696, 3005991.225961844436824 ], [ 482538.631269314326346, 3008697.267793525476009 ] ] ] } },
{ "type": "Feature", "properties": { "x_idx": 89024, "y_idx": 86720, "x": 8996029, "y": 3147062, "region": "uttar_pradesh" }, "geometry": { "type": "Polygon", "coordinates": [ [ [ 480090.472551452694461, 3008700.952821011189371 ], [ 482810.648782114963979, 3008696.888149462174624 ], [ 482806.903269954083953, 3005990.846550134010613 ], [ 480086.134313153859694, 3005994.908733987715095 ], [ 480090.472551452694461, 3008700.952821011189371 ] ] ] } },
{ "type": "Feature", "properties": { "x_idx": 89024, "y_idx": 86144, "x": 8996029, "y": 3149814, "region": "uttar_pradesh" }, "geometry": { "type": "Polygon", "coordinates": [ [ [ 480094.379243885690812, 3011135.893636393360794 ], [ 482814.021709792956244, 3011131.826728902291507 ], [ 482810.27412733854726, 3008426.310239881277084 ], [ 480090.038607674301602, 3008430.374662818387151 ], [ 480094.379243885690812, 3011135.893636393360794 ] ] ] } },
{ "type": "Feature", "properties": { "x_idx": 88448, "y_idx": 86144, "x": 8993277, "y": 3149814, "region": "uttar_pradesh" }, "geometry": { "type": "Polygon", "coordinates": [ [ [ 477646.698744407738559, 3011140.06377409864217 ], [ 480366.343604994006455, 3011135.460107755381614 ], [ 480362.062274319585413, 3008429.941399031784385 ], [ 477641.824356603145134, 3008434.542252908926457 ], [ 477646.698744407738559, 3011140.06377409864217 ] ] ] } },
{ "type": "Feature", "properties": { "x_idx": 89600, "y_idx": 86144, "x": 8998780, "y": 3149814, "region": "uttar_pradesh" }, "geometry": { "type": "Polygon", "coordinates": [ [ [ 482542.057573328202125, 3011132.206581805367023 ], [ 485261.697941042424645, 3011128.676430303137749 ], [ 485258.484104168775957, 3008423.161865864880383 ], [ 482538.250685653183609, 3008426.689860724378377 ], [ 482542.057573328202125, 3011132.206581805367023 ] ] ] } },
{ "type": "Feature", "properties": { "x_idx": 89024, "y_idx": 85568, "x": 8996029, "y": 3152566, "region": "uttar_pradesh" }, "geometry": { "type": "Polygon", "coordinates": [ [ [ 480098.288091583992355, 3013570.361571030225605 ], [ 482817.396498269401491, 3013566.292430426459759 ], [ 482813.646848116943147, 3010861.301345025189221 ], [ 480093.945060466357972, 3010865.368004217278212 ], [ 480098.288091583992355, 3013570.361571030225605 ] ] ] } },
{ "type": "Feature", "properties": { "x_idx": 91328, "y_idx": 86144, "x": 9007036, "y": 3149814, "region": "uttar_pradesh" }, "geometry": { "type": "Polygon", "coordinates": [ [ [ 489885.082209812360816, 3011124.043892482761294 ], [ 492604.718061854597181, 3011122.123995547182858 ], [ 492603.105449646827765, 3008416.613434134516865 ], [ 489882.87655316432938, 3008418.53215816244483 ], [ 489885.082209812360816, 3011124.043892482761294 ] ] ] } },
{ "type": "Feature", "properties": { "x_idx": 91904, "y_idx": 86144, "x": 9009787, "y": 3149814, "region": "uttar_pradesh" }, "geometry": { "type": "Polygon", "coordinates": [ [ [ 492332.754527479468379, 3011122.289147804491222 ], [ 495052.38946726633003, 3011120.905999183189124 ], [ 495051.310593841422815, 3008415.396181873045862 ], [ 492331.082610899233259, 3008416.778485496994108 ], [ 492332.754527479468379, 3011122.289147804491222 ] ] ] } },
{ "type": "Feature", "properties": { "x_idx": 90752, "y_idx": 86144, "x": 9004284, "y": 3149814, "region": "uttar_pradesh" }, "geometry": { "type": "Polygon", "coordinates": [ [ [ 487437.408789455483202, 3011126.281711935997009 ], [ 490157.045850237307604, 3011123.825065333396196 ], [ 490154.899498111044522, 3008418.313464699313045 ], [ 487434.669391186267603, 3008420.768610481638461 ], [ 487437.408789455483202, 3011126.281711935997009 ] ] ] } },
{ "type": "Feature", "properties": { "x_idx": 90752, "y_idx": 85568, "x": 9004284, "y": 3152566, "region": "uttar_pradesh" }, "geometry": { "type": "Polygon", "coordinates": [ [ [ 487439.875683736521751, 3013560.744368719868362 ], [ 490158.978692149394192, 3013558.286373183131218 ], [ 490156.831155786698218, 3010853.300169985275716 ], [ 487437.134774022968486, 3010855.756666600238532 ], [ 487439.875683736521751, 3013560.744368719868362 ] ] ] } },
{ "type": "Feature", "properties": { "x_idx": 91904, "y_idx": 85568, "x": 9009787, "y": 3152566, "region": "uttar_pradesh" }, "geometry": { "type": "Polygon", "coordinates": [ [ [ 492334.260128727939446, 3013556.74961228761822 ], [ 495053.361018834984861, 3013555.365704184398055 ], [ 495052.28155014757067, 3010850.381282054819167 ], [ 492332.587289677525405, 3010851.764346229378134 ], [ 492334.260128727939446, 3013556.74961228761822 ] ] ] } },
{ "type": "Feature", "properties": { "x_idx": 91328, "y_idx": 85568, "x": 9007036, "y": 3152566, "region": "uttar_pradesh" }, "geometry": { "type": "Polygon", "coordinates": [ [ [ 489887.068456878128927, 3013558.505320489872247 ], [ 492606.170258083904628, 3013556.58436934556812 ], [ 492604.556756126694381, 3010851.599204055499285 ], [ 489884.861583272868302, 3010853.51898377481848 ], [ 489887.068456878128927, 3013558.505320489872247 ] ] ] } },
{ "type": "Feature", "properties": { "x_idx": 90176, "y_idx": 85568, "x": 9001532, "y": 3152566, "region": "uttar_pradesh" }, "geometry": { "type": "Polygon", "coordinates": [ [ [ 484992.68154280539602, 3013563.4667585529387 ], [ 487711.786054532625712, 3013560.471716893836856 ], [ 487709.104482252849266, 3010855.484181041363627 ], [ 484989.406595054315403, 3010858.47739628283307 ], [ 484992.68154280539602, 3013563.4667585529387 ] ] ] } },
{ "type": "Feature", "properties": { "x_idx": 91328, "y_idx": 84992, "x": 9007036, "y": 3155318, "region": "uttar_pradesh" }, "geometry": { "type": "Polygon", "coordinates": [ [ [ 489889.055797754030209, 3015992.493612347170711 ], [ 492607.623254026577342, 3015990.571608329657465 ], [ 492606.008863436873071, 3013286.112132120411843 ], [ 489886.847708719258662, 3013288.032966196071357 ], [ 489889.055797754030209, 3015992.493612347170711 ] ] ] } },
{ "type": "Feature", "properties": { "x_idx": 90752, "y_idx": 84992, "x": 9004284, "y": 3155318, "region": "uttar_pradesh" }, "geometry": { "type": "Polygon", "coordinates": [ [ [ 487442.34393651492428, 3015994.733887797221541 ], [ 490160.912598461960442, 3015992.274545034859329 ], [ 490158.763879349455237, 3013287.814032232388854 ], [ 487439.601517254428472, 3013290.271877971943468 ], [ 487442.34393651492428, 3015994.733887797221541 ] ] ] } },
{ "type": "Feature", "properties": { "x_idx": 90176, "y_idx": 84992, "x": 9001532, "y": 3155318, "region": "uttar_pradesh" }, "geometry": { "type": "Polygon", "coordinates": [ [ [ 484995.630709222750738, 3015997.457769768312573 ], [ 487714.200872575631365, 3015994.461086530704051 ], [ 487711.517823428614065, 3013289.999242761638016 ], [ 484992.353957807237748, 3013292.994101894553751 ], [ 484995.630709222750738, 3015997.457769768312573 ] ] ] } },
{ "type": "Feature", "properties": { "x_idx": 88448, "y_idx": 85568, "x": 8993277, "y": 3152566, "region": "uttar_pradesh" }, "geometry": { "type": "Polygon", "coordinates": [ [ [ 477651.088248296699021, 3013574.533998527564108 ], [ 480370.19904662494082, 3013569.927804345265031 ], [ 480365.915353765129112, 3010864.934502047952265 ], [ 477646.211171098228078, 3010869.537887322250754 ], [ 477651.088248296699021, 3013574.533998527564108 ] ] ] } },
{ "type": "Feature", "properties": { "x_idx": 89600, "y_idx": 85568, "x": 8998780, "y": 3152566, "region": "uttar_pradesh" }, "geometry": { "type": "Polygon", "coordinates": [ [ [ 482545.485767587204464, 3013566.672491904348135 ], [ 485264.592078739777207, 3013563.140402015298605 ], [ 485261.37646865536226, 3010858.151238761842251 ], [ 482541.676779493398499, 3010861.681174736004323 ], [ 482545.485767587204464, 3013566.672491904348135 ] ] ] } },
{ "type": "Feature", "properties": { "x_idx": 89600, "y_idx": 84992, "x": 8998780, "y": 3155318, "region": "uttar_pradesh" }, "geometry": { "type": "Polygon", "coordinates": [ [ [ 482548.915849718207028, 3016000.665260176174343 ], [ 485267.487810212071054, 3015997.131234355736524 ], [ 485264.270429142925423, 3013292.667765247169882 ], [ 482545.104763842304237, 3013296.199639880564064 ], [ 482548.915849718207028, 3016000.665260176174343 ] ] ] } },
{ "type": "Feature", "properties": { "x_idx": 89024, "y_idx": 84992, "x": 8996029, "y": 3155318, "region": "uttar_pradesh" }, "geometry": { "type": "Polygon", "coordinates": [ [ [ 480102.199091841815971, 3016004.356361275538802 ], [ 482820.773145208135247, 3016000.284990387503058 ], [ 482817.021429953398183, 3013295.81960156513378 ], [ 480097.853668824362103, 3013299.888494184240699 ], [ 480102.199091841815971, 3016004.356361275538802 ] ] ] } },
{ "type": "Feature", "properties": { "x_idx": 88448, "y_idx": 84992, "x": 8993277, "y": 3155318, "region": "uttar_pradesh" }, "geometry": { "type": "Polygon", "coordinates": [ [ [ 477655.480169432703406, 3016008.531075664795935 ], [ 480374.056611405569129, 3016003.922356844414026 ], [ 480369.770559325814247, 3013299.454753933940083 ], [ 477650.600406216573901, 3013304.060667403507978 ], [ 477655.480169432703406, 3016008.531075664795935 ] ] ] } },
{ "type": "Feature", "properties": { "x_idx": 89600, "y_idx": 84416, "x": 8998780, "y": 3158069, "region": "uttar_pradesh" }, "geometry": { "type": "Polygon", "coordinates": [ [ [ 482552.347817347908858, 3018434.184623298700899 ], [ 485270.38513345568208, 3018430.648664002306759 ], [ 485267.165983628074173, 3015726.711181637831032 ], [ 482548.534636326949112, 3015730.244992475956678 ], [ 482552.347817347908858, 3018434.184623298700899 ] ] ] } },
{ "type": "Feature", "properties": { "x_idx": 88448, "y_idx": 84416, "x": 8993277, "y": 3158069, "region": "uttar_pradesh" }, "geometry": { "type": "Polygon", "coordinates": [ [ [ 477659.874504777020775, 3018442.05474218679592 ], [ 480377.916296666953713, 3018437.443501931149513 ], [ 480373.627888332703151, 3015733.501891008578241 ], [ 477654.992058919626288, 3015738.11032947152853 ], [ 477659.874504777020775, 3018442.05474218679592 ] ] ] } },
{ "type": "Feature", "properties": { "x_idx": 89024, "y_idx": 84416, "x": 8996029, "y": 3158069, "region": "uttar_pradesh" }, "geometry": { "type": "Polygon", "coordinates": [ [ [ 480106.112241953029297, 3018437.8777438076213 ], [ 482824.15164827281842, 3018433.804145463742316 ], [ 482820.397870511631481, 3015729.864745819941163 ], [ 480101.764430042472668, 3015733.935869038570672 ], [ 480106.112241953029297, 3018437.8777438076213 ] ] ] } },
{ "type": "Feature", "properties": { "x_idx": 89024, "y_idx": 83840, "x": 8996029, "y": 3160821, "region": "uttar_pradesh" }, "geometry": { "type": "Polygon", "coordinates": [ [ [ 480110.02753921149997, 3020870.925455627962947 ], [ 482827.532005127053708, 3020866.849632656667382 ], [ 482823.776167455478571, 3018163.436514432076365 ], [ 480105.677341414731927, 3018167.509865420870483 ], [ 480110.02753921149997, 3020870.925455627962947 ] ] ] } },
{ "type": "Feature", "properties": { "x_idx": 88448, "y_idx": 83840, "x": 8993277, "y": 3160821, "region": "uttar_pradesh" }, "geometry": { "type": "Polygon", "coordinates": [ [ [ 477664.271251290629152, 3020875.10473509831354 ], [ 480381.778099739807658, 3020870.490976608823985 ], [ 480377.487338116916362, 3018167.07564991293475 ], [ 477659.386126168596093, 3018171.686610166914761 ], [ 477664.271251290629152, 3020875.10473509831354 ] ] ] } },
{ "type": "Feature", "properties": { "x_idx": 87872, "y_idx": 84992, "x": 8990525, "y": 3155318, "region": "uttar_pradesh" }, "geometry": { "type": "Polygon", "coordinates": [ [ [ 475208.758816333778668, 3016013.189406277611852 ], [ 477927.337942643673159, 3016008.043336283881217 ], [ 477922.517550723394379, 3013303.573224911931902 ], [ 475203.34470948582748, 3013308.716162472963333 ], [ 475208.758816333778668, 3016013.189406277611852 ] ] ] } },
{ "type": "Feature", "properties": { "x_idx": 86720, "y_idx": 84992, "x": 8985022, "y": 3155318, "region": "uttar_pradesh" }, "geometry": { "type": "Polygon", "coordinates": [ [ [ 470315.307753421715461, 3016023.956929623149335 ], [ 473033.893135609105229, 3016017.73614604678005 ], [ 473028.004053458047565, 3013313.260134630370885 ], [ 470308.824947507237084, 3013319.477131607942283 ], [ 470315.307753421715461, 3016023.956929623149335 ] ] ] } },
{ "type": "Feature", "properties": { "x_idx": 87296, "y_idx": 84992, "x": 8987773, "y": 3155318, "region": "uttar_pradesh" }, "geometry": { "type": "Polygon", "coordinates": [ [ [ 472762.034766383818351, 3016018.331356391310692 ], [ 475480.616872765240259, 3016012.647931605111808 ], [ 475475.262137613201048, 3013308.175017397850752 ], [ 472756.08631209511077, 3013313.854982668999583 ], [ 472762.034766383818351, 3016018.331356391310692 ] ] ] } },
{ "type": "Feature", "properties": { "x_idx": 86720, "y_idx": 84416, "x": 8985022, "y": 3158069, "region": "uttar_pradesh" }, "geometry": { "type": "Polygon", "coordinates": [ [ [ 470321.145664358220529, 3018457.489035611506552 ], [ 473039.196385097748134, 3018451.264848659746349 ], [ 473033.30406544735888, 3015747.314839893486351 ], [ 470314.659294557059184, 3015753.535245049744844 ], [ 470321.145664358220529, 3018457.489035611506552 ] ] ] } },
{ "type": "Feature", "properties": { "x_idx": 87296, "y_idx": 84416, "x": 8987773, "y": 3158069, "region": "uttar_pradesh" }, "geometry": { "type": "Polygon", "coordinates": [ [ [ 472767.391481802391354, 3018451.860384642612189 ], [ 475485.438930900185369, 3018446.173850460443646 ], [ 475480.081251997267827, 3015742.226934976410121 ], [ 472761.439757375686895, 3015747.910014030057937 ], [ 472767.391481802391354, 3018451.860384642612189 ] ] ] } },
{ "type": "Feature", "properties": { "x_idx": 87872, "y_idx": 84416, "x": 8990525, "y": 3158069, "region": "uttar_pradesh" }, "geometry": { "type": "Polygon", "coordinates": [ [ [ 475213.634340001037344, 3018446.715621373616159 ], [ 477931.678812815691344, 3018441.566735964268446 ], [ 477926.855770892871078, 3015737.622619761154056 ], [ 475208.217256763600744, 3015742.768376709427685 ], [ 475213.634340001037344, 3018446.715621373616159 ] ] ] } },
{ "type": "Feature", "properties": { "x_idx": 87296, "y_idx": 83840, "x": 8987773, "y": 3160821, "region": "uttar_pradesh" }, "geometry": { "type": "Polygon", "coordinates": [ [ [ 472772.751136434904765, 3020884.915732472669333 ], [ 475490.263634890899993, 3020879.226092843804508 ], [ 475484.903015942429192, 3018175.805468323174864 ], [ 472766.796145986241754, 3018181.491657211445272 ], [ 472772.751136434904765, 3020884.915732472669333 ] ] ] } },
{ "type": "Feature", "properties": { "x_idx": 87872, "y_idx": 83840, "x": 8990525, "y": 3160821, "region": "uttar_pradesh" }, "geometry": { "type": "Polygon", "coordinates": [ [ [ 475218.512538859911729, 3020879.768159620929509 ], [ 477936.022064821212552, 3020874.616462372243404 ], [ 477931.196376231382601, 3018171.198633576743305 ], [ 475213.092482979234774, 3018176.347206338308752 ], [ 475218.512538859911729, 3020879.768159620929509 ] ] ] } },
{ "type": "Feature", "properties": { "x_idx": 86720, "y_idx": 83840, "x": 8985022, "y": 3160821, "region": "uttar_pradesh" }, "geometry": { "type": "Polygon", "coordinates": [ [ [ 470326.986778531165328, 3020890.547457270789891 ], [ 473044.502544464427046, 3020884.319871264975518 ], [ 473038.606991389766335, 3018180.896157389506698 ], [ 470320.49684932915261, 3018187.119966402649879 ], [ 470326.986778531165328, 3020890.547457270789891 ] ] ] } },
{ "type": "Feature", "properties": { "x_idx": 86720, "y_idx": 83264, "x": 8985022, "y": 3163573, "region": "uttar_pradesh" }, "geometry": { "type": "Polygon", "coordinates": [ [ [ 470332.831091903091874, 3023323.131931924726814 ], [ 473049.811610041535459, 3023316.900951187126338 ], [ 473043.912827617838047, 3020614.003824084531516 ], [ 470326.33760778629221, 3020620.231032631359994 ], [ 470332.831091903091874, 3023323.131931924726814 ] ] ] } },
{ "type": "Feature", "properties": { "x_idx": 90176, "y_idx": 84416, "x": 9001532, "y": 3158069, "region": "uttar_pradesh" }, "geometry": { "type": "Polygon", "coordinates": [ [ [ 484998.581496784172487, 3018430.975378063507378 ], [ 487716.617018035496585, 3018427.977055328898132 ], [ 487713.932493877713569, 3015724.041196243837476 ], [ 484995.302943971415516, 3015727.03769718715921 ], [ 484998.581496784172487, 3018430.975378063507378 ] ] ] } },
{ "type": "Feature", "properties": { "x_idx": 90752, "y_idx": 84416, "x": 9004284, "y": 3158069, "region": "uttar_pradesh" }, "geometry": { "type": "Polygon", "coordinates": [ [ [ 487444.81354608287802, 3018428.250005845911801 ], [ 490162.847567836986855, 3018425.789317566435784 ], [ 490160.697667461412493, 3015721.854787760414183 ], [ 487442.069619173009414, 3015724.31398091558367 ], [ 487444.81354608287802, 3018428.250005845911801 ] ] ] } },
{ "type": "Feature", "properties": { "x_idx": 91328, "y_idx": 84416, "x": 9007036, "y": 3158069, "region": "uttar_pradesh" }, "geometry": { "type": "Polygon", "coordinates": [ [ [ 489891.044231065141503, 3018426.008504731114954 ], [ 492609.077048677369021, 3018424.085449175909162 ], [ 492607.461770572175737, 3015720.1519546485506 ], [ 489888.834928128635511, 3015722.073841745499521 ], [ 489891.044231065141503, 3018426.008504731114954 ] ] ] } },
{ "type": "Feature", "properties": { "x_idx": 91904, "y_idx": 84416, "x": 9009787, "y": 3158069, "region": "uttar_pradesh" }, "geometry": { "type": "Polygon", "coordinates": [ [ [ 492337.27381755184615, 3018424.250873142387718 ], [ 495055.305726378748659, 3018422.865448961034417 ], [ 495054.225069408188574, 3015718.932695711031556 ], [ 492335.59913703519851, 3015720.317278102040291 ], [ 492337.27381755184615, 3018424.250873142387718 ] ] ] } },
{ "type": "Feature", "properties": { "x_idx": 91328, "y_idx": 83840, "x": 9007036, "y": 3160821, "region": "uttar_pradesh" }, "geometry": { "type": "Polygon", "coordinates": [ [ [ 489893.033755436248612, 3020859.049734646454453 ], [ 492610.531641030800529, 3020857.125628889538348 ], [ 492608.915476527239662, 3018153.718408281449229 ], [ 489890.823240125901066, 3018155.641347065102309 ], [ 489893.033755436248612, 3020859.049734646454453 ] ] ] } },
{ "type": "Feature", "properties": { "x_idx": 90176, "y_idx": 83840, "x": 9001532, "y": 3160821, "region": "uttar_pradesh" }, "geometry": { "type": "Polygon", "coordinates": [ [ [ 485001.533903449075297, 3020864.019320440012962 ], [ 487719.034489241370466, 3020861.019360291771591 ], [ 487716.348491929355077, 3018157.609778129030019 ], [ 484998.253551506495569, 3018160.607918799854815 ], [ 485001.533903449075297, 3020864.019320440012962 ] ] ] } },
{ "type": "Feature", "properties": { "x_idx": 90752, "y_idx": 83840, "x": 9004284, "y": 3160821, "region": "uttar_pradesh" }, "geometry": { "type": "Polygon", "coordinates": [ [ [ 487447.284510732628405, 3020861.292459869291633 ], [ 490164.783598936337512, 3020858.830427781678736 ], [ 490162.632518784434069, 3018155.422173210419714 ], [ 487444.53907807089854, 3018157.882712071761489 ], [ 487447.284510732628405, 3020861.292459869291633 ] ] ] } },
{ "type": "Feature", "properties": { "x_idx": 90752, "y_idx": 83264, "x": 9004284, "y": 3163573, "region": "uttar_pradesh" }, "geometry": { "type": "Polygon", "coordinates": [ [ [ 487449.756828756071627, 3023293.860987192951143 ], [ 490166.720690421760082, 3023291.397613005246967 ], [ 490164.568431980500463, 3020588.515925548970699 ], [ 487447.009892240341287, 3020590.977808408904821 ], [ 487449.756828756071627, 3023293.860987192951143 ] ] ] } },
{ "type": "Feature", "properties": { "x_idx": 91328, "y_idx": 83264, "x": 9007036, "y": 3163573, "region": "uttar_pradesh" }, "geometry": { "type": "Polygon", "coordinates": [ [ [ 489895.024369492253754, 3023291.617039418779314 ], [ 492611.987030081509147, 3023289.691884795203805 ], [ 492610.369980296760332, 3020586.811229987069964 ], [ 489892.812643336073961, 3020588.73521912144497 ], [ 489895.024369492253754, 3023291.617039418779314 ] ] ] } },
{ "type": "Feature", "properties": { "x_idx": 91904, "y_idx": 83264, "x": 9009787, "y": 3163573, "region": "uttar_pradesh" }, "geometry": { "type": "Polygon", "coordinates": [ [ [ 492340.290814529405907, 3023289.857489326503128 ], [ 495057.252568646974396, 3023288.470552913844585 ], [ 495056.170726382697467, 3020585.590637502260506 ], [ 492338.614297179097775, 3020586.97673426149413 ], [ 492340.290814529405907, 3023289.857489326503128 ] ] ] } },
{ "type": "Feature", "properties": { "x_idx": 91904, "y_idx": 83840, "x": 9009787, "y": 3160821, "region": "uttar_pradesh" }, "geometry": { "type": "Polygon", "coordinates": [ [ [ 492338.781903042632621, 3020857.291143195703626 ], [ 495056.278881008620374, 3020855.904962417669594 ], [ 495055.19763101747958, 3018152.498482146766037 ], [ 492337.106303529988509, 3018153.883822203148156 ], [ 492338.781903042632621, 3020857.291143195703626 ] ] ] } },
{ "type": "Feature", "properties": { "x_idx": 93056, "y_idx": 83840, "x": 9015291, "y": 3160821, "region": "uttar_pradesh" }, "geometry": { "type": "Polygon", "coordinates": [ [ [ 497230.275968894886319, 3020855.226357007864863 ], [ 499947.772016545350198, 3020854.916023643221706 ], [ 499947.760593675309792, 3018151.510143166407943 ], [ 497229.670197820756584, 3018151.820288313087076 ], [ 497230.275968894886319, 3020855.226357007864863 ] ] ] } },
{ "type": "Feature", "properties": { "x_idx": 92480, "y_idx": 83840, "x": 9012539, "y": 3160821, "region": "uttar_pradesh" }, "geometry": { "type": "Polygon", "coordinates": [ [ [ 494784.529219035524875, 3020856.016684281174093 ], [ 497502.025584353483282, 3020855.168427507858723 ], [ 497501.479248114861548, 3018151.762393947690725 ], [ 494783.388534142985009, 3018152.610136250965297 ], [ 494784.529219035524875, 3020856.016684281174093 ] ] ] } },
{ "type": "Feature", "properties": { "x_idx": 93056, "y_idx": 83264, "x": 9015291, "y": 3163573, "region": "uttar_pradesh" }, "geometry": { "type": "Polygon", "coordinates": [ [ [ 497230.821478084719274, 3023287.791577582713217 ], [ 499947.782303072453942, 3023287.481075049377978 ], [ 499947.770873945322819, 3020584.601758668664843 ], [ 497230.215375189029146, 3020584.91207322338596 ], [ 497230.821478084719274, 3023287.791577582713217 ] ] ] } },
{ "type": "Feature", "properties": { "x_idx": 93632, "y_idx": 83264, "x": 9018042, "y": 3163573, "region": "uttar_pradesh" }, "geometry": { "type": "Polygon", "coordinates": [ [ [ 499676.086226889805403, 3023287.485214480664581 ], [ 502393.04702921945136, 3023287.712928371038288 ], [ 502393.570806460862514, 3020584.83347162604332 ], [ 499676.01533039478818, 3020584.605895594228059 ], [ 499676.086226889805403, 3023287.485214480664581 ] ] ] } },
{ "type": "Feature", "properties": { "x_idx": 92480, "y_idx": 83264, "x": 9012539, "y": 3163573, "region": "uttar_pradesh" }, "geometry": { "type": "Polygon", "coordinates": [ [ [ 494785.55642901302781, 3023288.582335679326206 ], [ 497502.517571263364516, 3023287.733616504818201 ], [ 497501.970935759716667, 3020584.854147234931588 ], [ 494784.415119290933944, 3020585.702352594118565 ], [ 494785.55642901302781, 3023288.582335679326206 ] ] ] } },
{ "type": "Feature", "properties": { "x_idx": 92480, "y_idx": 82688, "x": 9012539, "y": 3166325, "region": "uttar_pradesh" }, "geometry": { "type": "Polygon", "coordinates": [ [ [ 494786.58420058817137, 3025720.673801687080413 ], [ 497503.00982715311693, 3025719.824620698578656 ], [ 497502.462892761977855, 3023017.472007241565734 ], [ 494785.442266824888065, 3023018.320675067603588 ], [ 494786.58420058817137, 3025720.673801687080413 ] ] ] } },
{ "type": "Feature", "properties": { "x_idx": 91904, "y_idx": 82688, "x": 9009787, "y": 3166325, "region": "uttar_pradesh" }, "geometry": { "type": "Polygon", "coordinates": [ [ [ 492341.800550969783217, 3025721.949649180751294 ], [ 495058.226788621104788, 3025720.561958096921444 ], [ 495057.14435483107809, 3023018.208899065386504 ], [ 492340.123116940027103, 3023019.595751565881073 ], [ 492341.800550969783217, 3025721.949649180751294 ] ] ] } },
{ "type": "Feature", "properties": { "x_idx": 93056, "y_idx": 82688, "x": 9015291, "y": 3166325, "region": "uttar_pradesh" }, "geometry": { "type": "Polygon", "coordinates": [ [ [ 497231.36728551617125, 3025719.882613315712661 ], [ 499947.792595223407261, 3025719.571941828820854 ], [ 499947.781159847101662, 3023017.219481065869331 ], [ 497230.760851217666641, 3023017.529964813496917 ], [ 497231.36728551617125, 3025719.882613315712661 ] ] ] } },
{ "type": "Feature", "properties": { "x_idx": 92480, "y_idx": 82112, "x": 9012539, "y": 3169076, "region": "uttar_pradesh" }, "geometry": { "type": "Polygon", "coordinates": [ [ [ 494787.612533051113132, 3028152.290820275899023 ], [ 497503.502351682807785, 3028151.441178064327687 ], [ 497502.955118781886995, 3025449.615711583290249 ], [ 494786.469976035354193, 3025450.464841287117451 ], [ 494787.612533051113132, 3028152.290820275899023 ] ] ] } },
{ "type": "Feature", "properties": { "x_idx": 89600, "y_idx": 83840, "x": 8998780, "y": 3160821, "region": "uttar_pradesh" }, "geometry": { "type": "Polygon", "coordinates": [ [ [ 482555.781668102950789, 3020867.230318274348974 ], [ 485273.284046467102598, 3020863.692427956964821 ], [ 485270.063130107126199, 3018160.281224577687681 ], [ 482551.966394574032165, 3018163.816969164181501 ], [ 482555.781668102950789, 3020867.230318274348974 ] ] ] } },
{ "type": "Feature", "properties": { "x_idx": 89600, "y_idx": 83264, "x": 8998780, "y": 3163573, "region": "uttar_pradesh" }, "geometry": { "type": "Polygon", "coordinates": [ [ [ 482559.217399609799031, 3023299.802082428243011 ], [ 485276.184547242417466, 3023296.262263546232134 ], [ 485272.961866576632019, 3020593.377631030976772 ], [ 482555.400036210077815, 3020596.915306911338121 ], [ 482559.217399609799031, 3023299.802082428243011 ] ] ] } },
{ "type": "Feature", "properties": { "x_idx": 89024, "y_idx": 83264, "x": 8996029, "y": 3163573, "region": "uttar_pradesh" }, "geometry": { "type": "Polygon", "coordinates": [ [ [ 480113.944980910979211, 3023303.499234063085169 ], [ 482830.914213434327394, 3023299.421189293265343 ], [ 482827.156318448483944, 3020596.534644367638975 ], [ 480109.592400234949309, 3020600.610220297705382 ], [ 480113.944980910979211, 3023303.499234063085169 ] ] ] } },
{ "type": "Feature", "properties": { "x_idx": 88448, "y_idx": 83264, "x": 8993277, "y": 3163573, "region": "uttar_pradesh" }, "geometry": { "type": "Polygon", "coordinates": [ [ [ 477668.670405934506562, 3023307.680791722610593 ], [ 480385.64201795484405, 3023303.064518202096224 ], [ 480381.348906009225175, 3020600.17576761264354 ], [ 477663.782604924635962, 3020604.789246456697583 ], [ 477668.670405934506562, 3023307.680791722610593 ] ] ] } },
{ "type": "Feature", "properties": { "x_idx": 89600, "y_idx": 82688, "x": 8998780, "y": 3166325, "region": "uttar_pradesh" }, "geometry": { "type": "Polygon", "coordinates": [ [ [ 482562.655009494745173, 3025731.899653409142047 ], [ 485279.086633777827956, 3025728.357908417470753 ], [ 485275.862191032676492, 3023026.000138288363814 ], [ 482558.835558861726895, 3023029.539743006229401 ], [ 482562.655009494745173, 3025731.899653409142047 ] ] ] } },
{ "type": "Feature", "properties": { "x_idx": 88448, "y_idx": 82688, "x": 8993277, "y": 3166325, "region": "uttar_pradesh" }, "geometry": { "type": "Polygon", "coordinates": [ [ [ 477673.071965669398196, 3025739.782649707514793 ], [ 480389.508048642543145, 3025735.16386435739696 ], [ 480385.212589340284467, 3023032.801981398370117 ], [ 477668.181492148549296, 3023037.417975629214197 ], [ 477673.071965669398196, 3025739.782649707514793 ] ] ] } },
{ "type": "Feature", "properties": { "x_idx": 89024, "y_idx": 82688, "x": 8996029, "y": 3166325, "region": "uttar_pradesh" }, "geometry": { "type": "Polygon", "coordinates": [ [ [ 480117.864564344927203, 3025735.598816758487374 ], [ 482834.298270857892931, 3025731.51855301996693 ], [ 482830.53832115419209, 3023029.158872915431857 ], [ 480113.509603796876036, 3023033.236670958343893 ], [ 480117.864564344927203, 3025735.598816758487374 ] ] ] } },
{ "type": "Feature", "properties": { "x_idx": 88448, "y_idx": 82112, "x": 8993277, "y": 3169076, "region": "uttar_pradesh" }, "geometry": { "type": "Polygon", "coordinates": [ [ [ 477677.475927455816418, 3028171.410047024022788 ], [ 480393.376189133326989, 3028166.788753048982471 ], [ 480389.078385440632701, 3025464.954028882551938 ], [ 477672.582784801197704, 3025469.572535298299044 ], [ 477677.475927455816418, 3028171.410047024022788 ] ] ] } },
{ "type": "Feature", "properties": { "x_idx": 89600, "y_idx": 82112, "x": 8998780, "y": 3169076, "region": "uttar_pradesh" }, "geometry": { "type": "Polygon", "coordinates": [ [ [ 482566.094495384080801, 3028163.52276918804273 ], [ 485281.990304069360718, 3028159.979100542142987 ], [ 485278.764101471519098, 3025458.148483963217586 ], [ 482562.272960155270994, 3025461.690015064086765 ], [ 482566.094495384080801, 3028163.52276918804273 ] ] ] } },
{ "type": "Feature", "properties": { "x_idx": 89024, "y_idx": 82112, "x": 8996029, "y": 3169076, "region": "uttar_pradesh" }, "geometry": { "type": "Polygon", "coordinates": [ [ [ 480121.786286806804128, 3028167.223941687494516 ], [ 482837.684175061061978, 3028163.141461808234453 ], [ 482833.922173235798255, 3025461.308937689755112 ], [ 480117.428949393972289, 3025465.388955016154796 ], [ 480121.786286806804128, 3028167.223941687494516 ] ] ] } },
{ "type": "Feature", "properties": { "x_idx": 90176, "y_idx": 83264, "x": 9001532, "y": 3163573, "region": "uttar_pradesh" }, "geometry": { "type": "Polygon", "coordinates": [ [ [ 485004.487927176698577, 3023296.58933422435075 ], [ 487721.453284522227477, 3023293.587738742586225 ], [ 487718.765815912629478, 3020590.704725384246558 ], [ 485001.205778371775523, 3020593.704503700137138 ], [ 485004.487927176698577, 3023296.58933422435075 ] ] ] } },
{ "type": "Feature", "properties": { "x_idx": 91328, "y_idx": 82688, "x": 9007036, "y": 3166325, "region": "uttar_pradesh" }, "geometry": { "type": "Polygon", "coordinates": [ [ [ 489897.016071857826319, 3025723.710156694985926 ], [ 492613.443214824073948, 3025721.783954539801925 ], [ 492611.825280875200406, 3023019.430157053750008 ], [ 489894.803136383881792, 3023021.355195203796029 ], [ 489897.016071857826319, 3025723.710156694985926 ] ] ] } },
{ "type": "Feature", "properties": { "x_idx": 90176, "y_idx": 82688, "x": 9001532, "y": 3166325, "region": "uttar_pradesh" }, "geometry": { "type": "Polygon", "coordinates": [ [ [ 485007.443565926223528, 3025728.685157063417137 ], [ 487723.873402206983883, 3025725.681928331498057 ], [ 487721.18446415651124, 3023023.325775297358632 ], [ 485004.159622526552994, 3023026.327189177274704 ], [ 485007.443565926223528, 3025728.685157063417137 ] ] ] } },
{ "type": "Feature", "properties": { "x_idx": 90752, "y_idx": 82688, "x": 9004284, "y": 3166325, "region": "uttar_pradesh" }, "geometry": { "type": "Polygon", "coordinates": [ [ [ 487452.230498445278499, 3025725.95532546332106 ], [ 490168.658840955002233, 3025723.490610885433853 ], [ 490166.505405711359344, 3023021.135782065335661 ], [ 487449.482059973292053, 3023023.599007214885205 ], [ 487452.230498445278499, 3025725.95532546332106 ] ] ] } },
{ "type": "Feature", "properties": { "x_idx": 90752, "y_idx": 82112, "x": 9004284, "y": 3169076, "region": "uttar_pradesh" }, "geometry": { "type": "Polygon", "coordinates": [ [ [ 487454.705518092028797, 3028157.575212654192001 ], [ 490170.598049197753426, 3028155.109159394167364 ], [ 490168.443438638700172, 3025453.281480374280363 ], [ 487451.955579561763443, 3025455.746046104468405 ], [ 487454.705518092028797, 3028157.575212654192001 ] ] ] } },
{ "type": "Feature", "properties": { "x_idx": 90176, "y_idx": 82112, "x": 9001532, "y": 3169076, "region": "uttar_pradesh" }, "geometry": { "type": "Polygon", "coordinates": [ [ [ 485010.400817656656727, 3028160.306526929140091 ], [ 487726.294840624497738, 3028157.301667029969394 ], [ 487723.604434990033042, 3025455.472665483597666 ], [ 485007.115081930009183, 3025458.475712846033275 ], [ 485010.400817656656727, 3028160.306526929140091 ] ] ] } },
{ "type": "Feature", "properties": { "x_idx": 91328, "y_idx": 82112, "x": 9007036, "y": 3169076, "region": "uttar_pradesh" }, "geometry": { "type": "Polygon", "coordinates": [ [ [ 489899.008861157752108, 3028155.328824447467923 ], [ 492614.900194252782967, 3028153.401576096657664 ], [ 492613.281377257197164, 3025451.574927096255124 ], [ 489896.794717894110363, 3025453.501012925058603 ], [ 489899.008861157752108, 3028155.328824447467923 ] ] ] } },
{ "type": "Feature", "properties": { "x_idx": 93056, "y_idx": 82112, "x": 9015291, "y": 3169076, "region": "uttar_pradesh" }, "geometry": { "type": "Polygon", "coordinates": [ [ [ 497231.913390812289435, 3028151.499202178791165 ], [ 499947.802892991167028, 3028151.188361953943968 ], [ 499947.791451373603195, 3025449.36304797232151 ], [ 497231.306625529716257, 3025449.67370069725439 ], [ 497231.913390812289435, 3028151.499202178791165 ] ] ] } },
{ "type": "Feature", "properties": { "x_idx": 91904, "y_idx": 82112, "x": 9009787, "y": 3169076, "region": "uttar_pradesh" }, "geometry": { "type": "Polygon", "coordinates": [ [ [ 492343.311111321207136, 3028153.567360733170062 ], [ 495059.201540258305613, 3028152.178915939293802 ], [ 495058.118515690031927, 3025450.353004451841116 ], [ 492341.632761770393699, 3025451.74061173107475 ], [ 492343.311111321207136, 3028153.567360733170062 ] ] ] } },
{ "type": "Feature", "properties": { "x_idx": 80960, "y_idx": 87296, "x": 8957504, "y": 3144311, "region": "uttar_pradesh" }, "geometry": { "type": "Polygon", "coordinates": [ [ [ 445805.274094014661387, 3006367.771076428238302 ], [ 448526.044453701120801, 3006356.201855263672769 ], [ 448514.836389359901659, 3003649.577360884752125 ], [ 445793.473546337685548, 3003661.139488810673356 ], [ 445805.274094014661387, 3006367.771076428238302 ] ] ] } },
{ "type": "Feature", "properties": { "x_idx": 80384, "y_idx": 86720, "x": 8954753, "y": 3147062, "region": "uttar_pradesh" }, "geometry": { "type": "Polygon", "coordinates": [ [ [ 443367.681431118980981, 3008814.168599617201835 ], [ 446087.924797964922618, 3008802.056459521874785 ], [ 446076.176997759961523, 3006095.950495598372072 ], [ 443355.340810323308688, 3006108.055223073344678 ], [ 443367.681431118980981, 3008814.168599617201835 ] ] ] } },
{ "type": "Feature", "properties": { "x_idx": 80384, "y_idx": 86144, "x": 8954753, "y": 3149814, "region": "uttar_pradesh" }, "geometry": { "type": "Polygon", "coordinates": [ [ [ 443378.794469442800619, 3011249.171692413743585 ], [ 446098.503986521798652, 3011237.052889856975526 ], [ 446086.749693142483011, 3008531.472117547411472 ], [ 443366.447027849091683, 3008543.583516849204898 ], [ 443378.794469442800619, 3011249.171692413743585 ] ] ] } },
{ "type": "Feature", "properties": { "x_idx": 80960, "y_idx": 85568, "x": 8957504, "y": 3152566, "region": "uttar_pradesh" }, "geometry": { "type": "Polygon", "coordinates": [ [ [ 445837.171805986261461, 3013672.762057937681675 ], [ 448556.34064163925359, 3013661.173734698910266 ], [ 448545.113982358307112, 3010956.124790696892887 ], [ 445825.351680499850772, 3010967.706047546584159 ], [ 445837.171805986261461, 3013672.762057937681675 ] ] ] } },
{ "type": "Feature", "properties": { "x_idx": 80384, "y_idx": 85568, "x": 8954753, "y": 3152566, "region": "uttar_pradesh" }, "geometry": { "type": "Polygon", "coordinates": [ [ [ 443389.913638360099867, 3013683.701825683936477 ], [ 446109.089011201169342, 3013671.576369093265384 ], [ 446097.32823278894648, 3010966.52108171582222 ], [ 443377.559384520631284, 3010978.639144415967166 ], [ 443389.913638360099867, 3013683.701825683936477 ] ] ] } },
{ "type": "Feature", "properties": { "x_idx": 80384, "y_idx": 84992, "x": 8954753, "y": 3155318, "region": "uttar_pradesh" }, "geometry": { "type": "Polygon", "coordinates": [ [ [ 443401.038930173439439, 3016117.758735776413232 ], [ 446119.679864675330464, 3016105.626633581705391 ], [ 446107.912609372171573, 3013401.097124099731445 ], [ 443388.67787264107028, 3013413.221841769758612 ], [ 443401.038930173439439, 3016117.758735776413232 ] ] ] } },
{ "type": "Feature", "properties": { "x_idx": 80384, "y_idx": 84416, "x": 8954753, "y": 3158069, "region": "uttar_pradesh" }, "geometry": { "type": "Polygon", "coordinates": [ [ [ 443412.170337184797972, 3018551.342159366700798 ], [ 446130.276539616170339, 3018539.203419996425509 ], [ 446118.502815564337652, 3015835.199981014244258 ], [ 443399.802484512794763, 3015847.331345225684345 ], [ 443412.170337184797972, 3018551.342159366700798 ] ] ] } },
{ "type": "Feature", "properties": { "x_idx": 80384, "y_idx": 83840, "x": 8954753, "y": 3160821, "region": "uttar_pradesh" }, "geometry": { "type": "Polygon", "coordinates": [ [ [ 443423.307851695630234, 3020984.45183345163241 ], [ 446140.879028695111629, 3020972.306465336121619 ], [ 446129.098844037449453, 3018268.829389097634703 ], [ 443410.933212437783368, 3018280.967391420155764 ], [ 443423.307851695630234, 3020984.45183345163241 ] ] ] } },
{ "type": "Feature", "properties": { "x_idx": 80960, "y_idx": 83840, "x": 8957504, "y": 3160821, "region": "uttar_pradesh" }, "geometry": { "type": "Polygon", "coordinates": [ [ [ 445869.122241799486801, 3020973.494101235177368 ], [ 448586.686906511953566, 3020961.886748421471566 ], [ 448575.44172223994974, 3018258.415991453453898 ], [ 445857.282612150302157, 3018270.016304730903357 ], [ 445869.122241799486801, 3020973.494101235177368 ] ] ] } },
{ "type": "Feature", "properties": { "x_idx": 80384, "y_idx": 83264, "x": 8954753, "y": 3163573, "region": "uttar_pradesh" }, "geometry": { "type": "Polygon", "coordinates": [ [ [ 443434.45146600715816, 3023417.087495354004204 ], [ 446151.487324583053123, 3023404.935506923124194 ], [ 446139.700687462929636, 3020701.985085311811417 ], [ 443422.070048717781901, 3020714.129717316478491 ], [ 443434.45146600715816, 3023417.087495354004204 ] ] ] } },
{ "type": "Feature", "properties": { "x_idx": 80384, "y_idx": 82688, "x": 8954753, "y": 3166325, "region": "uttar_pradesh" }, "geometry": { "type": "Polygon", "coordinates": [ [ [ 443445.60117242007982, 3025849.248882716521621 ], [ 446162.101419950777199, 3025837.090282401069999 ], [ 446150.308338511851616, 3023134.666806943248957 ], [ 443433.212985653895885, 3023146.818060199730098 ], [ 443445.60117242007982, 3025849.248882716521621 ] ] ] } },
{ "type": "Feature", "properties": { "x_idx": 80384, "y_idx": 82112, "x": 8954753, "y": 3169076, "region": "uttar_pradesh" }, "geometry": { "type": "Polygon", "coordinates": [ [ [ 443456.756963234685827, 3028280.935733507853001 ], [ 446172.721307468367741, 3028268.770529738627374 ], [ 446160.921789854881354, 3025566.874291602056473 ], [ 443444.362015546881594, 3025579.032157680019736 ], [ 443456.756963234685827, 3028280.935733507853001 ] ] ] } },
{ "type": "Feature", "properties": { "x_idx": 85568, "y_idx": 83264, "x": 8979518, "y": 3163573, "region": "uttar_pradesh" }, "geometry": { "type": "Polygon", "coordinates": [ [ [ 465442.255906844337005, 3023335.854785099159926 ], [ 468159.243835423549172, 3023328.547311633825302 ], [ 468152.274585922423285, 3020625.64313391642645 ], [ 465434.691945142054465, 3020632.946183514315635 ], [ 465442.255906844337005, 3023335.854785099159926 ] ] ] } },
{ "type": "Feature", "properties": { "x_idx": 84992, "y_idx": 83264, "x": 8976766, "y": 3163573, "region": "uttar_pradesh" }, "geometry": { "type": "Polygon", "coordinates": [ [ [ 462996.962826169910841, 3023342.942852489650249 ], [ 465713.954901877674274, 3023335.097125151660293 ], [ 465706.450411682249978, 3020632.188982246443629 ], [ 462988.863617892609909, 3020640.029959877952933 ], [ 462996.962826169910841, 3023342.942852489650249 ] ] ] } },
{ "type": "Feature", "properties": { "x_idx": 86144, "y_idx": 83264, "x": 8982270, "y": 3163573, "region": "uttar_pradesh" }, "geometry": { "type": "Polygon", "coordinates": [ [ [ 467887.545240374049172, 3023329.251146456692368 ], [ 470604.529316429398023, 3023322.481921731960028 ], [ 470598.0953027268406, 3020619.581415949389338 ], [ 467880.516519933298696, 3020626.346542644314468 ], [ 467887.545240374049172, 3023329.251146456692368 ] ] ] } },
{ "type": "Feature", "properties": { "x_idx": 84992, "y_idx": 82688, "x": 8976766, "y": 3166325, "region": "uttar_pradesh" }, "geometry": { "type": "Polygon", "coordinates": [ [ [ 463004.256320451269858, 3025775.063897265121341 ], [ 465720.712840994878206, 3025767.213900936767459 ], [ 465713.204247607325669, 3023064.832650351338089 ], [ 462996.152683826396242, 3023072.677903020754457 ], [ 463004.256320451269858, 3025775.063897265121341 ] ] ] } },
{ "type": "Feature", "properties": { "x_idx": 85568, "y_idx": 82688, "x": 8979518, "y": 3166325, "region": "uttar_pradesh" }, "geometry": { "type": "Polygon", "coordinates": [ [ [ 465449.067401206702925, 3025767.971973139327019 ], [ 468165.519779914640822, 3025760.660523544531316 ], [ 468158.546719861100428, 3023058.283233100082725 ], [ 465441.499303796794266, 3023065.59026445960626 ], [ 465449.067401206702925, 3025767.971973139327019 ] ] ] } },
{ "type": "Feature", "properties": { "x_idx": 84992, "y_idx": 82112, "x": 8976766, "y": 3169076, "region": "uttar_pradesh" }, "geometry": { "type": "Polygon", "coordinates": [ [ [ 463011.553794929059222, 3028206.710456908214837 ], [ 465727.474468059022911, 3028198.856197033077478 ], [ 465719.961776664538775, 3025497.002129933796823 ], [ 463003.445735552697442, 3025504.851652198005468 ], [ 463011.553794929059222, 3028206.710456908214837 ] ] ] } },
{ "type": "Feature", "properties": { "x_idx": 85568, "y_idx": 82112, "x": 8979518, "y": 3169076, "region": "uttar_pradesh" }, "geometry": { "type": "Polygon", "coordinates": [ [ [ 465455.882612740912009, 3028199.614680965896696 ], [ 468171.79914932831889, 3028192.299260311294347 ], [ 468164.822283537709154, 3025490.449148302897811 ], [ 465448.31038484966848, 3025497.760156355798244 ], [ 465455.882612740912009, 3028199.614680965896696 ] ] ] } },
{ "type": "Feature", "properties": { "x_idx": 84416, "y_idx": 82112, "x": 8974015, "y": 3169076, "region": "uttar_pradesh" }, "geometry": { "type": "Polygon", "coordinates": [ [ [ 460567.220975067582913, 3028214.291193390265107 ], [ 463283.146078592864797, 3028205.898088784888387 ], [ 463275.097556322347373, 3025504.039774085860699 ], [ 460558.577078516129404, 3025512.427816071547568 ], [ 460567.220975067582913, 3028214.291193390265107 ] ] ] } },
{ "type": "Feature", "properties": { "x_idx": 86144, "y_idx": 82112, "x": 8982270, "y": 3169076, "region": "uttar_pradesh" }, "geometry": { "type": "Polygon", "coordinates": [ [ [ 467900.207692973024677, 3028193.003860585391521 ], [ 470616.120386870403308, 3028186.227274019736797 ], [ 470609.679341787588783, 3025484.38082459429279 ], [ 467893.171291252889205, 3025491.153323567472398 ], [ 467900.207692973024677, 3028193.003860585391521 ] ] ] } },
{ "type": "Feature", "properties": { "x_idx": 87296, "y_idx": 83264, "x": 8987773, "y": 3163573, "region": "uttar_pradesh" }, "geometry": { "type": "Polygon", "coordinates": [ [ [ 472778.113726576615591, 3023317.497137207072228 ], [ 475495.090981402434409, 3023311.804396080318838 ], [ 475489.727426113851834, 3020608.910354402381927 ], [ 472772.155474222323392, 3020614.59964917646721 ], [ 472778.113726576615591, 3023317.497137207072228 ] ] ] } },
{ "type": "Feature", "properties": { "x_idx": 87872, "y_idx": 83264, "x": 8990525, "y": 3163573, "region": "uttar_pradesh" }, "geometry": { "type": "Polygon", "coordinates": [ [ [ 475223.393409538432024, 3023312.346758345142007 ], [ 477940.367695658234879, 3023307.19225283106789 ], [ 477935.539363736985251, 3020604.30100332479924 ], [ 475217.970384761050809, 3020609.45238832430914 ], [ 475223.393409538432024, 3023312.346758345142007 ] ] ] } },
{ "type": "Feature", "properties": { "x_idx": 87296, "y_idx": 82688, "x": 8987773, "y": 3166325, "region": "uttar_pradesh" }, "geometry": { "type": "Polygon", "coordinates": [ [ [ 472783.47924852266442, 3025749.604336491785944 ], [ 475499.920967099722475, 3025743.908497815951705 ], [ 475494.554479176644236, 3023041.541330505162477 ], [ 472777.517738379305229, 3023047.233727215323597 ], [ 472783.47924852266442, 3025749.604336491785944 ] ] ] } },
{ "type": "Feature", "properties": { "x_idx": 87872, "y_idx": 82688, "x": 8990525, "y": 3166325, "region": "uttar_pradesh" }, "geometry": { "type": "Polygon", "coordinates": [ [ [ 475228.27694866451202, 3025744.451155192684382 ], [ 477944.715702324348968, 3025739.293844989966601 ], [ 477939.884730407618918, 3023036.929466295056045 ], [ 475222.850958737253677, 3023042.083659956231713 ], [ 475228.27694866451202, 3025744.451155192684382 ] ] ] } },
{ "type": "Feature", "properties": { "x_idx": 86720, "y_idx": 82688, "x": 8985022, "y": 3166325, "region": "uttar_pradesh" }, "geometry": { "type": "Polygon", "coordinates": [ [ [ 470338.678600436192937, 3025755.242197220679373 ], [ 473055.123578161059413, 3025749.007826074026525 ], [ 473049.221570463734679, 3023046.637577265966684 ], [ 470332.18156589102, 3023052.86818102421239 ], [ 470338.678600436192937, 3025755.242197220679373 ] ] ] } },
{ "type": "Feature", "properties": { "x_idx": 86144, "y_idx": 82688, "x": 8982270, "y": 3166325, "region": "uttar_pradesh" }, "geometry": { "type": "Polygon", "coordinates": [ [ [ 467893.874739599763416, 3025761.364741337485611 ], [ 470610.323270700697321, 3025754.591833344195038 ], [ 470603.885739085264504, 3023052.21821015747264 ], [ 467886.842176091100555, 3023058.987025339622051 ], [ 467893.874739599763416, 3025761.364741337485611 ] ] ] } },
{ "type": "Feature", "properties": { "x_idx": 87872, "y_idx": 82112, "x": 8990525, "y": 3169076, "region": "uttar_pradesh" }, "geometry": { "type": "Polygon", "coordinates": [ [ [ 475233.163152865890879, 3028176.081088135950267 ], [ 477949.066081817203667, 3028170.920976819936186 ], [ 477944.232473241048865, 3025469.083760100416839 ], [ 475227.734201535698958, 3025474.240758847910911 ], [ 475233.163152865890879, 3028176.081088135950267 ] ] ] } },
{ "type": "Feature", "properties": { "x_idx": 86720, "y_idx": 82112, "x": 8985022, "y": 3169076, "region": "uttar_pradesh" }, "geometry": { "type": "Polygon", "coordinates": [ [ [ 470344.52930009260308, 3028186.877991128712893 ], [ 473060.43844515492674, 3028180.640233896207064 ], [ 473054.533216259733308, 3025478.79715454718098 ], [ 470338.028719605645165, 3025485.031149195041507 ], [ 470344.52930009260308, 3028186.877991128712893 ] ] ] } },
{ "type": "Feature", "properties": { "x_idx": 87296, "y_idx": 82112, "x": 8987773, "y": 3169076, "region": "uttar_pradesh" }, "geometry": { "type": "Polygon", "coordinates": [ [ [ 472788.847698567900807, 3028181.237068298272789 ], [ 475504.753588647407014, 3028175.53813602309674 ], [ 475499.384171795798466, 3025473.698134242091328 ], [ 472782.882934752269648, 3025479.393628940917552 ], [ 472788.847698567900807, 3028181.237068298272789 ] ] ] } },
{ "type": "Feature", "properties": { "x_idx": 82688, "y_idx": 82112, "x": 8965760, "y": 3169076, "region": "uttar_pradesh" }, "geometry": { "type": "Polygon", "coordinates": [ [ [ 453234.195858494611457, 3028239.943220962304622 ], [ 455950.136016336036846, 3028229.933545321691781 ], [ 455940.479966043669265, 3025528.060732774436474 ], [ 453223.944412517128512, 3025538.064370766282082 ], [ 453234.195858494611457, 3028239.943220962304622 ] ] ] } },
{ "type": "Feature", "properties": { "x_idx": 97664, "y_idx": 105728, "x": 9037305, "y": 3056255, "region": "uttar_pradesh" }, "geometry": { "type": "Polygon", "coordinates": [ [ [ 516920.606946277199313, 2928079.868913923855871 ], [ 519658.229442976880819, 2928083.777225263416767 ], [ 519662.406337423017249, 2925360.571674172766507 ], [ 516924.20215672935592, 2925356.665901498869061 ], [ 516920.606946277199313, 2928079.868913923855871 ] ] ] } },
{ "type": "Feature", "properties": { "x_idx": 98240, "y_idx": 105728, "x": 9040056, "y": 3056255, "region": "uttar_pradesh" }, "geometry": { "type": "Polygon", "coordinates": [ [ [ 519384.467076235625427, 2928083.360068395733833 ], [ 522122.092023153672926, 2928087.794895470608026 ], [ 522126.792436337447725, 2925364.586734681390226 ], [ 519388.585802124638576, 2925360.154788271058351 ], [ 519384.467076235625427, 2928083.360068395733833 ] ] ] } },
{ "type": "Feature", "properties": { "x_idx": 98816, "y_idx": 105728, "x": 9042808, "y": 3056255, "region": "uttar_pradesh" }, "geometry": { "type": "Polygon", "coordinates": [ [ [ 521848.329395929060411, 2928087.325086876749992 ], [ 524585.957102320855483, 2928092.286432862281799 ], [ 524591.181037608650513, 2925369.075354578439146 ], [ 521852.971640204777941, 2925364.117231254000217 ], [ 521848.329395929060411, 2928087.325086876749992 ] ] ] } },
{ "type": "Feature", "properties": { "x_idx": 97664, "y_idx": 105152, "x": 9037305, "y": 3059007, "region": "uttar_pradesh" }, "geometry": { "type": "Polygon", "coordinates": [ [ [ 516917.3692537387833, 2930530.262151896953583 ], [ 519654.467910752806347, 2930534.172745120245963 ], [ 519658.647254961368162, 2927811.482426402159035 ], [ 516920.966572797275148, 2927807.5743687748909 ], [ 516917.3692537387833, 2930530.262151896953583 ] ] ] } },
{ "type": "Feature", "properties": { "x_idx": 98816, "y_idx": 105152, "x": 9042808, "y": 3059007, "region": "uttar_pradesh" }, "geometry": { "type": "Polygon", "coordinates": [ [ [ 521844.148789585218765, 2930537.722678163088858 ], [ 524581.252649974427186, 2930542.686920839361846 ], [ 524586.479649106622674, 2927819.991081614978611 ], [ 521848.79375654848991, 2927815.030057701282203 ], [ 521844.148789585218765, 2930537.722678163088858 ] ] ] } },
{ "type": "Feature", "properties": { "x_idx": 96512, "y_idx": 105728, "x": 9031801, "y": 3056255, "region": "uttar_pradesh" }, "geometry": { "type": "Polygon", "coordinates": [ [ [ 511992.89214226329932, 2928074.30818734690547 ], [ 514730.510666274814866, 2928077.163475236389786 ], [ 514733.640531845390797, 2925353.962220147717744 ], [ 511995.440329191624187, 2925351.108786933124065 ], [ 511992.89214226329932, 2928074.30818734690547 ] ] ] } },
{ "type": "Feature", "properties": { "x_idx": 97088, "y_idx": 105728, "x": 9034553, "y": 3056255, "region": "uttar_pradesh" }, "geometry": { "type": "Polygon", "coordinates": [ [ [ 514456.748727727506775, 2928076.851620960980654 ], [ 517194.369083458906971, 2928080.233419364318252 ], [ 517198.022462158929557, 2925357.03017017384991 ], [ 514459.820425317797344, 2925353.650568439625204 ], [ 514456.748727727506775, 2928076.851620960980654 ] ] ] } },
{ "type": "Feature", "properties": { "x_idx": 95936, "y_idx": 105728, "x": 9029049, "y": 3056255, "region": "uttar_pradesh" }, "geometry": { "type": "Polygon", "coordinates": [ [ [ 509529.036911557486746, 2928072.238611260894686 ], [ 512266.653913101297803, 2928074.567390679381788 ], [ 512269.260267783945892, 2925351.367821898311377 ], [ 509531.061589648830704, 2925349.04055515723303 ], [ 509529.036911557486746, 2928072.238611260894686 ] ] ] } },
{ "type": "Feature", "properties": { "x_idx": 95936, "y_idx": 105152, "x": 9029049, "y": 3059007, "region": "uttar_pradesh" }, "geometry": { "type": "Polygon", "coordinates": [ [ [ 509527.21357318846276, 2930522.627394240349531 ], [ 512264.306741709762719, 2930524.957533331587911 ], [ 512266.914625033910852, 2927802.273189686704427 ], [ 509529.239438765973318, 2927799.944561444222927 ], [ 509527.21357318846276, 2930522.627394240349531 ] ] ] } },
{ "type": "Feature", "properties": { "x_idx": 97088, "y_idx": 105152, "x": 9034553, "y": 3059007, "region": "uttar_pradesh" }, "geometry": { "type": "Polygon", "coordinates": [ [ [ 514453.982488446636125, 2930527.243097272701561 ], [ 517191.079007088323124, 2930530.626870156265795 ], [ 517194.73452851024922, 2927807.938850553240627 ], [ 514457.055987602914684, 2927804.557271684054285 ], [ 514453.982488446636125, 2930527.243097272701561 ] ] ] } },
{ "type": "Feature", "properties": { "x_idx": 95360, "y_idx": 105152, "x": 9026298, "y": 3059007, "region": "uttar_pradesh" }, "geometry": { "type": "Polygon", "coordinates": [ [ [ 507063.830867243639659, 2930521.03074252884835 ], [ 509800.922824020148255, 2930522.834067413117737 ], [ 509803.006891283264849, 2927800.151100611779839 ], [ 507065.332918394589797, 2927798.348944992292672 ], [ 507063.830867243639659, 2930521.03074252884835 ] ] ] } },
{ "type": "Feature", "properties": { "x_idx": 96512, "y_idx": 105152, "x": 9031801, "y": 3059007, "region": "uttar_pradesh" }, "geometry": { "type": "Polygon", "coordinates": [ [ [ 511990.597354259691201, 2930524.698178661521524 ], [ 514727.692043402639683, 2930527.555133625864983 ], [ 514730.823744654713664, 2927804.869105714838952 ], [ 511993.147035714006051, 2927802.014003180433065 ], [ 511990.597354259691201, 2930524.698178661521524 ] ] ] } },
{ "type": "Feature", "properties": { "x_idx": 96512, "y_idx": 104576, "x": 9031801, "y": 3061759, "region": "uttar_pradesh" }, "geometry": { "type": "Polygon", "coordinates": [ [ [ 511988.301222887355834, 2932974.624177657533437 ], [ 514724.871770510741044, 2932977.482797678094357 ], [ 514728.005305240512826, 2930255.31230208510533 ], [ 511990.852397073293105, 2930252.45553225139156 ], [ 511988.301222887355834, 2932974.624177657533437 ] ] ] } },
{ "type": "Feature", "properties": { "x_idx": 95360, "y_idx": 104576, "x": 9026298, "y": 3061759, "region": "uttar_pradesh" }, "geometry": { "type": "Polygon", "coordinates": [ [ [ 507062.478185806481633, 2932970.954604110680521 ], [ 509799.046004380856175, 2932972.758979989681393 ], [ 509801.131291778990999, 2930250.591541797854006 ], [ 507063.981116346782073, 2930248.788333768956363 ], [ 507062.478185806481633, 2932970.954604110680521 ] ] ] } },
{ "type": "Feature", "properties": { "x_idx": 95360, "y_idx": 105728, "x": 9026298, "y": 3056255, "region": "uttar_pradesh" }, "geometry": { "type": "Polygon", "coordinates": [ [ [ 507065.182757283211686, 2928070.642891220748425 ], [ 509802.798545611207373, 2928072.445163836237043 ], [ 509804.881391272705514, 2925349.246973564848304 ], [ 507066.683927987702191, 2925347.445871630683541 ], [ 507065.182757283211686, 2928070.642891220748425 ] ] ] } },
{ "type": "Feature", "properties": { "x_idx": 94784, "y_idx": 105728, "x": 9023546, "y": 3056255, "region": "uttar_pradesh" }, "geometry": { "type": "Polygon", "coordinates": [ [ [ 504601.329401117574889, 2928069.521026083268225 ], [ 507338.944285477802623, 2928070.79679318703711 ], [ 507340.503623609780334, 2925347.599673629272729 ], [ 504602.307065510365646, 2925346.324735212139785 ], [ 504601.329401117574889, 2928069.521026083268225 ] ] ] } },
{ "type": "Feature", "properties": { "x_idx": 94208, "y_idx": 105728, "x": 9020794, "y": 3056255, "region": "uttar_pradesh" }, "geometry": { "type": "Polygon", "coordinates": [ [ [ 502137.476564733951818, 2928068.873015046585351 ], [ 504875.090854378009681, 2928069.622277550864965 ], [ 504876.126686097355559, 2925346.425920910201967 ], [ 502137.93072351522278, 2925345.677145096473396 ], [ 502137.476564733951818, 2928068.873015046585351 ] ] ] } },
{ "type": "Feature", "properties": { "x_idx": 93632, "y_idx": 105728, "x": 9018042, "y": 3056255, "region": "uttar_pradesh" }, "geometry": { "type": "Polygon", "coordinates": [ [ [ 499673.623969805776142, 2928068.698857645969838 ], [ 502411.237973982759286, 2928068.921616088133305 ], [ 502411.750300031329971, 2925345.725714568980038 ], [ 499673.554623300849926, 2925345.503100821748376 ], [ 499673.623969805776142, 2928068.698857645969838 ] ] ] } },
{ "type": "Feature", "properties": { "x_idx": 94208, "y_idx": 105152, "x": 9020794, "y": 3059007, "region": "uttar_pradesh" }, "geometry": { "type": "Polygon", "coordinates": [ [ [ 502137.067568787490018, 2930519.259833000600338 ], [ 504874.158028697245754, 2930520.009532967582345 ], [ 504875.194467938912567, 2927797.328397578559816 ], [ 502137.521993936097715, 2927796.579183713998646 ], [ 502137.067568787490018, 2930519.259833000600338 ] ] ] } },
{ "type": "Feature", "properties": { "x_idx": 94784, "y_idx": 105152, "x": 9023546, "y": 3059007, "region": "uttar_pradesh" }, "geometry": { "type": "Polygon", "coordinates": [ [ [ 504600.448958439694252, 2930519.908222382888198 ], [ 507337.540012344485149, 2930521.184734352398664 ], [ 507339.100265038374346, 2927798.5028369682841 ], [ 504601.427196239295881, 2927797.227152683306485 ], [ 504600.448958439694252, 2930519.908222382888198 ] ] ] } },
{ "type": "Feature", "properties": { "x_idx": 94208, "y_idx": 104576, "x": 9020794, "y": 3061759, "region": "uttar_pradesh" }, "geometry": { "type": "Polygon", "coordinates": [ [ [ 502136.658333414292429, 2932969.18266248004511 ], [ 504873.2246569392737, 2932969.932799378409982 ], [ 504874.261702973861247, 2930247.767190381884575 ], [ 502137.113024610327557, 2930247.017538995947689 ], [ 502136.658333414292429, 2932969.18266248004511 ] ] ] } },
{ "type": "Feature", "properties": { "x_idx": 94784, "y_idx": 104576, "x": 9023546, "y": 3061759, "region": "uttar_pradesh" }, "geometry": { "type": "Polygon", "coordinates": [ [ [ 504599.568000349623617, 2932969.831429749727249 ], [ 507336.134917148505338, 2932971.10868568206206 ], [ 507337.69608330639312, 2930248.94231561338529 ], [ 504600.54681086767232, 2930247.665886362548918 ], [ 504599.568000349623617, 2932969.831429749727249 ] ] ] } },
{ "type": "Feature", "properties": { "x_idx": 95360, "y_idx": 104000, "x": 9026298, "y": 3064510, "region": "uttar_pradesh" }, "geometry": { "type": "Polygon", "coordinates": [ [ [ 507061.124713923258241, 2935420.414201678708196 ], [ 509797.168088013597298, 2935422.219627276994288 ], [ 509799.254594079917297, 2932700.568022481631488 ], [ 507062.628522795741446, 2932698.763763316441327 ], [ 507061.124713923258241, 2935420.414201678708196 ] ] ] } },
{ "type": "Feature", "properties": { "x_idx": 94784, "y_idx": 104000, "x": 9023546, "y": 3064510, "region": "uttar_pradesh" }, "geometry": { "type": "Polygon", "coordinates": [ [ [ 504598.686527467158157, 2935419.290373895782977 ], [ 507334.729000878287479, 2935420.568372888956219 ], [ 507336.291079401911702, 2932698.917834921274334 ], [ 504599.665910015057307, 2932697.640661607030779 ], [ 504598.686527467158157, 2935419.290373895782977 ] ] ] } },
{ "type": "Feature", "properties": { "x_idx": 92480, "y_idx": 105152, "x": 9012539, "y": 3059007, "region": "uttar_pradesh" }, "geometry": { "type": "Polygon", "coordinates": [ [ [ 494746.923734862124547, 2930520.159446486737579 ], [ 497484.014266037556808, 2930519.328712157905102 ], [ 497483.479267874150537, 2927796.648018209729344 ], [ 494745.806722509500105, 2927797.478213894180954 ], [ 494746.923734862124547, 2930520.159446486737579 ] ] ] } },
{ "type": "Feature", "properties": { "x_idx": 93632, "y_idx": 105152, "x": 9018042, "y": 3059007, "region": "uttar_pradesh" }, "geometry": { "type": "Polygon", "coordinates": [ [ [ 499673.686420297948644, 2930519.085573916789144 ], [ 502410.776595086790621, 2930519.308462417684495 ], [ 502411.289221618091688, 2927796.627781599760056 ], [ 499673.617033120826818, 2927796.405037618707865 ], [ 499673.686420297948644, 2930519.085573916789144 ] ] ] } },
{ "type": "Feature", "properties": { "x_idx": 93056, "y_idx": 105152, "x": 9015291, "y": 3059007, "region": "uttar_pradesh" }, "geometry": { "type": "Polygon", "coordinates": [ [ [ 497210.30523498589173, 2930519.385445007123053 ], [ 499947.395433530327864, 2930519.081522202119231 ], [ 499947.384247718320694, 2927796.400988530833274 ], [ 497209.712035433272831, 2927796.704714273568243 ], [ 497210.30523498589173, 2930519.385445007123053 ] ] ] } },
{ "type": "Feature", "properties": { "x_idx": 91904, "y_idx": 105152, "x": 9009787, "y": 3059007, "region": "uttar_pradesh" }, "geometry": { "type": "Polygon", "coordinates": [ [ [ 492283.541641937568784, 2930521.407578908838332 ], [ 495020.632814619399142, 2930520.050032461527735 ], [ 495019.574003721645568, 2927797.368870812933892 ], [ 492281.900815985281952, 2927798.725537034217268 ], [ 492283.541641937568784, 2930521.407578908838332 ] ] ] } },
{ "type": "Feature", "properties": { "x_idx": 93056, "y_idx": 104576, "x": 9015291, "y": 3061759, "region": "uttar_pradesh" }, "geometry": { "type": "Polygon", "coordinates": [ [ [ 497210.839444505400024, 2932969.308347694575787 ], [ 499947.405506982409861, 2932969.004247759934515 ], [ 499947.394314621575177, 2930246.839239751920104 ], [ 497210.245897658576723, 2930247.143142863176763 ], [ 497210.839444505400024, 2932969.308347694575787 ] ] ] } },
{ "type": "Feature", "properties": { "x_idx": 93632, "y_idx": 104576, "x": 9018042, "y": 3061759, "region": "uttar_pradesh" }, "geometry": { "type": "Polygon", "coordinates": [ [ [ 499673.748907348781358, 2932969.008301835972816 ], [ 502410.314946099009831, 2932969.231320238672197 ], [ 502410.827872752386611, 2930247.066165262367576 ], [ 499673.679479548241943, 2930246.843291204422712 ], [ 499673.748907348781358, 2932969.008301835972816 ] ] ] } },
{ "type": "Feature", "properties": { "x_idx": 91904, "y_idx": 104576, "x": 9009787, "y": 3061759, "region": "uttar_pradesh" }, "geometry": { "type": "Polygon", "coordinates": [ [ [ 492285.019297878665384, 2932971.331660114228725 ], [ 495021.586333310347982, 2932969.973322476726025 ], [ 495020.526902521960437, 2930247.807687252294272 ], [ 492283.377511290251277, 2930249.165145729202777 ], [ 492285.019297878665384, 2932971.331660114228725 ] ] ] } },
{ "type": "Feature", "properties": { "x_idx": 92480, "y_idx": 104576, "x": 9012539, "y": 3061759, "region": "uttar_pradesh" }, "geometry": { "type": "Polygon", "coordinates": [ [ [ 494747.929667232558131, 2932970.082800269126892 ], [ 497484.496061936719343, 2932969.251581780146807 ], [ 497483.960750553640537, 2930247.086413690354675 ], [ 494746.81200091476785, 2930247.917094186879694 ], [ 494747.929667232558131, 2932970.082800269126892 ] ] ] } },
{ "type": "Feature", "properties": { "x_idx": 93056, "y_idx": 104000, "x": 9015291, "y": 3064510, "region": "uttar_pradesh" }, "geometry": { "type": "Polygon", "coordinates": [ [ [ 497211.373966193059459, 2935418.766987530048937 ], [ 499947.415586320974398, 2935418.462710681837052 ], [ 499947.404387419170234, 2932696.813533122651279 ], [ 497210.7800724694971, 2932697.117613386828452 ], [ 497211.373966193059459, 2935418.766987530048937 ] ] ] } },
{ "type": "Feature", "properties": { "x_idx": 91904, "y_idx": 104000, "x": 9009787, "y": 3064510, "region": "uttar_pradesh" }, "geometry": { "type": "Polygon", "coordinates": [ [ [ 492286.497817295254208, 2935420.791477039922029 ], [ 495022.540409194945823, 2935419.432349171023816 ], [ 495021.480359261156991, 2932697.782545156311244 ], [ 492284.855071225436404, 2932699.140794930979609 ], [ 492286.497817295254208, 2935420.791477039922029 ] ] ] } },
{ "type": "Feature", "properties": { "x_idx": 104000, "y_idx": 105728, "x": 9067574, "y": 3056255, "region": "uttar_pradesh" }, "geometry": { "type": "Polygon", "coordinates": [ [ [ 544023.234735285397619, 2928144.334714021068066 ], [ 546760.901193316210993, 2928154.034935296978801 ], [ 546770.837040902930312, 2925430.783748601097614 ], [ 544032.588839654577896, 2925421.089827983640134 ], [ 544023.234735285397619, 2928144.334714021068066 ] ] ] } },
{ "type": "Feature", "properties": { "x_idx": 103424, "y_idx": 105728, "x": 9064822, "y": 3056255, "region": "uttar_pradesh" }, "geometry": { "type": "Polygon", "coordinates": [ [ [ 541559.34018323442433, 2928136.104750986211002 ], [ 544297.00109850964509, 2928145.278407807461917 ], [ 544306.413376820040867, 2925422.032908804249018 ], [ 541568.170725794625469, 2925412.865210638847202 ], [ 541559.34018323442433, 2928136.104750986211002 ] ] ] } },
{ "type": "Feature", "properties": { "x_idx": 102848, "y_idx": 105152, "x": 9062070, "y": 3059007, "region": "uttar_pradesh" }, "geometry": { "type": "Polygon", "coordinates": [ [ [ 539087.969409220502712, 2930578.770232543814927 ], [ 541825.101211070897989, 2930587.422380013391376 ], [ 541833.995139990816824, 2927864.697535088751465 ], [ 539096.281268280348741, 2927856.0509974793531 ], [ 539087.969409220502712, 2930578.770232543814927 ] ] ] } },
{ "type": "Feature", "properties": { "x_idx": 104000, "y_idx": 105152, "x": 9067574, "y": 3059007, "region": "uttar_pradesh" }, "geometry": { "type": "Polygon", "coordinates": [ [ [ 544014.810829698923044, 2930594.765590127557516 ], [ 546751.953394737443887, 2930604.47147475508973 ], [ 546761.895069559686817, 2927881.735575634520501 ], [ 544024.17042014177423, 2927872.035984043963253 ], [ 544014.810829698923044, 2930594.765590127557516 ] ] ] } },
{ "type": "Feature", "properties": { "x_idx": 102848, "y_idx": 105728, "x": 9062070, "y": 3056255, "region": "uttar_pradesh" }, "geometry": { "type": "Polygon", "coordinates": [ [ [ 539095.450325870653614, 2928128.348689726553857 ], [ 541833.106007645954378, 2928136.995788661763072 ], [ 541841.994723421288654, 2925413.755669549107552 ], [ 539103.757312946370803, 2925405.114187268540263 ], [ 539095.450325870653614, 2928128.348689726553857 ] ] ] } },
{ "type": "Feature", "properties": { "x_idx": 102272, "y_idx": 105728, "x": 9059318, "y": 3056255, "region": "uttar_pradesh" }, "geometry": { "type": "Polygon", "coordinates": [ [ [ 536631.564884861814789, 2928121.06652468862012 ], [ 539369.215642393683083, 2928129.187071929685771 ], [ 539377.580802000360563, 2925405.952024906408042 ], [ 536639.348322402685881, 2925397.836752319708467 ], [ 536631.564884861814789, 2928121.06652468862012 ] ] ] } },
{ "type": "Feature", "properties": { "x_idx": 101120, "y_idx": 105728, "x": 9053815, "y": 3056255, "region": "uttar_pradesh" }, "geometry": { "type": "Polygon", "coordinates": [ [ [ 531703.806138604180887, 2928107.923862761352211 ], [ 534441.447975408751518, 2928114.991323680151254 ], [ 534448.766040277085267, 2925391.765497434418648 ], [ 531710.542493424494751, 2925384.70262716896832 ], [ 531703.806138604180887, 2928107.923862761352211 ] ] ] } },
{ "type": "Feature", "properties": { "x_idx": 101696, "y_idx": 105728, "x": 9056567, "y": 3056255, "region": "uttar_pradesh" }, "geometry": { "type": "Polygon", "coordinates": [ [ [ 534167.683581883786246, 2928114.258250658400357 ], [ 536905.329724424402229, 2928121.852252020034939 ], [ 536913.171333853621036, 2925398.621969284955412 ], [ 534174.943475464591756, 2925391.032900577411056 ], [ 534167.683581883786246, 2928114.258250658400357 ] ] ] } },
{ "type": "Feature", "properties": { "x_idx": 102272, "y_idx": 105152, "x": 9059318, "y": 3059007, "region": "uttar_pradesh" }, "geometry": { "type": "Polygon", "coordinates": [ [ [ 536624.555454478017054, 2930571.483815861865878 ], [ 539361.682338056154549, 2930579.609104230068624 ], [ 539370.052403763053007, 2927856.889325258787721 ], [ 536632.343456959351897, 2927848.769305163994431 ], [ 536624.555454478017054, 2930571.483815861865878 ] ] ] } },
{ "type": "Feature", "properties": { "x_idx": 101696, "y_idx": 105152, "x": 9056567, "y": 3059007, "region": "uttar_pradesh" }, "geometry": { "type": "Polygon", "coordinates": [ [ [ 534161.145632748841308, 2930564.671566853765398 ], [ 536898.267906931694597, 2930572.270001935772598 ], [ 536906.114115417236462, 2927849.554981489665806 ], [ 534168.409784226678312, 2927841.961473095230758 ], [ 534161.145632748841308, 2930564.671566853765398 ] ] ] } },
{ "type": "Feature", "properties": { "x_idx": 99968, "y_idx": 105728, "x": 9048312, "y": 3056255, "region": "uttar_pradesh" }, "geometry": { "type": "Polygon", "coordinates": [ [ [ 526776.061717834323645, 2928096.676727561280131 ], [ 529513.695870927185751, 2928102.691122400574386 ], [ 529519.966862022527494, 2925379.473285733256489 ], [ 526781.751009232830256, 2925373.462797550950199 ], [ 526776.061717834323645, 2928096.676727561280131 ] ] ] } },
{ "type": "Feature", "properties": { "x_idx": 100544, "y_idx": 105728, "x": 9051063, "y": 3056255, "region": "uttar_pradesh" }, "geometry": { "type": "Polygon", "coordinates": [ [ [ 529239.932276697363704, 2928102.063356460537761 ], [ 531977.57011701958254, 2928108.604281998705119 ], [ 531984.364642568165436, 2925385.382604440674186 ], [ 529246.145097582018934, 2925378.845927558839321 ], [ 529239.932276697363704, 2928102.063356460537761 ] ] ] } },
{ "type": "Feature", "properties": { "x_idx": 99392, "y_idx": 105728, "x": 9045560, "y": 3056255, "region": "uttar_pradesh" }, "geometry": { "type": "Polygon", "coordinates": [ [ [ 524312.194183686398901, 2928091.763972206041217 ], [ 527049.8249588025501, 2928097.251840653363615 ], [ 527055.572419935953803, 2925374.037537076510489 ], [ 524317.359949673642404, 2925368.553233288228512 ], [ 524312.194183686398901, 2928091.763972206041217 ] ] ] } },
{ "type": "Feature", "properties": { "x_idx": 101120, "y_idx": 105152, "x": 9053815, "y": 3059007, "region": "uttar_pradesh" }, "geometry": { "type": "Polygon", "coordinates": [ [ [ 531697.739666037727147, 2930558.33348064403981 ], [ 534434.857639705762267, 2930565.405067877378315 ], [ 534442.179996586986817, 2927842.69449852919206 ], [ 531704.479971712338738, 2927835.627496398054063 ], [ 531697.739666037727147, 2930558.33348064403981 ] ] ] } },
{ "type": "Feature", "properties": { "x_idx": 99968, "y_idx": 105152, "x": 9048312, "y": 3059007, "region": "uttar_pradesh" }, "geometry": { "type": "Polygon", "coordinates": [ [ [ 526770.938185714534484, 2930547.079778817016631 ], [ 529508.048484987695701, 2930553.097685158252716 ], [ 529514.323154010809958, 2927830.395095724146813 ], [ 526776.630813883151859, 2927824.381091314833611 ], [ 526770.938185714534484, 2930547.079778817016631 ] ] ] } },
{ "type": "Feature", "properties": { "x_idx": 99392, "y_idx": 105152, "x": 9045560, "y": 3059007, "region": "uttar_pradesh" }, "geometry": { "type": "Polygon", "coordinates": [ [ [ 524307.542116119642742, 2930542.164155144710094 ], [ 527044.64904151216615, 2930547.655227688141167 ], [ 527050.399873531423509, 2927824.956167072523385 ], [ 524312.710911835543811, 2927819.468654875643551 ], [ 524307.542116119642742, 2930542.164155144710094 ] ] ] } },
{ "type": "Feature", "properties": { "x_idx": 100544, "y_idx": 105152, "x": 9051063, "y": 3059007, "region": "uttar_pradesh" }, "geometry": { "type": "Polygon", "coordinates": [ [ [ 529234.337276356876828, 2930552.469552698079497 ], [ 531971.451258388347924, 2930559.014297142624855 ], [ 531978.249768907087855, 2927836.307871465105563 ], [ 529240.553741053445265, 2927829.767370536457747 ], [ 529234.337276356876828, 2930552.469552698079497 ] ] ] } },
{ "type": "Feature", "properties": { "x_idx": 99968, "y_idx": 104576, "x": 9048312, "y": 3061759, "region": "uttar_pradesh" }, "geometry": { "type": "Polygon", "coordinates": [ [ [ 526765.811654307530262, 2932997.018821934703737 ], [ 529502.397793108364567, 2933003.040235524065793 ], [ 529508.676135643385351, 2930280.853198467288166 ], [ 526771.50761524005793, 2930274.835682082921267 ], [ 526765.811654307530262, 2932997.018821934703737 ] ] ] } },
{ "type": "Feature", "properties": { "x_idx": 103424, "y_idx": 105152, "x": 9064822, "y": 3059007, "region": "uttar_pradesh" }, "geometry": { "type": "Polygon", "coordinates": [ [ [ 541551.38777496246621, 2930586.530822114087641 ], [ 544288.524803966633044, 2930595.709834878798574 ], [ 544297.942602466791868, 2927872.979616570286453 ], [ 541560.223496551276185, 2927863.806555254384875 ], [ 541551.38777496246621, 2930586.530822114087641 ] ] ] } },
{ "type": "Feature", "properties": { "x_idx": 103424, "y_idx": 104576, "x": 9064822, "y": 3061759, "region": "uttar_pradesh" }, "geometry": { "type": "Polygon", "coordinates": [ [ [ 541543.430711472290568, 2933036.492857220582664 ], [ 544280.043547549517825, 2933045.677219439297915 ], [ 544289.466859611333348, 2930323.462586973328143 ], [ 541552.271605871268548, 2930314.284168993588537 ], [ 541543.430711472290568, 2933036.492857220582664 ] ] ] } },
{ "type": "Feature", "properties": { "x_idx": 104000, "y_idx": 104576, "x": 9067574, "y": 3061759, "region": "uttar_pradesh" }, "geometry": { "type": "Polygon", "coordinates": [ [ [ 544006.381992903887294, 2933044.732424391433597 ], [ 546743.000358293647878, 2933054.443965510465205 ], [ 546752.947853354737163, 2930332.223659113049507 ], [ 544015.747062833397649, 2930322.518403408117592 ], [ 544006.381992903887294, 2933044.732424391433597 ] ] ] } },
{ "type": "Feature", "properties": { "x_idx": 103424, "y_idx": 104000, "x": 9064822, "y": 3064510, "region": "uttar_pradesh" }, "geometry": { "type": "Polygon", "coordinates": [ [ [ 541535.468998361029662, 2935485.990582012105733 ], [ 544271.557335224119015, 2935495.180287197697908 ], [ 544280.986154218902811, 2932773.481545365881175 ], [ 541544.31505935115274, 2932764.297777209896594 ], [ 541535.468998361029662, 2935485.990582012105733 ] ] ] } },
{ "type": "Feature", "properties": { "x_idx": 104000, "y_idx": 104000, "x": 9067574, "y": 3064510, "region": "uttar_pradesh" }, "geometry": { "type": "Polygon", "coordinates": [ [ [ 543997.948230829439126, 2935494.234942520037293 ], [ 546734.042090282542631, 2935503.952133269049227 ], [ 546743.99539858486969, 2932782.247724387794733 ], [ 544007.318773657782003, 2932772.536811429541558 ], [ 543997.948230829439126, 2935494.234942520037293 ] ] ] } },
{ "type": "Feature", "properties": { "x_idx": 104000, "y_idx": 103424, "x": 9067574, "y": 3067262, "region": "uttar_pradesh" }, "geometry": { "type": "Polygon", "coordinates": [ [ [ 543989.509549405309372, 2937943.272870543412864 ], [ 546725.078597002895549, 2937952.995704061817378 ], [ 546735.037711548153311, 2935231.807497126515955 ], [ 543998.885558543726802, 2935222.090933775063604 ], [ 543989.509549405309372, 2937943.272870543412864 ] ] ] } },
{ "type": "Feature", "properties": { "x_idx": 103424, "y_idx": 103424, "x": 9064822, "y": 3067262, "region": "uttar_pradesh" }, "geometry": { "type": "Polygon", "coordinates": [ [ [ 541527.502641226397827, 2937935.02372252009809 ], [ 544263.066172957071103, 2937944.218764184042811 ], [ 544272.500492255436257, 2935223.036217415239662 ], [ 541536.35386258806102, 2935213.847105572465807 ], [ 541527.502641226397827, 2937935.02372252009809 ] ] ] } },
{ "type": "Feature", "properties": { "x_idx": 98240, "y_idx": 105152, "x": 9040056, "y": 3059007, "region": "uttar_pradesh" }, "geometry": { "type": "Polygon", "coordinates": [ [ [ 519380.757928122126032, 2930533.755344693083316 ], [ 522117.859032383537851, 2930538.192761055659503 ], [ 522122.562202370434534, 2927815.499835796654224 ], [ 519384.879069657879882, 2927811.065296614076942 ], [ 519380.757928122126032, 2930533.755344693083316 ] ] ] } },
{ "type": "Feature", "properties": { "x_idx": 97664, "y_idx": 104576, "x": 9037305, "y": 3061759, "region": "uttar_pradesh" }, "geometry": { "type": "Polygon", "coordinates": [ [ [ 516914.129665859800298, 2932980.191393618937582 ], [ 519650.704176536819432, 2932984.104265961330384 ], [ 519654.885967566515319, 2930261.929484758526087 ], [ 516917.729090992885176, 2930258.019144940655679 ], [ 516914.129665859800298, 2932980.191393618937582 ] ] ] } },
{ "type": "Feature", "properties": { "x_idx": 98816, "y_idx": 104576, "x": 9042808, "y": 3061759, "region": "uttar_pradesh" }, "geometry": { "type": "Polygon", "coordinates": [ [ [ 521839.965735928155482, 2932987.656267925165594 ], [ 524576.545443662675098, 2932992.623403785284609 ], [ 524581.775502960663289, 2930270.443108761217445 ], [ 521844.613422310038004, 2930265.479187765624374 ], [ 521839.965735928155482, 2932987.656267925165594 ] ] ] } },
{ "type": "Feature", "properties": { "x_idx": 98240, "y_idx": 104576, "x": 9040056, "y": 3061759, "region": "uttar_pradesh" }, "geometry": { "type": "Polygon", "coordinates": [ [ [ 519377.046608681790531, 2932983.686622271314263 ], [ 522113.623563634871971, 2932988.126624784898013 ], [ 522118.329487115086522, 2930265.949240197427571 ], [ 519381.170162964030169, 2930261.512111378833652 ], [ 519377.046608681790531, 2932983.686622271314263 ] ] ] } },
{ "type": "Feature", "properties": { "x_idx": 98240, "y_idx": 104000, "x": 9040056, "y": 3064510, "region": "uttar_pradesh" }, "geometry": { "type": "Polygon", "coordinates": [ [ [ 519373.333120525174309, 2935433.15362684102729 ], [ 522109.385619886976201, 2935437.596212368458509 ], [ 522114.094293550297152, 2932715.934673240408301 ], [ 519377.459084653353784, 2932711.494957922026515 ], [ 519373.333120525174309, 2935433.15362684102729 ] ] ] } },
{ "type": "Feature", "properties": { "x_idx": 98816, "y_idx": 104000, "x": 9042808, "y": 3064510, "region": "uttar_pradesh" }, "geometry": { "type": "Polygon", "coordinates": [ [ [ 521835.780237900093198, 2935437.125581874512136 ], [ 524571.835486696683802, 2935442.095607408322394 ], [ 524577.068602481507696, 2932720.431161373853683 ], [ 521840.430640431295615, 2932715.464346804656088 ], [ 521835.780237900093198, 2935437.125581874512136 ] ] ] } },
{ "type": "Feature", "properties": { "x_idx": 97664, "y_idx": 104000, "x": 9037305, "y": 3064510, "region": "uttar_pradesh" }, "geometry": { "type": "Polygon", "coordinates": [ [ [ 516910.888184919022024, 2935429.656364801805466 ], [ 519646.9382429762627, 2935433.57151349959895 ], [ 519651.122477885510307, 2932711.912574598100036 ], [ 516914.489713594841305, 2932707.999955354258418 ], [ 516910.888184919022024, 2935429.656364801805466 ] ] ] } },
{ "type": "Feature", "properties": { "x_idx": 98816, "y_idx": 103424, "x": 9042808, "y": 3067262, "region": "uttar_pradesh" }, "geometry": { "type": "Polygon", "coordinates": [ [ [ 521831.592298443836626, 2937886.130346044898033 ], [ 524567.122782387887128, 2937891.103257743641734 ], [ 524572.358950980240479, 2935169.95496512344107 ], [ 521836.245413854718208, 2935164.985260491259396 ], [ 521831.592298443836626, 2937886.130346044898033 ] ] ] } },
{ "type": "Feature", "properties": { "x_idx": 99392, "y_idx": 103424, "x": 9045560, "y": 3067262, "region": "uttar_pradesh" }, "geometry": { "type": "Polygon", "coordinates": [ [ [ 524293.569586716126651, 2937890.579579147044569 ], [ 527029.103124498506077, 2937896.080240692943335 ], [ 527034.864044890389778, 2935174.928738387767226 ], [ 524298.747449790942483, 2935169.431624250952154 ], [ 524293.569586716126651, 2937890.579579147044569 ] ] ] } },
{ "type": "Feature", "properties": { "x_idx": 97664, "y_idx": 103424, "x": 9037305, "y": 3067262, "region": "uttar_pradesh" }, "geometry": { "type": "Polygon", "coordinates": [ [ [ 516907.644813195278402, 2937878.656791480258107 ], [ 519643.17011271888623, 2937882.574213768355548 ], [ 519647.356788565870374, 2935161.431421593762934 ], [ 516911.248442881682422, 2935157.516525687649846 ], [ 516907.644813195278402, 2937878.656791480258107 ] ] ] } },
{ "type": "Feature", "properties": { "x_idx": 102848, "y_idx": 104576, "x": 9062070, "y": 3061759, "region": "uttar_pradesh" }, "geometry": { "type": "Polygon", "coordinates": [ [ [ 539080.484113341663033, 2933028.727744824253023 ], [ 541817.091728611849248, 2933037.384934713132679 ], [ 541825.990864417282864, 2930315.175669121555984 ], [ 539088.800838536117226, 2930306.524082297924906 ], [ 539080.484113341663033, 2933028.727744824253023 ] ] ] } },
{ "type": "Feature", "properties": { "x_idx": 102272, "y_idx": 104576, "x": 9059318, "y": 3061759, "region": "uttar_pradesh" }, "geometry": { "type": "Polygon", "coordinates": [ [ [ 536617.541920854942873, 2933021.437081648036838 ], [ 539354.14462382462807, 2933029.567105400376022 ], [ 539362.519589741015807, 2930307.362899626605213 ], [ 536625.33448279555887, 2930299.238137766718864 ], [ 536617.541920854942873, 2933021.437081648036838 ] ] ] } },
{ "type": "Feature", "properties": { "x_idx": 101696, "y_idx": 104576, "x": 9056567, "y": 3061759, "region": "uttar_pradesh" }, "geometry": { "type": "Polygon", "coordinates": [ [ [ 534154.603856363100931, 2933014.620862477459013 ], [ 536891.201955534168519, 2933022.223725908435881 ], [ 536899.052757554105483, 2930300.02427289634943 ], [ 534161.872260625706986, 2930292.426330184563994 ], [ 534154.603856363100931, 2933014.620862477459013 ] ] ] } },
{ "type": "Feature", "properties": { "x_idx": 101120, "y_idx": 104576, "x": 9053815, "y": 3061759, "region": "uttar_pradesh" }, "geometry": { "type": "Polygon", "coordinates": [ [ [ 531691.669642208842561, 2933008.27908243611455 ], [ 534428.263446086551994, 2933015.354790984187275 ], [ 534435.590089827543125, 2930293.159783678594977 ], [ 531698.41389399417676, 2930286.088654677849263 ], [ 531691.669642208842561, 2933008.27908243611455 ] ] ] } },
{ "type": "Feature", "properties": { "x_idx": 101120, "y_idx": 104000, "x": 9053815, "y": 3064510, "region": "uttar_pradesh" }, "geometry": { "type": "Polygon", "coordinates": [ [ [ 531685.596071387291886, 2935457.760393845383078 ], [ 534421.665399189689197, 2935464.840218710713089 ], [ 534428.996324636624195, 2932743.161078236531466 ], [ 531692.344264539191499, 2932736.085827365983278 ], [ 531685.596071387291886, 2935457.760393845383078 ] ] ] } },
{ "type": "Feature", "properties": { "x_idx": 101696, "y_idx": 104000, "x": 9056567, "y": 3064510, "region": "uttar_pradesh" }, "geometry": { "type": "Polygon", "coordinates": [ [ [ 534148.058257328346372, 2935464.105863238684833 ], [ 536884.131875202059746, 2935471.713149648159742 ], [ 536891.987265233881772, 2932750.029568859841675 ], [ 534155.330909262876958, 2932742.4271972021088 ], [ 534148.058257328346372, 2935464.105863238684833 ] ] ] } },
{ "type": "Feature", "properties": { "x_idx": 102848, "y_idx": 104000, "x": 9062070, "y": 3064510, "region": "uttar_pradesh" }, "geometry": { "type": "Polygon", "coordinates": [ [ [ 539072.994443499599583, 2935478.220952276140451 ], [ 541809.077565903193317, 2935486.883178468793631 ], [ 541817.981902333907783, 2932765.189797001890838 ], [ 539081.316028978209943, 2932756.533167079091072 ], [ 539072.994443499599583, 2935478.220952276140451 ] ] ] } },
{ "type": "Feature", "properties": { "x_idx": 102272, "y_idx": 104000, "x": 9059318, "y": 3064510, "region": "uttar_pradesh" }, "geometry": { "type": "Polygon", "coordinates": [ [ [ 536610.524288925807923, 2935470.926047756336629 ], [ 539346.602505001123063, 2935479.060801150277257 ], [ 539354.982365235802718, 2932757.372473363764584 ], [ 536618.321404844289646, 2932749.242975481320173 ], [ 536610.524288925807923, 2935470.926047756336629 ] ] ] } },
{ "type": "Feature", "properties": { "x_idx": 101120, "y_idx": 103424, "x": 9053815, "y": 3067262, "region": "uttar_pradesh" }, "geometry": { "type": "Polygon", "coordinates": [ [ [ 531679.518957843189128, 2937906.777140905614942 ], [ 534415.063503654208034, 2937913.861077087931335 ], [ 534422.398705652682111, 2935192.698107873555273 ], [ 531686.271087617031299, 2935185.618740130681545 ], [ 531679.518957843189128, 2937906.777140905614942 ] ] ] } },
{ "type": "Feature", "properties": { "x_idx": 101696, "y_idx": 103424, "x": 9056567, "y": 3067262, "region": "uttar_pradesh" }, "geometry": { "type": "Polygon", "coordinates": [ [ [ 534141.508840246475302, 2937913.126295169815421 ], [ 536877.057670906302519, 2937920.737999185919762 ], [ 536884.917643426917493, 2935199.5705950492993 ], [ 534148.785734739620239, 2935191.963799817021936 ], [ 534141.508840246475302, 2937913.126295169815421 ] ] ] } },
{ "type": "Feature", "properties": { "x_idx": 100544, "y_idx": 104576, "x": 9051063, "y": 3061759, "region": "uttar_pradesh" }, "geometry": { "type": "Polygon", "coordinates": [ [ [ 529228.73900074174162, 2933002.411736987065524 ], [ 531965.328817829373293, 2933008.9602957139723 ], [ 531972.131308533716947, 2930286.769427059683949 ], [ 529234.95910487533547, 2930280.225106709636748 ], [ 529228.73900074174162, 2933002.411736987065524 ] ] ] } },
{ "type": "Feature", "properties": { "x_idx": 99392, "y_idx": 104576, "x": 9045560, "y": 3061759, "region": "uttar_pradesh" }, "geometry": { "type": "Polygon", "coordinates": [ [ [ 524302.88732525287196, 2932992.100333420094103 ], [ 527039.470094269374385, 2932997.594606179744005 ], [ 527045.224293127306737, 2930275.411093666218221 ], [ 524308.059147059801035, 2930269.920376941561699 ], [ 524302.88732525287196, 2932992.100333420094103 ] ] ] } },
{ "type": "Feature", "properties": { "x_idx": 99392, "y_idx": 104000, "x": 9045560, "y": 3064510, "region": "uttar_pradesh" }, "geometry": { "type": "Polygon", "coordinates": [ [ [ 524298.229814360151067, 2935441.572232743259519 ], [ 527034.288120717043057, 2935447.069701836444438 ], [ 527040.045682366006076, 2932725.402042213827372 ], [ 524303.404658620245755, 2932719.908124842215329 ], [ 524298.229814360151067, 2935441.572232743259519 ] ] ] } },
{ "type": "Feature", "properties": { "x_idx": 99968, "y_idx": 104000, "x": 9048312, "y": 3064510, "region": "uttar_pradesh" }, "geometry": { "type": "Polygon", "coordinates": [ [ [ 526760.682127219391987, 2935446.493582625407726 ], [ 529496.743799263844267, 2935452.518499209545553 ], [ 529503.025810894323513, 2932730.847319317981601 ], [ 526766.381416909163818, 2932724.826295213308185 ], [ 526760.682127219391987, 2935446.493582625407726 ] ] ] } },
{ "type": "Feature", "properties": { "x_idx": 100544, "y_idx": 104000, "x": 9051063, "y": 3064510, "region": "uttar_pradesh" }, "geometry": { "type": "Polygon", "coordinates": [ [ [ 529223.137453789822757, 2935451.889635039493442 ], [ 531959.202799649210647, 2935458.442003421951085 ], [ 531966.009265754022636, 2932736.766996580176055 ], [ 529229.361192985088564, 2932730.218861434143037 ], [ 529223.137453789822757, 2935451.889635039493442 ] ] ] } },
{ "type": "Feature", "properties": { "x_idx": 99968, "y_idx": 103424, "x": 9048312, "y": 3067262, "region": "uttar_pradesh" }, "geometry": { "type": "Polygon", "coordinates": [ [ [ 526755.549608056549914, 2937895.503786921966821 ], [ 529491.086507429368794, 2937901.532202247064561 ], [ 529497.372183738509193, 2935180.377183947246522 ], [ 526761.252222496434115, 2935174.352656375151128 ], [ 526755.549608056549914, 2937895.503786921966821 ] ] ] } },
{ "type": "Feature", "properties": { "x_idx": 100544, "y_idx": 103424, "x": 9051063, "y": 3067262, "region": "uttar_pradesh" }, "geometry": { "type": "Polygon", "coordinates": [ [ [ 529217.532639439450577, 2937900.902972888667136 ], [ 531953.073208154877648, 2937907.459146299399436 ], [ 531959.883644874673337, 2935186.300305697601289 ], [ 529223.760009320569225, 2935179.748360381927341 ], [ 529217.532639439450577, 2937900.902972888667136 ] ] ] } },
{ "type": "Feature", "properties": { "x_idx": 100544, "y_idx": 102848, "x": 9051063, "y": 3070014, "region": "uttar_pradesh" }, "geometry": { "type": "Polygon", "coordinates": [ [ [ 529211.924561629304662, 2940349.451476888731122 ], [ 531946.940047653974034, 2940356.011450700927526 ], [ 531953.754450202570297, 2937635.369080408941954 ], [ 529218.155557819991373, 2937628.813329550903291 ], [ 529211.924561629304662, 2940349.451476888731122 ] ] ] } },
{ "type": "Feature", "properties": { "x_idx": 101120, "y_idx": 102848, "x": 9053815, "y": 3070014, "region": "uttar_pradesh" }, "geometry": { "type": "Polygon", "coordinates": [ [ [ 531673.438305847113952, 2940355.329049970488995 ], [ 534408.457764119375497, 2940362.417092470452189 ], [ 534415.797237514518201, 2937641.770598587580025 ], [ 531680.194367497810163, 2937634.687118970789015 ], [ 531673.438305847113952, 2940355.329049970488995 ] ] ] } },
{ "type": "Feature", "properties": { "x_idx": 99392, "y_idx": 102848, "x": 9045560, "y": 3070014, "region": "uttar_pradesh" }, "geometry": { "type": "Polygon", "coordinates": [ [ [ 524288.906645595678128, 2940339.122098988387734 ], [ 527023.915109257446602, 2940344.625949104316533 ], [ 527029.679384343675338, 2937623.990908186417073 ], [ 524294.087523846421391, 2937618.490601165685803 ], [ 524288.906645595678128, 2940339.122098988387734 ] ] ] } },
{ "type": "Feature", "properties": { "x_idx": 104000, "y_idx": 102848, "x": 9067574, "y": 3070014, "region": "uttar_pradesh" }, "geometry": { "type": "Polygon", "coordinates": [ [ [ 543981.06595456157811, 2940391.8459348147735 ], [ 546716.109884753474034, 2940401.57440423918888 ], [ 546726.074798542656936, 2937680.902703323867172 ], [ 543990.447423421079293, 2937671.180496440734714 ], [ 543981.06595456157811, 2940391.8459348147735 ] ] ] } },
{ "type": "Feature", "properties": { "x_idx": 103424, "y_idx": 102848, "x": 9064822, "y": 3070014, "region": "uttar_pradesh" }, "geometry": { "type": "Polygon", "coordinates": [ [ [ 541519.531645666691475, 2940383.592005098238587 ], [ 544254.570066715590656, 2940392.79237674921751 ], [ 544264.009879687218927, 2937672.126329118385911 ], [ 541528.388021179591306, 2937662.931880076415837 ], [ 541519.531645666691475, 2940383.592005098238587 ] ] ] } },
{ "type": "Feature", "properties": { "x_idx": 102848, "y_idx": 102272, "x": 9062070, "y": 3072766, "region": "uttar_pradesh" }, "geometry": { "type": "Polygon", "coordinates": [ [ [ 539050.499242855003104, 2942823.912007583770901 ], [ 541785.007052627508529, 2942832.58930598385632 ], [ 541793.926953367539681, 2940112.445402040146291 ], [ 539058.835374078480527, 2940103.773679518606514 ], [ 539050.499242855003104, 2942823.912007583770901 ] ] ] } },
{ "type": "Feature", "properties": { "x_idx": 103424, "y_idx": 102272, "x": 9064822, "y": 3072766, "region": "uttar_pradesh" }, "geometry": { "type": "Polygon", "coordinates": [ [ [ 541511.556017281021923, 2942831.695156418718398 ], [ 544246.0690224673599, 2942840.900851567275822 ], [ 544255.514322481467389, 2940120.751606788951904 ], [ 541520.417540723923594, 2940111.551827038172632 ], [ 541511.556017281021923, 2942831.695156418718398 ] ] ] } },
{ "type": "Feature", "properties": { "x_idx": 104000, "y_idx": 102272, "x": 9067574, "y": 3072766, "region": "uttar_pradesh" }, "geometry": { "type": "Polygon", "coordinates": [ [ [ 543972.617452229140326, 2942839.953862005379051 ], [ 546707.135959834326059, 2942849.687960473820567 ], [ 546717.106665867730044, 2940129.53306929487735 ], [ 543982.00437422003597, 2940119.805225742515177 ], [ 543972.617452229140326, 2942839.953862005379051 ] ] ] } },
{ "type": "Feature", "properties": { "x_idx": 103424, "y_idx": 101696, "x": 9064822, "y": 3075517, "region": "uttar_pradesh" }, "geometry": { "type": "Polygon", "coordinates": [ [ [ 541503.575761668616906, 2945279.332903476897627 ], [ 544237.563046180875972, 2945288.543915631715208 ], [ 544247.013826605980285, 2942568.911777066066861 ], [ 541512.442426820169203, 2942559.706673096865416 ], [ 541503.575761668616906, 2945279.332903476897627 ] ] ] } },
{ "type": "Feature", "properties": { "x_idx": 104000, "y_idx": 101696, "x": 9067574, "y": 3075517, "region": "uttar_pradesh" }, "geometry": { "type": "Polygon", "coordinates": [ [ [ 543964.16404833982233, 2945287.596379110589623 ], [ 546698.156828545848839, 2945297.336099759209901 ], [ 546708.133319823071361, 2942577.698321676347405 ], [ 543973.556416871258989, 2942567.96484831860289 ], [ 543964.16404833982233, 2945287.596379110589623 ] ] ] } },
{ "type": "Feature", "properties": { "x_idx": 97088, "y_idx": 104576, "x": 9034553, "y": 3061759, "region": "uttar_pradesh" }, "geometry": { "type": "Polygon", "coordinates": [ [ [ 514451.214629811118357, 2932977.170579468365759 ], [ 517187.78700471209595, 2932980.556324439588934 ], [ 517191.444666283263359, 2930258.383839566260576 ], [ 514454.289928370446432, 2930255.000285951886326 ], [ 514451.214629811118357, 2932977.170579468365759 ] ] ] } },
{ "type": "Feature", "properties": { "x_idx": 95936, "y_idx": 104576, "x": 9029049, "y": 3061759, "region": "uttar_pradesh" }, "geometry": { "type": "Polygon", "coordinates": [ [ [ 509525.389167436398566, 2932972.552186365239322 ], [ 512261.958196284307633, 2932974.883683481719345 ], [ 512264.567606414784677, 2930252.714870114810765 ], [ 509527.416219074337278, 2930250.384882017504424 ], [ 509525.389167436398566, 2932972.552186365239322 ] ] ] } },
{ "type": "Feature", "properties": { "x_idx": 97088, "y_idx": 104000, "x": 9034553, "y": 3064510, "region": "uttar_pradesh" }, "geometry": { "type": "Polygon", "coordinates": [ [ [ 514448.445153767999727, 2935426.633793257642537 ], [ 517184.4930786457262, 2935430.021507924422622 ], [ 517188.152877793298103, 2932708.364862568676472 ], [ 514451.522249567089602, 2932704.979336600750685 ], [ 514448.445153767999727, 2935426.633793257642537 ] ] ] } },
{ "type": "Feature", "properties": { "x_idx": 96512, "y_idx": 104000, "x": 9031801, "y": 3064510, "region": "uttar_pradesh" }, "geometry": { "type": "Polygon", "coordinates": [ [ [ 511986.003749761322979, 2935424.085910047404468 ], [ 514722.049849582952447, 2935426.946193104609847 ], [ 514725.185215586156119, 2932705.291534615680575 ], [ 511988.556414884340484, 2932702.433099501300603 ], [ 511986.003749761322979, 2935424.085910047404468 ] ] ] } },
{ "type": "Feature", "properties": { "x_idx": 95936, "y_idx": 104000, "x": 9029049, "y": 3064510, "region": "uttar_pradesh" }, "geometry": { "type": "Polygon", "coordinates": [ [ [ 509523.563695584482048, 2935422.012713348027319 ], [ 512259.608278477040585, 2935424.345566841773689 ], [ 512262.219213578209747, 2932702.692588539328426 ], [ 509525.591931856994051, 2932700.361242233775556 ], [ 509523.563695584482048, 2935422.012713348027319 ] ] ] } },
{ "type": "Feature", "properties": { "x_idx": 95936, "y_idx": 103424, "x": 9029049, "y": 3067262, "region": "uttar_pradesh" }, "geometry": { "type": "Polygon", "coordinates": [ [ [ 509521.737158916192129, 2937871.00870122294873 ], [ 512257.256989940011408, 2937873.342909447383136 ], [ 512259.869448176235892, 2935152.206070633605123 ], [ 509523.76657839724794, 2935149.873367767315358 ], [ 509521.737158916192129, 2937871.00870122294873 ] ] ] } },
{ "type": "Feature", "properties": { "x_idx": 96512, "y_idx": 103424, "x": 9031801, "y": 3067262, "region": "uttar_pradesh" }, "geometry": { "type": "Polygon", "coordinates": [ [ [ 511983.704936496855225, 2937873.083101865369827 ], [ 514719.226282603223808, 2937875.945045940112323 ], [ 514722.363477675477043, 2935154.8065289799124 ], [ 511986.259090762294363, 2935151.946430604439229 ], [ 511983.704936496855225, 2937873.083101865369827 ] ] ] } },
{ "type": "Feature", "properties": { "x_idx": 97088, "y_idx": 103424, "x": 9034553, "y": 3067262, "region": "uttar_pradesh" }, "geometry": { "type": "Polygon", "coordinates": [ [ [ 514445.674062264268287, 2937875.632464677095413 ], [ 517181.197231205063872, 2937879.022146646864712 ], [ 517184.85916535591241, 2935157.881645233836025 ], [ 514448.752953139774036, 2935154.494149303529412 ], [ 514445.674062264268287, 2937875.632464677095413 ] ] ] } },
{ "type": "Feature", "properties": { "x_idx": 95936, "y_idx": 102848, "x": 9029049, "y": 3070014, "region": "uttar_pradesh" }, "geometry": { "type": "Polygon", "coordinates": [ [ [ 509519.909558715007734, 2940319.539876347407699 ], [ 512254.904332325560972, 2940321.875437655486166 ], [ 512257.518311860912945, 2937601.255042398814112 ], [ 509521.940159978519659, 2937598.920984617900103 ], [ 509519.909558715007734, 2940319.539876347407699 ] ] ] } },
{ "type": "Feature", "properties": { "x_idx": 97088, "y_idx": 102848, "x": 9034553, "y": 3070014, "region": "uttar_pradesh" }, "geometry": { "type": "Polygon", "coordinates": [ [ [ 514442.901357247377746, 2940324.166320082731545 ], [ 517177.899464706250001, 2940327.557966963853687 ], [ 517181.563531286898069, 2937606.933913561049849 ], [ 514445.98204103554599, 2937603.544450061861426 ], [ 514442.901357247377746, 2940324.166320082731545 ] ] ] } },
{ "type": "Feature", "properties": { "x_idx": 93632, "y_idx": 104000, "x": 9018042, "y": 3064510, "region": "uttar_pradesh" }, "geometry": { "type": "Polygon", "coordinates": [ [ [ 499673.811430914211087, 2935418.466767116449773 ], [ 502409.853027344157454, 2935418.689915262628347 ], [ 502410.366253758722451, 2932697.040590913500637 ], [ 499673.741962539148517, 2932696.817586937453598 ], [ 499673.811430914211087, 2935418.466767116449773 ] ] ] } },
{ "type": "Feature", "properties": { "x_idx": 92480, "y_idx": 104000, "x": 9012539, "y": 3064510, "region": "uttar_pradesh" }, "geometry": { "type": "Polygon", "coordinates": [ [ [ 494748.93618742475519, 2935419.541890653315932 ], [ 497484.978139375918545, 2935418.710188592784107 ], [ 497484.442515149654355, 2932697.060851144604385 ], [ 494747.817867928009946, 2932697.892015866935253 ], [ 494748.93618742475519, 2935419.541890653315932 ] ] ] } },
{ "type": "Feature", "properties": { "x_idx": 93056, "y_idx": 103424, "x": 9015291, "y": 3067262, "region": "uttar_pradesh" }, "geometry": { "type": "Polygon", "coordinates": [ [ [ 497211.908799673197791, 2937867.76109055057168 ], [ 499947.425671538920142, 2937867.456637002527714 ], [ 499947.414466104004532, 2935146.323594316840172 ], [ 497211.314559490419924, 2935146.627851519733667 ], [ 497211.908799673197791, 2937867.76109055057168 ] ] ] } },
{ "type": "Feature", "properties": { "x_idx": 92480, "y_idx": 103424, "x": 9012539, "y": 3067262, "region": "uttar_pradesh" }, "geometry": { "type": "Polygon", "coordinates": [ [ [ 494749.943294731143396, 2937868.536443674471229 ], [ 497485.460498016211204, 2937867.704258628189564 ], [ 497484.924561323365197, 2935146.571056248620152 ], [ 494748.824322841595858, 2935147.402704608626664 ], [ 494749.943294731143396, 2937868.536443674471229 ] ] ] } },
{ "type": "Feature", "properties": { "x_idx": 92480, "y_idx": 102848, "x": 9012539, "y": 3070014, "region": "uttar_pradesh" }, "geometry": { "type": "Polygon", "coordinates": [ [ [ 494750.950988443917595, 2940317.066185690928251 ], [ 497485.943137518595904, 2940316.233518245629966 ], [ 497485.406888735771645, 2937595.616755002178252 ], [ 494749.831364948011469, 2937596.448886412195861 ], [ 494750.950988443917595, 2940317.066185690928251 ] ] ] } },
{ "type": "Feature", "properties": { "x_idx": 93632, "y_idx": 102848, "x": 9018042, "y": 3070014, "region": "uttar_pradesh" }, "geometry": { "type": "Polygon", "coordinates": [ [ [ 499673.936587413190864, 2940315.989814223255962 ], [ 502408.928381832316518, 2940316.213221385143697 ], [ 502409.442206686828285, 2937595.596471206285059 ], [ 499673.86703803553246, 2937595.373207864351571 ], [ 499673.936587413190864, 2940315.989814223255962 ] ] ] } },
{ "type": "Feature", "properties": { "x_idx": 93056, "y_idx": 102848, "x": 9015291, "y": 3070014, "region": "uttar_pradesh" }, "geometry": { "type": "Polygon", "coordinates": [ [ [ 497212.443944569851737, 2940316.290383113082498 ], [ 499947.435762629203964, 2940315.985753079876304 ], [ 499947.424550669034943, 2937595.369149335194379 ], [ 497211.849358345498331, 2937595.673583261203021 ], [ 497212.443944569851737, 2940316.290383113082498 ] ] ] } },
{ "type": "Feature", "properties": { "x_idx": 93056, "y_idx": 102272, "x": 9015291, "y": 3072766, "region": "uttar_pradesh" }, "geometry": { "type": "Polygon", "coordinates": [ [ [ 497212.979400507174432, 2942764.354591894429177 ], [ 499947.445859584666323, 2942764.049785592127591 ], [ 499947.434641107160132, 2940043.94992449786514 ], [ 497212.384468658827245, 2940044.254534932784736 ], [ 497212.979400507174432, 2942764.354591894429177 ] ] ] } },
{ "type": "Feature", "properties": { "x_idx": 93632, "y_idx": 102272, "x": 9018042, "y": 3072766, "region": "uttar_pradesh" }, "geometry": { "type": "Polygon", "coordinates": [ [ [ 499673.999220258789137, 2942764.053849084768444 ], [ 502408.465655724925455, 2942764.277385517954826 ], [ 502408.979779258021154, 2940044.177378168795258 ], [ 499673.929630453174468, 2940043.953985380474478 ], [ 499673.999220258789137, 2942764.053849084768444 ] ] ] } },
{ "type": "Feature", "properties": { "x_idx": 92480, "y_idx": 102272, "x": 9012539, "y": 3072766, "region": "uttar_pradesh" }, "geometry": { "type": "Polygon", "coordinates": [ [ [ 494751.959267855272628, 2942765.130843379534781 ], [ 497486.426057544187643, 2942764.297694123815745 ], [ 497485.889497048046906, 2940044.197673724032938 ], [ 494750.838993539451621, 2940045.030287597794086 ], [ 494751.959267855272628, 2942765.130843379534781 ] ] ] } },
{ "type": "Feature", "properties": { "x_idx": 94208, "y_idx": 104000, "x": 9020794, "y": 3064510, "region": "uttar_pradesh" }, "geometry": { "type": "Polygon", "coordinates": [ [ [ 502136.248858902137727, 2935418.641229196917266 ], [ 504872.290739760675933, 2935419.39180249767378 ], [ 504873.328391858725809, 2932697.742024678736925 ], [ 502136.703815825865604, 2932696.99193630181253 ], [ 502136.248858902137727, 2935418.641229196917266 ] ] ] } },
{ "type": "Feature", "properties": { "x_idx": 94208, "y_idx": 103424, "x": 9020794, "y": 3067262, "region": "uttar_pradesh" }, "geometry": { "type": "Polygon", "coordinates": [ [ [ 502135.839145539037418, 2937867.635259186848998 ], [ 504871.356277818034869, 2937868.386268360540271 ], [ 504872.394535250030458, 2935147.252626144327223 ], [ 502136.29436787054874, 2935146.502101305406541 ], [ 502135.839145539037418, 2937867.635259186848998 ] ] ] } },
{ "type": "Feature", "properties": { "x_idx": 95360, "y_idx": 103424, "x": 9026298, "y": 3067262, "region": "uttar_pradesh" }, "geometry": { "type": "Polygon", "coordinates": [ [ [ 507059.770452545490116, 2937869.409261268097907 ], [ 509795.289076238579582, 2937871.215735310688615 ], [ 509797.376799506135285, 2935150.080268335994333 ], [ 507061.275138692813925, 2935148.274959310423583 ], [ 507059.770452545490116, 2937869.409261268097907 ] ] ] } },
{ "type": "Feature", "properties": { "x_idx": 93632, "y_idx": 103424, "x": 9018042, "y": 3067262, "region": "uttar_pradesh" }, "geometry": { "type": "Polygon", "coordinates": [ [ [ 499673.873990950349253, 2937867.460695792920887 ], [ 502409.390839146974031, 2937867.683973526116461 ], [ 502409.904364961956162, 2935146.550784228835255 ], [ 499673.804482049541548, 2935146.327650490216911 ], [ 499673.873990950349253, 2937867.460695792920887 ] ] ] } },
{ "type": "Feature", "properties": { "x_idx": 94784, "y_idx": 103424, "x": 9023546, "y": 3067262, "region": "uttar_pradesh" }, "geometry": { "type": "Polygon", "coordinates": [ [ [ 504597.804540411918424, 2937868.284780856687576 ], [ 507333.322264522197656, 2937869.563522007782012 ], [ 507334.88525431335438, 2935148.429120566230267 ], [ 504598.784494301129598, 2935147.151204091031104 ], [ 504597.804540411918424, 2937868.284780856687576 ] ] ] } },
{ "type": "Feature", "properties": { "x_idx": 94208, "y_idx": 102848, "x": 9020794, "y": 3070014, "region": "uttar_pradesh" }, "geometry": { "type": "Polygon", "coordinates": [ [ [ 502135.429193612828385, 2940316.164478806778789 ], [ 504870.421271767991129, 2940316.915923323016614 ], [ 504871.460133804299403, 2937596.298720776569098 ], [ 502135.884681032213848, 2937595.547760006505996 ], [ 502135.429193612828385, 2940316.164478806778789 ] ] ] } },
{ "type": "Feature", "properties": { "x_idx": 94784, "y_idx": 102848, "x": 9023546, "y": 3070014, "region": "uttar_pradesh" }, "geometry": { "type": "Polygon", "coordinates": [ [ [ 504596.922039803757798, 2940316.814376989845186 ], [ 507331.914709068834782, 2940318.093859397340566 ], [ 507333.478609029087238, 2937597.475898548029363 ], [ 504597.902564345567953, 2937596.197239814326167 ], [ 504596.922039803757798, 2940316.814376989845186 ] ] ] } },
{ "type": "Feature", "properties": { "x_idx": 94784, "y_idx": 102272, "x": 9023546, "y": 3072766, "region": "uttar_pradesh" }, "geometry": { "type": "Polygon", "coordinates": [ [ [ 504596.039026262471452, 2942764.878888972569257 ], [ 507330.506335506855976, 2942766.159111733082682 ], [ 507332.071144537709188, 2940046.057895187754184 ], [ 504597.020120768225752, 2940044.778495097532868 ], [ 504596.039026262471452, 2942764.878888972569257 ] ] ] } },
{ "type": "Feature", "properties": { "x_idx": 94208, "y_idx": 102272, "x": 9020794, "y": 3072766, "region": "uttar_pradesh" }, "geometry": { "type": "Polygon", "coordinates": [ [ [ 502135.019003411463927, 2942764.228614735882729 ], [ 504869.485722267301753, 2942764.980494064278901 ], [ 504870.525188178173266, 2940044.880034897942096 ], [ 502135.474755598756019, 2940044.128638726659119 ], [ 502135.019003411463927, 2942764.228614735882729 ] ] ] } },
{ "type": "Feature", "properties": { "x_idx": 95360, "y_idx": 102272, "x": 9026298, "y": 3072766, "region": "uttar_pradesh" }, "geometry": { "type": "Polygon", "coordinates": [ [ [ 507057.059565113158897, 2942766.004672259092331 ], [ 509791.527771747263614, 2942767.813239365816116 ], [ 509793.617925015627407, 2940047.710959879215807 ], [ 507058.566002637904603, 2940045.903554956428707 ], [ 507057.059565113158897, 2942766.004672259092331 ] ] ] } },
{ "type": "Feature", "properties": { "x_idx": 98240, "y_idx": 103424, "x": 9040056, "y": 3067262, "region": "uttar_pradesh" }, "geometry": { "type": "Polygon", "coordinates": [ [ [ 519369.617466263123788, 2937882.156084435991943 ], [ 522105.145204119384289, 2937886.601249840576202 ], [ 522109.85662465513451, 2935165.455860597081482 ], [ 519373.745837336289696, 2935161.013561916537583 ], [ 519369.617466263123788, 2937882.156084435991943 ] ] ] } },
{ "type": "Feature", "properties": { "x_idx": 97664, "y_idx": 102848, "x": 9037305, "y": 3070014, "region": "uttar_pradesh" }, "geometry": { "type": "Polygon", "coordinates": [ [ [ 516904.39955296786502, 2940327.192400010302663 ], [ 519639.399788412614726, 2940331.112093123607337 ], [ 519643.588902255112771, 2937610.485751744825393 ], [ 516908.005281132413074, 2937606.568581941537559 ], [ 516904.39955296786502, 2940327.192400010302663 ] ] ] } },
{ "type": "Feature", "properties": { "x_idx": 98816, "y_idx": 102848, "x": 9042808, "y": 3070014, "region": "uttar_pradesh" }, "geometry": { "type": "Polygon", "coordinates": [ [ [ 521827.401920502306893, 2940334.670286792330444 ], [ 524562.407334048184566, 2940339.646081145852804 ], [ 524567.646551768295467, 2937619.014246010221541 ], [ 521832.057745522935875, 2937614.041654822882265 ], [ 521827.401920502306893, 2940334.670286792330444 ] ] ] } },
{ "type": "Feature", "properties": { "x_idx": 98240, "y_idx": 102848, "x": 9040056, "y": 3070014, "region": "uttar_pradesh" }, "geometry": { "type": "Polygon", "coordinates": [ [ [ 519365.899648506718222, 2940330.693721413146704 ], [ 522100.902319311979227, 2940335.141463558189571 ], [ 522105.616483409306966, 2937614.512528268620372 ], [ 519370.030423623684328, 2937610.067649361677468 ], [ 519365.899648506718222, 2940330.693721413146704 ] ] ] } },
{ "type": "Feature", "properties": { "x_idx": 98816, "y_idx": 102272, "x": 9042808, "y": 3072766, "region": "uttar_pradesh" }, "geometry": { "type": "Polygon", "coordinates": [ [ [ 521823.209107018774375, 2942782.745130793657154 ], [ 524557.689144989475608, 2942787.723804292734712 ], [ 524562.931408157222904, 2940067.608730352018028 ], [ 521827.867638378869742, 2940062.633256120607257 ], [ 521823.209107018774375, 2942782.745130793657154 ] ] ] } },
{ "type": "Feature", "properties": { "x_idx": 98240, "y_idx": 102272, "x": 9040056, "y": 3072766, "region": "uttar_pradesh" }, "geometry": { "type": "Polygon", "coordinates": [ [ [ 519362.17966986738611, 2942778.766264449805021 ], [ 522096.656968444935046, 2942783.216580196749419 ], [ 522101.373872792464681, 2940063.104402572382241 ], [ 519366.312846126616932, 2940058.656946577597409 ], [ 519362.17966986738611, 2942778.766264449805021 ] ] ] } },
{ "type": "Feature", "properties": { "x_idx": 97664, "y_idx": 102272, "x": 9037305, "y": 3072766, "region": "uttar_pradesh" }, "geometry": { "type": "Polygon", "coordinates": [ [ [ 516901.152406516252086, 2942775.26291706925258 ], [ 519635.627272705663927, 2942779.184878243599087 ], [ 519639.818821601278614, 2940059.075291371438652 ], [ 516904.760230626154225, 2940055.155850435607135 ], [ 516901.152406516252086, 2942775.26291706925258 ] ] ] } },
{ "type": "Feature", "properties": { "x_idx": 98240, "y_idx": 101696, "x": 9040056, "y": 3075517, "region": "uttar_pradesh" }, "geometry": { "type": "Polygon", "coordinates": [ [ [ 519358.457532956614159, 2945226.373440544120967 ], [ 522092.409154498716816, 2945230.826326755806804 ], [ 522097.128795784898102, 2942511.231210151687264 ], [ 519362.593107456341386, 2942506.781180205289274 ], [ 519358.457532956614159, 2945226.373440544120967 ] ] ] } },
{ "type": "Feature", "properties": { "x_idx": 98816, "y_idx": 101696, "x": 9042808, "y": 3075517, "region": "uttar_pradesh" }, "geometry": { "type": "Polygon", "coordinates": [ [ [ 521819.013860936916899, 2945230.35460504796356 ], [ 524552.96821852424182, 2945235.336154181044549 ], [ 524558.213523459271528, 2942515.738144792150706 ], [ 521823.675095365790185, 2942510.759791024960577 ], [ 521819.013860936916899, 2945230.35460504796356 ] ] ] } },
{ "type": "Feature", "properties": { "x_idx": 97664, "y_idx": 101696, "x": 9037305, "y": 3075517, "region": "uttar_pradesh" }, "geometry": { "type": "Polygon", "coordinates": [ [ [ 516897.903376120026223, 2945222.868069656193256 ], [ 519631.852568246598821, 2945226.792296125553548 ], [ 519636.046549252525438, 2942507.19976711506024 ], [ 516901.513293642434292, 2942503.278057811781764 ], [ 516897.903376120026223, 2945222.868069656193256 ] ] ] } },
{ "type": "Feature", "properties": { "x_idx": 95360, "y_idx": 102848, "x": 9026298, "y": 3070014, "region": "uttar_pradesh" }, "geometry": { "type": "Polygon", "coordinates": [ [ [ 507058.415402624872513, 2940317.939509235322475 ], [ 509793.408970376302022, 2940319.747030447702855 ], [ 509795.49790937785292, 2937599.128005361650139 ], [ 507059.920964989694767, 2937597.321647749748081 ], [ 507058.415402624872513, 2940317.939509235322475 ] ] ] } },
{ "type": "Feature", "properties": { "x_idx": 96512, "y_idx": 102848, "x": 9031801, "y": 3070014, "region": "uttar_pradesh" }, "geometry": { "type": "Polygon", "coordinates": [ [ [ 511981.404784709506202, 2940321.615479469299316 ], [ 514716.401071555796079, 2940324.479082541074604 ], [ 514719.540093492425513, 2937603.857011178508401 ], [ 511983.960426322359126, 2937600.995251561049372 ], [ 511981.404784709506202, 2940321.615479469299316 ] ] ] } },
{ "type": "Feature", "properties": { "x_idx": 95936, "y_idx": 102272, "x": 9029049, "y": 3072766, "region": "uttar_pradesh" }, "geometry": { "type": "Polygon", "coordinates": [ [ [ 509518.080896264698822, 2942767.605965399648994 ], [ 512252.550307286146563, 2942769.942878142930567 ], [ 512255.165806284523569, 2940049.83923015370965 ], [ 509520.112677884288132, 2940047.503819106612355 ], [ 509518.080896264698822, 2942767.605965399648994 ] ] ] } },
{ "type": "Feature", "properties": { "x_idx": 96512, "y_idx": 102272, "x": 9031801, "y": 3072766, "region": "uttar_pradesh" }, "geometry": { "type": "Polygon", "coordinates": [ [ [ 511979.103296014713123, 2942769.682769536506385 ], [ 514713.574218425026629, 2942772.548029585275799 ], [ 514716.715065021184273, 2940052.442707530688494 ], [ 511981.660423179971986, 2940049.579288692213595 ], [ 511979.103296014713123, 2942769.682769536506385 ] ] ] } },
{ "type": "Feature", "properties": { "x_idx": 97088, "y_idx": 102272, "x": 9034553, "y": 3072766, "region": "uttar_pradesh" }, "geometry": { "type": "Polygon", "coordinates": [ [ [ 514440.127040664723609, 2942772.23508615186438 ], [ 517174.599781465542037, 2942775.628695552237332 ], [ 517178.265977902396116, 2940055.521393870003521 ], [ 514443.209515201684553, 2940052.12996519356966 ], [ 514440.127040664723609, 2942772.23508615186438 ] ] ] } },
{ "type": "Feature", "properties": { "x_idx": 96512, "y_idx": 101696, "x": 9031801, "y": 3075517, "region": "uttar_pradesh" }, "geometry": { "type": "Polygon", "coordinates": [ [ [ 511976.800472028378863, 2945217.284699065610766 ], [ 514710.745725195563864, 2945220.151614071335644 ], [ 514713.8883942461689, 2942500.563344678841531 ], [ 511979.35908295068657, 2942497.698268638923764 ], [ 511976.800472028378863, 2945217.284699065610766 ] ] ] } },
{ "type": "Feature", "properties": { "x_idx": 97088, "y_idx": 101696, "x": 9034553, "y": 3075517, "region": "uttar_pradesh" }, "geometry": { "type": "Polygon", "coordinates": [ [ [ 514437.351114464050625, 2945219.838489884044975 ], [ 517171.29818379948847, 2945223.234059410169721 ], [ 517174.966507518605795, 2942503.643812803551555 ], [ 514440.435377585701644, 2942500.250421342905611 ], [ 514437.351114464050625, 2945219.838489884044975 ] ] ] } },
{ "type": "Feature", "properties": { "x_idx": 95936, "y_idx": 101696, "x": 9029049, "y": 3075517, "region": "uttar_pradesh" }, "geometry": { "type": "Polygon", "coordinates": [ [ [ 509516.251172849035356, 2945215.206695378292352 ], [ 512250.194916474400088, 2945217.544957909733057 ], [ 512252.811933099641465, 2942497.95836054161191 ], [ 509518.284133398206905, 2942495.621597875375301 ], [ 509516.251172849035356, 2945215.206695378292352 ] ] ] } },
{ "type": "Feature", "properties": { "x_idx": 96512, "y_idx": 101120, "x": 9031801, "y": 3078269, "region": "uttar_pradesh" }, "geometry": { "type": "Polygon", "coordinates": [ [ [ 511974.496314366348088, 2947664.420995380263776 ], [ 514707.915593852114398, 2947667.289563322905451 ], [ 514711.060083151853178, 2944948.218649587593973 ], [ 511977.056407250231132, 2944945.351918365806341 ], [ 511974.496314366348088, 2947664.420995380263776 ] ] ] } },
{ "type": "Feature", "properties": { "x_idx": 97088, "y_idx": 101120, "x": 9034553, "y": 3078269, "region": "uttar_pradesh" }, "geometry": { "type": "Polygon", "coordinates": [ [ [ 514434.573580593278166, 2947666.976258601993322 ], [ 517167.994674024928827, 2947670.373785861302167 ], [ 517171.665122452075593, 2944951.300897325854748 ], [ 514437.659630135283805, 2944947.905545473098755 ], [ 514434.573580593278166, 2947666.976258601993322 ] ] ] } },
{ "type": "Feature", "properties": { "x_idx": 91904, "y_idx": 102272, "x": 9009787, "y": 3072766, "region": "uttar_pradesh" }, "geometry": { "type": "Polygon", "coordinates": [ [ [ 492290.938546001969371, 2942766.382604093756527 ], [ 495025.405973302200437, 2942765.021111289970577 ], [ 495024.344070404302329, 2940044.920626023318619 ], [ 492289.292928418668453, 2940046.281243932433426 ], [ 492290.938546001969371, 2942766.382604093756527 ] ] ] } },
{ "type": "Feature", "properties": { "x_idx": 92480, "y_idx": 101696, "x": 9012539, "y": 3075517, "region": "uttar_pradesh" }, "geometry": { "type": "Polygon", "coordinates": [ [ [ 494752.968132257461548, 2945212.730143739376217 ], [ 497486.90925775381038, 2945211.896513260900974 ], [ 497486.372385921073146, 2942492.313539059832692 ], [ 494751.847207908227574, 2942493.146634809672832 ], [ 494752.968132257461548, 2945212.730143739376217 ] ] ] } },
{ "type": "Feature", "properties": { "x_idx": 91904, "y_idx": 101696, "x": 9009787, "y": 3075517, "region": "uttar_pradesh" }, "geometry": { "type": "Polygon", "coordinates": [ [ [ 492292.420508924289607, 2945213.982627464924008 ], [ 495026.362271252728533, 2945212.62034826958552 ], [ 495025.29975219105836, 2942493.036909767892212 ], [ 492290.773936480283737, 2942494.398315135389566 ], [ 492292.420508924289607, 2945213.982627464924008 ] ] ] } },
{ "type": "Feature", "properties": { "x_idx": 93056, "y_idx": 101696, "x": 9015291, "y": 3075517, "region": "uttar_pradesh" }, "geometry": { "type": "Polygon", "coordinates": [ [ [ 497213.515167109260801, 2945211.953443895094097 ], [ 499947.455962398264091, 2945211.648461537435651 ], [ 499947.444737411336973, 2942492.06564644863829 ], [ 497212.919890054676216, 2942492.370433176402003 ], [ 497213.515167109260801, 2945211.953443895094097 ] ] ] } },
{ "type": "Feature", "properties": { "x_idx": 92480, "y_idx": 101120, "x": 9012539, "y": 3078269, "region": "uttar_pradesh" }, "geometry": { "type": "Polygon", "coordinates": [ [ [ 494753.977580942446366, 2947659.863814095500857 ], [ 497487.392737808462698, 2947659.029702980071306 ], [ 497486.855555015907157, 2944939.96407797280699 ], [ 494752.856007346359547, 2944940.797655011061579 ], [ 494753.977580942446366, 2947659.863814095500857 ] ] ] } },
{ "type": "Feature", "properties": { "x_idx": 93632, "y_idx": 101120, "x": 9018042, "y": 3078269, "region": "uttar_pradesh" }, "geometry": { "type": "Polygon", "coordinates": [ [ [ 499674.124594922410324, 2947658.785576425492764 ], [ 502407.539398431486916, 2947659.009370928630233 ], [ 502408.054118238971569, 2944939.943758939392865 ], [ 499674.054924407333601, 2944939.72010773094371 ], [ 499674.124594922410324, 2947658.785576425492764 ] ] ] } },
{ "type": "Feature", "properties": { "x_idx": 93056, "y_idx": 101120, "x": 9015291, "y": 3078269, "region": "uttar_pradesh" }, "geometry": { "type": "Polygon", "coordinates": [ [ [ 497214.051244000147562, 2947659.08666643826291 ], [ 499947.466071062895935, 2947658.781508241314441 ], [ 499947.454839574347716, 2944939.716042151674628 ], [ 497213.455622157023754, 2944940.021004957612604 ], [ 497214.051244000147562, 2947659.08666643826291 ] ] ] } },
{ "type": "Feature", "properties": { "x_idx": 91904, "y_idx": 101120, "x": 9009787, "y": 3078269, "region": "uttar_pradesh" }, "geometry": { "type": "Polygon", "coordinates": [ [ [ 492293.903330123517662, 2947661.11701994901523 ], [ 495027.319123042339925, 2947659.753955321852118 ], [ 495026.255988562537823, 2944940.687866580206901 ], [ 492292.255803974287119, 2944942.050058445893228 ], [ 492293.903330123517662, 2947661.11701994901523 ] ] ] } },
{ "type": "Feature", "properties": { "x_idx": 93632, "y_idx": 100544, "x": 9018042, "y": 3081021, "region": "uttar_pradesh" }, "geometry": { "type": "Polygon", "coordinates": [ [ [ 499674.187336652481463, 2950105.452723873313516 ], [ 502407.075867895269766, 2950105.676647174172103 ], [ 502407.590885298384819, 2947387.128686999436468 ], [ 499674.117625856015366, 2947386.904906817246228 ], [ 499674.187336652481463, 2950105.452723873313516 ] ] ] } },
{ "type": "Feature", "properties": { "x_idx": 92480, "y_idx": 100544, "x": 9012539, "y": 3081021, "region": "uttar_pradesh" }, "geometry": { "type": "Polygon", "coordinates": [ [ [ 494754.987613202247303, 2950106.531582090537995 ], [ 497487.876497369084973, 2950105.696990927681327 ], [ 497487.339003993431106, 2947387.149017750285566 ], [ 494753.865391145984177, 2947387.98307548975572 ], [ 494754.987613202247303, 2950106.531582090537995 ] ] ] } },
{ "type": "Feature", "properties": { "x_idx": 94784, "y_idx": 101696, "x": 9023546, "y": 3075517, "region": "uttar_pradesh" }, "geometry": { "type": "Polygon", "coordinates": [ [ [ 504595.155500408029184, 2945212.478043805342168 ], [ 507329.09714482491836, 2945213.759006016422063 ], [ 507330.66286182787735, 2942494.17483712779358 ], [ 504596.137164188956376, 2942492.894696583971381 ], [ 504595.155500408029184, 2945212.478043805342168 ] ] ] } },
{ "type": "Feature", "properties": { "x_idx": 94208, "y_idx": 101696, "x": 9020794, "y": 3075517, "region": "uttar_pradesh" }, "geometry": { "type": "Polygon", "coordinates": [ [ [ 502134.608575222897343, 2945211.827393973246217 ], [ 504868.549629972840194, 2945212.579707582946867 ], [ 504869.589699028467294, 2942492.996295150369406 ], [ 502135.064591858186759, 2942492.244464108254761 ], [ 502134.608575222897343, 2945211.827393973246217 ] ] ] } },
{ "type": "Feature", "properties": { "x_idx": 95360, "y_idx": 101696, "x": 9026298, "y": 3075517, "region": "uttar_pradesh" }, "geometry": { "type": "Polygon", "coordinates": [ [ [ 507055.702940962219145, 2945213.604477338958532 ], [ 509789.645481672137976, 2945215.414089064579457 ], [ 509791.736847739841323, 2942495.828858530614525 ], [ 507057.210252589313313, 2942494.020407571922988 ], [ 507055.702940962219145, 2945213.604477338958532 ] ] ] } },
{ "type": "Feature", "properties": { "x_idx": 93632, "y_idx": 101696, "x": 9018042, "y": 3075517, "region": "uttar_pradesh" }, "geometry": { "type": "Polygon", "coordinates": [ [ [ 499674.061889443197288, 2945211.652527377475053 ], [ 502408.002661149657797, 2945211.876192924566567 ], [ 502408.517083000449929, 2942492.293231758289039 ], [ 499673.992259258404374, 2942492.069709680974483 ], [ 499674.061889443197288, 2945211.652527377475053 ] ] ] } },
{ "type": "Feature", "properties": { "x_idx": 94784, "y_idx": 101120, "x": 9023546, "y": 3078269, "region": "uttar_pradesh" }, "geometry": { "type": "Polygon", "coordinates": [ [ [ 504594.271462860400788, 2947659.611568810883909 ], [ 507327.687138011970092, 2947660.893269570078701 ], [ 507329.253761888190638, 2944941.826451332308352 ], [ 504595.253695227554999, 2944940.545571237802505 ], [ 504594.271462860400788, 2947659.611568810883909 ] ] ] } },
{ "type": "Feature", "properties": { "x_idx": 94208, "y_idx": 101120, "x": 9020794, "y": 3078269, "region": "uttar_pradesh" }, "geometry": { "type": "Polygon", "coordinates": [ [ [ 502134.197909335198347, 2947658.960543841123581 ], [ 504867.612995541363489, 2947659.71329120406881 ], [ 504868.653667011996731, 2944940.64722849894315 ], [ 502134.654190098459367, 2944939.894963115919381 ], [ 502134.197909335198347, 2947658.960543841123581 ] ] ] } },
{ "type": "Feature", "properties": { "x_idx": 94208, "y_idx": 100544, "x": 9020794, "y": 3081021, "region": "uttar_pradesh" }, "geometry": { "type": "Polygon", "coordinates": [ [ [ 502133.787006036320236, 2950105.627791985869408 ], [ 504866.675819629861508, 2950106.380972570739686 ], [ 504867.717092785518616, 2947387.832562231458724 ], [ 502134.243550607527141, 2947387.079863036982715 ], [ 502133.787006036320236, 2950105.627791985869408 ] ] ] } },
{ "type": "Feature", "properties": { "x_idx": 94784, "y_idx": 100544, "x": 9023546, "y": 3081021, "region": "uttar_pradesh" }, "geometry": { "type": "Polygon", "coordinates": [ [ [ 504593.386914239672478, 2950106.279191633686423 ], [ 507326.276316056901123, 2950107.561630038078874 ], [ 507327.843845707655419, 2947389.012465089559555 ], [ 504594.369714504107833, 2947387.730846346821636 ], [ 504593.386914239672478, 2950106.279191633686423 ] ] ] } },
{ "type": "Feature", "properties": { "x_idx": 94208, "y_idx": 99968, "x": 9020794, "y": 3083773, "region": "uttar_pradesh" }, "geometry": { "type": "Polygon", "coordinates": [ [ [ 502133.375865614390932, 2952551.828866375144571 ], [ 504865.738102895265911, 2952552.582479650620371 ], [ 504866.779977006022818, 2949834.552023954223841 ], [ 502133.832673673459794, 2949833.798891480080783 ], [ 502133.375865614390932, 2952551.828866375144571 ] ] ] } },
{ "type": "Feature", "properties": { "x_idx": 95360, "y_idx": 99968, "x": 9026298, "y": 3083773, "region": "uttar_pradesh" }, "geometry": { "type": "Polygon", "coordinates": [ [ [ 507051.62835819425527, 2952553.609019754920155 ], [ 509783.99207597959321, 2952555.421757685951889 ], [ 509786.087071639311034, 2949837.389490547589958 ], [ 507053.138285781547893, 2949835.577909131534398 ], [ 507051.62835819425527, 2952553.609019754920155 ] ] ] } },
{ "type": "Feature", "properties": { "x_idx": 98240, "y_idx": 101120, "x": 9040056, "y": 3078269, "region": "uttar_pradesh" }, "geometry": { "type": "Polygon", "coordinates": [ [ [ 519354.733240386471152, 2947673.514977018814534 ], [ 522088.158880454138853, 2947677.970430557616055 ], [ 522092.881255366955884, 2944958.892677968833596 ], [ 519358.871210224577226, 2944954.440077208913863 ], [ 519354.733240386471152, 2947673.514977018814534 ] ] ] } },
{ "type": "Feature", "properties": { "x_idx": 97664, "y_idx": 101120, "x": 9037305, "y": 3078269, "region": "uttar_pradesh" }, "geometry": { "type": "Polygon", "coordinates": [ [ [ 516894.652464059123304, 2947670.007585093844682 ], [ 519628.075677684217226, 2947673.934074093122035 ], [ 519632.27208785736002, 2944954.858905939850956 ], [ 516898.26447246078169, 2944950.934931033290923 ], [ 516894.652464059123304, 2947670.007585093844682 ] ] ] } },
{ "type": "Feature", "properties": { "x_idx": 98816, "y_idx": 101120, "x": 9042808, "y": 3078269, "region": "uttar_pradesh" }, "geometry": { "type": "Polygon", "coordinates": [ [ [ 521814.816185200586915, 2947677.498436876572669 ], [ 524548.244557965314016, 2947682.482858133502305 ], [ 524553.49290098680649, 2944963.402216291986406 ], [ 521819.480119427258614, 2944958.420986500568688 ], [ 521814.816185200586915, 2947677.498436876572669 ] ] ] } },
{ "type": "Feature", "properties": { "x_idx": 98240, "y_idx": 100544, "x": 9040056, "y": 3081021, "region": "uttar_pradesh" }, "geometry": { "type": "Polygon", "coordinates": [ [ [ 519351.006794768967666, 2950120.190601516980678 ], [ 522083.906149292248301, 2950124.648619244340807 ], [ 522088.631254519394133, 2947406.088533310219646 ], [ 519355.147157043102197, 2947401.633364875335246 ], [ 519351.006794768967666, 2950120.190601516980678 ] ] ] } },
{ "type": "Feature", "properties": { "x_idx": 98816, "y_idx": 100544, "x": 9042808, "y": 3081021, "region": "uttar_pradesh" }, "geometry": { "type": "Polygon", "coordinates": [ [ [ 521810.616082753927913, 2950124.17635392351076 ], [ 524543.518166625872254, 2950129.163643792737275 ], [ 524548.769544052542187, 2947410.600672137923539 ], [ 521815.282713507127482, 2947405.616569832433015 ], [ 521810.616082753927913, 2950124.17635392351076 ] ] ] } },
{ "type": "Feature", "properties": { "x_idx": 97664, "y_idx": 100544, "x": 9037305, "y": 3081021, "region": "uttar_pradesh" }, "geometry": { "type": "Polygon", "coordinates": [ [ [ 516891.399672613712028, 2950116.681191026698798 ], [ 519624.296603667549789, 2950120.609939789399505 ], [ 519628.495440064521972, 2947402.052435131277889 ], [ 516895.013769361190498, 2947398.126197387930006 ], [ 516891.399672613712028, 2950116.681191026698798 ] ] ] } },
{ "type": "Feature", "properties": { "x_idx": 97664, "y_idx": 99968, "x": 9037305, "y": 3083773, "region": "uttar_pradesh" }, "geometry": { "type": "Polygon", "coordinates": [ [ [ 516888.145004064077511, 2952562.888615421019495 ], [ 519620.515348845918197, 2952566.819621181581169 ], [ 519624.716608523041941, 2949848.78008229797706 ], [ 516891.761186623654794, 2949844.851584483869374 ], [ 516888.145004064077511, 2952562.888615421019495 ] ] ] } },
{ "type": "Feature", "properties": { "x_idx": 98240, "y_idx": 99968, "x": 9040056, "y": 3083773, "region": "uttar_pradesh" }, "geometry": { "type": "Polygon", "coordinates": [ [ [ 519347.278198716579936, 2952566.400042006745934 ], [ 522079.650963994383346, 2952570.860620783641934 ], [ 522084.378796223318204, 2949852.818503783550113 ], [ 519351.420950524101499, 2949848.360770811326802 ], [ 519347.278198716579936, 2952566.400042006745934 ] ] ] } },
{ "type": "Feature", "properties": { "x_idx": 98816, "y_idx": 99968, "x": 9042808, "y": 3083773, "region": "uttar_pradesh" }, "geometry": { "type": "Polygon", "coordinates": [ [ [ 521806.413556541490834, 2952570.388084155507386 ], [ 524538.78904781921301, 2952575.378239125944674 ], [ 524544.04345596942585, 2949857.33323993626982 ], [ 521811.082880549598485, 2949852.346268628723919 ], [ 521806.413556541490834, 2952570.388084155507386 ] ] ] } },
{ "type": "Feature", "properties": { "x_idx": 98240, "y_idx": 99392, "x": 9040056, "y": 3086524, "region": "uttar_pradesh" }, "geometry": { "type": "Polygon", "coordinates": [ [ [ 519343.547454841900617, 2955012.143026775680482 ], [ 522075.393327542231418, 2955016.606163462623954 ], [ 522080.123883460008074, 2952299.082317318301648 ], [ 519347.692593279934954, 2952294.622022947762161 ], [ 519343.547454841900617, 2955012.143026775680482 ] ] ] } },
{ "type": "Feature", "properties": { "x_idx": 95360, "y_idx": 101120, "x": 9026298, "y": 3078269, "region": "uttar_pradesh" }, "geometry": { "type": "Polygon", "coordinates": [ [ [ 507054.345531124039553, 2947660.738651797641069 ], [ 509787.762101471831556, 2947662.549306867644191 ], [ 509789.854678871342912, 2944943.481428281404078 ], [ 507055.853715795790777, 2944941.671932561323047 ], [ 507054.345531124039553, 2947660.738651797641069 ] ] ] } },
{ "type": "Feature", "properties": { "x_idx": 95936, "y_idx": 101120, "x": 9029049, "y": 3078269, "region": "uttar_pradesh" }, "geometry": { "type": "Polygon", "coordinates": [ [ [ 509514.420389751903713, 2947662.341793606523424 ], [ 512247.838161543186288, 2947664.681404278613627 ], [ 512250.456693958782125, 2944945.61216052621603 ], [ 509516.454527804162353, 2944943.274047889281064 ], [ 509514.420389751903713, 2947662.341793606523424 ] ] ] } },
{ "type": "Feature", "properties": { "x_idx": 95360, "y_idx": 100544, "x": 9026298, "y": 3081021, "region": "uttar_pradesh" }, "geometry": { "type": "Polygon", "coordinates": [ [ [ 507052.987336550664622, 2950107.406923280097544 ], [ 509785.877632467309013, 2950109.218620419036597 ], [ 509787.971419730805792, 2947390.668396417982876 ], [ 507054.496393209148664, 2947388.857857211492956 ], [ 507052.987336550664622, 2950107.406923280097544 ] ] ] } },
{ "type": "Feature", "properties": { "x_idx": 96512, "y_idx": 100544, "x": 9031801, "y": 3081021, "region": "uttar_pradesh" }, "geometry": { "type": "Polygon", "coordinates": [ [ [ 511972.190824644698296, 2950111.091386125423014 ], [ 514705.083826379792299, 2950113.96160498354584 ], [ 514708.230133723118342, 2947395.408349543344229 ], [ 511974.75239769462496, 2947392.53996516065672 ], [ 511972.190824644698296, 2950111.091386125423014 ] ] ] } },
{ "type": "Feature", "properties": { "x_idx": 97088, "y_idx": 100544, "x": 9034553, "y": 3081021, "region": "uttar_pradesh" }, "geometry": { "type": "Polygon", "coordinates": [ [ [ 514431.794441000558436, 2950113.648119949735701 ], [ 517164.689254458877258, 2950117.047602548263967 ], [ 517168.361825019645039, 2947398.49237472191453 ], [ 514434.882274798350409, 2947395.095064870547503 ], [ 514431.794441000558436, 2950113.648119949735701 ] ] ] } },
{ "type": "Feature", "properties": { "x_idx": 95936, "y_idx": 100544, "x": 9029049, "y": 3081021, "region": "uttar_pradesh" }, "geometry": { "type": "Polygon", "coordinates": [ [ [ 509512.588548257481307, 2950109.010987729765475 ], [ 512245.480044145486318, 2950111.351944893598557 ], [ 512248.100090514752083, 2947392.800357394851744 ], [ 509514.623862386099063, 2947390.460896435193717 ], [ 509512.588548257481307, 2950109.010987729765475 ] ] ] } },
{ "type": "Feature", "properties": { "x_idx": 97088, "y_idx": 99968, "x": 9034553, "y": 3083773, "region": "uttar_pradesh" }, "geometry": { "type": "Polygon", "coordinates": [ [ [ 514429.013697634160053, 2952559.853801894932985 ], [ 517161.381927418522537, 2952563.255237440112978 ], [ 517165.056617538211867, 2949845.217972601298243 ], [ 514432.10331352299545, 2949841.818707144353539 ], [ 514429.013697634160053, 2952559.853801894932985 ] ] ] } },
{ "type": "Feature", "properties": { "x_idx": 95936, "y_idx": 99968, "x": 9029049, "y": 3083773, "region": "uttar_pradesh" }, "geometry": { "type": "Polygon", "coordinates": [ [ [ 509510.755649649945553, 2952555.214005714748055 ], [ 512243.120565934397746, 2952557.556307722814381 ], [ 512245.742124420590699, 2949839.522678756155074 ], [ 509512.792138427961618, 2949837.181871121283621 ], [ 509510.755649649945553, 2952555.214005714748055 ] ] ] } },
{ "type": "Feature", "properties": { "x_idx": 96512, "y_idx": 99968, "x": 9031801, "y": 3083773, "region": "uttar_pradesh" }, "geometry": { "type": "Polygon", "coordinates": [ [ [ 511969.884004479739815, 2952557.295599267818034 ], [ 514702.250424763769843, 2952560.167467021383345 ], [ 514705.398547944845632, 2949842.132172154728323 ], [ 511972.44705589977093, 2949839.262136631179601 ], [ 511969.884004479739815, 2952557.295599267818034 ] ] ] } },
{ "type": "Feature", "properties": { "x_idx": 95936, "y_idx": 99392, "x": 9029049, "y": 3086524, "region": "uttar_pradesh" }, "geometry": { "type": "Polygon", "coordinates": [ [ [ 509508.921695213532075, 2955000.950575850903988 ], [ 512240.759728563192766, 2955003.294221054296941 ], [ 512243.382797329279128, 2952285.77885254053399 ], [ 509510.959357213985641, 2952283.436699878890067 ], [ 509508.921695213532075, 2955000.950575850903988 ] ] ] } },
{ "type": "Feature", "properties": { "x_idx": 94784, "y_idx": 99968, "x": 9023546, "y": 3083773, "region": "uttar_pradesh" }, "geometry": { "type": "Polygon", "coordinates": [ [ [ 504592.501855165872257, 2952552.480640242341906 ], [ 507324.864679948834237, 2952553.763815389014781 ], [ 507326.433114275103435, 2949835.73260600771755 ], [ 504593.485222638642881, 2949834.450249519199133 ], [ 504592.501855165872257, 2952552.480640242341906 ] ] ] } },
{ "type": "Feature", "properties": { "x_idx": 95360, "y_idx": 99392, "x": 9026298, "y": 3086524, "region": "uttar_pradesh" }, "geometry": { "type": "Polygon", "coordinates": [ [ [ 507050.268597006972414, 2954999.344669508747756 ], [ 509782.105433329939842, 2955001.158446957822889 ], [ 509784.201635917823296, 2952283.644438603427261 ], [ 507051.779394465091173, 2952281.831816252321005 ], [ 507050.268597006972414, 2954999.344669508747756 ] ] ] } },
{ "type": "Feature", "properties": { "x_idx": 94208, "y_idx": 99392, "x": 9020794, "y": 3086524, "region": "uttar_pradesh" }, "geometry": { "type": "Polygon", "coordinates": [ [ [ 502132.964488357421942, 2954997.563495296053588 ], [ 504864.79984599474119, 2954998.317540733609349 ], [ 504865.842320330440998, 2952280.805341601837426 ], [ 502133.421559584268834, 2952280.051776376087219 ], [ 502132.964488357421942, 2954997.563495296053588 ] ] ] } },
{ "type": "Feature", "properties": { "x_idx": 94784, "y_idx": 99392, "x": 9023546, "y": 3086524, "region": "uttar_pradesh" }, "geometry": { "type": "Polygon", "coordinates": [ [ [ 504591.616286259144545, 2954998.215642925351858 ], [ 507323.452230676775798, 2954999.49955391138792 ], [ 507325.021568579599261, 2952281.986602017190307 ], [ 504592.600220251188148, 2952280.70350868627429 ], [ 504591.616286259144545, 2954998.215642925351858 ] ] ] } },
{ "type": "Feature", "properties": { "x_idx": 94208, "y_idx": 98816, "x": 9020794, "y": 3089276, "region": "uttar_pradesh" }, "geometry": { "type": "Polygon", "coordinates": [ [ [ 502132.552874553599395, 2957442.831407363060862 ], [ 504863.86104958539363, 2957443.585884431377053 ], [ 504864.904123415937647, 2954726.592243425082415 ], [ 502133.01020862814039, 2954725.838245979975909 ], [ 502132.552874553599395, 2957442.831407363060862 ] ] ] } },
{ "type": "Feature", "properties": { "x_idx": 94784, "y_idx": 98816, "x": 9023546, "y": 3089276, "region": "uttar_pradesh" }, "geometry": { "type": "Polygon", "coordinates": [ [ [ 504590.730208139808383, 2957443.483928294386715 ], [ 507322.03896923008142, 2957444.768574216403067 ], [ 507323.60920961026568, 2954727.774181372486055 ], [ 504591.714707962004468, 2954726.490352102555335 ], [ 504590.730208139808383, 2957443.483928294386715 ] ] ] } },
{ "type": "Feature", "properties": { "x_idx": 95360, "y_idx": 98816, "x": 9026298, "y": 3089276, "region": "uttar_pradesh" }, "geometry": { "type": "Polygon", "coordinates": [ [ [ 507048.908053941268008, 2957444.613601155113429 ], [ 509780.21770583972102, 2957446.428416845854372 ], [ 509782.315113887540065, 2954729.43296883860603 ], [ 507050.419720212055836, 2954727.619306828361005 ], [ 507048.908053941268008, 2957444.613601155113429 ] ] ] } },
{ "type": "Feature", "properties": { "x_idx": 93632, "y_idx": 98240, "x": 9018042, "y": 3092028, "region": "uttar_pradesh" }, "geometry": { "type": "Polygon", "coordinates": [ [ [ 499674.438665201247204, 2959887.456861836370081 ], [ 502405.219074069696944, 2959887.681298754177988 ], [ 502405.735278244421352, 2957171.206965042278171 ], [ 499674.368793767876923, 2957170.982670541852713 ], [ 499674.438665201247204, 2959887.456861836370081 ] ] ] } },
{ "type": "Feature", "properties": { "x_idx": 94208, "y_idx": 98240, "x": 9020794, "y": 3092028, "region": "uttar_pradesh" }, "geometry": { "type": "Polygon", "coordinates": [ [ [ 502132.141024491051212, 2959887.632331506349146 ], [ 504862.921714324329514, 2959888.387239674571902 ], [ 504863.965386919502635, 2957171.912458001635969 ], [ 502132.598621093027759, 2957171.158028866630048 ], [ 502132.141024491051212, 2959887.632331506349146 ] ] ] } },
{ "type": "Feature", "properties": { "x_idx": 95360, "y_idx": 98240, "x": 9026298, "y": 3092028, "region": "uttar_pradesh" }, "geometry": { "type": "Polygon", "coordinates": [ [ [ 507047.546729949477594, 2959889.415543624665588 ], [ 509778.328894830308855, 2959891.231396281626076 ], [ 509780.427506869891658, 2957174.754809826612473 ], [ 507049.059263974661008, 2957172.940109433140606 ], [ 507047.546729949477594, 2959889.415543624665588 ] ] ] } },
{ "type": "Feature", "properties": { "x_idx": 102848, "y_idx": 103424, "x": 9062070, "y": 3067262, "region": "uttar_pradesh" }, "geometry": { "type": "Polygon", "coordinates": [ [ [ 539065.500404960126616, 2937927.249580930918455 ], [ 541801.058728579315357, 2937935.916837310884148 ], [ 541809.96825937461108, 2935214.739644397515804 ], [ 539073.826844872091897, 2935206.077977492008358 ], [ 539065.500404960126616, 2937927.249580930918455 ] ] ] } },
{ "type": "Feature", "properties": { "x_idx": 102272, "y_idx": 103424, "x": 9059318, "y": 3067262, "region": "uttar_pradesh" }, "geometry": { "type": "Polygon", "coordinates": [ [ [ 536603.502563624759205, 2937919.950440219603479 ], [ 539339.055986888357438, 2937928.089917508885264 ], [ 539347.440735549549572, 2935206.917772139422596 ], [ 536611.304228038992733, 2935198.7835439783521 ], [ 536603.502563624759205, 2937919.950440219603479 ] ] ] } },
{ "type": "Feature", "properties": { "x_idx": 101696, "y_idx": 102848, "x": 9056567, "y": 3070014, "region": "uttar_pradesh" }, "geometry": { "type": "Polygon", "coordinates": [ [ [ 534134.955609720083885, 2940361.681884624995291 ], [ 536869.979347618180327, 2940369.298000875394791 ], [ 536877.843897103797644, 2937648.647077463101596 ], [ 534142.236741657950915, 2937641.035864026751369 ], [ 534134.955609720083885, 2940361.681884624995291 ] ] ] } },
{ "type": "Feature", "properties": { "x_idx": 102848, "y_idx": 102848, "x": 9062070, "y": 3070014, "region": "uttar_pradesh" }, "geometry": { "type": "Polygon", "coordinates": [ [ [ 539058.002002989640459, 2940375.813357142265886 ], [ 541793.035222275415435, 2940384.485637590754777 ], [ 541801.949941174127162, 2937663.824937304947525 ], [ 539066.33329148334451, 2937655.158239532727748 ], [ 539058.002002989640459, 2940375.813357142265886 ] ] ] } },
{ "type": "Feature", "properties": { "x_idx": 102272, "y_idx": 102848, "x": 9059318, "y": 3070014, "region": "uttar_pradesh" }, "geometry": { "type": "Polygon", "coordinates": [ [ [ 536596.476749886060134, 2940368.509985390119255 ], [ 539331.505074789747596, 2940376.654180830810219 ], [ 539339.894705984857865, 2937655.998521951027215 ], [ 536604.282957313233055, 2937647.859569254796952 ], [ 536596.476749886060134, 2940368.509985390119255 ] ] ] } },
{ "type": "Feature", "properties": { "x_idx": 101696, "y_idx": 102272, "x": 9056567, "y": 3072766, "region": "uttar_pradesh" }, "geometry": { "type": "Polygon", "coordinates": [ [ [ 534128.398570352117531, 2942809.772358279675245 ], [ 536862.896910309558734, 2942817.392881392035633 ], [ 536870.766031235922128, 2940097.258742416277528 ], [ 534135.683934620348737, 2940089.643116149120033 ], [ 534128.398570352117531, 2942809.772358279675245 ] ] ] } },
{ "type": "Feature", "properties": { "x_idx": 102272, "y_idx": 102272, "x": 9059318, "y": 3072766, "region": "uttar_pradesh" }, "geometry": { "type": "Polygon", "coordinates": [ [ [ 536589.446852644905448, 2942816.604409942403436 ], [ 539323.949774009175599, 2942824.7533177905716 ], [ 539332.344281845027581, 2940104.614449113607407 ], [ 536597.25759760173969, 2940096.470777628012002 ], [ 536589.446852644905448, 2942816.604409942403436 ] ] ] } },
{ "type": "Feature", "properties": { "x_idx": 101696, "y_idx": 101696, "x": 9056567, "y": 3075517, "region": "uttar_pradesh" }, "geometry": { "type": "Polygon", "coordinates": [ [ [ 534121.837726746220142, 2945257.397443130146712 ], [ 536855.810363952768967, 2945265.022367730271071 ], [ 536863.684050795156509, 2942545.405316549818963 ], [ 534129.127318229759112, 2942537.785282824188471 ], [ 534121.837726746220142, 2945257.397443130146712 ] ] ] } },
{ "type": "Feature", "properties": { "x_idx": 102848, "y_idx": 101696, "x": 9062070, "y": 3075517, "region": "uttar_pradesh" }, "geometry": { "type": "Polygon", "coordinates": [ [ [ 539042.992129823775031, 2945271.545259250793606 ], [ 541776.974225271842442, 2945280.2275694841519 ], [ 541785.899301590630785, 2942560.600765240844339 ], [ 539051.333097924129106, 2942551.924024088308215 ], [ 539042.992129823775031, 2945271.545259250793606 ] ] ] } },
{ "type": "Feature", "properties": { "x_idx": 101120, "y_idx": 101696, "x": 9053815, "y": 3075517, "region": "uttar_pradesh" }, "geometry": { "type": "Polygon", "coordinates": [ [ [ 531661.266403583693318, 2945251.03726114006713 ], [ 534395.234771611867473, 2945258.133501274511218 ], [ 534402.582772333757021, 2942538.520868835970759 ], [ 531668.030314751085825, 2942531.429180473554879 ], [ 531661.266403583693318, 2945251.03726114006713 ] ] ] } },
{ "type": "Feature", "properties": { "x_idx": 99968, "y_idx": 102848, "x": 9048312, "y": 3070014, "region": "uttar_pradesh" }, "geometry": { "type": "Polygon", "coordinates": [ [ [ 526750.414100425783545, 2940344.049161180388182 ], [ 529485.425921580404975, 2940350.08107099076733 ], [ 529491.71525815105997, 2937629.442518353927881 ], [ 526756.120035608182661, 2937623.414491568692029 ], [ 526750.414100425783545, 2940344.049161180388182 ] ] ] } },
{ "type": "Feature", "properties": { "x_idx": 101120, "y_idx": 102272, "x": 9053815, "y": 3072766, "region": "uttar_pradesh" }, "geometry": { "type": "Polygon", "coordinates": [ [ [ 531667.354119670111686, 2942803.415847716853023 ], [ 534401.848185225157067, 2942810.507991533726454 ], [ 534409.191924861632288, 2940090.378276694566011 ], [ 531674.114108452224173, 2940083.290690205525607 ], [ 531667.354119670111686, 2942803.415847716853023 ] ] ] } },
{ "type": "Feature", "properties": { "x_idx": 99968, "y_idx": 102272, "x": 9048312, "y": 3072766, "region": "uttar_pradesh" }, "geometry": { "type": "Polygon", "coordinates": [ [ [ 526745.275607934338041, 2942792.129432077519596 ], [ 529479.76204569300171, 2942798.164832117501646 ], [ 529486.055038107326254, 2940078.04304885584861 ], [ 526750.984859851305373, 2940072.011527112219483 ], [ 526745.275607934338041, 2942792.129432077519596 ] ] ] } },
{ "type": "Feature", "properties": { "x_idx": 100544, "y_idx": 102272, "x": 9051063, "y": 3072766, "region": "uttar_pradesh" }, "geometry": { "type": "Polygon", "coordinates": [ [ [ 529206.313224298646674, 2942797.5348737151362 ], [ 531940.803322454215959, 2942804.098643300589174 ], [ 531947.621686045080423, 2940083.973047032952309 ], [ 529212.547842422034591, 2940077.413495258893818 ], [ 529206.313224298646674, 2942797.5348737151362 ] ] ] } },
{ "type": "Feature", "properties": { "x_idx": 99392, "y_idx": 102272, "x": 9045560, "y": 3072766, "region": "uttar_pradesh" }, "geometry": { "type": "Polygon", "coordinates": [ [ [ 524284.240994274034165, 2942787.199518943205476 ], [ 527018.724078637780622, 2942792.706553746480495 ], [ 527024.491704369545914, 2940072.588277927599847 ], [ 524289.424884061678313, 2940067.084781905636191 ], [ 524284.240994274034165, 2942787.199518943205476 ] ] ] } },
{ "type": "Feature", "properties": { "x_idx": 99968, "y_idx": 101696, "x": 9048312, "y": 3075517, "region": "uttar_pradesh" }, "geometry": { "type": "Polygon", "coordinates": [ [ [ 526740.134134189574979, 2945239.744326609186828 ], [ 529474.094883743557148, 2945245.7832126240246 ], [ 529480.391527583473362, 2942526.178502094000578 ], [ 526745.846698832814582, 2942520.143489646725357 ], [ 526740.134134189574979, 2945239.744326609186828 ] ] ] } },
{ "type": "Feature", "properties": { "x_idx": 99392, "y_idx": 101696, "x": 9045560, "y": 3075517, "region": "uttar_pradesh" }, "geometry": { "type": "Polygon", "coordinates": [ [ [ 524279.572636026714463, 2945234.81156600965187 ], [ 527013.530036284122616, 2945240.321781617589295 ], [ 527019.301008612033911, 2942520.720574253704399 ], [ 524284.759533711709082, 2942515.213893112260848 ], [ 524279.572636026714463, 2945234.81156600965187 ] ] ] } },
{ "type": "Feature", "properties": { "x_idx": 100544, "y_idx": 101696, "x": 9051063, "y": 3075517, "region": "uttar_pradesh" }, "geometry": { "type": "Polygon", "coordinates": [ [ [ 529200.698631386738271, 2945245.152890365570784 ], [ 531934.663036864250898, 2945251.720451097469777 ], [ 531941.485356710269116, 2942532.111932209227234 ], [ 529206.936867065727711, 2942525.548584147356451 ], [ 529200.698631386738271, 2945245.152890365570784 ] ] ] } },
{ "type": "Feature", "properties": { "x_idx": 99392, "y_idx": 101120, "x": 9045560, "y": 3078269, "region": "uttar_pradesh" }, "geometry": { "type": "Polygon", "coordinates": [ [ [ 524274.901574129646178, 2947681.957967509981245 ], [ 527008.332985841087066, 2947687.471360039431602 ], [ 527014.107300715520978, 2944968.387524126563221 ], [ 524280.091476072149817, 2944962.877661749720573 ], [ 524274.901574129646178, 2947681.957967509981245 ] ] ] } },
{ "type": "Feature", "properties": { "x_idx": 99968, "y_idx": 101120, "x": 9048312, "y": 3078269, "region": "uttar_pradesh" }, "geometry": { "type": "Polygon", "coordinates": [ [ [ 526734.989682799438015, 2947686.893572099041194 ], [ 529468.424439708935097, 2947692.93593983259052 ], [ 529474.724730555666611, 2944973.848605030681938 ], [ 526740.705556160304695, 2944967.810106135439128 ], [ 526734.989682799438015, 2947686.893572099041194 ] ] ] } },
{ "type": "Feature", "properties": { "x_idx": 102272, "y_idx": 101696, "x": 9059318, "y": 3075517, "region": "uttar_pradesh" }, "geometry": { "type": "Polygon", "coordinates": [ [ [ 536582.412876836489886, 2945264.233440874610096 ], [ 539316.390089850872755, 2945272.38705538213253 ], [ 539324.789468433824368, 2942552.765280266758054 ], [ 536590.228153839358129, 2942544.616895736660808 ], [ 536582.412876836489886, 2945264.233440874610096 ] ] ] } },
{ "type": "Feature", "properties": { "x_idx": 101120, "y_idx": 101120, "x": 9053815, "y": 3078269, "region": "uttar_pradesh" }, "geometry": { "type": "Polygon", "coordinates": [ [ [ 531655.175161859835498, 2947698.193017562385648 ], [ 534388.617527920519933, 2947705.293349012732506 ], [ 534395.969784571207128, 2944986.198101973626763 ], [ 531661.942990665906109, 2944979.10231673810631 ], [ 531655.175161859835498, 2947698.193017562385648 ] ] ] } },
{ "type": "Feature", "properties": { "x_idx": 102272, "y_idx": 101120, "x": 9059318, "y": 3078269, "region": "uttar_pradesh" }, "geometry": { "type": "Polygon", "coordinates": [ [ [ 536575.374827397055924, 2947711.396805504336953 ], [ 539308.82602761965245, 2947719.555120926816016 ], [ 539317.230271055479534, 2945000.450742371380329 ], [ 536583.194630961399525, 2944992.297650541644543 ], [ 536575.374827397055924, 2947711.396805504336953 ] ] ] } },
{ "type": "Feature", "properties": { "x_idx": 101696, "y_idx": 101120, "x": 9056567, "y": 3078269, "region": "uttar_pradesh" }, "geometry": { "type": "Polygon", "coordinates": [ [ [ 534115.273083506152034, 2947704.556866496801376 ], [ 536848.719713520724326, 2947712.186187212355435 ], [ 536856.597960753715597, 2944993.086526824627072 ], [ 534122.566897089476697, 2944985.462091013323516 ], [ 534115.273083506152034, 2947704.556866496801376 ] ] ] } },
{ "type": "Feature", "properties": { "x_idx": 102848, "y_idx": 101120, "x": 9062070, "y": 3078269, "region": "uttar_pradesh" }, "geometry": { "type": "Polygon", "coordinates": [ [ [ 539035.480669163982384, 2947718.712839463725686 ], [ 541768.936745845479891, 2947727.400155411567539 ], [ 541777.866991479764692, 2945008.290753867477179 ], [ 539043.826468287967145, 2944999.609000201802701 ], [ 539035.480669163982384, 2947718.712839463725686 ] ] ] } },
{ "type": "Feature", "properties": { "x_idx": 102272, "y_idx": 100544, "x": 9059318, "y": 3081021, "region": "uttar_pradesh" }, "geometry": { "type": "Polygon", "coordinates": [ [ [ 536568.332709262962453, 2950158.094231473747641 ], [ 539301.257592621259391, 2950166.257242063526064 ], [ 539309.666695014806464, 2947447.670562710147351 ], [ 536576.157033903873526, 2947439.512769327964634 ], [ 536568.332709262962453, 2950158.094231473747641 ] ] ] } },
{ "type": "Feature", "properties": { "x_idx": 102848, "y_idx": 100544, "x": 9062070, "y": 3081021, "region": "uttar_pradesh" }, "geometry": { "type": "Polygon", "coordinates": [ [ [ 539027.964866144116968, 2950165.41447586286813 ], [ 541760.894619985716417, 2950174.106791405938566 ], [ 541769.830028671654873, 2947455.51509520271793 ], [ 539036.315490437904373, 2947446.828335144091398 ], [ 539027.964866144116968, 2950165.41447586286813 ] ] ] } },
{ "type": "Feature", "properties": { "x_idx": 101120, "y_idx": 100544, "x": 9053815, "y": 3081021, "region": "uttar_pradesh" }, "geometry": { "type": "Polygon", "coordinates": [ [ [ 531649.080398770864122, 2950144.88284462550655 ], [ 534381.996458792127669, 2950151.987262390553951 ], [ 534389.352966214879416, 2947433.40970338974148 ], [ 531655.852140468545258, 2947426.309826283250004 ], [ 531649.080398770864122, 2950144.88284462550655 ] ] ] } },
{ "type": "Feature", "properties": { "x_idx": 101696, "y_idx": 100544, "x": 9056567, "y": 3081021, "region": "uttar_pradesh" }, "geometry": { "type": "Polygon", "coordinates": [ [ [ 534108.704645236372016, 2950151.250356021337211 ], [ 536841.624963986803778, 2950158.884067477658391 ], [ 536849.50776608439628, 2947440.302100524306297 ], [ 534116.00267580372747, 2947432.673268000595272 ], [ 534108.704645236372016, 2950151.250356021337211 ] ] ] } },
{ "type": "Feature", "properties": { "x_idx": 101696, "y_idx": 99968, "x": 9056567, "y": 3083773, "region": "uttar_pradesh" }, "geometry": { "type": "Polygon", "coordinates": [ [ [ 534102.13241654180456, 2952597.477639668621123 ], [ 536834.52612032473553, 2952605.115736491046846 ], [ 536842.413471760693938, 2949887.05176525330171 ], [ 534109.434658976504579, 2949879.418541391845793 ], [ 534102.13241654180456, 2952597.477639668621123 ] ] ] } },
{ "type": "Feature", "properties": { "x_idx": 104000, "y_idx": 101120, "x": 9067574, "y": 3078269, "region": "uttar_pradesh" }, "geometry": { "type": "Polygon", "coordinates": [ [ [ 543955.705748825334013, 2947734.773213450331241 ], [ 546689.172497189021669, 2947744.518549414351583 ], [ 546699.154766708845273, 2945025.398187428712845 ], [ 543965.103557306341827, 2945015.659091127570719 ], [ 543955.705748825334013, 2947734.773213450331241 ] ] ] } },
{ "type": "Feature", "properties": { "x_idx": 103424, "y_idx": 101120, "x": 9064822, "y": 3078269, "region": "uttar_pradesh" }, "geometry": { "type": "Polygon", "coordinates": [ [ [ 541495.590884429751895, 2947726.504973592702299 ], [ 544229.052143825101666, 2947735.721296262461692 ], [ 544238.508398029021919, 2945016.606566908303648 ], [ 541504.462685067555867, 2945007.396145211532712 ], [ 541495.590884429751895, 2947726.504973592702299 ] ] ] } },
{ "type": "Feature", "properties": { "x_idx": 104000, "y_idx": 100544, "x": 9067574, "y": 3081021, "region": "uttar_pradesh" }, "geometry": { "type": "Polygon", "coordinates": [ [ [ 543947.242559618782252, 2950181.484092661645263 ], [ 546680.182972065638751, 2950191.235037077218294 ], [ 546690.171012826263905, 2947472.632393831852823 ], [ 543956.645801457343623, 2947462.887681452091783 ], [ 543947.242559618782252, 2950181.484092661645263 ] ] ] } },
{ "type": "Feature", "properties": { "x_idx": 103424, "y_idx": 100544, "x": 9064822, "y": 3081021, "region": "uttar_pradesh" }, "geometry": { "type": "Polygon", "coordinates": [ [ [ 541487.601391164935194, 2950173.211094405967742 ], [ 544220.536321369698271, 2950182.432721097953618 ], [ 544229.998042719555087, 2947463.835703599266708 ], [ 541496.478321066242643, 2947454.619970665778965 ], [ 541487.601391164935194, 2950173.211094405967742 ] ] ] } },
{ "type": "Feature", "properties": { "x_idx": 104000, "y_idx": 99968, "x": 9067574, "y": 3083773, "region": "uttar_pradesh" }, "geometry": { "type": "Polygon", "coordinates": [ [ [ 543938.774486653041095, 2952627.72874471032992 ], [ 546671.18825947784353, 2952637.485290710814297 ], [ 546681.182064476772211, 2949919.400668489746749 ], [ 543948.183155256789178, 2949909.650346896145493 ], [ 543938.774486653041095, 2952627.72874471032992 ] ] ] } },
{ "type": "Feature", "properties": { "x_idx": 102848, "y_idx": 99968, "x": 9062070, "y": 3083773, "region": "uttar_pradesh" }, "geometry": { "type": "Polygon", "coordinates": [ [ [ 539020.444726033252664, 2952611.649896412622184 ], [ 541752.847853330778889, 2952620.34720542980358 ], [ 541761.7884188038297, 2949902.273516852408648 ], [ 539028.800169642199762, 2949893.581756518222392 ], [ 539020.444726033252664, 2952611.649896412622184 ] ] ] } },
{ "type": "Feature", "properties": { "x_idx": 103424, "y_idx": 99968, "x": 9064822, "y": 3083773, "region": "uttar_pradesh" }, "geometry": { "type": "Polygon", "coordinates": [ [ [ 541479.607287475373596, 2952619.450993880629539 ], [ 544212.015584784792736, 2952628.677918102126569 ], [ 544221.482766647008248, 2949910.598914741072804 ], [ 541488.489340416621417, 2949901.377877064049244 ], [ 541479.607287475373596, 2952619.450993880629539 ] ] ] } },
{ "type": "Feature", "properties": { "x_idx": 102848, "y_idx": 99392, "x": 9062070, "y": 3086524, "region": "uttar_pradesh" }, "geometry": { "type": "Polygon", "coordinates": [ [ [ 539012.920254100812599, 2955057.418829398229718 ], [ 541744.796451519243419, 2955066.121125769335777 ], [ 541753.742167514399625, 2952348.565746741835028 ], [ 539021.280511170160025, 2952339.868992252741009 ], [ 539012.920254100812599, 2955057.418829398229718 ] ] ] } },
{ "type": "Feature", "properties": { "x_idx": 104000, "y_idx": 99392, "x": 9067574, "y": 3086524, "region": "uttar_pradesh" }, "geometry": { "type": "Polygon", "coordinates": [ [ [ 543930.301535862265155, 2955073.506897879298776 ], [ 546662.188365728710778, 2955083.269038599450141 ], [ 546672.187927962746471, 2952365.702739328145981 ], [ 543939.715624638018198, 2952355.946815386414528 ], [ 543930.301535862265155, 2955073.506897879298776 ] ] ] } },
{ "type": "Feature", "properties": { "x_idx": 100544, "y_idx": 101120, "x": 9051063, "y": 3078269, "region": "uttar_pradesh" }, "geometry": { "type": "Polygon", "coordinates": [ [ [ 529195.08078683365602, 2947692.305254162754864 ], [ 531928.519195192726329, 2947698.876601411495358 ], [ 531935.345466506434605, 2944979.785462900064886 ], [ 529201.322635690565221, 2944973.218323178589344 ], [ 529195.08078683365602, 2947692.305254162754864 ] ] ] } },
{ "type": "Feature", "properties": { "x_idx": 99968, "y_idx": 100544, "x": 9048312, "y": 3081021, "region": "uttar_pradesh" }, "geometry": { "type": "Polygon", "coordinates": [ [ [ 526729.842257372336462, 2950133.576896188315004 ], [ 529462.750717566232197, 2950139.622741385363042 ], [ 529469.054651000769809, 2947421.053084949962795 ], [ 526735.561435441486537, 2947415.011103863362223 ], [ 526729.842257372336462, 2950133.576896188315004 ] ] ] } },
{ "type": "Feature", "properties": { "x_idx": 99392, "y_idx": 100544, "x": 9045560, "y": 3081021, "region": "uttar_pradesh" }, "geometry": { "type": "Polygon", "coordinates": [ [ [ 524270.227811859047506, 2950128.638451087288558 ], [ 527003.132930953986943, 2950134.15501665417105 ], [ 527008.910584324621595, 2947415.588854831643403 ], [ 524275.420714418811258, 2947410.075815102085471 ], [ 524270.227811859047506, 2950128.638451087288558 ] ] ] } },
{ "type": "Feature", "properties": { "x_idx": 100544, "y_idx": 100544, "x": 9051063, "y": 3081021, "region": "uttar_pradesh" }, "geometry": { "type": "Polygon", "coordinates": [ [ [ 529189.459694579592906, 2950138.991692747920752 ], [ 531922.371801748871803, 2950145.56682188436389 ], [ 531929.202019742340781, 2947426.99336639046669 ], [ 529195.705152236390859, 2947420.422439637593925 ], [ 529189.459694579592906, 2950138.991692747920752 ] ] ] } },
{ "type": "Feature", "properties": { "x_idx": 100544, "y_idx": 99968, "x": 9051063, "y": 3083773, "region": "uttar_pradesh" }, "geometry": { "type": "Polygon", "coordinates": [ [ [ 529183.835358565323986, 2952585.211934086401016 ], [ 531916.220860842498951, 2952591.790840482804924 ], [ 531923.055020726984367, 2949873.735370286274701 ], [ 529190.084420643397607, 2949867.160661130212247 ], [ 529183.835358565323986, 2952585.211934086401016 ] ] ] } },
{ "type": "Feature", "properties": { "x_idx": 99968, "y_idx": 99968, "x": 9048312, "y": 3083773, "region": "uttar_pradesh" }, "geometry": { "type": "Polygon", "coordinates": [ [ [ 526724.691861516679637, 2952579.794026843737811 ], [ 529457.073721293127164, 2952585.843345247674733 ], [ 529463.381292895879596, 2949867.791669460013509 ], [ 526730.414340284769423, 2949861.74621043773368 ], [ 526724.691861516679637, 2952579.794026843737811 ] ] ] } },
{ "type": "Feature", "properties": { "x_idx": 99392, "y_idx": 99968, "x": 9045560, "y": 3083773, "region": "uttar_pradesh" }, "geometry": { "type": "Polygon", "coordinates": [ [ [ 524265.551352491427679, 2952574.85274470737204 ], [ 526997.92987526813522, 2952580.372479428071529 ], [ 527003.710863084648736, 2949862.324293976183981 ], [ 524270.7472520279116, 2949856.808080777060241 ], [ 524265.551352491427679, 2952574.85274470737204 ] ] ] } },
{ "type": "Feature", "properties": { "x_idx": 99968, "y_idx": 99392, "x": 9048312, "y": 3086524, "region": "uttar_pradesh" }, "geometry": { "type": "Polygon", "coordinates": [ [ [ 526719.538498841575347, 2955025.544692353345454 ], [ 529451.39345486741513, 2955031.597479706164449 ], [ 529457.704660218558274, 2952314.064086488913745 ], [ 526725.264274298446253, 2952308.015153787098825 ], [ 526719.538498841575347, 2955025.544692353345454 ] ] ] } },
{ "type": "Feature", "properties": { "x_idx": 99392, "y_idx": 99392, "x": 9045560, "y": 3086524, "region": "uttar_pradesh" }, "geometry": { "type": "Polygon", "coordinates": [ [ [ 524260.872199303645175, 2955020.600576658733189 ], [ 526992.723822429543361, 2955026.123476647771895 ], [ 526998.508140640798956, 2952308.593569488730282 ], [ 524266.071092175901867, 2952303.074186705518514 ], [ 524260.872199303645175, 2955020.600576658733189 ] ] ] } },
{ "type": "Feature", "properties": { "x_idx": 101120, "y_idx": 99392, "x": 9053815, "y": 3086524, "region": "uttar_pradesh" }, "geometry": { "type": "Polygon", "coordinates": [ [ [ 531636.880325589096174, 2955036.863622856792063 ], [ 534368.742862792336382, 2955043.976198243442923 ], [ 534376.107856285991147, 2952326.43492180807516 ], [ 531643.659878827165812, 2952319.326875962782651 ], [ 531636.880325589096174, 2955036.863622856792063 ] ] ] } },
{ "type": "Feature", "properties": { "x_idx": 102272, "y_idx": 99968, "x": 9059318, "y": 3083773, "region": "uttar_pradesh" }, "geometry": { "type": "Polygon", "coordinates": [ [ [ 536561.286527371150441, 2952604.325446748174727 ], [ 539293.684790161321871, 2952612.493146758526564 ], [ 539302.098745617433451, 2949894.424468888435513 ], [ 536569.115367603139021, 2949886.261979699600488 ], [ 536561.286527371150441, 2952604.325446748174727 ] ] ] } },
{ "type": "Feature", "properties": { "x_idx": 101120, "y_idx": 99968, "x": 9053815, "y": 3083773, "region": "uttar_pradesh" }, "geometry": { "type": "Polygon", "coordinates": [ [ [ 531642.982118589570746, 2952591.106470295228064 ], [ 534375.371568868751638, 2952598.214969371911138 ], [ 534382.732321905903518, 2949880.15540069155395 ], [ 531649.757768431445584, 2949873.051436715293676 ], [ 531642.982118589570746, 2952591.106470295228064 ] ] ] } },
{ "type": "Feature", "properties": { "x_idx": 101696, "y_idx": 99392, "x": 9056567, "y": 3086524, "region": "uttar_pradesh" }, "geometry": { "type": "Polygon", "coordinates": [ [ [ 534095.556402027723379, 2955043.238445725757629 ], [ 536827.423187508946285, 2955050.880922538693994 ], [ 536835.315082756103948, 2952333.335248941089958 ], [ 534102.862851212848909, 2952325.697639116551727 ], [ 534095.556402027723379, 2955043.238445725757629 ] ] ] } },
{ "type": "Feature", "properties": { "x_idx": 102272, "y_idx": 99392, "x": 9059318, "y": 3086524, "region": "uttar_pradesh" }, "geometry": { "type": "Polygon", "coordinates": [ [ [ 536554.236286658910103, 2955050.090179612860084 ], [ 539286.107625546399504, 2955058.262563295196742 ], [ 539294.526428168988787, 2952340.712188833858818 ], [ 536562.069636996136978, 2952332.545009586494416 ], [ 536554.236286658910103, 2955050.090179612860084 ] ] ] } },
{ "type": "Feature", "properties": { "x_idx": 102272, "y_idx": 98816, "x": 9059318, "y": 3089276, "region": "uttar_pradesh" }, "geometry": { "type": "Polygon", "coordinates": [ [ [ 536547.181992064346559, 2957495.388158676214516 ], [ 539278.526104083517566, 2957503.565220282413065 ], [ 539286.94974797591567, 2954786.533450796734542 ], [ 536555.019847020157613, 2954778.361587238498032 ], [ 536547.181992064346559, 2957495.388158676214516 ] ] ] } },
{ "type": "Feature", "properties": { "x_idx": 101696, "y_idx": 98816, "x": 9056567, "y": 3089276, "region": "uttar_pradesh" }, "geometry": { "type": "Polygon", "coordinates": [ [ [ 534088.976606299751438, 2957488.532502801157534 ], [ 536820.316170514328405, 2957496.179354229010642 ], [ 536828.212604045169428, 2954779.152279837988317 ], [ 534096.287257117917761, 2954771.510289425496012 ], [ 534088.976606299751438, 2957488.532502801157534 ] ] ] } },
{ "type": "Feature", "properties": { "x_idx": 102272, "y_idx": 98240, "x": 9059318, "y": 3092028, "region": "uttar_pradesh" }, "geometry": { "type": "Polygon", "coordinates": [ [ [ 536540.123648525681347, 2959940.219112867023796 ], [ 539270.940231080166996, 2959948.400846648029983 ], [ 539279.368710345122963, 2957231.887983347289264 ], [ 536547.966002613073215, 2957223.711441226769239 ], [ 536540.123648525681347, 2959940.219112867023796 ] ] ] } },
{ "type": "Feature", "properties": { "x_idx": 101120, "y_idx": 98240, "x": 9053815, "y": 3092028, "region": "uttar_pradesh" }, "geometry": { "type": "Polygon", "coordinates": [ [ [ 531624.666218225145712, 2959926.97742341645062 ], [ 534355.474020751542412, 2959934.09813641384244 ], [ 534362.847479682415724, 2957217.594348807353526 ], [ 531631.453564009978436, 2957210.478154234122485 ], [ 531624.666218225145712, 2959926.97742341645062 ] ] ] } },
{ "type": "Feature", "properties": { "x_idx": 101696, "y_idx": 98240, "x": 9056567, "y": 3092028, "region": "uttar_pradesh" }, "geometry": { "type": "Polygon", "coordinates": [ [ [ 534082.393033964093775, 2959933.359539823140949 ], [ 536813.20507431589067, 2959941.010760490316898 ], [ 536821.106040602433495, 2957224.502586514689028 ], [ 534089.707881297334097, 2957216.85622088983655 ], [ 534082.393033964093775, 2959933.359539823140949 ] ] ] } },
{ "type": "Feature", "properties": { "x_idx": 101696, "y_idx": 97664, "x": 9056567, "y": 3094780, "region": "uttar_pradesh" }, "geometry": { "type": "Polygon", "coordinates": [ [ [ 534075.805689627304673, 2962377.719286049716175 ], [ 536806.089903889456764, 2962385.374870580155402 ], [ 536813.995397403137758, 2959669.385897866915911 ], [ 534083.124728357302956, 2959661.735162404365838 ], [ 534075.805689627304673, 2962377.719286049716175 ] ] ] } },
{ "type": "Feature", "properties": { "x_idx": 103424, "y_idx": 99392, "x": 9064822, "y": 3086524, "region": "uttar_pradesh" }, "geometry": { "type": "Polygon", "coordinates": [ [ [ 541471.608578962739557, 2955065.224400300532579 ], [ 544203.489940041094087, 2955074.456615558825433 ], [ 544212.962575781624764, 2952356.895928261335939 ], [ 541480.495748719782569, 2952347.66959233302623 ], [ 541471.608578962739557, 2955065.224400300532579 ] ] ] } },
{ "type": "Feature", "properties": { "x_idx": 104000, "y_idx": 98816, "x": 9067574, "y": 3089276, "region": "uttar_pradesh" }, "geometry": { "type": "Polygon", "coordinates": [ [ [ 543921.823713180609047, 2957518.818280775565654 ], [ 546653.183297121664509, 2957528.586009348742664 ], [ 546663.188609586912207, 2954811.538334596902132 ], [ 543931.243215534719639, 2954801.776815172750503 ], [ 543921.823713180609047, 2957518.818280775565654 ] ] ] } },
{ "type": "Feature", "properties": { "x_idx": 102848, "y_idx": 98816, "x": 9062070, "y": 3089276, "region": "uttar_pradesh" }, "geometry": { "type": "Polygon", "coordinates": [ [ [ 539005.391455617034808, 2957502.721003427635878 ], [ 541736.740420190151781, 2957511.428281032480299 ], [ 541745.691280441824347, 2954794.391513120848686 ], [ 539013.756520290975459, 2954785.689770597964525 ], [ 539005.391455617034808, 2957502.721003427635878 ] ] ] } },
{ "type": "Feature", "properties": { "x_idx": 103424, "y_idx": 98816, "x": 9064822, "y": 3089276, "region": "uttar_pradesh" }, "geometry": { "type": "Polygon", "coordinates": [ [ [ 541463.605271229287609, 2957510.531042274087667 ], [ 544194.959393109893426, 2957519.768542075529695 ], [ 544204.437476094113663, 2954802.726472409907728 ], [ 541472.497551577514969, 2954793.4948447230272 ], [ 541463.605271229287609, 2957510.531042274087667 ] ] ] } },
{ "type": "Feature", "properties": { "x_idx": 102848, "y_idx": 98240, "x": 9062070, "y": 3092028, "region": "uttar_pradesh" }, "geometry": { "type": "Polygon", "coordinates": [ [ [ 538997.858335852390155, 2959947.556147428695112 ], [ 541728.67976498324424, 2959956.268400144763291 ], [ 541737.635763225029223, 2957239.750544561538845 ], [ 539006.228202274884097, 2957231.043820125050843 ], [ 538997.858335852390155, 2959947.556147428695112 ] ] ] } },
{ "type": "Feature", "properties": { "x_idx": 103424, "y_idx": 98240, "x": 9064822, "y": 3092028, "region": "uttar_pradesh" }, "geometry": { "type": "Polygon", "coordinates": [ [ [ 541455.597369877621531, 2959955.370648729149252 ], [ 544186.423949963180348, 2959964.613426578696817 ], [ 544195.907473555533215, 2957248.090275755152106 ], [ 541464.494754591956735, 2957238.853362804744393 ], [ 541455.597369877621531, 2959955.370648729149252 ] ] ] } },
{ "type": "Feature", "properties": { "x_idx": 104000, "y_idx": 98240, "x": 9067574, "y": 3092028, "region": "uttar_pradesh" }, "geometry": { "type": "Polygon", "coordinates": [ [ [ 543913.34102454315871, 2959963.662622326985002 ], [ 546644.173059960827231, 2959973.43593188514933 ], [ 546654.184115652809851, 2957256.907182864379138 ], [ 543922.765933881280944, 2957247.140074824448675 ], [ 543913.34102454315871, 2959963.662622326985002 ] ] ] } },
{ "type": "Feature", "properties": { "x_idx": 100544, "y_idx": 99392, "x": 9051063, "y": 3086524, "region": "uttar_pradesh" }, "geometry": { "type": "Polygon", "coordinates": [ [ [ 529178.207782731857151, 2955030.965706466697156 ], [ 531910.0663767834194, 2955037.548385491594672 ], [ 531916.904473770293407, 2952320.011202516034245 ], [ 529184.460444852360524, 2952313.432715586852282 ], [ 529178.207782731857151, 2955030.965706466697156 ] ] ] } },
{ "type": "Feature", "properties": { "x_idx": 99392, "y_idx": 98816, "x": 9045560, "y": 3089276, "region": "uttar_pradesh" }, "geometry": { "type": "Polygon", "coordinates": [ [ [ 524256.190355572849512, 2957465.881675550714135 ], [ 526987.514776084339246, 2957471.407736925408244 ], [ 526993.302420639083721, 2954754.396409623790532 ], [ 524261.39223813964054, 2954748.873861138708889 ], [ 524256.190355572849512, 2957465.881675550714135 ] ] ] } },
{ "type": "Feature", "properties": { "x_idx": 101120, "y_idx": 98816, "x": 9053815, "y": 3089276, "region": "uttar_pradesh" }, "geometry": { "type": "Polygon", "coordinates": [ [ [ 531630.775024042930454, 2957482.154030921403319 ], [ 534362.110345205524936, 2957489.270677614957094 ], [ 534369.479573997319676, 2954772.247994988691062 ], [ 531637.558475928846747, 2954765.135872278362513 ], [ 531630.775024042930454, 2957482.154030921403319 ] ] ] } },
{ "type": "Feature", "properties": { "x_idx": 100544, "y_idx": 98816, "x": 9051063, "y": 3089276, "region": "uttar_pradesh" }, "geometry": { "type": "Polygon", "coordinates": [ [ [ 529172.576971020665951, 2957476.252738496288657 ], [ 531903.908353882376105, 2957482.839185521006584 ], [ 531910.750383182079531, 2954765.820591331459582 ], [ 529178.833228804171085, 2954759.238331259228289 ], [ 529172.576971020665951, 2957476.252738496288657 ] ] ] } },
{ "type": "Feature", "properties": { "x_idx": 99968, "y_idx": 98816, "x": 9048312, "y": 3089276, "region": "uttar_pradesh" }, "geometry": { "type": "Polygon", "coordinates": [ [ [ 526714.382172956131399, 2957470.828621326945722 ], [ 529445.709922267589718, 2957476.884873371105641 ], [ 529452.024756946717389, 2954759.870064289309084 ], [ 526720.111241091741249, 2954753.817662165965885 ], [ 526714.382172956131399, 2957470.828621326945722 ] ] ] } },
{ "type": "Feature", "properties": { "x_idx": 100544, "y_idx": 98240, "x": 9051063, "y": 3092028, "region": "uttar_pradesh" }, "geometry": { "type": "Polygon", "coordinates": [ [ [ 529166.942927373456769, 2959921.072759106755257 ], [ 531897.746796450112015, 2959927.662969500757754 ], [ 531904.592753272736445, 2957211.163265306502581 ], [ 529173.202776440186426, 2957204.577236719429493 ], [ 529166.942927373456769, 2959921.072759106755257 ] ] ] } },
{ "type": "Feature", "properties": { "x_idx": 99392, "y_idx": 98240, "x": 9045560, "y": 3092028, "region": "uttar_pradesh" }, "geometry": { "type": "Polygon", "coordinates": [ [ [ 524251.505824576481245, 2959910.695770314894617 ], [ 526982.302739879, 2959916.224989188369364 ], [ 526988.093706725630909, 2957199.732542952522635 ], [ 524256.710693196218926, 2957194.20683265151456 ], [ 524251.505824576481245, 2959910.695770314894617 ] ] ] } },
{ "type": "Feature", "properties": { "x_idx": 99968, "y_idx": 98240, "x": 9048312, "y": 3092028, "region": "uttar_pradesh" }, "geometry": { "type": "Polygon", "coordinates": [ [ [ 526709.222887470154092, 2959915.645542693790048 ], [ 529440.023127472260967, 2959921.70525517128408 ], [ 529446.341587058617733, 2957205.209331433754414 ], [ 526714.955244273645803, 2957199.153464145958424 ], [ 526709.222887470154092, 2959915.645542693790048 ] ] ] } },
{ "type": "Feature", "properties": { "x_idx": 100544, "y_idx": 97664, "x": 9051063, "y": 3094780, "region": "uttar_pradesh" }, "geometry": { "type": "Polygon", "coordinates": [ [ [ 529161.305655732401647, 2962365.425497555639595 ], [ 531891.58170879795216, 2962372.019466686993837 ], [ 531898.431588353356346, 2959656.038953333627433 ], [ 529167.569091702345759, 2959649.449160864111036 ], [ 529161.305655732401647, 2962365.425497555639595 ] ] ] } },
{ "type": "Feature", "properties": { "x_idx": 99968, "y_idx": 97664, "x": 9048312, "y": 3094780, "region": "uttar_pradesh" }, "geometry": { "type": "Polygon", "coordinates": [ [ [ 526704.060645993449725, 2962359.995185712818056 ], [ 529434.333074460504577, 2962366.05835436610505 ], [ 529440.655154532985762, 2959650.081616817507893 ], [ 526709.7962874538498, 2959644.022288622800261 ], [ 526704.060645993449725, 2962359.995185712818056 ] ] ] } },
{ "type": "Feature", "properties": { "x_idx": 103424, "y_idx": 97664, "x": 9064822, "y": 3094780, "region": "uttar_pradesh" }, "geometry": { "type": "Polygon", "coordinates": [ [ [ 541447.584880511043593, 2962399.742948921397328 ], [ 544177.883616573293693, 2962408.990998324006796 ], [ 544187.372574137756601, 2959692.987067190930247 ], [ 541456.487363365595229, 2959683.744875471107662 ], [ 541447.584880511043593, 2962399.742948921397328 ] ] ] } },
{ "type": "Feature", "properties": { "x_idx": 104000, "y_idx": 97664, "x": 9067574, "y": 3094780, "region": "uttar_pradesh" }, "geometry": { "type": "Polygon", "coordinates": [ [ [ 543904.853475885465741, 2962408.039651789236814 ], [ 546635.157660550787114, 2962417.818535465747118 ], [ 546645.174452464329079, 2959701.809013023041189 ], [ 543914.283785612438805, 2959692.036323234904557 ], [ 543904.853475885465741, 2962408.039651789236814 ] ] ] } },
{ "type": "Feature", "properties": { "x_idx": 104000, "y_idx": 97088, "x": 9067574, "y": 3097531, "region": "uttar_pradesh" }, "geometry": { "type": "Polygon", "coordinates": [ [ [ 543896.361073143430986, 2964851.9490987341851 ], [ 546626.137105196830817, 2964861.733549660537392 ], [ 546636.159626326174475, 2962146.243554291781038 ], [ 543905.796776663861237, 2962136.465289622079581 ], [ 543896.361073143430986, 2964851.9490987341851 ] ] ] } },
{ "type": "Feature", "properties": { "x_idx": 103424, "y_idx": 97088, "x": 9064822, "y": 3097531, "region": "uttar_pradesh" }, "geometry": { "type": "Polygon", "coordinates": [ [ [ 541439.567808733438142, 2964843.64767242455855 ], [ 544169.338398913037963, 2964852.900986885186285 ], [ 544178.832783813239075, 2962137.416575936134905 ], [ 541448.475383501732722, 2962128.16911194100976 ], [ 541439.567808733438142, 2964843.64767242455855 ] ] ] } },
{ "type": "Feature", "properties": { "x_idx": 102848, "y_idx": 96512, "x": 9062070, "y": 3100283, "region": "uttar_pradesh" }, "geometry": { "type": "Polygon", "coordinates": [ [ [ 538975.233101585414261, 2967279.256693423260003 ], [ 541704.470112499664538, 2967287.983834738843143 ], [ 541713.441487108822912, 2964573.024519802536815 ], [ 538983.617338111624122, 2964564.302886357996613 ], [ 538975.233101585414261, 2967279.256693423260003 ] ] ] } },
{ "type": "Feature", "properties": { "x_idx": 104000, "y_idx": 96512, "x": 9067574, "y": 3100283, "region": "uttar_pradesh" }, "geometry": { "type": "Polygon", "coordinates": [ [ [ 543887.863822253537364, 2967295.390693058725446 ], [ 546617.111400204710662, 2967305.180704365484416 ], [ 546627.139643543516286, 2964590.210536206606776 ], [ 543897.304912971332669, 2964580.426703524775803 ], [ 543887.863822253537364, 2967295.390693058725446 ] ] ] } },
{ "type": "Feature", "properties": { "x_idx": 103424, "y_idx": 96512, "x": 9064822, "y": 3100283, "region": "uttar_pradesh" }, "geometry": { "type": "Polygon", "coordinates": [ [ [ 541431.546160148922354, 2967287.084549134131521 ], [ 544160.788302956148982, 2967296.343122156336904 ], [ 544170.28810855478514, 2964581.378531528636813 ], [ 541440.458820604137145, 2964572.125801754184067 ], [ 541431.546160148922354, 2967287.084549134131521 ] ] ] } },
{ "type": "Feature", "properties": { "x_idx": 102848, "y_idx": 95936, "x": 9062070, "y": 3103035, "region": "uttar_pradesh" }, "geometry": { "type": "Polygon", "coordinates": [ [ [ 538967.682749412022531, 2969722.221013074740767 ], [ 541696.391018188092858, 2969730.953105009626597 ], [ 541705.367505716858432, 2967016.513903653714806 ], [ 538976.071764257038012, 2967007.787312785629183 ], [ 538967.682749412022531, 2969722.221013074740767 ] ] ] } },
{ "type": "Feature", "properties": { "x_idx": 102272, "y_idx": 97664, "x": 9059318, "y": 3094780, "region": "uttar_pradesh" }, "geometry": { "type": "Polygon", "coordinates": [ [ [ 536533.061260981834494, 2962384.582771442364901 ], [ 539263.35001184407156, 2962392.769171648658812 ], [ 539271.783320584101602, 2959676.775515380781144 ], [ 536540.908108713221736, 2959668.594300445634872 ], [ 536533.061260981834494, 2962384.582771442364901 ] ] ] } },
{ "type": "Feature", "properties": { "x_idx": 101120, "y_idx": 97664, "x": 9053815, "y": 3094780, "region": "uttar_pradesh" }, "geometry": { "type": "Polygon", "coordinates": [ [ [ 531618.553912410046905, 2962371.333529601804912 ], [ 534348.833894073730335, 2962378.458303899038583 ], [ 534356.211577984387986, 2959662.473712157458067 ], [ 531625.345147344633006, 2959655.353450724389404 ], [ 531618.553912410046905, 2962371.333529601804912 ] ] ] } },
{ "type": "Feature", "properties": { "x_idx": 102848, "y_idx": 97664, "x": 9062070, "y": 3094780, "region": "uttar_pradesh" }, "geometry": { "type": "Polygon", "coordinates": [ [ [ 538990.320900077815168, 2962391.923990659415722 ], [ 541720.614491538610309, 2962400.641212364193052 ], [ 541729.575621503870934, 2959684.642569956369698 ], [ 538998.69556239224039, 2959675.930869728326797 ], [ 538990.320900077815168, 2962391.923990659415722 ] ] ] } },
{ "type": "Feature", "properties": { "x_idx": 102848, "y_idx": 97088, "x": 9062070, "y": 3097531, "region": "uttar_pradesh" }, "geometry": { "type": "Polygon", "coordinates": [ [ [ 538982.779153564828448, 2964835.824262692127377 ], [ 541712.544605497037992, 2964844.546447263564914 ], [ 541721.510860918206163, 2962129.067318523768336 ], [ 538991.158605913980864, 2962120.35064862575382 ], [ 538982.779153564828448, 2964835.824262692127377 ] ] ] } },
{ "type": "Feature", "properties": { "x_idx": 101120, "y_idx": 97088, "x": 9053815, "y": 3097531, "region": "uttar_pradesh" }, "geometry": { "type": "Polygon", "coordinates": [ [ [ 531612.43811087240465, 2964815.222079050727189 ], [ 534342.189969816128723, 2964822.350909643806517 ], [ 534349.57187354657799, 2962106.88581425929442 ], [ 531619.233230207115412, 2962099.76149097038433 ], [ 531612.43811087240465, 2964815.222079050727189 ] ] ] } },
{ "type": "Feature", "properties": { "x_idx": 102272, "y_idx": 97088, "x": 9059318, "y": 3097531, "region": "uttar_pradesh" }, "geometry": { "type": "Polygon", "coordinates": [ [ [ 536525.994834371726029, 2964828.478863975498825 ], [ 539255.755451683769934, 2964836.669924858957529 ], [ 539264.193584000691772, 2962121.195776115171611 ], [ 536533.846170259290375, 2962113.009894115850329 ], [ 536525.994834371726029, 2964828.478863975498825 ] ] ] } },
{ "type": "Feature", "properties": { "x_idx": 101696, "y_idx": 97088, "x": 9056567, "y": 3097531, "region": "uttar_pradesh" }, "geometry": { "type": "Polygon", "coordinates": [ [ [ 534069.21457789640408, 2964821.611471056006849 ], [ 536798.970664211083204, 2964829.27141407225281 ], [ 536806.880679422989488, 2962113.801943112630397 ], [ 534076.537802904262207, 2962106.146843190770596 ], [ 534069.21457789640408, 2964821.611471056006849 ] ] ] } },
{ "type": "Feature", "properties": { "x_idx": 101696, "y_idx": 96512, "x": 9056567, "y": 3100283, "region": "uttar_pradesh" }, "geometry": { "type": "Polygon", "coordinates": [ [ [ 534062.619703378761187, 2967265.035824738442898 ], [ 536791.847360257524997, 2967272.700120862573385 ], [ 536799.761891638045199, 2964557.750451792962849 ], [ 534069.947109545115381, 2964550.090992787852883 ], [ 534062.619703378761187, 2967265.035824738442898 ] ] ] } },
{ "type": "Feature", "properties": { "x_idx": 102272, "y_idx": 96512, "x": 9059318, "y": 3100283, "region": "uttar_pradesh" }, "geometry": { "type": "Polygon", "coordinates": [ [ [ 536518.924373635323718, 2967271.9071203651838 ], [ 539248.15655590815004, 2967280.102836174424738 ], [ 539256.599505903199315, 2964565.148495090194046 ], [ 536526.78019219043199, 2964556.957951775752008 ], [ 536518.924373635323718, 2967271.9071203651838 ] ] ] } },
{ "type": "Feature", "properties": { "x_idx": 102272, "y_idx": 95936, "x": 9059318, "y": 3103035, "region": "uttar_pradesh" }, "geometry": { "type": "Polygon", "coordinates": [ [ [ 536511.849883712711744, 2969714.867270831018686 ], [ 539240.553329826565459, 2969723.067635814659297 ], [ 539249.001091600395739, 2967008.633402166888118 ], [ 536519.710179446381517, 2967000.438203288242221 ], [ 536511.849883712711744, 2969714.867270831018686 ] ] ] } },
{ "type": "Feature", "properties": { "x_idx": 91328, "y_idx": 102848, "x": 9007036, "y": 3070014, "region": "uttar_pradesh" }, "geometry": { "type": "Polygon", "coordinates": [ [ [ 489827.963029792590532, 2940320.043494469020516 ], [ 492562.95676302339416, 2940318.154750037938356 ], [ 492561.370439070742577, 2937597.536749990191311 ], [ 489825.793328978819773, 2937599.424278534017503 ], [ 489827.963029792590532, 2940320.043494469020516 ] ] ] } },
{ "type": "Feature", "properties": { "x_idx": 90752, "y_idx": 102848, "x": 9004284, "y": 3070014, "region": "uttar_pradesh" }, "geometry": { "type": "Polygon", "coordinates": [ [ [ 487366.467473993019667, 2940322.245002795010805 ], [ 490101.462460364797153, 2940319.828218036796898 ], [ 490099.351097314734943, 2937599.20914068678394 ], [ 487363.772732382640243, 2937601.624369629658759 ], [ 487366.467473993019667, 2940322.245002795010805 ] ] ] } },
{ "type": "Feature", "properties": { "x_idx": 90752, "y_idx": 102272, "x": 9004284, "y": 3072766, "region": "uttar_pradesh" }, "geometry": { "type": "Polygon", "coordinates": [ [ [ 487368.89422949712025, 2942770.312657126225531 ], [ 490103.363853020127863, 2942767.89447393361479 ], [ 490101.251262668636627, 2940047.79214224498719 ], [ 487366.197921478247736, 2940050.208771517500281 ], [ 487368.89422949712025, 2942770.312657126225531 ] ] ] } },
{ "type": "Feature", "properties": { "x_idx": 91328, "y_idx": 102272, "x": 9007036, "y": 3072766, "region": "uttar_pradesh" }, "geometry": { "type": "Polygon", "coordinates": [ [ [ 489829.916958649759181, 2942768.109874931629747 ], [ 492564.385330561257433, 2942766.220037607941777 ], [ 492562.798084503272548, 2940046.118781910743564 ], [ 489827.745996623765677, 2940048.007404827047139 ], [ 489829.916958649759181, 2942768.109874931629747 ] ] ] } },
{ "type": "Feature", "properties": { "x_idx": 90176, "y_idx": 102272, "x": 9001532, "y": 3072766, "region": "uttar_pradesh" }, "geometry": { "type": "Polygon", "coordinates": [ [ [ 484907.870082243927754, 2942772.990952249616385 ], [ 487642.34126437746454, 2942770.044421460945159 ], [ 487639.703328223782592, 2940049.940708220005035 ], [ 484904.648426306725014, 2940052.885345574002713 ], [ 484907.870082243927754, 2942772.990952249616385 ] ] ] } },
{ "type": "Feature", "properties": { "x_idx": 91328, "y_idx": 101696, "x": 9007036, "y": 3075517, "region": "uttar_pradesh" }, "geometry": { "type": "Polygon", "coordinates": [ [ [ 489831.872021149902139, 2945215.710895966272801 ], [ 492565.814726935292128, 2945213.81996708130464 ], [ 492564.226559886301402, 2942494.235759089235216 ], [ 489829.6997994359117, 2942496.125475046690553 ], [ 489831.872021149902139, 2945215.710895966272801 ] ] ] } },
{ "type": "Feature", "properties": { "x_idx": 90752, "y_idx": 101696, "x": 9004284, "y": 3075517, "region": "uttar_pradesh" }, "geometry": { "type": "Polygon", "coordinates": [ [ [ 487371.322392970556393, 2945217.914950474631041 ], [ 490105.266348837816622, 2945215.49537055240944 ], [ 490103.152532667969353, 2942495.910087881609797 ], [ 487368.624520436162129, 2942498.328115777112544 ], [ 487371.322392970556393, 2945217.914950474631041 ] ] ] } },
{ "type": "Feature", "properties": { "x_idx": 90752, "y_idx": 101120, "x": 9004284, "y": 3078269, "region": "uttar_pradesh" }, "geometry": { "type": "Polygon", "coordinates": [ [ [ 487373.751962709357031, 2947665.051610165275633 ], [ 490107.169946482754312, 2947662.630635219160467 ], [ 490105.054905977973249, 2944943.562704558949918 ], [ 487371.052527552703395, 2944945.982129372656345 ], [ 487373.751962709357031, 2947665.051610165275633 ] ] ] } },
{ "type": "Feature", "properties": { "x_idx": 91328, "y_idx": 101120, "x": 9007036, "y": 3078269, "region": "uttar_pradesh" }, "geometry": { "type": "Polygon", "coordinates": [ [ [ 489833.828215921123046, 2947662.846284894738346 ], [ 492567.244951142405625, 2947660.954265782609582 ], [ 492565.655864216969348, 2944941.887408489827067 ], [ 489831.654736043477897, 2944943.778216155711561 ], [ 489833.828215921123046, 2947662.846284894738346 ] ] ] } },
{ "type": "Feature", "properties": { "x_idx": 91328, "y_idx": 100544, "x": 9007036, "y": 3081021, "region": "uttar_pradesh" }, "geometry": { "type": "Polygon", "coordinates": [ [ [ 489835.785541591467336, 2950109.515769362915307 ], [ 492568.676002179505304, 2950107.62266135495156 ], [ 492567.08599649212556, 2947389.073457399383187 ], [ 489833.610805074626114, 2947390.965355440974236 ], [ 489835.785541591467336, 2950109.515769362915307 ] ] ] } },
{ "type": "Feature", "properties": { "x_idx": 89600, "y_idx": 101696, "x": 8998780, "y": 3075517, "region": "uttar_pradesh" }, "geometry": { "type": "Polygon", "coordinates": [ [ [ 482450.218611546559259, 2945223.750424148049206 ], [ 485184.165987453015987, 2945220.273536593653262 ], [ 485181.000868140021339, 2942500.685188994277269 ], [ 482446.469431219331454, 2942504.159846323076636 ], [ 482450.218611546559259, 2945223.750424148049206 ] ] ] } },
{ "type": "Feature", "properties": { "x_idx": 89024, "y_idx": 101696, "x": 8996029, "y": 3075517, "region": "uttar_pradesh" }, "geometry": { "type": "Polygon", "coordinates": [ [ [ 479989.663906376226805, 2945227.381847476121038 ], [ 482723.613452240359038, 2945223.376302572432905 ], [ 482719.922678154718596, 2942503.785964725073427 ], [ 479985.389068326214328, 2942507.788940303493291 ], [ 479989.663906376226805, 2945227.381847476121038 ] ] ] } },
{ "type": "Feature", "properties": { "x_idx": 90176, "y_idx": 101696, "x": 9001532, "y": 3075517, "region": "uttar_pradesh" }, "geometry": { "type": "Polygon", "coordinates": [ [ [ 484910.771348423673771, 2945220.594792564865202 ], [ 487644.71686099661747, 2945217.646559878252447 ], [ 487642.077394197229296, 2942498.059897337574512 ], [ 484907.547823143308051, 2942501.006238898728043 ], [ 484910.771348423673771, 2945220.594792564865202 ] ] ] } },
{ "type": "Feature", "properties": { "x_idx": 89600, "y_idx": 101120, "x": 8998780, "y": 3078269, "region": "uttar_pradesh" }, "geometry": { "type": "Polygon", "coordinates": [ [ [ 482453.594936757814139, 2947670.89044831180945 ], [ 485187.0163363852771, 2947667.411556140054017 ], [ 485183.849383820022922, 2944948.340564294252545 ], [ 482449.843584890535567, 2944951.817228962201625 ], [ 482453.594936757814139, 2947670.89044831180945 ] ] ] } },
{ "type": "Feature", "properties": { "x_idx": 88448, "y_idx": 101120, "x": 8993277, "y": 3078269, "region": "uttar_pradesh" }, "geometry": { "type": "Polygon", "coordinates": [ [ [ 477533.430047266592737, 2947678.633551045320928 ], [ 480266.856087750289589, 2947674.096731723751873 ], [ 480262.637214087299071, 2944955.021459423005581 ], [ 477528.626767983776517, 2944959.555373868905008 ], [ 477533.430047266592737, 2947678.633551045320928 ] ] ] } },
{ "type": "Feature", "properties": { "x_idx": 89024, "y_idx": 101120, "x": 8996029, "y": 3078269, "region": "uttar_pradesh" }, "geometry": { "type": "Polygon", "coordinates": [ [ [ 479993.513612767797895, 2947674.523965351749212 ], [ 482726.937179697561078, 2947670.516111034434289 ], [ 482723.244267900648993, 2944951.443131369072944 ], [ 479989.236298718489707, 2944955.448419497348368 ], [ 479993.513612767797895, 2947674.523965351749212 ] ] ] } },
{ "type": "Feature", "properties": { "x_idx": 90176, "y_idx": 101120, "x": 9001532, "y": 3078269, "region": "uttar_pradesh" }, "geometry": { "type": "Polygon", "coordinates": [ [ [ 484913.67429486324545, 2947667.732997334096581 ], [ 487647.09383343742229, 2947664.783064826391637 ], [ 487644.452837844437454, 2944945.713755981530994 ], [ 484910.448902501782868, 2944948.661799671128392 ], [ 484913.67429486324545, 2947667.732997334096581 ] ] ] } },
{ "type": "Feature", "properties": { "x_idx": 89024, "y_idx": 100544, "x": 8996029, "y": 3081021, "region": "uttar_pradesh" }, "geometry": { "type": "Polygon", "coordinates": [ [ [ 479997.365544708562084, 2950121.200170540716499 ], [ 482730.262828634178732, 2950117.19000963261351 ], [ 482726.567781716235913, 2947398.634690788108855 ], [ 479993.085757660097443, 2947402.642288643866777 ], [ 479997.365544708562084, 2950121.200170540716499 ] ] ] } },
{ "type": "Feature", "properties": { "x_idx": 89600, "y_idx": 100544, "x": 8998780, "y": 3081021, "region": "uttar_pradesh" }, "geometry": { "type": "Polygon", "coordinates": [ [ [ 482456.973213855468202, 2950117.564562347717583 ], [ 485189.868333134392742, 2950114.083668009843677 ], [ 485186.699549538141582, 2947395.530334554146975 ], [ 482453.219693079357967, 2947399.009004111401737 ], [ 482456.973213855468202, 2950117.564562347717583 ] ] ] } },
{ "type": "Feature", "properties": { "x_idx": 88448, "y_idx": 100544, "x": 8993277, "y": 3081021, "region": "uttar_pradesh" }, "geometry": { "type": "Polygon", "coordinates": [ [ [ 477537.755636797053739, 2950125.312121369410306 ], [ 480270.655391245672945, 2950120.772691032383591 ], [ 480266.434078371326905, 2947402.215082353912294 ], [ 477532.949580424523447, 2947406.751611365471035 ], [ 477537.755636797053739, 2950125.312121369410306 ] ] ] } },
{ "type": "Feature", "properties": { "x_idx": 91904, "y_idx": 100544, "x": 9009787, "y": 3081021, "region": "uttar_pradesh" }, "geometry": { "type": "Polygon", "coordinates": [ [ [ 492295.387008559599053, 2950107.785509190522134 ], [ 495028.276527999842074, 2950106.421660091262311 ], [ 495027.212778847606387, 2947387.873223746195436 ], [ 492293.738529860740528, 2947389.236201151274145 ], [ 492295.387008559599053, 2950107.785509190522134 ] ] ] } },
{ "type": "Feature", "properties": { "x_idx": 93056, "y_idx": 100544, "x": 9015291, "y": 3081021, "region": "uttar_pradesh" }, "geometry": { "type": "Polygon", "coordinates": [ [ [ 497214.587630803813227, 2950105.753987169358879 ], [ 499947.476185571518727, 2950105.44865334732458 ], [ 499947.464947589265648, 2947386.900838893372566 ], [ 497213.991664589906577, 2947387.205977563280612 ], [ 497214.587630803813227, 2950105.753987169358879 ] ] ] } },
{ "type": "Feature", "properties": { "x_idx": 93632, "y_idx": 99968, "x": 9018042, "y": 3083773, "region": "uttar_pradesh" }, "geometry": { "type": "Polygon", "coordinates": [ [ [ 499674.250114589405712, 2952551.653697687666863 ], [ 502406.612069866037928, 2952551.877749629784375 ], [ 502407.127384503663052, 2949833.84774354705587 ], [ 499674.18036356032826, 2949833.623834549449384 ], [ 499674.250114589405712, 2952551.653697687666863 ] ] ] } },
{ "type": "Feature", "properties": { "x_idx": 93056, "y_idx": 99968, "x": 9015291, "y": 3083773, "region": "uttar_pradesh" }, "geometry": { "type": "Polygon", "coordinates": [ [ [ 497215.124327144352719, 2952551.955134055577219 ], [ 499947.486305916914716, 2952551.649624823592603 ], [ 499947.475061448873021, 2949833.619764283765107 ], [ 497214.528016977419611, 2949833.92507860250771 ], [ 497215.124327144352719, 2952551.955134055577219 ] ] ] } },
{ "type": "Feature", "properties": { "x_idx": 91904, "y_idx": 99968, "x": 9009787, "y": 3083773, "region": "uttar_pradesh" }, "geometry": { "type": "Polygon", "coordinates": [ [ [ 492296.871543192537501, 2952553.987823156639934 ], [ 495029.234485454158857, 2952552.623190545476973 ], [ 495028.17012237518793, 2949834.592708876356483 ], [ 492295.222113099705894, 2949835.956470859237015 ], [ 492296.871543192537501, 2952553.987823156639934 ] ] ] } },
{ "type": "Feature", "properties": { "x_idx": 92480, "y_idx": 99968, "x": 9012539, "y": 3083773, "region": "uttar_pradesh" }, "geometry": { "type": "Polygon", "coordinates": [ [ [ 494755.998228328826372, 2952552.733175693545491 ], [ 497488.360536096442956, 2952551.898105069994926 ], [ 497487.822732514527161, 2949833.868086001370102 ], [ 494754.875358599121682, 2949834.702623854856938 ], [ 494755.998228328826372, 2952552.733175693545491 ] ] ] } },
{ "type": "Feature", "properties": { "x_idx": 93056, "y_idx": 99392, "x": 9015291, "y": 3086524, "region": "uttar_pradesh" }, "geometry": { "type": "Polygon", "coordinates": [ [ [ 497215.66133264551172, 2954997.68983538588509 ], [ 499947.496432092157193, 2954997.384150959085673 ], [ 499947.485181146068498, 2952279.872546253260225 ], [ 497215.064678943541367, 2952280.17803600570187 ], [ 497215.66133264551172, 2954997.68983538588509 ] ] ] } },
{ "type": "Feature", "properties": { "x_idx": 92480, "y_idx": 99392, "x": 9012539, "y": 3086524, "region": "uttar_pradesh" }, "geometry": { "type": "Polygon", "coordinates": [ [ [ 494757.009425614029169, 2954998.468323193956167 ], [ 497488.844853651418816, 2954997.63277369691059 ], [ 497488.306740240135696, 2952280.121010656934232 ], [ 494755.88590899767587, 2952280.956028036307544 ], [ 494757.009425614029169, 2954998.468323193956167 ] ] ] } },
{ "type": "Feature", "properties": { "x_idx": 93632, "y_idx": 99392, "x": 9018042, "y": 3086524, "region": "uttar_pradesh" }, "geometry": { "type": "Polygon", "coordinates": [ [ [ 499674.312928689119872, 2954997.38822615891695 ], [ 502406.148004668648355, 2954997.612406583502889 ], [ 502406.663616179779638, 2952280.100656513590366 ], [ 499674.243137476441916, 2952279.876618857495487 ], [ 499674.312928689119872, 2954997.38822615891695 ] ] ] } },
{ "type": "Feature", "properties": { "x_idx": 93056, "y_idx": 98816, "x": 9015291, "y": 3089276, "region": "uttar_pradesh" }, "geometry": { "type": "Polygon", "coordinates": [ [ [ 497216.198646931385156, 2957442.957819772418588 ], [ 499947.506564090028405, 2957442.651960365474224 ], [ 499947.49530667392537, 2954725.658913056366146 ], [ 497215.601650112133939, 2954725.964578028768301 ], [ 497216.198646931385156, 2957442.957819772418588 ] ] ] } },
{ "type": "Feature", "properties": { "x_idx": 90176, "y_idx": 100544, "x": 9001532, "y": 3081021, "region": "uttar_pradesh" }, "geometry": { "type": "Polygon", "coordinates": [ [ [ 484916.578919526597019, 2950114.405294199008495 ], [ 487649.47218003263697, 2950111.453663948923349 ], [ 487646.829657498456072, 2947392.902011437807232 ], [ 484913.351662346336525, 2947395.851755178533494 ], [ 484916.578919526597019, 2950114.405294199008495 ] ] ] } },
{ "type": "Feature", "properties": { "x_idx": 89600, "y_idx": 99968, "x": 8998780, "y": 3083773, "region": "uttar_pradesh" }, "geometry": { "type": "Polygon", "coordinates": [ [ [ 482460.353440471168142, 2952563.772494224365801 ], [ 485192.721975700987969, 2952560.289600170217454 ], [ 485189.551363295235205, 2949842.254227383993566 ], [ 482456.597753417678177, 2949845.734899379778653 ], [ 482460.353440471168142, 2952563.772494224365801 ] ] ] } },
{ "type": "Feature", "properties": { "x_idx": 88448, "y_idx": 99968, "x": 8993277, "y": 3083773, "region": "uttar_pradesh" }, "geometry": { "type": "Polygon", "coordinates": [ [ [ 477542.083722507290076, 2952571.524504077620804 ], [ 480274.45688721985789, 2952566.982465922366828 ], [ 480270.233138093608432, 2949848.94282314600423 ], [ 477537.274892414512578, 2949853.481963526923209 ], [ 477542.083722507290076, 2952571.524504077620804 ] ] ] } },
{ "type": "Feature", "properties": { "x_idx": 89024, "y_idx": 99968, "x": 8996029, "y": 3083773, "region": "uttar_pradesh" }, "geometry": { "type": "Polygon", "coordinates": [ [ [ 480001.219699498149566, 2952567.410191010218114 ], [ 482733.590396718762349, 2952563.397726334631443 ], [ 482729.893217270262539, 2949845.360370588954538 ], [ 479996.937442451016977, 2949849.370275348890573 ], [ 480001.219699498149566, 2952567.410191010218114 ] ] ] } },
{ "type": "Feature", "properties": { "x_idx": 90176, "y_idx": 99968, "x": 9001532, "y": 3083773, "region": "uttar_pradesh" }, "geometry": { "type": "Polygon", "coordinates": [ [ [ 484919.485220377508085, 2952560.611411128658801 ], [ 487651.851899114903063, 2952557.65808521443978 ], [ 487649.207851492159534, 2949839.624391314107925 ], [ 484916.256100640981458, 2949842.575833028182387 ], [ 484919.485220377508085, 2952560.611411128658801 ] ] ] } },
{ "type": "Feature", "properties": { "x_idx": 88448, "y_idx": 99392, "x": 8993277, "y": 3086524, "region": "uttar_pradesh" }, "geometry": { "type": "Polygon", "coordinates": [ [ [ 477546.414301364682615, 2955017.270427459385246 ], [ 480278.260573009029031, 2955012.7257846808061 ], [ 480274.034390590561088, 2952295.204409727826715 ], [ 477541.602700921241194, 2952299.74615828320384 ], [ 477546.414301364682615, 2955017.270427459385246 ] ] ] } },
{ "type": "Feature", "properties": { "x_idx": 89600, "y_idx": 99392, "x": 8998780, "y": 3086524, "region": "uttar_pradesh" }, "geometry": { "type": "Polygon", "coordinates": [ [ [ 482463.735614236444235, 2955009.51397222885862 ], [ 485195.577262085513212, 2955006.029080910142511 ], [ 485192.404823091928847, 2952288.511970713268965 ], [ 482459.977763537259307, 2952291.994642697740346 ], [ 482463.735614236444235, 2955009.51397222885862 ] ] ] } },
{ "type": "Feature", "properties": { "x_idx": 89024, "y_idx": 99392, "x": 8996029, "y": 3086524, "region": "uttar_pradesh" }, "geometry": { "type": "Polygon", "coordinates": [ [ [ 480005.076074435957707, 2955013.153755047358572 ], [ 482736.919881619745865, 2955009.138989428523928 ], [ 482733.220572231337428, 2952291.619898703414947 ], [ 480000.791350390762091, 2952295.632107543759048 ], [ 480005.076074435957707, 2955013.153755047358572 ] ] ] } },
{ "type": "Feature", "properties": { "x_idx": 90176, "y_idx": 99392, "x": 9001532, "y": 3086524, "region": "uttar_pradesh" }, "geometry": { "type": "Polygon", "coordinates": [ [ [ 484922.393195379409008, 2955006.351076410617679 ], [ 487654.23298901686212, 2955003.396056910511106 ], [ 487651.587418158247601, 2952285.880623542703688 ], [ 484919.162215349322651, 2952288.833761152345687 ], [ 484922.393195379409008, 2955006.351076410617679 ] ] ] } },
{ "type": "Feature", "properties": { "x_idx": 88448, "y_idx": 98816, "x": 8993277, "y": 3089276, "region": "uttar_pradesh" }, "geometry": { "type": "Polygon", "coordinates": [ [ [ 477550.747370336204767, 2957462.549620124511421 ], [ 480282.06644594919635, 2957458.002375920768827 ], [ 480277.837833198485896, 2954740.999570353887975 ], [ 477545.933002912031952, 2954745.54392388695851 ], [ 477550.747370336204767, 2957462.549620124511421 ] ] ] } },
{ "type": "Feature", "properties": { "x_idx": 90752, "y_idx": 100544, "x": 9004284, "y": 3081021, "region": "uttar_pradesh" }, "geometry": { "type": "Polygon", "coordinates": [ [ [ 487376.182937009492889, 2950111.722363841254264 ], [ 490109.074644619890023, 2950109.299995576497167 ], [ 490106.958381263597403, 2947390.749719564337283 ], [ 487373.481941123958677, 2947393.170539592392743 ], [ 487376.182937009492889, 2950111.722363841254264 ] ] ] } },
{ "type": "Feature", "properties": { "x_idx": 91328, "y_idx": 99968, "x": 9007036, "y": 3083773, "region": "uttar_pradesh" }, "geometry": { "type": "Polygon", "coordinates": [ [ [ 489837.743996788689401, 2952555.719077337533236 ], [ 492570.107879043440334, 2952553.824881768319756 ], [ 492568.51695570879383, 2949835.7936334265396 ], [ 489835.568005157227162, 2949837.686620511580259 ], [ 489837.743996788689401, 2952555.719077337533236 ] ] ] } },
{ "type": "Feature", "properties": { "x_idx": 90752, "y_idx": 99968, "x": 9004284, "y": 3083773, "region": "uttar_pradesh" }, "geometry": { "type": "Polygon", "coordinates": [ [ [ 487378.61531416681828, 2952557.926939470693469 ], [ 490110.980441913881805, 2952555.503179592080414 ], [ 490108.862957189732697, 2949837.470860507339239 ], [ 487375.912759445840493, 2949839.893074043095112 ], [ 487378.61531416681828, 2952557.926939470693469 ] ] ] } },
{ "type": "Feature", "properties": { "x_idx": 90752, "y_idx": 99392, "x": 9004284, "y": 3086524, "region": "uttar_pradesh" }, "geometry": { "type": "Polygon", "coordinates": [ [ [ 487381.049092476838268, 2955003.665065340697765 ], [ 490112.887337029329501, 2955001.239915555343032 ], [ 490110.768632421153598, 2952283.725855317898095 ], [ 487378.34498081431957, 2952286.149460656568408 ], [ 487381.049092476838268, 2955003.665065340697765 ] ] ] } },
{ "type": "Feature", "properties": { "x_idx": 91904, "y_idx": 99392, "x": 9009787, "y": 3086524, "region": "uttar_pradesh" }, "geometry": { "type": "Polygon", "coordinates": [ [ [ 492298.356932981987484, 2954999.72369013633579 ], [ 495030.192994733923115, 2954998.35827497439459 ], [ 495029.128018474089913, 2952280.846049901098013 ], [ 492296.706552651012316, 2952282.210595502052456 ], [ 492298.356932981987484, 2954999.72369013633579 ] ] ] } },
{ "type": "Feature", "properties": { "x_idx": 91328, "y_idx": 99392, "x": 9007036, "y": 3086524, "region": "uttar_pradesh" }, "geometry": { "type": "Polygon", "coordinates": [ [ [ 489839.703580140485428, 2955001.455937107559294 ], [ 492571.540580730768852, 2954999.56065530795604 ], [ 492569.948740863706917, 2952282.047664502169937 ], [ 489837.526334919210058, 2952283.941739297471941 ], [ 489839.703580140485428, 2955001.455937107559294 ] ] ] } },
{ "type": "Feature", "properties": { "x_idx": 91328, "y_idx": 98816, "x": 9007036, "y": 3089276, "region": "uttar_pradesh" }, "geometry": { "type": "Polygon", "coordinates": [ [ [ 489841.664290274493396, 2957446.726077284198254 ], [ 492572.974106238165405, 2957444.829710589256138 ], [ 492571.381350953597575, 2954727.835278881248087 ], [ 489839.485792988329194, 2954729.730440054088831 ], [ 489841.664290274493396, 2957446.726077284198254 ] ] ] } },
{ "type": "Feature", "properties": { "x_idx": 90752, "y_idx": 98816, "x": 9004284, "y": 3089276, "region": "uttar_pradesh" }, "geometry": { "type": "Polygon", "coordinates": [ [ [ 487383.484270235116128, 2957448.936470065265894 ], [ 490114.795328630774748, 2957446.509932077955455 ], [ 490112.67540562240174, 2954729.514432250522077 ], [ 487380.778603524900973, 2954731.939427686855197 ], [ 487383.484270235116128, 2957448.936470065265894 ] ] ] } },
{ "type": "Feature", "properties": { "x_idx": 91328, "y_idx": 98240, "x": 9007036, "y": 3092028, "region": "uttar_pradesh" }, "geometry": { "type": "Polygon", "coordinates": [ [ [ 489843.626125818118453, 2959891.529226800426841 ], [ 492574.408454562129918, 2959889.631776541471481 ], [ 492572.814784974965733, 2957173.156205138191581 ], [ 489841.446377992047928, 2957175.052451354917139 ], [ 489843.626125818118453, 2959891.529226800426841 ] ] ] } },
{ "type": "Feature", "properties": { "x_idx": 90176, "y_idx": 98240, "x": 9001532, "y": 3092028, "region": "uttar_pradesh" }, "geometry": { "type": "Polygon", "coordinates": [ [ [ 484928.214159689669032, 2959896.42996679758653 ], [ 487658.999274608853739, 2959893.471566361840814 ], [ 487656.350662837503478, 2957176.99355839099735 ], [ 484924.979465861513745, 2957179.950081556569785 ], [ 484928.214159689669032, 2959896.42996679758653 ] ] ] } },
{ "type": "Feature", "properties": { "x_idx": 90176, "y_idx": 98816, "x": 9001532, "y": 3089276, "region": "uttar_pradesh" }, "geometry": { "type": "Polygon", "coordinates": [ [ [ 484925.302842495730147, 2957451.624018657021224 ], [ 487656.615448070748243, 2957448.667307649273425 ], [ 487653.968355829245411, 2954731.670436377171427 ], [ 484922.070004435081501, 2954734.625267803668976 ], [ 484925.302842495730147, 2957451.624018657021224 ] ] ] } },
{ "type": "Feature", "properties": { "x_idx": 89024, "y_idx": 98816, "x": 8996029, "y": 3089276, "region": "uttar_pradesh" }, "geometry": { "type": "Polygon", "coordinates": [ [ [ 480008.934666821092833, 2957458.430591264273971 ], [ 482740.251281005213968, 2957454.413527525495738 ], [ 482736.549844267894514, 2954737.413003383670002 ], [ 480004.647478778788354, 2954741.427513481583446 ], [ 480008.934666821092833, 2957458.430591264273971 ] ] ] } },
{ "type": "Feature", "properties": { "x_idx": 89600, "y_idx": 98816, "x": 8998780, "y": 3089276, "region": "uttar_pradesh" }, "geometry": { "type": "Polygon", "coordinates": [ [ [ 482467.119732782419305, 2957454.788724972400814 ], [ 485198.434190288127866, 2957451.301838840357959 ], [ 485195.259926928731147, 2954734.303292796947062 ], [ 482463.359721069515217, 2954737.787962317932397 ], [ 482467.119732782419305, 2957454.788724972400814 ] ] ] } },
{ "type": "Feature", "properties": { "x_idx": 89024, "y_idx": 98240, "x": 8996029, "y": 3092028, "region": "uttar_pradesh" }, "geometry": { "type": "Polygon", "coordinates": [ [ [ 480012.79547395237023, 2959903.240428590215743 ], [ 482743.584592543076724, 2959899.221069557126611 ], [ 482739.881031048018485, 2957182.739413205068558 ], [ 480008.505824914260302, 2957186.756221736315638 ], [ 480012.79547395237023, 2959903.240428590215743 ] ] ] } },
{ "type": "Feature", "properties": { "x_idx": 89600, "y_idx": 98240, "x": 8998780, "y": 3092028, "region": "uttar_pradesh" }, "geometry": { "type": "Polygon", "coordinates": [ [ [ 482470.505793740216177, 2959899.5964813856408 ], [ 485201.292758309049532, 2959896.107602891977876 ], [ 485198.116672805917915, 2957179.627922208048403 ], [ 482466.743623645743355, 2957183.114586814772338 ], [ 482470.505793740216177, 2959899.5964813856408 ] ] ] } },
{ "type": "Feature", "properties": { "x_idx": 88448, "y_idx": 98240, "x": 8993277, "y": 3092028, "region": "uttar_pradesh" }, "geometry": { "type": "Polygon", "coordinates": [ [ [ 477555.082926388422493, 2959907.361811004113406 ], [ 480285.874503376137, 2959902.811968570575118 ], [ 480281.643463253451046, 2957186.328033597674221 ], [ 477550.265795353974681, 2957190.874988912604749 ], [ 477555.082926388422493, 2959907.361811004113406 ] ] ] } },
{ "type": "Feature", "properties": { "x_idx": 89024, "y_idx": 97664, "x": 8996029, "y": 3094780, "region": "uttar_pradesh" }, "geometry": { "type": "Polygon", "coordinates": [ [ [ 480016.658493128488772, 2962347.582996285520494 ], [ 482746.919813901069574, 2962343.561344780493528 ], [ 482743.214130239677615, 2959627.598857063800097 ], [ 480012.366386096051428, 2959631.617961204145104 ], [ 480016.658493128488772, 2962347.582996285520494 ] ] ] } },
{ "type": "Feature", "properties": { "x_idx": 88448, "y_idx": 97664, "x": 8993277, "y": 3094780, "region": "uttar_pradesh" }, "geometry": { "type": "Polygon", "coordinates": [ [ [ 477559.420966487901751, 2962351.706729355733842 ], [ 480289.684742625395302, 2962347.154291891027242 ], [ 480285.451278091233689, 2959631.189528355840594 ], [ 477554.601075213693548, 2959635.739082254469395 ], [ 477559.420966487901751, 2962351.706729355733842 ] ] ] } },
{ "type": "Feature", "properties": { "x_idx": 89600, "y_idx": 97664, "x": 8998780, "y": 3094780, "region": "uttar_pradesh" }, "geometry": { "type": "Polygon", "coordinates": [ [ [ 482473.89379474055022, 2962343.936970728915185 ], [ 485204.152964147971943, 2962340.446102324407548 ], [ 485200.975058723532129, 2959624.485587844159454 ], [ 482470.129468897008337, 2959627.974245085846633 ], [ 482473.89379474055022, 2962343.936970728915185 ] ] ] } },
{ "type": "Feature", "properties": { "x_idx": 88448, "y_idx": 97088, "x": 8993277, "y": 3097531, "region": "uttar_pradesh" }, "geometry": { "type": "Polygon", "coordinates": [ [ [ 477563.761487600742839, 2964795.584104757290334 ], [ 480293.49716103222454, 2964791.029075457248837 ], [ 480289.261275047378149, 2962075.583783850073814 ], [ 477558.938839457754511, 2962080.135933136101812 ], [ 477563.761487600742839, 2964795.584104757290334 ] ] ] } },
{ "type": "Feature", "properties": { "x_idx": 90752, "y_idx": 98240, "x": 9004284, "y": 3092028, "region": "uttar_pradesh" }, "geometry": { "type": "Polygon", "coordinates": [ [ [ 487385.920845736924093, 2959893.740882573183626 ], [ 490116.704415382526349, 2959891.312958090100437 ], [ 490114.583275458018761, 2957174.836319880094379 ], [ 487383.213625873089768, 2957177.262703707441688 ], [ 487385.920845736924093, 2959893.740882573183626 ] ] ] } },
{ "type": "Feature", "properties": { "x_idx": 90176, "y_idx": 97664, "x": 9001532, "y": 3094780, "region": "uttar_pradesh" }, "geometry": { "type": "Polygon", "coordinates": [ [ [ 484931.127144924073946, 2962340.768650093581527 ], [ 487661.384466963238083, 2962337.808562307152897 ], [ 487658.73433751531411, 2959621.849718482233584 ], [ 484927.890597591816913, 2959624.807931307237595 ], [ 484931.127144924073946, 2962340.768650093581527 ] ] ] } },
{ "type": "Feature", "properties": { "x_idx": 91328, "y_idx": 97664, "x": 9007036, "y": 3094780, "region": "uttar_pradesh" }, "geometry": { "type": "Polygon", "coordinates": [ [ [ 489845.589085398707539, 2962335.865114913787693 ], [ 492575.843624698987696, 2962333.966582425870001 ], [ 492574.249041924427729, 2959618.0101721691899 ], [ 489843.40808855794603, 2959619.90750209800899 ], [ 489845.589085398707539, 2962335.865114913787693 ] ] ] } },
{ "type": "Feature", "properties": { "x_idx": 90752, "y_idx": 97664, "x": 9004284, "y": 3094780, "region": "uttar_pradesh" }, "geometry": { "type": "Polygon", "coordinates": [ [ [ 487388.358817277417984, 2962338.078032126184553 ], [ 490118.614595948776696, 2962335.648722852580249 ], [ 490116.492240592371672, 2959619.691247102804482 ], [ 487385.650046154274605, 2959622.119017615448684 ], [ 487388.358817277417984, 2962338.078032126184553 ] ] ] } },
{ "type": "Feature", "properties": { "x_idx": 91904, "y_idx": 97088, "x": 9009787, "y": 3097531, "region": "uttar_pradesh" }, "geometry": { "type": "Polygon", "coordinates": [ [ [ 492304.307022897701245, 2964777.997265255078673 ], [ 495034.032536681159399, 2964776.628729494288564 ], [ 495032.965115157363471, 2962061.19254284678027 ], [ 492302.652853174076881, 2962062.560213316697627 ], [ 492304.307022897701245, 2964777.997265255078673 ] ] ] } },
{ "type": "Feature", "properties": { "x_idx": 91328, "y_idx": 97088, "x": 9007036, "y": 3097531, "region": "uttar_pradesh" }, "geometry": { "type": "Polygon", "coordinates": [ [ [ 489847.553167643432971, 2964779.733471202664077 ], [ 492577.279615645064041, 2964777.833857818506658 ], [ 492575.684120798308868, 2962062.396909198258072 ], [ 489845.370923313312232, 2962064.295321504119784 ], [ 489847.553167643432971, 2964779.733471202664077 ] ] ] } },
{ "type": "Feature", "properties": { "x_idx": 90752, "y_idx": 97088, "x": 9004284, "y": 3097531, "region": "uttar_pradesh" }, "geometry": { "type": "Polygon", "coordinates": [ [ [ 487390.798183151520789, 2964781.947648299857974 ], [ 490120.525868993718177, 2964779.516955942846835 ], [ 490118.402299689652864, 2962064.078943142201751 ], [ 487388.087862663494889, 2962066.508098633959889 ], [ 487390.798183151520789, 2964781.947648299857974 ] ] ] } },
{ "type": "Feature", "properties": { "x_idx": 91904, "y_idx": 96512, "x": 9009787, "y": 3100283, "region": "uttar_pradesh" }, "geometry": { "type": "Polygon", "coordinates": [ [ [ 492305.796672863303684, 2967221.396832922007889 ], [ 495034.993795017653611, 2967220.027519412338734 ], [ 495033.925764043116942, 2964505.111093593295664 ], [ 492304.141558682138566, 2964506.479542878922075 ], [ 492305.796672863303684, 2967221.396832922007889 ] ] ] } },
{ "type": "Feature", "properties": { "x_idx": 90752, "y_idx": 96512, "x": 9004284, "y": 3100283, "region": "uttar_pradesh" }, "geometry": { "type": "Polygon", "coordinates": [ [ [ 487393.238941654155497, 2967225.349460994359106 ], [ 490122.438233181252144, 2967222.917387260124087 ], [ 490120.313451414054725, 2964507.999137539416552 ], [ 487390.527073695906438, 2964510.429676304571331 ], [ 487393.238941654155497, 2967225.349460994359106 ] ] ] } },
{ "type": "Feature", "properties": { "x_idx": 91328, "y_idx": 96512, "x": 9007036, "y": 3100283, "region": "uttar_pradesh" }, "geometry": { "type": "Polygon", "coordinates": [ [ [ 489849.518371179350652, 2967223.134025566745549 ], [ 492578.716426396626048, 2967221.233332619536668 ], [ 492577.120020592934452, 2964506.316145767457783 ], [ 489847.334880885377061, 2964508.215639118105173 ], [ 489849.518371179350652, 2967223.134025566745549 ] ] ] } },
{ "type": "Feature", "properties": { "x_idx": 89024, "y_idx": 97088, "x": 8996029, "y": 3097531, "region": "uttar_pradesh" }, "geometry": { "type": "Polygon", "coordinates": [ [ [ 480020.523721647681668, 2964791.458023926243186 ], [ 482750.256942746636923, 2964787.434082774445415 ], [ 482746.549139510607347, 2962071.991064182016999 ], [ 480016.229159622802399, 2962076.012461107224226 ], [ 480020.523721647681668, 2964791.458023926243186 ] ] ] } },
{ "type": "Feature", "properties": { "x_idx": 89600, "y_idx": 97088, "x": 8998780, "y": 3097531, "region": "uttar_pradesh" }, "geometry": { "type": "Polygon", "coordinates": [ [ [ 482477.283733414078597, 2964787.809922578278929 ], [ 485207.014805804763455, 2964784.317066715098917 ], [ 485203.835082681500353, 2962068.876018927432597 ], [ 482473.517254454083741, 2962072.366666352376342 ], [ 482477.283733414078597, 2964787.809922578278929 ] ] ] } },
{ "type": "Feature", "properties": { "x_idx": 90176, "y_idx": 97088, "x": 9001532, "y": 3097531, "region": "uttar_pradesh" }, "geometry": { "type": "Polygon", "coordinates": [ [ [ 484934.04179616185138, 2964784.639798121061176 ], [ 487663.771023465727922, 2964781.678025063127279 ], [ 487661.119378194678575, 2962066.23864587303251 ], [ 484930.803397589013912, 2962069.198546278756112 ], [ 484934.04179616185138, 2964784.639798121061176 ] ] ] } },
{ "type": "Feature", "properties": { "x_idx": 89024, "y_idx": 96512, "x": 8996029, "y": 3100283, "region": "uttar_pradesh" }, "geometry": { "type": "Polygon", "coordinates": [ [ [ 480024.391156808123924, 2967234.865241411142051 ], [ 482753.595976747106761, 2967230.839013437740505 ], [ 482749.886056528310291, 2964515.91576410131529 ], [ 480020.09414279286284, 2964519.939450986683369 ], [ 480024.391156808123924, 2967234.865241411142051 ] ] ] } },
{ "type": "Feature", "properties": { "x_idx": 90176, "y_idx": 96512, "x": 9001532, "y": 3100283, "region": "uttar_pradesh" }, "geometry": { "type": "Polygon", "coordinates": [ [ [ 484936.95811136555858, 2967228.043140778783709 ], [ 487666.158942448149901, 2967225.079684528987855 ], [ 487663.505783207539935, 2964510.160070104990155 ], [ 484933.717863815894816, 2964513.121656013187021 ], [ 484936.95811136555858, 2967228.043140778783709 ] ] ] } },
{ "type": "Feature", "properties": { "x_idx": 89600, "y_idx": 96512, "x": 8998780, "y": 3100283, "region": "uttar_pradesh" }, "geometry": { "type": "Polygon", "coordinates": [ [ [ 482480.675607391051017, 2967231.215066833421588 ], [ 485209.878281278826762, 2967227.72022596327588 ], [ 485206.696742679516319, 2964512.798945 ], [ 482476.906977947568521, 2964516.29158015595749 ], [ 482480.675607391051017, 2967231.215066833421588 ] ] ] } },
{ "type": "Feature", "properties": { "x_idx": 88448, "y_idx": 96512, "x": 8993277, "y": 3100283, "region": "uttar_pradesh" }, "geometry": { "type": "Polygon", "coordinates": [ [ [ 477568.104486692813225, 2967238.99366710614413 ], [ 480297.311755931703374, 2967234.436049169395119 ], [ 480293.073451457137708, 2964519.510529621969908 ], [ 477563.279085052257869, 2964524.065271098166704 ], [ 477568.104486692813225, 2967238.99366710614413 ] ] ] } },
{ "type": "Feature", "properties": { "x_idx": 89600, "y_idx": 95936, "x": 8998780, "y": 3103035, "region": "uttar_pradesh" }, "geometry": { "type": "Polygon", "coordinates": [ [ [ 482484.069414301717188, 2969674.152133716270328 ], [ 485212.743388569564559, 2969670.655310291796923 ], [ 485209.560036717157345, 2966956.254095926415175 ], [ 482480.298637007828802, 2966959.748716361820698 ], [ 482484.069414301717188, 2969674.152133716270328 ] ] ] } },
{ "type": "Feature", "properties": { "x_idx": 89024, "y_idx": 95936, "x": 8996029, "y": 3103035, "region": "uttar_pradesh" }, "geometry": { "type": "Polygon", "coordinates": [ [ [ 480028.260795907757711, 2969677.804378964006901 ], [ 482756.936913569516037, 2969673.775866993702948 ], [ 482753.224878960114438, 2966959.372686685528606 ], [ 480023.961332904407755, 2966963.398660706821829 ], [ 480028.260795907757711, 2969677.804378964006901 ] ] ] } },
{ "type": "Feature", "properties": { "x_idx": 90176, "y_idx": 95936, "x": 9001532, "y": 3103035, "region": "uttar_pradesh" }, "geometry": { "type": "Polygon", "coordinates": [ [ [ 484939.876088497578166, 2969670.978408291470259 ], [ 487668.548222242097836, 2969668.013270928524435 ], [ 487665.893550885724835, 2966953.613721042871475 ], [ 484936.633994235133287, 2966956.576990374363959 ], [ 484939.876088497578166, 2969670.978408291470259 ] ] ] } },
{ "type": "Feature", "properties": { "x_idx": 91904, "y_idx": 95936, "x": 9009787, "y": 3103035, "region": "uttar_pradesh" }, "geometry": { "type": "Polygon", "coordinates": [ [ [ 492307.287171742180362, 2969664.328330106567591 ], [ 495035.955601150926668, 2969662.958239808678627 ], [ 495034.886961471871473, 2966948.561874590348452 ], [ 492305.631114259769674, 2966949.931101730559021 ], [ 492307.287171742180362, 2969664.328330106567591 ] ] ] } },
{ "type": "Feature", "properties": { "x_idx": 90752, "y_idx": 95936, "x": 9004284, "y": 3103035, "region": "uttar_pradesh" }, "geometry": { "type": "Polygon", "coordinates": [ [ [ 487395.681091080012266, 2969668.283200433012098 ], [ 490124.351687175338157, 2969665.849747028201818 ], [ 490122.225694429478608, 2966951.451560160145164 ], [ 487392.967677546199411, 2966953.883480492979288 ], [ 487395.681091080012266, 2969668.283200433012098 ] ] ] } },
{ "type": "Feature", "properties": { "x_idx": 91328, "y_idx": 95936, "x": 9007036, "y": 3103035, "region": "uttar_pradesh" }, "geometry": { "type": "Polygon", "coordinates": [ [ [ 489851.484694633400068, 2969666.06650822982192 ], [ 492580.154055949766189, 2969664.164737053215504 ], [ 492578.556740304571576, 2966949.767611741088331 ], [ 489849.299959901196416, 2966951.668184802401811 ], [ 489851.484694633400068, 2969666.06650822982192 ] ] ] } },
{ "type": "Feature", "properties": { "x_idx": 91904, "y_idx": 95360, "x": 9009787, "y": 3105786, "region": "uttar_pradesh" }, "geometry": { "type": "Polygon", "coordinates": [ [ [ 492308.778518493461888, 2972106.791487355250865 ], [ 495036.917954409320373, 2972105.42062123073265 ], [ 495035.848706771968864, 2969391.544616023544222 ], [ 492307.121518866391852, 2969392.914620058611035 ], [ 492308.778518493461888, 2972106.791487355250865 ] ] ] } },
{ "type": "Feature", "properties": { "x_idx": 90752, "y_idx": 95360, "x": 9004284, "y": 3105786, "region": "uttar_pradesh" }, "geometry": { "type": "Polygon", "coordinates": [ [ [ 487398.124629723606631, 2972110.748597161844373 ], [ 490126.266229639644735, 2972108.313765792641789 ], [ 490124.139027399942279, 2969394.435941189993173 ], [ 487395.40967250923859, 2969396.869241382926702 ], [ 487398.124629723606631, 2972110.748597161844373 ] ] ] } },
{ "type": "Feature", "properties": { "x_idx": 91328, "y_idx": 95360, "x": 9007036, "y": 3105786, "region": "uttar_pradesh" }, "geometry": { "type": "Polygon", "coordinates": [ [ [ 489853.452136632520705, 2972108.530649737454951 ], [ 492581.592503300576936, 2972106.627801665570587 ], [ 492579.994278929312713, 2969392.751037305220962 ], [ 489851.266158987709787, 2969394.652688744477928 ], [ 489853.452136632520705, 2972108.530649737454951 ] ] ] } },
{ "type": "Feature", "properties": { "x_idx": 90752, "y_idx": 94784, "x": 9004284, "y": 3108538, "region": "uttar_pradesh" }, "geometry": { "type": "Polygon", "coordinates": [ [ [ 487400.569555879337713, 2974552.745382049120963 ], [ 490128.181859237898607, 2974550.309174422640353 ], [ 490126.053448989114258, 2971836.952011140529066 ], [ 487397.853056879539508, 2971839.386689487379044 ], [ 487400.569555879337713, 2974552.745382049120963 ] ] ] } },
{ "type": "Feature", "properties": { "x_idx": 91904, "y_idx": 94784, "x": 9009787, "y": 3108538, "region": "uttar_pradesh" }, "geometry": { "type": "Polygon", "coordinates": [ [ [ 492310.270712076104246, 2974548.78603553539142 ], [ 495037.880854121001903, 2974547.41439454536885 ], [ 495036.810999271867331, 2971834.059048405848444 ], [ 492308.612771460961085, 2971835.429828374180943 ], [ 492310.270712076104246, 2974548.78603553539142 ] ] ] } },
{ "type": "Feature", "properties": { "x_idx": 91328, "y_idx": 94784, "x": 9007036, "y": 3108538, "region": "uttar_pradesh" }, "geometry": { "type": "Polygon", "coordinates": [ [ [ 489855.420695803361014, 2974550.526180958375335 ], [ 492583.03176744497614, 2974548.622257324401289 ], [ 492581.432635463308543, 2971835.266152971424162 ], [ 489853.233476771856658, 2971837.168881454039365 ], [ 489855.420695803361014, 2974550.526180958375335 ] ] ] } },
{ "type": "Feature", "properties": { "x_idx": 91328, "y_idx": 94208, "x": 9007036, "y": 3111290, "region": "uttar_pradesh" }, "geometry": { "type": "Polygon", "coordinates": [ [ [ 489857.390370772511233, 2976992.052833082154393 ], [ 492584.471847378823441, 2976990.147835221141577 ], [ 492582.871808902418707, 2974277.312689572107047 ], [ 489855.201911880343687, 2974279.216493764426559 ], [ 489857.390370772511233, 2976992.052833082154393 ] ] ] } },
{ "type": "Feature", "properties": { "x_idx": 88448, "y_idx": 95936, "x": 8993277, "y": 3103035, "region": "uttar_pradesh" }, "geometry": { "type": "Polygon", "coordinates": [ [ [ 477572.449960729689337, 2969681.935146626085043 ], [ 480301.128524658561219, 2969677.374943250790238 ], [ 480296.887804655707441, 2966962.969495536293834 ], [ 477567.621808963129297, 2966967.526826004497707 ], [ 477572.449960729689337, 2969681.935146626085043 ] ] ] } },
{ "type": "Feature", "properties": { "x_idx": 89024, "y_idx": 95360, "x": 8996029, "y": 3105786, "region": "uttar_pradesh" }, "geometry": { "type": "Polygon", "coordinates": [ [ [ 480032.132636244234163, 2972120.275167129933834 ], [ 482760.279750880727079, 2972116.244373988360167 ], [ 482756.565604473056737, 2969402.361562120728195 ], [ 480027.830727255321108, 2969406.389820453245193 ], [ 480032.132636244234163, 2972120.275167129933834 ] ] ] } },
{ "type": "Feature", "properties": { "x_idx": 90176, "y_idx": 95360, "x": 9001532, "y": 3105786, "region": "uttar_pradesh" }, "geometry": { "type": "Polygon", "coordinates": [ [ [ 484942.795725520234555, 2972113.445331203285605 ], [ 487670.938861179049127, 2972110.478514808230102 ], [ 487668.282679560768884, 2969396.599328873213381 ], [ 484939.551786809053738, 2969399.564279548358172 ], [ 484942.795725520234555, 2972113.445331203285605 ] ] ] } },
{ "type": "Feature", "properties": { "x_idx": 88448, "y_idx": 95360, "x": 8993277, "y": 3105786, "region": "uttar_pradesh" }, "geometry": { "type": "Polygon", "coordinates": [ [ [ 477576.79790667683119, 2972124.408273862209171 ], [ 480304.947464547411073, 2972119.845488246064633 ], [ 480300.704331977816764, 2969405.960411777254194 ], [ 477571.96700815600343, 2969410.520328039769083 ], [ 477576.79790667683119, 2972124.408273862209171 ] ] ] } },
{ "type": "Feature", "properties": { "x_idx": 89600, "y_idx": 95360, "x": 8998780, "y": 3105786, "region": "uttar_pradesh" }, "geometry": { "type": "Polygon", "coordinates": [ [ [ 482487.465151775977574, 2972116.620853775180876 ], [ 485215.610125676204916, 2972113.122050247620791 ], [ 485212.42496279370971, 2969399.241201892029494 ], [ 482483.6922292651725, 2969402.737805153243244 ], [ 482487.465151775977574, 2972116.620853775180876 ] ] ] } },
{ "type": "Feature", "properties": { "x_idx": 89024, "y_idx": 94784, "x": 8996029, "y": 3108538, "region": "uttar_pradesh" }, "geometry": { "type": "Polygon", "coordinates": [ [ [ 480036.006675114913378, 2974562.2773367757909 ], [ 482763.624486347544007, 2974558.244265288114548 ], [ 482759.908230734057724, 2971844.882120918016881 ], [ 480031.70232314337045, 2971848.912660735659301 ], [ 480036.006675114913378, 2974562.2773367757909 ] ] ] } },
{ "type": "Feature", "properties": { "x_idx": 90176, "y_idx": 94784, "x": 9001532, "y": 3108538, "region": "uttar_pradesh" }, "geometry": { "type": "Polygon", "coordinates": [ [ [ 484945.717020395561121, 2974555.443640383891761 ], [ 487673.33085759030655, 2974552.475147034041584 ], [ 487670.673167564207688, 2971839.116624106187373 ], [ 484942.471239500038791, 2971842.083254045341164 ], [ 484945.717020395561121, 2974555.443640383891761 ] ] ] } },
{ "type": "Feature", "properties": { "x_idx": 89600, "y_idx": 94784, "x": 8998780, "y": 3108538, "region": "uttar_pradesh" }, "geometry": { "type": "Polygon", "coordinates": [ [ [ 482490.86281744367443, 2974558.620957874692976 ], [ 485218.47849059762666, 2974555.120176698081195 ], [ 485215.291518908459693, 2971841.759993407409638 ], [ 482487.087752349383663, 2971845.258577044121921 ], [ 482490.86281744367443, 2974558.620957874692976 ] ] ] } },
{ "type": "Feature", "properties": { "x_idx": 88448, "y_idx": 94784, "x": 8993277, "y": 3108538, "region": "uttar_pradesh" }, "geometry": { "type": "Polygon", "coordinates": [ [ [ 477581.148321499233134, 2974566.412779681384563 ], [ 480308.768572932691313, 2974561.847415022086352 ], [ 480304.523030758136883, 2971848.483008855953813 ], [ 477576.314679596282076, 2971853.045507714152336 ], [ 477581.148321499233134, 2974566.412779681384563 ] ] ] } },
{ "type": "Feature", "properties": { "x_idx": 89024, "y_idx": 94208, "x": 8996029, "y": 3111290, "region": "uttar_pradesh" }, "geometry": { "type": "Polygon", "coordinates": [ [ [ 480039.882909817039035, 2977003.810619092080742 ], [ 482766.97111763630528, 2976999.775272084400058 ], [ 482763.252755409921519, 2974286.934093908406794 ], [ 480035.576117865915876, 2974290.966912385076284 ], [ 480039.882909817039035, 2977003.810619092080742 ] ] ] } },
{ "type": "Feature", "properties": { "x_idx": 96512, "y_idx": 99392, "x": 9031801, "y": 3086524, "region": "uttar_pradesh" }, "geometry": { "type": "Polygon", "coordinates": [ [ [ 511967.575855487782974, 2955003.033363095950335 ], [ 514699.415390989335719, 2955005.906877723056823 ], [ 514702.565327802265529, 2952288.389845351222903 ], [ 511970.140383482037578, 2952285.518160708248615 ], [ 511967.575855487782974, 2955003.033363095950335 ] ] ] } },
{ "type": "Feature", "properties": { "x_idx": 97088, "y_idx": 99392, "x": 9034553, "y": 3086524, "region": "uttar_pradesh" }, "geometry": { "type": "Polygon", "coordinates": [ [ [ 514426.231352442584466, 2955005.593032726552337 ], [ 517158.072695221402682, 2955008.996418823953718 ], [ 517161.749502325023059, 2952291.477418893948197 ], [ 514429.322748257429339, 2952288.076200224459171 ], [ 514426.231352442584466, 2955005.593032726552337 ] ] ] } },
{ "type": "Feature", "properties": { "x_idx": 97088, "y_idx": 98816, "x": 9034553, "y": 3089276, "region": "uttar_pradesh" }, "geometry": { "type": "Polygon", "coordinates": [ [ [ 514423.447407374391332, 2957450.865541054401547 ], [ 517154.761560185172129, 2957454.270875310990959 ], [ 517158.440481697558425, 2954737.270441852975637 ], [ 514426.540580950153526, 2954733.867272365372628 ], [ 514423.447407374391332, 2957450.865541054401547 ] ] ] } },
{ "type": "Feature", "properties": { "x_idx": 96512, "y_idx": 98816, "x": 9031801, "y": 3089276, "region": "uttar_pradesh" }, "geometry": { "type": "Polygon", "coordinates": [ [ [ 511965.266379285487346, 2957448.304406221956015 ], [ 514696.578727042127866, 2957451.179565702565014 ], [ 514699.730475280724932, 2954734.181097387801856 ], [ 511967.832382057735231, 2954731.307765646837652 ], [ 511965.266379285487346, 2957448.304406221956015 ] ] ] } },
{ "type": "Feature", "properties": { "x_idx": 95936, "y_idx": 98816, "x": 9029049, "y": 3089276, "region": "uttar_pradesh" }, "geometry": { "type": "Polygon", "coordinates": [ [ [ 509507.086686232767534, 2957446.220426749903709 ], [ 512238.397533685376402, 2957448.565413500647992 ], [ 512241.022110894264188, 2954731.568607002962381 ], [ 509509.125520028464962, 2954729.225110961589962 ], [ 509507.086686232767534, 2957446.220426749903709 ] ] ] } },
{ "type": "Feature", "properties": { "x_idx": 97088, "y_idx": 98240, "x": 9034553, "y": 3092028, "region": "uttar_pradesh" }, "geometry": { "type": "Polygon", "coordinates": [ [ [ 514420.661864378547762, 2959895.671055810991675 ], [ 517151.448524627718143, 2959899.07833583233878 ], [ 517155.129557973414194, 2957182.596770053263754 ], [ 514423.756813549844082, 2957179.191652141045779 ], [ 514420.661864378547762, 2959895.671055810991675 ] ] ] } },
{ "type": "Feature", "properties": { "x_idx": 96512, "y_idx": 98240, "x": 9031801, "y": 3092028, "region": "uttar_pradesh" }, "geometry": { "type": "Polygon", "coordinates": [ [ [ 511962.955577489454299, 2959893.108457576483488 ], [ 514693.740434907900635, 2959895.985259887762368 ], [ 514696.89399236580357, 2957179.505656837951392 ], [ 511965.523053243407048, 2957176.630680019501597 ], [ 511962.955577489454299, 2959893.108457576483488 ] ] ] } },
{ "type": "Feature", "properties": { "x_idx": 95936, "y_idx": 98240, "x": 9029049, "y": 3092028, "region": "uttar_pradesh" }, "geometry": { "type": "Polygon", "coordinates": [ [ [ 509505.250623992178589, 2959891.023287341929972 ], [ 512236.033982954570092, 2959893.369613991584629 ], [ 512238.660066768876277, 2957176.891670715995133 ], [ 509507.290628155868035, 2957174.546832944266498 ], [ 509505.250623992178589, 2959891.023287341929972 ] ] ] } },
{ "type": "Feature", "properties": { "x_idx": 97088, "y_idx": 97664, "x": 9034553, "y": 3094780, "region": "uttar_pradesh" }, "geometry": { "type": "Polygon", "coordinates": [ [ [ 514417.874725404020865, 2962340.009306255262345 ], [ 517148.133590867219027, 2962343.418529647402465 ], [ 517151.816733470535837, 2959627.456132391002029 ], [ 514420.971448005293496, 2959624.049068447668105 ], [ 514417.874725404020865, 2962340.009306255262345 ] ] ] } },
{ "type": "Feature", "properties": { "x_idx": 96512, "y_idx": 97664, "x": 9031801, "y": 3094780, "region": "uttar_pradesh" }, "geometry": { "type": "Polygon", "coordinates": [ [ [ 511960.643451716634445, 2962337.445246418938041 ], [ 514690.900516572583001, 2962340.323689541313797 ], [ 514694.055881043139379, 2959624.363252599723637 ], [ 511963.212398655712605, 2959621.486632724292576 ], [ 511960.643451716634445, 2962337.445246418938041 ] ] ] } },
{ "type": "Feature", "properties": { "x_idx": 97664, "y_idx": 99392, "x": 9037305, "y": 3086524, "region": "uttar_pradesh" }, "geometry": { "type": "Polygon", "coordinates": [ [ [ 516884.888460690854117, 2955008.629586565773934 ], [ 519616.73191586881876, 2955012.562846557702869 ], [ 519620.935595882241614, 2952295.041575369890779 ], [ 516888.506726528517902, 2952291.110820250585675 ], [ 516884.888460690854117, 2955008.629586565773934 ] ] ] } },
{ "type": "Feature", "properties": { "x_idx": 98816, "y_idx": 99392, "x": 9042808, "y": 3086524, "region": "uttar_pradesh" }, "geometry": { "type": "Polygon", "coordinates": [ [ [ 521802.208609507943038, 2955016.133355859667063 ], [ 524534.057204859214835, 2955021.126372420694679 ], [ 524539.314640051103197, 2952303.599647618364543 ], [ 521806.880623498989735, 2952298.609810818918049 ], [ 521802.208609507943038, 2955016.133355859667063 ] ] ] } },
{ "type": "Feature", "properties": { "x_idx": 98240, "y_idx": 98816, "x": 9040056, "y": 3089276, "region": "uttar_pradesh" }, "geometry": { "type": "Polygon", "coordinates": [ [ [ 519339.814565757929813, 2957457.419284434989095 ], [ 522071.133242917712778, 2957461.884975893422961 ], [ 522075.866519211092964, 2954744.879702168516815 ], [ 519343.962087923137005, 2954740.41684953821823 ], [ 519339.814565757929813, 2957457.419284434989095 ] ] ] } },
{ "type": "Feature", "properties": { "x_idx": 97664, "y_idx": 98816, "x": 9037305, "y": 3089276, "region": "uttar_pradesh" }, "geometry": { "type": "Polygon", "coordinates": [ [ [ 516881.630044774734415, 2957453.903833071701229 ], [ 519612.946307386038825, 2957457.839344528503716 ], [ 519617.152404791559093, 2954740.83664260013029 ], [ 516885.250391356355976, 2954736.903632942587137 ], [ 516881.630044774734415, 2957453.903833071701229 ] ] ] } },
{ "type": "Feature", "properties": { "x_idx": 98816, "y_idx": 98816, "x": 9042808, "y": 3089276, "region": "uttar_pradesh" }, "geometry": { "type": "Polygon", "coordinates": [ [ [ 521798.001244598301128, 2957461.411897647194564 ], [ 524529.322641059756279, 2957466.407772285398096 ], [ 524534.583099611103535, 2954749.399623436387628 ], [ 521802.675945300143212, 2954744.406924656592309 ], [ 521798.001244598301128, 2957461.411897647194564 ] ] ] } },
{ "type": "Feature", "properties": { "x_idx": 98816, "y_idx": 98240, "x": 9042808, "y": 3092028, "region": "uttar_pradesh" }, "geometry": { "type": "Polygon", "coordinates": [ [ [ 521793.791464757989161, 2959906.223438449203968 ], [ 524524.585359735414386, 2959911.222167653031647 ], [ 524529.848837963538244, 2957194.732895962893963 ], [ 521798.468848898017313, 2957189.737338715232909 ], [ 521793.791464757989161, 2959906.223438449203968 ] ] ] } },
{ "type": "Feature", "properties": { "x_idx": 98240, "y_idx": 98240, "x": 9040056, "y": 3092028, "region": "uttar_pradesh" }, "geometry": { "type": "Polygon", "coordinates": [ [ [ 519336.079534077784047, 2959902.228543914854527 ], [ 522066.870713103038725, 2959906.696787004359066 ], [ 522071.606706458493136, 2957190.210386906284839 ], [ 519340.229437066765968, 2957185.744979156646878 ], [ 519336.079534077784047, 2959902.228543914854527 ] ] ] } },
{ "type": "Feature", "properties": { "x_idx": 97664, "y_idx": 98240, "x": 9037305, "y": 3092028, "region": "uttar_pradesh" }, "geometry": { "type": "Polygon", "coordinates": [ [ [ 516878.369758596760221, 2959898.711083869449794 ], [ 519609.158526047773194, 2959902.648844024632126 ], [ 519613.367037900781725, 2957186.165012562647462 ], [ 516881.992183387978002, 2957182.229751132428646 ], [ 516878.369758596760221, 2959898.711083869449794 ] ] ] } },
{ "type": "Feature", "properties": { "x_idx": 98240, "y_idx": 97664, "x": 9040056, "y": 3094780, "region": "uttar_pradesh" }, "geometry": { "type": "Polygon", "coordinates": [ [ [ 519332.342362414812669, 2962346.570534475147724 ], [ 522062.605741080711596, 2962351.041326056234539 ], [ 522067.344448184303474, 2959635.074100429192185 ], [ 519336.494643323763739, 2959630.606140698306262 ], [ 519332.342362414812669, 2962346.570534475147724 ] ] ] } },
{ "type": "Feature", "properties": { "x_idx": 98816, "y_idx": 97664, "x": 9042808, "y": 3094780, "region": "uttar_pradesh" }, "geometry": { "type": "Polygon", "coordinates": [ [ [ 521789.579272932431195, 2962350.567707523703575 ], [ 524519.845364200649783, 2962355.569287780672312 ], [ 524525.111858422635123, 2959639.599194094538689 ], [ 521794.259337237803265, 2959634.600781891494989 ], [ 521789.579272932431195, 2962350.567707523703575 ] ] ] } },
{ "type": "Feature", "properties": { "x_idx": 91904, "y_idx": 98816, "x": 9009787, "y": 3089276, "region": "uttar_pradesh" }, "geometry": { "type": "Polygon", "coordinates": [ [ [ 492299.843176887661684, 2957444.992838741280138 ], [ 495031.152055167942308, 2957443.626641989219934 ], [ 495030.086466473061591, 2954726.632975073996931 ], [ 492298.191847474430688, 2954727.998303332366049 ], [ 492299.843176887661684, 2957444.992838741280138 ] ] ] } },
{ "type": "Feature", "properties": { "x_idx": 92480, "y_idx": 98816, "x": 9012539, "y": 3089276, "region": "uttar_pradesh" }, "geometry": { "type": "Polygon", "coordinates": [ [ [ 494758.021204349584877, 2957443.736753202043474 ], [ 497489.32944969489472, 2957442.90072541963309 ], [ 497488.791026831080671, 2954725.90751997102052 ], [ 494756.897041633550543, 2954726.743016288615763 ], [ 494758.021204349584877, 2957443.736753202043474 ] ] ] } },
{ "type": "Feature", "properties": { "x_idx": 93632, "y_idx": 98816, "x": 9018042, "y": 3089276, "region": "uttar_pradesh" }, "geometry": { "type": "Polygon", "coordinates": [ [ [ 499674.375778907793574, 2957442.656037897802889 ], [ 502405.683672628190834, 2957442.880346648395061 ], [ 502406.199580651707947, 2954725.887154154479504 ], [ 499674.305947560293134, 2954725.662987996824086 ], [ 499674.375778907793574, 2957442.656037897802889 ] ] ] } },
{ "type": "Feature", "properties": { "x_idx": 92480, "y_idx": 98240, "x": 9012539, "y": 3092028, "region": "uttar_pradesh" }, "geometry": { "type": "Polygon", "coordinates": [ [ [ 494759.033563827339094, 2959888.538194649852812 ], [ 497489.814323887520004, 2959887.701689170207828 ], [ 497489.275591948069632, 2957171.227342519443482 ], [ 494757.908755798533093, 2957172.063317187130451 ], [ 494759.033563827339094, 2959888.538194649852812 ] ] ] } },
{ "type": "Feature", "properties": { "x_idx": 93056, "y_idx": 98240, "x": 9015291, "y": 3092028, "region": "uttar_pradesh" }, "geometry": { "type": "Polygon", "coordinates": [ [ [ 497216.736269625660498, 2959887.75881614536047 ], [ 499947.516701903485227, 2959887.452781973872334 ], [ 499947.505438025167678, 2957170.978593268431723 ], [ 497216.138930107117631, 2957171.284433244261891 ], [ 497216.736269625660498, 2959887.75881614536047 ] ] ] } },
{ "type": "Feature", "properties": { "x_idx": 91904, "y_idx": 98240, "x": 9009787, "y": 3092028, "region": "uttar_pradesh" }, "geometry": { "type": "Polygon", "coordinates": [ [ [ 492301.330273869214579, 2959889.794997903052717 ], [ 495032.11166608473286, 2959888.42802052013576 ], [ 495031.045465700852219, 2957171.95321296993643 ], [ 492299.677996529731899, 2957173.319322926457971 ], [ 492301.330273869214579, 2959889.794997903052717 ] ] ] } },
{ "type": "Feature", "properties": { "x_idx": 93056, "y_idx": 97664, "x": 9015291, "y": 3094780, "region": "uttar_pradesh" }, "geometry": { "type": "Polygon", "coordinates": [ [ [ 497217.274200352316257, 2962332.092553767375648 ], [ 499947.526845525426324, 2962331.786345045082271 ], [ 499947.515575192810502, 2959615.8313157861121 ], [ 497216.676518552412745, 2959616.137330550700426 ], [ 497217.274200352316257, 2962332.092553767375648 ] ] ] } },
{ "type": "Feature", "properties": { "x_idx": 92480, "y_idx": 97664, "x": 9012539, "y": 3094780, "region": "uttar_pradesh" }, "geometry": { "type": "Polygon", "coordinates": [ [ [ 494760.046503338846378, 2962332.872376798186451 ], [ 497490.299475890060421, 2962332.035394208971411 ], [ 497489.760435251984745, 2959616.0802071983926 ], [ 494758.921050784294493, 2959616.916659629438072 ], [ 494760.046503338846378, 2962332.872376798186451 ] ] ] } },
{ "type": "Feature", "properties": { "x_idx": 91904, "y_idx": 97664, "x": 9009787, "y": 3094780, "region": "uttar_pradesh" }, "geometry": { "type": "Polygon", "coordinates": [ [ [ 492302.818222886126023, 2962334.129896881990135 ], [ 495033.071826812985819, 2962332.762139830272645 ], [ 495032.005015486094635, 2959616.806492486968637 ], [ 492301.164998776454013, 2959618.173383180052042 ], [ 492302.818222886126023, 2962334.129896881990135 ] ] ] } },
{ "type": "Feature", "properties": { "x_idx": 92480, "y_idx": 97088, "x": 9012539, "y": 3097531, "region": "uttar_pradesh" }, "geometry": { "type": "Polygon", "coordinates": [ [ [ 494761.060022175777704, 2964776.739029223565012 ], [ 497490.784905363223515, 2964775.90157011244446 ], [ 497490.245556403533556, 2962060.465843230951577 ], [ 494759.933925882622134, 2962061.302772836759686 ], [ 494761.060022175777704, 2964776.739029223565012 ] ] ] } },
{ "type": "Feature", "properties": { "x_idx": 94784, "y_idx": 98240, "x": 9023546, "y": 3092028, "region": "uttar_pradesh" }, "geometry": { "type": "Polygon", "coordinates": [ [ [ 504589.843621428124607, 2959888.285225281026214 ], [ 507320.624896597990301, 2959889.57060523563996 ], [ 507322.196038356341887, 2957173.095072648953646 ], [ 504590.828686391236261, 2957171.810508341528475 ], [ 504589.843621428124607, 2959888.285225281026214 ] ] ] } },
{ "type": "Feature", "properties": { "x_idx": 93632, "y_idx": 97664, "x": 9018042, "y": 3094780, "region": "uttar_pradesh" }, "geometry": { "type": "Polygon", "coordinates": [ [ [ 499674.501587525650393, 2962331.790427234955132 ], [ 502404.754209318256471, 2962332.01499216305092 ], [ 502405.270709283009637, 2959616.059818075504154 ], [ 499674.431676055246498, 2959615.835395390167832 ], [ 499674.501587525650393, 2962331.790427234955132 ] ] ] } },
{ "type": "Feature", "properties": { "x_idx": 95360, "y_idx": 97664, "x": 9026298, "y": 3094780, "region": "uttar_pradesh" }, "geometry": { "type": "Polygon", "coordinates": [ [ [ 507046.184625984169543, 2962333.750226178206503 ], [ 509776.439001623366494, 2962335.567114524543285 ], [ 509778.538816186250187, 2959619.609690466430038 ], [ 507047.698026705416851, 2959617.793952965177596 ], [ 507046.184625984169543, 2962333.750226178206503 ] ] ] } },
{ "type": "Feature", "properties": { "x_idx": 94208, "y_idx": 97664, "x": 9020794, "y": 3094780, "region": "uttar_pradesh" }, "geometry": { "type": "Polygon", "coordinates": [ [ [ 502131.728938457905315, 2962331.965996985789388 ], [ 504861.98184086882975, 2962332.721335723996162 ], [ 504863.026111498416867, 2959616.765714226290584 ], [ 502132.186797267233487, 2959616.010853932239115 ], [ 502131.728938457905315, 2962331.965996985789388 ] ] ] } },
{ "type": "Feature", "properties": { "x_idx": 94784, "y_idx": 97664, "x": 9023546, "y": 3094780, "region": "uttar_pradesh" }, "geometry": { "type": "Polygon", "coordinates": [ [ [ 504588.956526744354051, 2962332.619263145141304 ], [ 507319.210013769974466, 2962333.905376230366528 ], [ 507320.782055807125289, 2959617.949004742782563 ], [ 504589.942156159144361, 2959616.663706302642822 ], [ 504588.956526744354051, 2962332.619263145141304 ] ] ] } },
{ "type": "Feature", "properties": { "x_idx": 94208, "y_idx": 97088, "x": 9020794, "y": 3097531, "region": "uttar_pradesh" }, "geometry": { "type": "Polygon", "coordinates": [ [ [ 502131.316616742347833, 2964775.832133379299194 ], [ 504861.041429876233451, 2964776.587902156636119 ], [ 504862.086297809844837, 2962061.15174132399261 ], [ 502131.774737438827287, 2962060.396450400818139 ], [ 502131.316616742347833, 2964775.832133379299194 ] ] ] } },
{ "type": "Feature", "properties": { "x_idx": 95360, "y_idx": 97088, "x": 9026298, "y": 3097531, "region": "uttar_pradesh" }, "geometry": { "type": "Polygon", "coordinates": [ [ [ 507044.821742997854017, 2964777.617378391791135 ], [ 509774.548027540557086, 2964779.435301152523607 ], [ 509776.649043158220593, 2962063.997339979745448 ], [ 507046.336009356775321, 2962062.180566646624357 ], [ 507044.821742997854017, 2964777.617378391791135 ] ] ] } },
{ "type": "Feature", "properties": { "x_idx": 94784, "y_idx": 97088, "x": 9023546, "y": 3097531, "region": "uttar_pradesh" }, "geometry": { "type": "Polygon", "coordinates": [ [ [ 504588.068924708932173, 2964776.485771465115249 ], [ 507317.794321735505946, 2964777.772616776172072 ], [ 507319.367262952029705, 2962062.335706877522171 ], [ 504589.05511788604781, 2962061.049675206653774 ], [ 504588.068924708932173, 2964776.485771465115249 ] ] ] } },
{ "type": "Feature", "properties": { "x_idx": 93632, "y_idx": 97088, "x": 9018042, "y": 3097531, "region": "uttar_pradesh" }, "geometry": { "type": "Polygon", "coordinates": [ [ [ 499674.564545836881734, 2964775.656463670544326 ], [ 502404.289078698959202, 2964775.881156450603157 ], [ 502404.805874092504382, 2962060.445442476775497 ], [ 499674.494594378338661, 2962060.220891763921827 ], [ 499674.564545836881734, 2964775.656463670544326 ] ] ] } },
{ "type": "Feature", "properties": { "x_idx": 94784, "y_idx": 96512, "x": 9023546, "y": 3100283, "region": "uttar_pradesh" }, "geometry": { "type": "Polygon", "coordinates": [ [ [ 504587.180815942352638, 2967219.884480139240623 ], [ 507316.377821484173182, 2967221.172056773677468 ], [ 507317.951660780468956, 2964506.254908594768494 ], [ 504588.167572192440275, 2964504.968144597485662 ], [ 504587.180815942352638, 2967219.884480139240623 ] ] ] } },
{ "type": "Feature", "properties": { "x_idx": 95936, "y_idx": 97664, "x": 9029049, "y": 3094780, "region": "uttar_pradesh" }, "geometry": { "type": "Polygon", "coordinates": [ [ [ 509503.413509776408318, 2962335.358886888250709 ], [ 512233.669078024453484, 2962337.70655178790912 ], [ 512236.296666606678627, 2959621.747772578150034 ], [ 509505.454682880663313, 2959619.40159472450614 ], [ 509503.413509776408318, 2962335.358886888250709 ] ] ] } },
{ "type": "Feature", "properties": { "x_idx": 97088, "y_idx": 97088, "x": 9034553, "y": 3097531, "region": "uttar_pradesh" }, "geometry": { "type": "Polygon", "coordinates": [ [ [ 514415.08599240006879, 2964783.880021964199841 ], [ 517144.816761221853085, 2964787.291186332702637 ], [ 517148.502010506927036, 2962071.848258088808507 ], [ 514418.184486265468877, 2962068.439250508323312 ], [ 514415.08599240006879, 2964783.880021964199841 ] ] ] } },
{ "type": "Feature", "properties": { "x_idx": 95936, "y_idx": 97088, "x": 9029049, "y": 3097531, "region": "uttar_pradesh" }, "geometry": { "type": "Polygon", "coordinates": [ [ [ 509501.575344870332628, 2964779.226954964920878 ], [ 512231.302820548997261, 2964781.575956465676427 ], [ 512233.931912061525509, 2962066.136641811113805 ], [ 509503.617685487610288, 2962063.789125524461269 ], [ 509501.575344870332628, 2964779.226954964920878 ] ] ] } },
{ "type": "Feature", "properties": { "x_idx": 96512, "y_idx": 97088, "x": 9031801, "y": 3097531, "region": "uttar_pradesh" }, "geometry": { "type": "Polygon", "coordinates": [ [ [ 511958.330003583920188, 2964781.31450232770294 ], [ 514688.058974022220355, 2964784.194584238808602 ], [ 514691.216143298777752, 2962068.75361389387399 ], [ 511960.900419911544304, 2962065.875352984294295 ], [ 511958.330003583920188, 2964781.31450232770294 ] ] ] } },
{ "type": "Feature", "properties": { "x_idx": 95360, "y_idx": 96512, "x": 9026298, "y": 3100283, "region": "uttar_pradesh" }, "geometry": { "type": "Polygon", "coordinates": [ [ [ 507043.45808194327401, 2967221.016730166506022 ], [ 509772.655973903776612, 2967222.835686064325273 ], [ 509774.758189107466023, 2964507.917487907689065 ], [ 507044.973212881304789, 2964506.099680020008236 ], [ 507043.45808194327401, 2967221.016730166506022 ] ] ] } },
{ "type": "Feature", "properties": { "x_idx": 97088, "y_idx": 96512, "x": 9034553, "y": 3100283, "region": "uttar_pradesh" }, "geometry": { "type": "Polygon", "coordinates": [ [ [ 514412.295667315949686, 2967227.282932837493718 ], [ 517141.498038010264281, 2967230.696035786997527 ], [ 517145.185391400998924, 2964515.77287668781355 ], [ 514415.395930279628374, 2964512.361927865538746 ], [ 514412.295667315949686, 2967227.282932837493718 ] ] ] } },
{ "type": "Feature", "properties": { "x_idx": 95936, "y_idx": 96512, "x": 9029049, "y": 3100283, "region": "uttar_pradesh" }, "geometry": { "type": "Polygon", "coordinates": [ [ [ 509499.736130558769219, 2967222.627221472561359 ], [ 512228.935212182288524, 2967224.977557925507426 ], [ 512231.565804787212983, 2964510.058007957413793 ], [ 509501.779637261410244, 2964507.709154886659235 ], [ 509499.736130558769219, 2967222.627221472561359 ] ] ] } },
{ "type": "Feature", "properties": { "x_idx": 96512, "y_idx": 96512, "x": 9031801, "y": 3100283, "region": "uttar_pradesh" }, "geometry": { "type": "Polygon", "coordinates": [ [ [ 511956.015234708494972, 2967224.715955202002078 ], [ 514685.215809243207332, 2967227.597673879470676 ], [ 514688.374781118647661, 2964512.67647026386112 ], [ 511958.58711862785276, 2964509.796570340171456 ], [ 511956.015234708494972, 2967224.715955202002078 ] ] ] } },
{ "type": "Feature", "properties": { "x_idx": 96512, "y_idx": 95936, "x": 9031801, "y": 3103035, "region": "uttar_pradesh" }, "geometry": { "type": "Polygon", "coordinates": [ [ [ 511953.699146707658656, 2969667.649335264228284 ], [ 514682.371024221938569, 2969670.532688687089831 ], [ 514685.531796489201952, 2966956.131551573053002 ], [ 511956.272496421763208, 2966953.250014658551663 ], [ 511953.699146707658656, 2969667.649335264228284 ] ] ] } },
{ "type": "Feature", "properties": { "x_idx": 95936, "y_idx": 95936, "x": 9029049, "y": 3103035, "region": "uttar_pradesh" }, "geometry": { "type": "Polygon", "coordinates": [ [ [ 509497.895868126768619, 2969665.559416634496301 ], [ 512226.566254578414373, 2969667.911086390260607 ], [ 512229.19834643782815, 2966953.511600881349295 ], [ 509499.940539486997295, 2966951.161412675399333 ], [ 509497.895868126768619, 2969665.559416634496301 ] ] ] } },
{ "type": "Feature", "properties": { "x_idx": 93056, "y_idx": 97088, "x": 9015291, "y": 3097531, "region": "uttar_pradesh" }, "geometry": { "type": "Polygon", "coordinates": [ [ [ 497217.812438735039905, 2964775.9587622131221 ], [ 499947.536994948808569, 2964775.652379157021642 ], [ 499947.525718169694301, 2962060.216809832956642 ], [ 497217.214415071823169, 2962060.522999171167612 ], [ 497217.812438735039905, 2964775.9587622131221 ] ] ] } },
{ "type": "Feature", "properties": { "x_idx": 92480, "y_idx": 96512, "x": 9012539, "y": 3100283, "region": "uttar_pradesh" }, "geometry": { "type": "Polygon", "coordinates": [ [ [ 494762.074119629571214, 2967220.137881826143712 ], [ 497491.270611967775039, 2967219.299946781247854 ], [ 497490.730955063423607, 2964504.383980160113424 ], [ 494760.947380385012366, 2964505.221386353485286 ], [ 494762.074119629571214, 2967220.137881826143712 ] ] ] } },
{ "type": "Feature", "properties": { "x_idx": 93056, "y_idx": 96512, "x": 9015291, "y": 3100283, "region": "uttar_pradesh" }, "geometry": { "type": "Polygon", "coordinates": [ [ [ 497218.350984397693537, 2967219.357171384617686 ], [ 499947.547150166414212, 2967219.05061420891434 ], [ 499947.535866948834155, 2964504.134804950561374 ], [ 497217.752619289094582, 2964504.441168647259474 ], [ 497218.350984397693537, 2967219.357171384617686 ] ] ] } },
{ "type": "Feature", "properties": { "x_idx": 93632, "y_idx": 96512, "x": 9018042, "y": 3100283, "region": "uttar_pradesh" }, "geometry": { "type": "Polygon", "coordinates": [ [ [ 499674.627540090936236, 2967219.05470104329288 ], [ 502403.823682536953129, 2967219.279521517921239 ], [ 502404.340772998053581, 2964504.363567788619548 ], [ 499674.557548693206627, 2964504.138889205642045 ], [ 499674.627540090936236, 2967219.05470104329288 ] ] ] } },
{ "type": "Feature", "properties": { "x_idx": 92480, "y_idx": 95936, "x": 9012539, "y": 3103035, "region": "uttar_pradesh" }, "geometry": { "type": "Polygon", "coordinates": [ [ [ 494763.088794991839677, 2969663.0686648292467 ], [ 497491.756595364247914, 2969662.23025443777442 ], [ 497491.216630892304238, 2966947.834347850643098 ], [ 494761.961413583077956, 2966948.672230042982846 ], [ 494763.088794991839677, 2969663.0686648292467 ] ] ] } },
{ "type": "Feature", "properties": { "x_idx": 93056, "y_idx": 95936, "x": 9015291, "y": 3103035, "region": "uttar_pradesh" }, "geometry": { "type": "Polygon", "coordinates": [ [ [ 497218.889836963906419, 2969662.287511504255235 ], [ 499947.557311171258334, 2969661.980780423618853 ], [ 499947.546021523012314, 2966947.585031004156917 ], [ 497218.291130828089081, 2966947.891568844206631 ], [ 497218.889836963906419, 2969662.287511504255235 ] ] ] } },
{ "type": "Feature", "properties": { "x_idx": 93632, "y_idx": 95936, "x": 9018042, "y": 3103035, "region": "uttar_pradesh" }, "geometry": { "type": "Polygon", "coordinates": [ [ [ 499674.690570243867114, 2969661.984869576524943 ], [ 502403.358021157386247, 2969662.209817588329315 ], [ 502403.875406324688811, 2966947.813923876266927 ], [ 499674.620538955787197, 2966947.589117581490427 ], [ 499674.690570243867114, 2969661.984869576524943 ] ] ] } },
{ "type": "Feature", "properties": { "x_idx": 92480, "y_idx": 95360, "x": 9012539, "y": 3105786, "region": "uttar_pradesh" }, "geometry": { "type": "Polygon", "coordinates": [ [ [ 494764.104047553846613, 2972105.531108780764043 ], [ 497492.242855213291477, 2972104.692223631311208 ], [ 497491.702583550882991, 2969390.816676487680525 ], [ 494762.976024768257048, 2969391.655034091323614 ], [ 494764.104047553846613, 2972105.531108780764043 ] ] ] } },
{ "type": "Feature", "properties": { "x_idx": 93632, "y_idx": 95360, "x": 9018042, "y": 3105786, "region": "uttar_pradesh" }, "geometry": { "type": "Polygon", "coordinates": [ [ [ 499674.753636251669377, 2972104.446699818130583 ], [ 502402.89209488540655, 2972104.671775209251791 ], [ 502403.409774397674482, 2969390.796240924857557 ], [ 499674.683565122133587, 2969390.571307076141238 ], [ 499674.753636251669377, 2972104.446699818130583 ] ] ] } },
{ "type": "Feature", "properties": { "x_idx": 93056, "y_idx": 95360, "x": 9015291, "y": 3105786, "region": "uttar_pradesh" }, "geometry": { "type": "Polygon", "coordinates": [ [ [ 497219.428996057482436, 2972104.749513119924814 ], [ 499947.5674779562396, 2972104.442608349490911 ], [ 499947.556181885185651, 2969390.567218179814517 ], [ 497218.829949312552344, 2969390.873929949011654 ], [ 497219.428996057482436, 2972104.749513119924814 ] ] ] } },
{ "type": "Feature", "properties": { "x_idx": 94208, "y_idx": 96512, "x": 9020794, "y": 3100283, "region": "uttar_pradesh" }, "geometry": { "type": "Polygon", "coordinates": [ [ [ 502130.90405963268131, 2967219.230470586102456 ], [ 504860.100482003879733, 2967219.986668872646987 ], [ 504861.145946511125658, 2964505.070268835872412 ], [ 502131.362441895995289, 2964504.314547814428806 ], [ 502130.90405963268131, 2967219.230470586102456 ] ] ] } },
{ "type": "Feature", "properties": { "x_idx": 94208, "y_idx": 95936, "x": 9020794, "y": 3103035, "region": "uttar_pradesh" }, "geometry": { "type": "Polygon", "coordinates": [ [ [ 502130.491267417091876, 2969662.160738830454648 ], [ 504859.158997909107711, 2969662.917366095352918 ], [ 504860.205058259598445, 2966948.521026626694947 ], [ 502130.949910926981829, 2966947.764876037370414 ], [ 502130.491267417091876, 2969662.160738830454648 ] ] ] } },
{ "type": "Feature", "properties": { "x_idx": 94784, "y_idx": 95936, "x": 9023546, "y": 3103035, "region": "uttar_pradesh" }, "geometry": { "type": "Polygon", "coordinates": [ [ [ 504586.292201065050904, 2969662.815119391772896 ], [ 507314.960514005622827, 2969664.103426446672529 ], [ 507316.535250282147899, 2966949.706339760217816 ], [ 504587.279519698640797, 2966948.418844339437783 ], [ 504586.292201065050904, 2969662.815119391772896 ] ] ] } },
{ "type": "Feature", "properties": { "x_idx": 94784, "y_idx": 95360, "x": 9023546, "y": 3105786, "region": "uttar_pradesh" }, "geometry": { "type": "Polygon", "coordinates": [ [ [ 504585.403080697578844, 2972105.277419770136476 ], [ 507313.54240028973436, 2972106.566456341184676 ], [ 507315.118032446654979, 2969392.689730559010059 ], [ 504586.39096102520125, 2969391.401504617650062 ], [ 504585.403080697578844, 2972105.277419770136476 ] ] ] } },
{ "type": "Feature", "properties": { "x_idx": 94208, "y_idx": 95360, "x": 9020794, "y": 3105786, "region": "uttar_pradesh" }, "geometry": { "type": "Polygon", "coordinates": [ [ [ 502130.078240383823868, 2972104.622668659780174 ], [ 504858.216978249547537, 2972105.379724371712655 ], [ 504859.263633712660521, 2969391.503744883462787 ], [ 502130.537144820031244, 2969390.747165257111192 ], [ 502130.078240383823868, 2972104.622668659780174 ] ] ] } },
{ "type": "Feature", "properties": { "x_idx": 95360, "y_idx": 95360, "x": 9026298, "y": 3105786, "region": "uttar_pradesh" }, "geometry": { "type": "Polygon", "coordinates": [ [ [ 507040.72842944029253, 2972106.410953614860773 ], [ 509768.86863325588638, 2972108.231971960049123 ], [ 509770.973243225191254, 2969394.354198793880641 ], [ 507042.24528636073228, 2969392.534325622953475 ], [ 507040.72842944029253, 2972106.410953614860773 ] ] ] } },
{ "type": "Feature", "properties": { "x_idx": 94208, "y_idx": 94784, "x": 9020794, "y": 3108538, "region": "uttar_pradesh" }, "geometry": { "type": "Polygon", "coordinates": [ [ [ 502129.664978821238037, 2974546.615990940947086 ], [ 504857.274423682654742, 2974547.373474569991231 ], [ 504858.321673527825624, 2971834.018154116813093 ], [ 502130.124143863387872, 2971833.261145983356982 ], [ 502129.664978821238037, 2974546.615990940947086 ] ] ] } },
{ "type": "Feature", "properties": { "x_idx": 94784, "y_idx": 94784, "x": 9023546, "y": 3108538, "region": "uttar_pradesh" }, "geometry": { "type": "Polygon", "coordinates": [ [ [ 504584.513455460604746, 2974547.271112142130733 ], [ 507312.123481326212641, 2974548.560877325478941 ], [ 507313.700008263811469, 2971835.204811503179371 ], [ 504585.501896792731714, 2971833.915855945087969 ], [ 504584.513455460604746, 2974547.271112142130733 ] ] ] } },
{ "type": "Feature", "properties": { "x_idx": 95360, "y_idx": 94784, "x": 9026298, "y": 3108538, "region": "uttar_pradesh" }, "geometry": { "type": "Polygon", "coordinates": [ [ [ 507039.36243989772629, 2974548.405286702793092 ], [ 509766.973348889034241, 2974550.227334355469793 ], [ 509769.079154037637636, 2971836.870222446974367 ], [ 507040.880158221116289, 2971835.049318550154567 ], [ 507039.36243989772629, 2974548.405286702793092 ] ] ] } },
{ "type": "Feature", "properties": { "x_idx": 94784, "y_idx": 94208, "x": 9023546, "y": 3111290, "region": "uttar_pradesh" }, "geometry": { "type": "Polygon", "coordinates": [ [ [ 504583.623325974738691, 2976988.795927697792649 ], [ 507310.703758105053566, 2976990.08642059052363 ], [ 507312.281178723380435, 2974277.251313423272222 ], [ 504584.612327621667646, 2974275.961629152297974 ], [ 504583.623325974738691, 2976988.795927697792649 ] ] ] } },
{ "type": "Feature", "properties": { "x_idx": 98240, "y_idx": 95936, "x": 9040056, "y": 3103035, "region": "uttar_pradesh" }, "geometry": { "type": "Polygon", "coordinates": [ [ [ 519321.118033666338306, 2969676.790190013125539 ], [ 522049.796201596269384, 2969681.268608229234815 ], [ 522054.543030058441218, 2966966.860707523766905 ], [ 519325.277430910209659, 2966962.385110691655427 ], [ 519321.118033666338306, 2969676.790190013125539 ] ] ] } },
{ "type": "Feature", "properties": { "x_idx": 98240, "y_idx": 95360, "x": 9040056, "y": 3105786, "region": "uttar_pradesh" }, "geometry": { "type": "Polygon", "coordinates": [ [ [ 519317.372328210563865, 2972119.260403888300061 ], [ 522045.52149057330098, 2972123.741358034778386 ], [ 522050.271019525360316, 2969409.853831608779728 ], [ 519321.534091756911948, 2969405.375695356633514 ], [ 519317.372328210563865, 2972119.260403888300061 ] ] ] } },
{ "type": "Feature", "properties": { "x_idx": 98816, "y_idx": 95360, "x": 9042808, "y": 3105786, "region": "uttar_pradesh" }, "geometry": { "type": "Polygon", "coordinates": [ [ [ 521772.706444699026179, 2972123.266662919893861 ], [ 524500.858306262292899, 2972128.279612257145345 ], [ 524506.136827623704448, 2969414.389231908600777 ], [ 521777.397196931648068, 2969409.379435009788722 ], [ 521772.706444699026179, 2972123.266662919893861 ] ] ] } },
{ "type": "Feature", "properties": { "x_idx": 97664, "y_idx": 95360, "x": 9037305, "y": 3105786, "region": "uttar_pradesh" }, "geometry": { "type": "Polygon", "coordinates": [ [ [ 516862.040353628457524, 2972115.732937513384968 ], [ 519590.187119291047566, 2972119.681899649556726 ], [ 519594.407659205317032, 2969405.796926055569202 ], [ 516865.673131442919839, 2969401.850447269156575 ], [ 516862.040353628457524, 2972115.732937513384968 ] ] ] } },
{ "type": "Feature", "properties": { "x_idx": 98816, "y_idx": 94784, "x": 9042808, "y": 3108538, "region": "uttar_pradesh" }, "geometry": { "type": "Polygon", "coordinates": [ [ [ 521768.482237140298821, 2974565.270523461978883 ], [ 524496.104789406410418, 2974570.286306284833699 ], [ 524501.386308341985568, 2971856.91660280758515 ], [ 521773.175653169746511, 2971851.903968519065529 ], [ 521768.482237140298821, 2974565.270523461978883 ] ] ] } },
{ "type": "Feature", "properties": { "x_idx": 98240, "y_idx": 94784, "x": 9040056, "y": 3108538, "region": "uttar_pradesh" }, "geometry": { "type": "Polygon", "coordinates": [ [ [ 519313.624495842435863, 2974561.261999954935163 ], [ 522041.244352258974686, 2974565.745486890431494 ], [ 522045.996578385587782, 2971852.378633801359683 ], [ 519317.788622786174528, 2971847.897961269132793 ], [ 519313.624495842435863, 2974561.261999954935163 ] ] ] } },
{ "type": "Feature", "properties": { "x_idx": 97664, "y_idx": 94784, "x": 9037305, "y": 3108538, "region": "uttar_pradesh" }, "geometry": { "type": "Polygon", "coordinates": [ [ [ 516858.768893791770097, 2974557.732539731543511 ], [ 519586.386356483679265, 2974561.683733960613608 ], [ 519590.609293173067272, 2971848.319430540781468 ], [ 516862.403734604420606, 2971844.370716586243361 ], [ 516858.768893791770097, 2974557.732539731543511 ] ] ] } },
{ "type": "Feature", "properties": { "x_idx": 98240, "y_idx": 94208, "x": 9040056, "y": 3111290, "region": "uttar_pradesh" }, "geometry": { "type": "Polygon", "coordinates": [ [ [ 519309.874539176584221, 2977002.794709403067827 ], [ 522036.964789637364447, 2977007.280725987162441 ], [ 522041.719709622964729, 2974294.434844930656254 ], [ 519314.041026612510905, 2974289.951639260165393 ], [ 519309.874539176584221, 2977002.794709403067827 ] ] ] } },
{ "type": "Feature", "properties": { "x_idx": 97664, "y_idx": 94208, "x": 9037305, "y": 3111290, "region": "uttar_pradesh" }, "geometry": { "type": "Polygon", "coordinates": [ [ [ 516855.495579665817786, 2976999.263257803861052 ], [ 519582.58343937760219, 2977003.216681357473135 ], [ 519586.808769895869773, 2974290.3733468092978 ], [ 516859.132480940723326, 2974286.422400453593582 ], [ 516855.495579665817786, 2976999.263257803861052 ] ] ] } },
{ "type": "Feature", "properties": { "x_idx": 98816, "y_idx": 94208, "x": 9042808, "y": 3111290, "region": "uttar_pradesh" }, "geometry": { "type": "Polygon", "coordinates": [ [ [ 521764.255635275156237, 2977006.805494577623904 ], [ 524491.34857823420316, 2977011.82410737266764 ], [ 524496.633091059280559, 2974298.975379463285208 ], [ 521768.951711826957762, 2974293.959911298006773 ], [ 521764.255635275156237, 2977006.805494577623904 ] ] ] } },
{ "type": "Feature", "properties": { "x_idx": 95360, "y_idx": 95936, "x": 9026298, "y": 3103035, "region": "uttar_pradesh" }, "geometry": { "type": "Polygon", "coordinates": [ [ [ 507042.093643773114309, 2969663.948011725209653 ], [ 509770.762842034862842, 2969665.767999484203756 ], [ 509772.866255355824251, 2966951.369864118285477 ], [ 507043.609638231690042, 2966949.551022950094193 ], [ 507042.093643773114309, 2969663.948011725209653 ] ] ] } },
{ "type": "Feature", "properties": { "x_idx": 97088, "y_idx": 95936, "x": 9034553, "y": 3103035, "region": "uttar_pradesh" }, "geometry": { "type": "Polygon", "coordinates": [ [ [ 514409.503752101329155, 2969670.217769098002464 ], [ 517138.177423551154789, 2969673.632808234076947 ], [ 517141.866878471162636, 2966959.229718052316457 ], [ 514412.605781997030135, 2966955.816830382682383 ], [ 514409.503752101329155, 2969670.217769098002464 ] ] ] } },
{ "type": "Feature", "properties": { "x_idx": 97088, "y_idx": 95360, "x": 9034553, "y": 3105786, "region": "uttar_pradesh" }, "geometry": { "type": "Polygon", "coordinates": [ [ [ 514406.7102487058728, 2972112.684261293150485 ], [ 517134.85492016345961, 2972116.101234220899642 ], [ 517138.546474036120344, 2969402.218512368388474 ], [ 514409.814043367339764, 2969398.803688245825469 ], [ 514406.7102487058728, 2972112.684261293150485 ] ] ] } },
{ "type": "Feature", "properties": { "x_idx": 95936, "y_idx": 95360, "x": 9029049, "y": 3105786, "region": "uttar_pradesh" }, "geometry": { "type": "Polygon", "coordinates": [ [ [ 509496.054558859497774, 2972108.023270997684449 ], [ 512224.195949391811155, 2972110.376272406894714 ], [ 512226.829538667516317, 2969396.49715076899156 ], [ 509498.100393449421972, 2969394.14562907628715 ], [ 509496.054558859497774, 2972108.023270997684449 ] ] ] } },
{ "type": "Feature", "properties": { "x_idx": 96512, "y_idx": 95360, "x": 9031801, "y": 3105786, "region": "uttar_pradesh" }, "geometry": { "type": "Polygon", "coordinates": [ [ [ 511951.381741198827513, 2972110.114373062271625 ], [ 514679.524620945099741, 2972112.999359206762165 ], [ 514682.687191396718845, 2969399.118588006589562 ], [ 511953.956554910575505, 2969396.235416122712195 ], [ 511951.381741198827513, 2972110.114373062271625 ] ] ] } },
{ "type": "Feature", "properties": { "x_idx": 97088, "y_idx": 94784, "x": 9034553, "y": 3108538, "region": "uttar_pradesh" }, "geometry": { "type": "Polygon", "coordinates": [ [ [ 514403.915159079479054, 2974554.682140287943184 ], [ 517131.530530166288372, 2974558.101044612936676 ], [ 517135.224180414865259, 2971844.738990146666765 ], [ 514407.020716340106446, 2971841.322231966536492 ], [ 514403.915159079479054, 2974554.682140287943184 ] ] ] } },
{ "type": "Feature", "properties": { "x_idx": 96512, "y_idx": 94784, "x": 9031801, "y": 3108538, "region": "uttar_pradesh" }, "geometry": { "type": "Polygon", "coordinates": [ [ [ 511949.063019799476024, 2974552.110799462534487 ], [ 514676.676601399376523, 2974554.997416307684034 ], [ 514679.840967827942222, 2971841.637310077436268 ], [ 511951.639295711647719, 2971838.752505246549845 ], [ 511949.063019799476024, 2974552.110799462534487 ] ] ] } },
{ "type": "Feature", "properties": { "x_idx": 95936, "y_idx": 94784, "x": 9029049, "y": 3108538, "region": "uttar_pradesh" }, "geometry": { "type": "Polygon", "coordinates": [ [ [ 509494.212204042123631, 2974550.01851542852819 ], [ 512221.824298276915215, 2974552.372846842277795 ], [ 512224.459383130597416, 2971839.01438813097775 ], [ 509496.259200433676597, 2971836.661534601822495 ], [ 509494.212204042123631, 2974550.01851542852819 ] ] ] } },
{ "type": "Feature", "properties": { "x_idx": 97088, "y_idx": 94208, "x": 9034553, "y": 3111290, "region": "uttar_pradesh" }, "geometry": { "type": "Polygon", "coordinates": [ [ [ 514401.118485172104556, 2976996.211137275677174 ], [ 517128.204255878925323, 2976999.631970602087677 ], [ 517131.8999999264488, 2974286.790882217697799 ], [ 514404.225802865286823, 2974283.372192373964936 ], [ 514401.118485172104556, 2976996.211137275677174 ] ] ] } },
{ "type": "Feature", "properties": { "x_idx": 95936, "y_idx": 94208, "x": 9029049, "y": 3111290, "region": "uttar_pradesh" }, "geometry": { "type": "Polygon", "coordinates": [ [ [ 509492.368804960045964, 2976991.544881118927151 ], [ 512219.451302888337523, 2976993.900540887378156 ], [ 512222.087881481624208, 2974281.063043799716979 ], [ 509494.416961725102738, 2974278.708860082551837 ], [ 509492.368804960045964, 2976991.544881118927151 ] ] ] } },
{ "type": "Feature", "properties": { "x_idx": 93056, "y_idx": 94784, "x": 9015291, "y": 3108538, "region": "uttar_pradesh" }, "geometry": { "type": "Polygon", "coordinates": [ [ [ 497219.968461301992647, 2974546.742907098028809 ], [ 499947.577650514198467, 2974546.4358288529329 ], [ 499947.566348028252833, 2971833.081096989568323 ], [ 497219.369074366055429, 2971833.387982471846044 ], [ 497219.968461301992647, 2974546.742907098028809 ] ] ] } },
{ "type": "Feature", "properties": { "x_idx": 93632, "y_idx": 94784, "x": 9018042, "y": 3108538, "region": "uttar_pradesh" }, "geometry": { "type": "Polygon", "coordinates": [ [ [ 499674.816738070221618, 2974546.439922634512186 ], [ 502402.425904046336655, 2974546.665125246625394 ], [ 502402.943877542158589, 2971833.310249446891248 ], [ 499674.746627148240805, 2971833.085188201162964 ], [ 499674.816738070221618, 2974546.439922634512186 ] ] ] } },
{ "type": "Feature", "properties": { "x_idx": 92480, "y_idx": 94784, "x": 9012539, "y": 3108538, "region": "uttar_pradesh" }, "geometry": { "type": "Polygon", "coordinates": [ [ [ 494765.119876607088372, 2974547.52494454709813 ], [ 497492.729391175555065, 2974546.685585227329284 ], [ 497492.188812699750997, 2971833.330696584191173 ], [ 494763.991213231987786, 2971834.16952901147306 ], [ 494765.119876607088372, 2974547.52494454709813 ] ] ] } },
{ "type": "Feature", "properties": { "x_idx": 92480, "y_idx": 94208, "x": 9012539, "y": 3111290, "region": "uttar_pradesh" }, "geometry": { "type": "Polygon", "coordinates": [ [ [ 494766.136281442712061, 2976989.049903319682926 ], [ 497493.216202911513392, 2976988.210070418193936 ], [ 497492.675317999499384, 2974275.376138970255852 ], [ 494765.006978265591897, 2974276.21544563351199 ], [ 494766.136281442712061, 2976989.049903319682926 ] ] ] } },
{ "type": "Feature", "properties": { "x_idx": 93056, "y_idx": 94208, "x": 9015291, "y": 3111290, "region": "uttar_pradesh" }, "geometry": { "type": "Polygon", "coordinates": [ [ [ 497220.508232321066316, 2976988.267424631398171 ], [ 499947.587828838033602, 2976987.960173126775771 ], [ 499947.576519945112523, 2974275.126398264430463 ], [ 497219.908505612402223, 2974275.433457244653255 ], [ 497220.508232321066316, 2976988.267424631398171 ] ] ] } },
{ "type": "Feature", "properties": { "x_idx": 91904, "y_idx": 94208, "x": 9009787, "y": 3111290, "region": "uttar_pradesh" }, "geometry": { "type": "Polygon", "coordinates": [ [ [ 492311.763751449121628, 2976990.311705838423222 ], [ 495038.844299614313059, 2976988.939290943555534 ], [ 495037.773838299675845, 2974276.104902566876262 ], [ 492310.104871002666187, 2974277.476457508280873 ], [ 492311.763751449121628, 2976990.311705838423222 ] ] ] } },
{ "type": "Feature", "properties": { "x_idx": 92480, "y_idx": 93632, "x": 9012539, "y": 3114042, "region": "uttar_pradesh" }, "geometry": { "type": "Polygon", "coordinates": [ [ [ 494767.153261352097616, 2979430.105716612190008 ], [ 497493.703290081757586, 2979429.26541071664542 ], [ 497493.162099110719282, 2976716.952734804246575 ], [ 494766.023319160449319, 2976717.792515114881098 ], [ 494767.153261352097616, 2979430.105716612190008 ] ] ] } },
{ "type": "Feature", "properties": { "x_idx": 93056, "y_idx": 93632, "x": 9015291, "y": 3114042, "region": "uttar_pradesh" }, "geometry": { "type": "Polygon", "coordinates": [ [ [ 497221.048308738390915, 2979429.322797231376171 ], [ 499947.598012920760084, 2979429.015372682828456 ], [ 499947.586697628663387, 2976716.702853161841631 ], [ 497220.448242675105575, 2976717.0100854258053 ], [ 497221.048308738390915, 2979429.322797231376171 ] ] ] } },
{ "type": "Feature", "properties": { "x_idx": 91904, "y_idx": 93632, "x": 9009787, "y": 3114042, "region": "uttar_pradesh" }, "geometry": { "type": "Polygon", "coordinates": [ [ [ 492313.257635571353603, 2979431.368229777552187 ], [ 495039.80829021736281, 2979429.995041939429939 ], [ 495038.737223183794413, 2976717.681909665465355 ], [ 492311.597816450404935, 2976719.054238618351519 ], [ 492313.257635571353603, 2979431.368229777552187 ] ] ] } },
{ "type": "Feature", "properties": { "x_idx": 93056, "y_idx": 93056, "x": 9015291, "y": 3116793, "region": "uttar_pradesh" }, "geometry": { "type": "Polygon", "coordinates": [ [ [ 497221.588690177537501, 2981869.90875673526898 ], [ 499947.608202755160164, 2981869.601159358397126 ], [ 499947.596881071862299, 2979157.810193157289177 ], [ 497220.988285177911166, 2979158.11759848985821 ], [ 497221.588690177537501, 2981869.90875673526898 ] ] ] } },
{ "type": "Feature", "properties": { "x_idx": 99392, "y_idx": 97664, "x": 9045560, "y": 3094780, "region": "uttar_pradesh" }, "geometry": { "type": "Polygon", "coordinates": [ [ [ 524246.818609592330176, 2962355.042590209282935 ], [ 526977.087717460468411, 2962360.574962697457522 ], [ 526982.882002546917647, 2959644.601698371116072 ], [ 524252.026460623077583, 2959639.072830138728023 ], [ 524246.818609592330176, 2962355.042590209282935 ] ] ] } },
{ "type": "Feature", "properties": { "x_idx": 97664, "y_idx": 97664, "x": 9037305, "y": 3094780, "region": "uttar_pradesh" }, "geometry": { "type": "Polygon", "coordinates": [ [ [ 516875.107604438147973, 2962343.051068219356239 ], [ 519605.36857450415846, 2962346.991074305493385 ], [ 519609.579497859987896, 2959631.026414154563099 ], [ 516878.732104904251173, 2959627.088903718162328 ], [ 516875.107604438147973, 2962343.051068219356239 ] ] ] } },
{ "type": "Feature", "properties": { "x_idx": 98240, "y_idx": 97088, "x": 9040056, "y": 3097531, "region": "uttar_pradesh" }, "geometry": { "type": "Polygon", "coordinates": [ [ [ 519328.603053382597864, 2964790.444985690992326 ], [ 522058.338329833408352, 2964794.918322624173015 ], [ 522063.079747371084522, 2962079.470571957994252 ], [ 519332.757709307596087, 2962075.000063387211412 ], [ 519328.603053382597864, 2964790.444985690992326 ] ] ] } },
{ "type": "Feature", "properties": { "x_idx": 98816, "y_idx": 97088, "x": 9042808, "y": 3097531, "region": "uttar_pradesh" }, "geometry": { "type": "Polygon", "coordinates": [ [ [ 521785.364672067516949, 2964794.444434446748346 ], [ 524515.10265777062159, 2964799.448862243443727 ], [ 524520.372164303204045, 2962083.998247053008527 ], [ 521790.047413265157957, 2962078.99698340613395 ], [ 521785.364672067516949, 2964794.444434446748346 ] ] ] } },
{ "type": "Feature", "properties": { "x_idx": 97664, "y_idx": 97088, "x": 9037305, "y": 3097531, "region": "uttar_pradesh" }, "geometry": { "type": "Polygon", "coordinates": [ [ [ 516871.843584580346942, 2964786.923515697475523 ], [ 519601.576455405796878, 2964790.865764947142452 ], [ 519605.789787319430616, 2962075.420576597098261 ], [ 516875.470158186391927, 2962071.480819921940565 ], [ 516871.843584580346942, 2964786.923515697475523 ] ] ] } },
{ "type": "Feature", "properties": { "x_idx": 98816, "y_idx": 96512, "x": 9042808, "y": 3100283, "region": "uttar_pradesh" }, "geometry": { "type": "Polygon", "coordinates": [ [ [ 521781.147665109368972, 2967237.853349118959159 ], [ 524510.357243760372512, 2967242.860620941966772 ], [ 524515.629758919938467, 2964527.929784378502518 ], [ 521785.83307992585469, 2964522.925672801677138 ], [ 521781.147665109368972, 2967237.853349118959159 ] ] ] } },
{ "type": "Feature", "properties": { "x_idx": 98240, "y_idx": 96512, "x": 9040056, "y": 3100283, "region": "uttar_pradesh" }, "geometry": { "type": "Polygon", "coordinates": [ [ [ 519324.861609595071059, 2967233.851627462077886 ], [ 522054.0684823441552, 2967238.327506607864052 ], [ 522058.812607001455035, 2964523.399531035218388 ], [ 519329.018637631786987, 2964518.926476763095707 ], [ 519324.861609595071059, 2967233.851627462077886 ] ] ] } },
{ "type": "Feature", "properties": { "x_idx": 97664, "y_idx": 96512, "x": 9037305, "y": 3100283, "region": "uttar_pradesh" }, "geometry": { "type": "Polygon", "coordinates": [ [ [ 516868.577701304864604, 2967230.32815620303154 ], [ 519597.782171403465327, 2967234.272645849268883 ], [ 519601.997908929595724, 2964519.347229431848973 ], [ 516872.206345515791327, 2964515.405229285359383 ], [ 516868.577701304864604, 2967230.32815620303154 ] ] ] } },
{ "type": "Feature", "properties": { "x_idx": 98816, "y_idx": 95936, "x": 9042808, "y": 3103035, "region": "uttar_pradesh" }, "geometry": { "type": "Polygon", "coordinates": [ [ [ 521776.928255004342645, 2969680.794181760400534 ], [ 524505.60912548576016, 2969685.804294098168612 ], [ 524510.884645588346757, 2966971.393535935785621 ], [ 521781.616340165899601, 2966966.386579941026866 ], [ 521776.928255004342645, 2969680.794181760400534 ] ] ] } },
{ "type": "Feature", "properties": { "x_idx": 97664, "y_idx": 95936, "x": 9037305, "y": 3103035, "region": "uttar_pradesh" }, "geometry": { "type": "Polygon", "coordinates": [ [ [ 516865.309956893557683, 2969673.264719959814101 ], [ 519593.985725148115307, 2969677.211447235196829 ], [ 519598.203865341260098, 2966962.806102522648871 ], [ 516868.940669174015056, 2966958.861861672718078 ], [ 516865.309956893557683, 2969673.264719959814101 ] ] ] } },
{ "type": "Feature", "properties": { "x_idx": 100544, "y_idx": 97088, "x": 9051063, "y": 3097531, "region": "uttar_pradesh" }, "geometry": { "type": "Polygon", "coordinates": [ [ [ 529155.665160040138289, 2964809.310683418530971 ], [ 531885.413095237454399, 2964815.908406656701118 ], [ 531892.266892734915018, 2962100.44738463498652 ], [ 529161.932178532588296, 2962093.853832912631333 ], [ 529155.665160040138289, 2964809.310683418530971 ] ] ] } },
{ "type": "Feature", "properties": { "x_idx": 99392, "y_idx": 97088, "x": 9045560, "y": 3097531, "region": "uttar_pradesh" }, "geometry": { "type": "Polygon", "coordinates": [ [ [ 524242.128713898477145, 2964798.921864809468389 ], [ 526971.869712475803681, 2964804.457387025468051 ], [ 526977.667311749770306, 2962089.003605100791901 ], [ 524247.339543697948102, 2962083.471582822035998 ], [ 524242.128713898477145, 2964798.921864809468389 ] ] ] } },
{ "type": "Feature", "properties": { "x_idx": 99968, "y_idx": 97088, "x": 9048312, "y": 3097531, "region": "uttar_pradesh" }, "geometry": { "type": "Polygon", "coordinates": [ [ [ 526698.895452136406675, 2964803.877279958687723 ], [ 529428.639767211861908, 2964809.943900530226529 ], [ 529434.965463348780759, 2962094.486649662256241 ], [ 526704.634374242392369, 2962088.423864817712456 ], [ 526698.895452136406675, 2964803.877279958687723 ] ] ] } },
{ "type": "Feature", "properties": { "x_idx": 99392, "y_idx": 96512, "x": 9045560, "y": 3100283, "region": "uttar_pradesh" }, "geometry": { "type": "Polygon", "coordinates": [ [ [ 524237.436140773177613, 2967242.333324014209211 ], [ 526966.648728572763503, 2967247.87199207348749 ], [ 526972.449637981248088, 2964532.937992682214826 ], [ 524242.649945698794909, 2964527.402820243965834 ], [ 524237.436140773177613, 2967242.333324014209211 ] ] ] } },
{ "type": "Feature", "properties": { "x_idx": 101120, "y_idx": 96512, "x": 9053815, "y": 3100283, "region": "uttar_pradesh" }, "geometry": { "type": "Polygon", "coordinates": [ [ [ 531606.31881788733881, 2967258.642801661975682 ], [ 534335.542252622894011, 2967265.775683546438813 ], [ 534342.928371012909338, 2964550.830384652595967 ], [ 531613.117816871963441, 2964543.702004511840641 ], [ 531606.31881788733881, 2967258.642801661975682 ] ] ] } },
{ "type": "Feature", "properties": { "x_idx": 100544, "y_idx": 96512, "x": 9051063, "y": 3100283, "region": "uttar_pradesh" }, "geometry": { "type": "Polygon", "coordinates": [ [ [ 529150.021444239304401, 2967252.728046593256295 ], [ 531879.240960080875084, 2967259.32951930584386 ], [ 531886.098670729086734, 2964544.388288749847561 ], [ 529156.292040873551741, 2964537.79098240705207 ], [ 529150.021444239304401, 2967252.728046593256295 ] ] ] } },
{ "type": "Feature", "properties": { "x_idx": 99968, "y_idx": 96512, "x": 9048312, "y": 3100283, "region": "uttar_pradesh" }, "geometry": { "type": "Polygon", "coordinates": [ [ [ 526693.727309509529732, 2967247.291555331554264 ], [ 529422.943209705874324, 2967253.361623561475426 ], [ 529429.27251748542767, 2964538.424159506801516 ], [ 526699.469508249312639, 2964532.357922271359712 ], [ 526693.727309509529732, 2967247.291555331554264 ] ] ] } },
{ "type": "Feature", "properties": { "x_idx": 100544, "y_idx": 95936, "x": 9051063, "y": 3103035, "region": "uttar_pradesh" }, "geometry": { "type": "Polygon", "coordinates": [ [ [ 529144.374512273236178, 2969695.677317301742733 ], [ 531873.065307640354149, 2969702.282534856814891 ], [ 531879.926926647895016, 2966987.861395542044193 ], [ 529150.648682667757384, 2966981.260339208878577 ], [ 529144.374512273236178, 2969695.677317301742733 ] ] ] } },
{ "type": "Feature", "properties": { "x_idx": 99968, "y_idx": 95936, "x": 9048312, "y": 3103035, "region": "uttar_pradesh" }, "geometry": { "type": "Polygon", "coordinates": [ [ [ 526688.556221723789349, 2969690.237742052413523 ], [ 529417.243405922898091, 2969696.311253682244569 ], [ 529423.576320922700688, 2966981.893876214977354 ], [ 526694.301693085231818, 2966975.824190848041326 ], [ 526688.556221723789349, 2969690.237742052413523 ] ] ] } },
{ "type": "Feature", "properties": { "x_idx": 99392, "y_idx": 95936, "x": 9045560, "y": 3103035, "region": "uttar_pradesh" }, "geometry": { "type": "Polygon", "coordinates": [ [ [ 524232.740893495152704, 2969685.276698046829551 ], [ 526961.424769398989156, 2969690.818508062046021 ], [ 526967.228984888992272, 2966976.404590979218483 ], [ 524237.957669903989881, 2966970.866272266022861 ], [ 524232.740893495152704, 2969685.276698046829551 ] ] ] } },
{ "type": "Feature", "properties": { "x_idx": 101696, "y_idx": 95936, "x": 9056567, "y": 3103035, "region": "uttar_pradesh" }, "geometry": { "type": "Polygon", "coordinates": [ [ [ 534056.021070682210848, 2969707.992077318485826 ], [ 536784.719997005769983, 2969715.660721173509955 ], [ 536792.639039024827071, 2967001.231153768487275 ], [ 534063.352652887464501, 2966993.56734105758369 ], [ 534056.021070682210848, 2969707.992077318485826 ] ] ] } },
{ "type": "Feature", "properties": { "x_idx": 101120, "y_idx": 95936, "x": 9053815, "y": 3103035, "region": "uttar_pradesh" }, "geometry": { "type": "Polygon", "coordinates": [ [ [ 531600.196037730318494, 2969701.595427656546235 ], [ 534328.890747138881125, 2969708.732355827931315 ], [ 534336.281075027654879, 2966994.30715320026502 ], [ 531606.998911614296958, 2966987.174721211660653 ], [ 531600.196037730318494, 2969701.595427656546235 ] ] ] } },
{ "type": "Feature", "properties": { "x_idx": 101696, "y_idx": 95360, "x": 9056567, "y": 3105786, "region": "uttar_pradesh" }, "geometry": { "type": "Polygon", "coordinates": [ [ [ 534049.418684414937161, 2972150.479959341697395 ], [ 536777.588579433271661, 2972158.152945549692959 ], [ 536785.512126560439356, 2969444.243779222946614 ], [ 534056.754437538795173, 2969436.575618183705956 ], [ 534049.418684414937161, 2972150.479959341697395 ] ] ] } },
{ "type": "Feature", "properties": { "x_idx": 102272, "y_idx": 95360, "x": 9059318, "y": 3105786, "region": "uttar_pradesh" }, "geometry": { "type": "Polygon", "coordinates": [ [ [ 536504.771369544207118, 2972157.35904591716826 ], [ 539232.945778748719022, 2972165.564054324757308 ], [ 539241.398346401634626, 2969451.650227528531104 ], [ 536512.636136967106722, 2969443.450378835201263 ], [ 536504.771369544207118, 2972157.35904591716826 ] ] ] } },
{ "type": "Feature", "properties": { "x_idx": 102272, "y_idx": 94784, "x": 9059318, "y": 3108538, "region": "uttar_pradesh" }, "geometry": { "type": "Polygon", "coordinates": [ [ [ 536497.688836071058176, 2974599.382176489103585 ], [ 539225.333907984895632, 2974607.59182256879285 ], [ 539233.79127561673522, 2971894.198701682966202 ], [ 536505.558069693041034, 2971885.9942089272663 ], [ 536497.688836071058176, 2974599.382176489103585 ] ] ] } },
{ "type": "Feature", "properties": { "x_idx": 101696, "y_idx": 94784, "x": 9056567, "y": 3108538, "region": "uttar_pradesh" }, "geometry": { "type": "Polygon", "coordinates": [ [ [ 534042.812549185473472, 2974592.499201671686023 ], [ 536770.453112517716363, 2974600.17652485286817 ], [ 536778.381159222102724, 2971886.788058665581048 ], [ 534050.152468107291497, 2971879.115554675925523 ], [ 534042.812549185473472, 2974592.499201671686023 ] ] ] } },
{ "type": "Feature", "properties": { "x_idx": 101120, "y_idx": 94208, "x": 9053815, "y": 3111290, "region": "uttar_pradesh" }, "geometry": { "type": "Polygon", "coordinates": [ [ [ 531581.806816988158971, 2977027.642032996751368 ], [ 534308.913547394797206, 2977034.791069994214922 ], [ 534316.316472810809501, 2974321.927951223216951 ], [ 531588.621287063229829, 2974314.783393722493201 ], [ 531581.806816988158971, 2977027.642032996751368 ] ] ] } },
{ "type": "Feature", "properties": { "x_idx": 102848, "y_idx": 94208, "x": 9062070, "y": 3111290, "region": "uttar_pradesh" }, "geometry": { "type": "Polygon", "coordinates": [ [ [ 538945.005944458767772, 2977048.302612587809563 ], [ 541672.126183792133816, 2977057.049519636668265 ], [ 541681.117972463252954, 2974344.172454087529331 ], [ 538953.40925910603255, 2974335.431027690414339 ], [ 538945.005944458767772, 2977048.302612587809563 ] ] ] } },
{ "type": "Feature", "properties": { "x_idx": 102272, "y_idx": 94208, "x": 9059318, "y": 3111290, "region": "uttar_pradesh" }, "geometry": { "type": "Polygon", "coordinates": [ [ [ 536490.602288234280422, 2977040.936393734067678 ], [ 539217.717722845845856, 2977049.150671734940261 ], [ 539226.179884555749595, 2974336.278555458411574 ], [ 536498.475982565316372, 2974328.069424390792847 ], [ 536490.602288234280422, 2977040.936393734067678 ] ] ] } },
{ "type": "Feature", "properties": { "x_idx": 101696, "y_idx": 94208, "x": 9056567, "y": 3111290, "region": "uttar_pradesh" }, "geometry": { "type": "Polygon", "coordinates": [ [ [ 534036.202669602818787, 2977034.049535498023033 ], [ 536763.313601237721741, 2977041.731190274003893 ], [ 536771.246141987852752, 2974328.863722923211753 ], [ 534043.546749201603234, 2974321.186881362460554 ], [ 534036.202669602818787, 2977034.049535498023033 ] ] ] } },
{ "type": "Feature", "properties": { "x_idx": 103424, "y_idx": 95936, "x": 9064822, "y": 3103035, "region": "uttar_pradesh" }, "geometry": { "type": "Polygon", "coordinates": [ [ [ 541423.5199403623119, 2969730.053309271112084 ], [ 544152.233334676478989, 2969739.317134358454496 ], [ 544161.738554335781373, 2967024.872663828544319 ], [ 541432.437680276925676, 2967015.614674769807607 ], [ 541423.5199403623119, 2969730.053309271112084 ] ] ] } },
{ "type": "Feature", "properties": { "x_idx": 104000, "y_idx": 95936, "x": 9067574, "y": 3103035, "region": "uttar_pradesh" }, "geometry": { "type": "Polygon", "coordinates": [ [ [ 543879.361729153082706, 2969738.364164981991053 ], [ 546608.08055188076105, 2969748.15972979972139 ], [ 546618.114510421990417, 2967033.709688628558069 ], [ 543888.808200471452437, 2967023.920294803101569 ], [ 543879.361729153082706, 2969738.364164981991053 ] ] ] } },
{ "type": "Feature", "properties": { "x_idx": 102848, "y_idx": 95360, "x": 9062070, "y": 3105786, "region": "uttar_pradesh" }, "geometry": { "type": "Polygon", "coordinates": [ [ [ 538960.128102317568846, 2972164.716952188871801 ], [ 541688.307328204391524, 2972173.453988620080054 ], [ 541697.288922383682802, 2969459.535200260113925 ], [ 538968.521889622672461, 2969450.803658090997487 ], [ 538960.128102317568846, 2972164.716952188871801 ] ] ] } },
{ "type": "Feature", "properties": { "x_idx": 103424, "y_idx": 95360, "x": 9064822, "y": 3105786, "region": "uttar_pradesh" }, "geometry": { "type": "Polygon", "coordinates": [ [ [ 541415.489154978655279, 2972172.553683378268033 ], [ 544143.673500048462301, 2972181.822754033841193 ], [ 544153.184127130312845, 2969467.898703017272055 ], [ 541424.411968124913983, 2969458.635461171623319 ], [ 541415.489154978655279, 2972172.553683378268033 ] ] ] } },
{ "type": "Feature", "properties": { "x_idx": 104000, "y_idx": 95360, "x": 9067574, "y": 3105786, "region": "uttar_pradesh" }, "geometry": { "type": "Polygon", "coordinates": [ [ [ 543870.85479977959767, 2972180.869245047215372 ], [ 546599.044566531898454, 2972190.670356505550444 ], [ 546609.084233267931268, 2969476.740741738583893 ], [ 543880.306645101169124, 2969466.945793638937175 ], [ 543870.85479977959767, 2972180.869245047215372 ] ] ] } },
{ "type": "Feature", "properties": { "x_idx": 102848, "y_idx": 94784, "x": 9062070, "y": 3108538, "region": "uttar_pradesh" }, "geometry": { "type": "Polygon", "coordinates": [ [ [ 538952.569165575201623, 2974606.744241630658507 ], [ 541680.219048191444017, 2974615.48621643288061 ], [ 541689.205742751713842, 2971902.088140129111707 ], [ 538960.967719481210224, 2971893.351652783341706 ], [ 538952.569165575201623, 2974606.744241630658507 ] ] ] } },
{ "type": "Feature", "properties": { "x_idx": 103424, "y_idx": 94784, "x": 9064822, "y": 3108538, "region": "uttar_pradesh" }, "geometry": { "type": "Polygon", "coordinates": [ [ [ 541407.453809603932314, 2974614.585402318742126 ], [ 544135.108805047348142, 2974623.859712045174092 ], [ 544144.624832912697457, 2971910.456379602663219 ], [ 541416.381689753034152, 2971901.18789146700874 ], [ 541407.453809603932314, 2974614.585402318742126 ] ] ] } },
{ "type": "Feature", "properties": { "x_idx": 104000, "y_idx": 94784, "x": 9067574, "y": 3108538, "region": "uttar_pradesh" }, "geometry": { "type": "Polygon", "coordinates": [ [ [ 543862.343040070962161, 2974622.905664116609842 ], [ 546590.003450465621427, 2974632.712315345648676 ], [ 546600.048818388138898, 2971919.30342604406178 ], [ 543871.800252798013389, 2971909.502930539660156 ], [ 543862.343040070962161, 2974622.905664116609842 ] ] ] } },
{ "type": "Feature", "properties": { "x_idx": 100544, "y_idx": 95360, "x": 9051063, "y": 3105786, "region": "uttar_pradesh" }, "geometry": { "type": "Polygon", "coordinates": [ [ [ 529138.724368085502647, 2972138.158226089552045 ], [ 531866.886142228962854, 2972144.767183854710311 ], [ 531873.751664803829044, 2969430.866435193922371 ], [ 529145.002107858774252, 2969424.261633503716439 ], [ 529138.724368085502647, 2972138.158226089552045 ] ] ] } },
{ "type": "Feature", "properties": { "x_idx": 99392, "y_idx": 95360, "x": 9045560, "y": 3105786, "region": "uttar_pradesh" }, "geometry": { "type": "Polygon", "coordinates": [ [ [ 524228.042975343298167, 2972127.75171745242551 ], [ 526956.197838602703996, 2972133.296665537636727 ], [ 526962.005356120760553, 2969419.403130176011473 ], [ 524233.262719592137728, 2969413.861669074278325 ], [ 524228.042975343298167, 2972127.75171745242551 ] ] ] } },
{ "type": "Feature", "properties": { "x_idx": 101120, "y_idx": 95360, "x": 9053815, "y": 3105786, "region": "uttar_pradesh" }, "geometry": { "type": "Polygon", "coordinates": [ [ [ 531594.069774677278474, 2972144.079687580000609 ], [ 534322.235458009061404, 2972151.220657032448798 ], [ 534329.629990235436708, 2969437.315850085113198 ], [ 531600.876518709701486, 2969430.179371253587306 ], [ 531594.069774677278474, 2972144.079687580000609 ] ] ] } },
{ "type": "Feature", "properties": { "x_idx": 99968, "y_idx": 95360, "x": 9048312, "y": 3105786, "region": "uttar_pradesh" }, "geometry": { "type": "Polygon", "coordinates": [ [ [ 526683.382192390505224, 2972132.715570667758584 ], [ 529411.540359843173064, 2972138.792521437164396 ], [ 529417.87687764049042, 2969424.895529970992357 ], [ 526689.130932361003943, 2969418.822400731500238 ], [ 526683.382192390505224, 2972132.715570667758584 ] ] ] } },
{ "type": "Feature", "properties": { "x_idx": 99968, "y_idx": 94784, "x": 9048312, "y": 3108538, "region": "uttar_pradesh" }, "geometry": { "type": "Polygon", "coordinates": [ [ [ 526678.205225120997056, 2974574.724772042129189 ], [ 529405.834075447754003, 2974580.805157691240311 ], [ 529412.17419161950238, 2971867.428851284552366 ], [ 526683.957229687948711, 2971861.352282432373613 ], [ 526678.205225120997056, 2974574.724772042129189 ] ] ] } },
{ "type": "Feature", "properties": { "x_idx": 101120, "y_idx": 94784, "x": 9053815, "y": 3108538, "region": "uttar_pradesh" }, "geometry": { "type": "Polygon", "coordinates": [ [ [ 531587.940033004386351, 2974586.095312296878546 ], [ 534315.576389879104681, 2974593.240318024996668 ], [ 534322.975121281342581, 2971879.856205816846341 ], [ 531594.750642433995381, 2971872.715685148257762 ], [ 531587.940033004386351, 2974586.095312296878546 ] ] ] } },
{ "type": "Feature", "properties": { "x_idx": 99392, "y_idx": 94784, "x": 9045560, "y": 3108538, "region": "uttar_pradesh" }, "geometry": { "type": "Polygon", "coordinates": [ [ [ 524223.342389596742578, 2974569.758113096468151 ], [ 526950.967939832364209, 2974575.306195365265012 ], [ 526956.778755324543454, 2971861.933340782299638 ], [ 524228.565098042075988, 2971856.388741178903729 ], [ 524223.342389596742578, 2974569.758113096468151 ] ] ] } },
{ "type": "Feature", "properties": { "x_idx": 100544, "y_idx": 94784, "x": 9051063, "y": 3108538, "region": "uttar_pradesh" }, "geometry": { "type": "Polygon", "coordinates": [ [ [ 529133.071015619905666, 2974580.170503820758313 ], [ 531860.70346815965604, 2974586.783197164535522 ], [ 531867.572889509494416, 2971873.403138216584921 ], [ 529139.35232038970571, 2971866.794595801271498 ], [ 529133.071015619905666, 2974580.170503820758313 ] ] ] } },
{ "type": "Feature", "properties": { "x_idx": 100544, "y_idx": 94208, "x": 9051063, "y": 3111290, "region": "uttar_pradesh" }, "geometry": { "type": "Polygon", "coordinates": [ [ [ 529127.414458820712753, 2977021.713881687261164 ], [ 531854.517289745854214, 2977028.330305974930525 ], [ 531861.390605077962391, 2974315.471235437318683 ], [ 529133.699324204702862, 2974308.858956928830594 ], [ 529127.414458820712753, 2977021.713881687261164 ] ] ] } },
{ "type": "Feature", "properties": { "x_idx": 99392, "y_idx": 94208, "x": 9045560, "y": 3111290, "region": "uttar_pradesh" }, "geometry": { "type": "Polygon", "coordinates": [ [ [ 524218.639139535021968, 2977011.295616170857102 ], [ 526945.735076736775227, 2977016.846828735433519 ], [ 526951.549186148913577, 2974303.994953627698123 ], [ 524223.864808533049654, 2974298.447219409514219 ], [ 524218.639139535021968, 2977011.295616170857102 ] ] ] } },
{ "type": "Feature", "properties": { "x_idx": 103424, "y_idx": 94208, "x": 9064822, "y": 3111290, "region": "uttar_pradesh" }, "geometry": { "type": "Polygon", "coordinates": [ [ [ 541399.413909844122827, 2977056.148197281640023 ], [ 544126.539255648385733, 2977065.427739580627531 ], [ 544136.060677657835186, 2974352.54542441200465 ], [ 541408.34685076714959, 2974343.271696483716369 ], [ 541399.413909844122827, 2977056.148197281640023 ] ] ] } },
{ "type": "Feature", "properties": { "x_idx": 104000, "y_idx": 94208, "x": 9067574, "y": 3111290, "region": "uttar_pradesh" }, "geometry": { "type": "Polygon", "coordinates": [ [ [ 543853.826455965987407, 2977064.473153378348798 ], [ 546580.957209989661351, 2977074.285337506793439 ], [ 546591.008272090111859, 2974361.397472370881587 ], [ 543863.289029500097968, 2974351.591436333023012 ], [ 543853.826455965987407, 2977064.473153378348798 ] ] ] } },
{ "type": "Feature", "properties": { "x_idx": 103424, "y_idx": 93632, "x": 9064822, "y": 3114042, "region": "uttar_pradesh" }, "geometry": { "type": "Polygon", "coordinates": [ [ [ 541391.369461305905133, 2979497.241799776442349 ], [ 544117.964857827755623, 2979506.526568149682134 ], [ 544127.491667341440916, 2976794.165568599011749 ], [ 541400.307456773240119, 2976784.886607376392931 ], [ 541391.369461305905133, 2979497.241799776442349 ] ] ] } },
{ "type": "Feature", "properties": { "x_idx": 102848, "y_idx": 93632, "x": 9062070, "y": 3114042, "region": "uttar_pradesh" }, "geometry": { "type": "Polygon", "coordinates": [ [ [ 538937.438444242579862, 2979489.391796571202576 ], [ 541664.028740650042892, 2979498.143629741389304 ], [ 541673.025617161532864, 2976785.787873290944844 ], [ 538945.846513770637102, 2976777.041513967327774 ], [ 538937.438444242579862, 2979489.391796571202576 ] ] ] } },
{ "type": "Feature", "properties": { "x_idx": 104000, "y_idx": 93632, "x": 9067574, "y": 3114042, "region": "uttar_pradesh" }, "geometry": { "type": "Polygon", "coordinates": [ [ [ 543845.305053403484635, 2979505.571444341912866 ], [ 546571.905851412564516, 2979515.389154498465359 ], [ 546581.962600681465119, 2976803.022611873224378 ], [ 543854.772981145884842, 2976793.211042171809822 ], [ 543845.305053403484635, 2979505.571444341912866 ] ] ] } },
{ "type": "Feature", "properties": { "x_idx": 104000, "y_idx": 93056, "x": 9067574, "y": 3116793, "region": "uttar_pradesh" }, "geometry": { "type": "Polygon", "coordinates": [ [ [ 543836.778838323312812, 2981946.200268840417266 ], [ 546562.849381043226458, 2981956.023498152848333 ], [ 546572.911810470628552, 2979244.178576021455228 ], [ 543846.252113674301654, 2979234.361479528713971 ], [ 543836.778838323312812, 2981946.200268840417266 ] ] ] } },
{ "type": "Feature", "properties": { "x_idx": 103424, "y_idx": 93056, "x": 9064822, "y": 3116793, "region": "uttar_pradesh" }, "geometry": { "type": "Polygon", "coordinates": [ [ [ 541383.320469596190378, 2981937.865941635333002 ], [ 544109.385617561871186, 2981947.155929584056139 ], [ 544118.917807939113118, 2979235.316543634980917 ], [ 541392.263513377984054, 2979226.032355615403503 ], [ 541383.320469596190378, 2981937.865941635333002 ] ] ] } },
{ "type": "Feature", "properties": { "x_idx": 102848, "y_idx": 93056, "x": 9062070, "y": 3116793, "region": "uttar_pradesh" }, "geometry": { "type": "Polygon", "coordinates": [ [ [ 538929.866670200950466, 2981930.011525413487107 ], [ 541655.926724409218878, 2981938.768278578761965 ], [ 541664.928682490019128, 2979226.934129211120307 ], [ 538938.279488749452867, 2979218.182843084912747 ], [ 538929.866670200950466, 2981930.011525413487107 ] ] ] } },
{ "type": "Feature", "properties": { "x_idx": 99968, "y_idx": 94208, "x": 9048312, "y": 3111290, "region": "uttar_pradesh" }, "geometry": { "type": "Polygon", "coordinates": [ [ [ 526673.025323527283035, 2977016.265077366027981 ], [ 529400.124556717579253, 2977022.348893635440618 ], [ 529406.468266840325668, 2974309.493570986203849 ], [ 526678.780588677502237, 2974303.413566779345274 ], [ 526673.025323527283035, 2977016.265077366027981 ] ] ] } },
{ "type": "Feature", "properties": { "x_idx": 99392, "y_idx": 93632, "x": 9045560, "y": 3114042, "region": "uttar_pradesh" }, "geometry": { "type": "Polygon", "coordinates": [ [ [ 524213.933228437846992, 2979452.363958186004311 ], [ 526940.499252964858897, 2979457.918297159019858 ], [ 526946.31665224255994, 2976745.587699869647622 ], [ 524219.161854344361927, 2976740.036834924016148 ], [ 524213.933228437846992, 2979452.363958186004311 ] ] ] } },
{ "type": "Feature", "properties": { "x_idx": 100544, "y_idx": 93632, "x": 9051063, "y": 3114042, "region": "uttar_pradesh" }, "geometry": { "type": "Polygon", "coordinates": [ [ [ 529121.754701632424258, 2979462.788091199006885 ], [ 531848.327611301792786, 2979469.408241798169911 ], [ 531855.204815822886303, 2976757.070458013098687 ], [ 529128.043123247800395, 2976750.454448045697063 ], [ 529121.754701632424258, 2979462.788091199006885 ] ] ] } },
{ "type": "Feature", "properties": { "x_idx": 99968, "y_idx": 93632, "x": 9048312, "y": 3114042, "region": "uttar_pradesh" }, "geometry": { "type": "Polygon", "coordinates": [ [ [ 526667.842491221381351, 2979457.336218151729554 ], [ 529394.411807634169236, 2979463.423460780642927 ], [ 529400.759107284015045, 2976751.089420230127871 ], [ 526673.601012941449881, 2976745.005984930321574 ], [ 526667.842491221381351, 2979457.336218151729554 ] ] ] } },
{ "type": "Feature", "properties": { "x_idx": 99968, "y_idx": 93056, "x": 9048312, "y": 3116793, "region": "uttar_pradesh" }, "geometry": { "type": "Polygon", "coordinates": [ [ [ 526662.656731815775856, 2981897.937926233746111 ], [ 529388.695832179393619, 2981904.028590961825103 ], [ 529395.046716932207346, 2979192.216130490414798 ], [ 526668.418506091809832, 2979186.129268357064575 ], [ 526662.656731815775856, 2981897.937926233746111 ] ] ] } },
{ "type": "Feature", "properties": { "x_idx": 100544, "y_idx": 93056, "x": 9051063, "y": 3116793, "region": "uttar_pradesh" }, "geometry": { "type": "Polygon", "coordinates": [ [ [ 529116.091747999773361, 2981903.39286419050768 ], [ 531842.134437141241506, 2981910.016736467368901 ], [ 531849.015526057919487, 2979198.200537416618317 ], [ 529122.383721463498659, 2979191.580800623167306 ], [ 529116.091747999773361, 2981903.39286419050768 ] ] ] } },
{ "type": "Feature", "properties": { "x_idx": 99392, "y_idx": 93056, "x": 9045560, "y": 3116793, "region": "uttar_pradesh" }, "geometry": { "type": "Polygon", "coordinates": [ [ [ 524209.224659585219342, 2981892.962870978284627 ], [ 526935.260472166002728, 2981898.520332471933216 ], [ 526941.081157254520804, 2979186.711310980375856 ], [ 524214.456238755839877, 2979181.157319194637239 ], [ 524209.224659585219342, 2981892.962870978284627 ] ] ] } },
{ "type": "Feature", "properties": { "x_idx": 101120, "y_idx": 93056, "x": 9053815, "y": 3116793, "region": "uttar_pradesh" }, "geometry": { "type": "Polygon", "coordinates": [ [ [ 531569.52997903409414, 2981909.327688714023679 ], [ 534295.57655794871971, 2981916.48477323167026 ], [ 534302.987855904386379, 2979204.664536001626402 ], [ 531576.35215614316985, 2979197.511919855605811 ], [ 531569.52997903409414, 2981909.327688714023679 ] ] ] } },
{ "type": "Feature", "properties": { "x_idx": 100544, "y_idx": 92480, "x": 9051063, "y": 3119545, "region": "uttar_pradesh" }, "geometry": { "type": "Polygon", "coordinates": [ [ [ 529110.425601868075319, 2984343.527932819910347 ], [ 531835.937771579134278, 2984350.155522140208632 ], [ 531842.822740097413771, 2981638.861205447465181 ], [ 529116.721122796530835, 2981632.237746461294591 ], [ 529110.425601868075319, 2984343.527932819910347 ] ] ] } },
{ "type": "Feature", "properties": { "x_idx": 99968, "y_idx": 92480, "x": 9048312, "y": 3119545, "region": "uttar_pradesh" }, "geometry": { "type": "Polygon", "coordinates": [ [ [ 526657.468048922950402, 2984338.069933769293129 ], [ 529382.976634335238487, 2984344.164016334805638 ], [ 529389.331099766422994, 2981632.8734335671179 ], [ 526663.233071741065942, 2981626.78314886149019 ], [ 526657.468048922950402, 2984338.069933769293129 ] ] ] } },
{ "type": "Feature", "properties": { "x_idx": 102272, "y_idx": 93632, "x": 9059318, "y": 3114042, "region": "uttar_pradesh" }, "geometry": { "type": "Polygon", "coordinates": [ [ [ 536483.511730975937098, 2979482.02142916386947 ], [ 539210.097228642669506, 2979490.240333332214504 ], [ 539218.564178529544733, 2976777.889520009048283 ], [ 536491.389880524948239, 2976769.675756381824613 ], [ 536483.511730975937098, 2979482.02142916386947 ] ] ] } },
{ "type": "Feature", "properties": { "x_idx": 101696, "y_idx": 93632, "x": 9056567, "y": 3114042, "region": "uttar_pradesh" }, "geometry": { "type": "Polygon", "coordinates": [ [ [ 534029.589050276437774, 2979475.130692332051694 ], [ 536756.170050571672618, 2979482.816673323046416 ], [ 536764.107079835725017, 2976770.47050315188244 ], [ 534036.937285430612974, 2976762.789329398889095 ], [ 534029.589050276437774, 2979475.130692332051694 ] ] ] } },
{ "type": "Feature", "properties": { "x_idx": 101120, "y_idx": 93632, "x": 9053815, "y": 3114042, "region": "uttar_pradesh" }, "geometry": { "type": "Polygon", "coordinates": [ [ [ 531575.67013090569526, 2979468.719581190962344 ], [ 534302.246935202390887, 2979475.872644451912493 ], [ 534309.65404946974013, 2976763.530817460734397 ], [ 531582.488456873921677, 2976756.382228134199977 ], [ 531575.67013090569526, 2979468.719581190962344 ] ] ] } },
{ "type": "Feature", "properties": { "x_idx": 101696, "y_idx": 93056, "x": 9056567, "y": 3116793, "region": "uttar_pradesh" }, "geometry": { "type": "Polygon", "coordinates": [ [ [ 534022.971695815678686, 2981915.742404006421566 ], [ 536749.02246549888514, 2981923.432705833110958 ], [ 536756.963977744453587, 2979211.608130824286491 ], [ 534030.324081403552555, 2979203.92263025790453 ], [ 534022.971695815678686, 2981915.742404006421566 ] ] ] } },
{ "type": "Feature", "properties": { "x_idx": 102272, "y_idx": 93056, "x": 9059318, "y": 3116793, "region": "uttar_pradesh" }, "geometry": { "type": "Polygon", "coordinates": [ [ [ 536476.417169237975031, 2981922.637014611624181 ], [ 539202.472430686815642, 2981930.860539195593446 ], [ 539210.944162848871201, 2979219.031326807569712 ], [ 536484.299768513767049, 2979210.812936373520643 ], [ 536476.417169237975031, 2981922.637014611624181 ] ] ] } },
{ "type": "Feature", "properties": { "x_idx": 101120, "y_idx": 92480, "x": 9053815, "y": 3119545, "region": "uttar_pradesh" }, "geometry": { "type": "Polygon", "coordinates": [ [ [ 531563.386365651153028, 2984349.466087721753865 ], [ 534288.902420280501246, 2984356.627188488375396 ], [ 534296.317896761349402, 2981645.328838645014912 ], [ 531570.212389148073271, 2981638.172200686298311 ], [ 531563.386365651153028, 2984349.466087721753865 ] ] ] } },
{ "type": "Feature", "properties": { "x_idx": 102272, "y_idx": 92480, "x": 9059318, "y": 3119545, "region": "uttar_pradesh" }, "geometry": { "type": "Polygon", "coordinates": [ [ [ 536469.31860796303954, 2984362.782882233150303 ], [ 539194.843334290315397, 2984371.011021479032934 ], [ 539203.319842825527303, 2981659.703707651700824 ], [ 536477.205651473952457, 2981651.480696163605899 ], [ 536469.31860796303954, 2984362.782882233150303 ] ] ] } },
{ "type": "Feature", "properties": { "x_idx": 101696, "y_idx": 92480, "x": 9056567, "y": 3119545, "region": "uttar_pradesh" }, "geometry": { "type": "Polygon", "coordinates": [ [ [ 534016.350610831053928, 2984355.884402678348124 ], [ 536741.870850998675451, 2984363.579019960947335 ], [ 536749.816840693121776, 2981652.276337739080191 ], [ 534023.70714173023589, 2981644.586515739560127 ], [ 534016.350610831053928, 2984355.884402678348124 ] ] ] } },
{ "type": "Feature", "properties": { "x_idx": 102848, "y_idx": 91904, "x": 9062070, "y": 3122297, "region": "uttar_pradesh" }, "geometry": { "type": "Polygon", "coordinates": [ [ [ 538914.7103217424592, 2986809.841546621639282 ], [ 541639.708995209657587, 2986818.60812139743939 ], [ 541648.721097613568418, 2984107.81807871023193 ], [ 538923.132620747899637, 2984099.056957359891385 ], [ 538914.7103217424592, 2986809.841546621639282 ] ] ] } },
{ "type": "Feature", "properties": { "x_idx": 102272, "y_idx": 91904, "x": 9059318, "y": 3122297, "region": "uttar_pradesh" }, "geometry": { "type": "Polygon", "coordinates": [ [ [ 536462.216052094008774, 2986802.458764508366585 ], [ 539187.209944765665568, 2986810.691512662451714 ], [ 539195.691223771194927, 2984099.906394661404192 ], [ 536470.107534347916953, 2984091.678767872042954 ], [ 536462.216052094008774, 2986802.458764508366585 ] ] ] } },
{ "type": "Feature", "properties": { "x_idx": 103424, "y_idx": 92480, "x": 9064822, "y": 3119545, "region": "uttar_pradesh" }, "geometry": { "type": "Polygon", "coordinates": [ [ [ 541375.266940322704613, 2984378.020355013664812 ], [ 544100.801540827611461, 2984387.315556038171053 ], [ 544110.339105427497998, 2981675.998081317171454 ], [ 541384.215026188176125, 2981666.708673000335693 ], [ 541375.266940322704613, 2984378.020355013664812 ] ] ] } },
{ "type": "Feature", "properties": { "x_idx": 104000, "y_idx": 92480, "x": 9067574, "y": 3119545, "region": "uttar_pradesh" }, "geometry": { "type": "Polygon", "coordinates": [ [ [ 543828.247816665098071, 2984386.3593590259552 ], [ 546553.787805191241205, 2984396.188100622501224 ], [ 546563.855907766730525, 2981684.86509661283344 ], [ 543837.72643302497454, 2981675.042480200063437 ], [ 543828.247816665098071, 2984386.3593590259552 ] ] ] } },
{ "type": "Feature", "properties": { "x_idx": 102848, "y_idx": 92480, "x": 9062070, "y": 3119545, "region": "uttar_pradesh" }, "geometry": { "type": "Polygon", "coordinates": [ [ [ 538922.290627609123476, 2984370.161531270481646 ], [ 541647.820140714175068, 2984378.923198303673416 ], [ 541656.827174092526548, 2981667.610953643918037 ], [ 538930.708189316908829, 2981658.854746843222529 ], [ 538922.290627609123476, 2984370.161531270481646 ] ] ] } },
{ "type": "Feature", "properties": { "x_idx": 104000, "y_idx": 91904, "x": 9067574, "y": 3122297, "region": "uttar_pradesh" }, "geometry": { "type": "Polygon", "coordinates": [ [ [ 543819.711994369630702, 2986826.048447380308062 ], [ 546544.721130166319199, 2986835.88269438687712 ], [ 546554.794898879015818, 2984125.081905764527619 ], [ 543829.195945137646049, 2984115.253776304423809 ], [ 543819.711994369630702, 2986826.048447380308062 ] ] ] } },
{ "type": "Feature", "properties": { "x_idx": 103424, "y_idx": 91904, "x": 9064822, "y": 3122297, "region": "uttar_pradesh" }, "geometry": { "type": "Polygon", "coordinates": [ [ [ 541367.208879093290307, 2986817.704772390890867 ], [ 544092.212633602437563, 2986827.005179991479963 ], [ 544101.755565783474594, 2984116.209913764614612 ], [ 541376.162000811542384, 2984106.91529164975509 ], [ 541367.208879093290307, 2986817.704772390890867 ] ] ] } },
{ "type": "Feature", "properties": { "x_idx": 104000, "y_idx": 91328, "x": 9067574, "y": 3125049, "region": "uttar_pradesh" }, "geometry": { "type": "Polygon", "coordinates": [ [ [ 543811.171377377584577, 2989265.267266700975597 ], [ 546535.649362279102206, 2989275.10701224533841 ], [ 546545.728790117194876, 2986564.828735919203609 ], [ 543820.660655952990055, 2986554.995100285392255 ], [ 543811.171377377584577, 2989265.267266700975597 ] ] ] } },
{ "type": "Feature", "properties": { "x_idx": 103424, "y_idx": 91328, "x": 9064822, "y": 3125049, "region": "uttar_pradesh" }, "geometry": { "type": "Polygon", "coordinates": [ [ [ 541359.146291516255587, 2989256.918926566373557 ], [ 544083.618901864159852, 2989266.224534243345261 ], [ 544093.167194984387606, 2986555.951773418579251 ], [ 541368.104442855808884, 2986546.651944004930556 ], [ 541359.146291516255587, 2989256.918926566373557 ] ] ] } },
{ "type": "Feature", "properties": { "x_idx": 104000, "y_idx": 90752, "x": 9067574, "y": 3127800, "region": "uttar_pradesh" }, "geometry": { "type": "Polygon", "coordinates": [ [ [ 543802.625971630448475, 2991704.015550113283098 ], [ 546526.572507840231992, 2991713.860787321347743 ], [ 546536.657587791909464, 2989004.105319841299206 ], [ 543812.120571411564015, 2988994.266184906475246 ], [ 543802.625971630448475, 2991704.015550113283098 ] ] ] } },
{ "type": "Feature", "properties": { "x_idx": 103424, "y_idx": 90752, "x": 9064822, "y": 3127800, "region": "uttar_pradesh" }, "geometry": { "type": "Polygon", "coordinates": [ [ [ 541351.079183200374246, 2991695.662550665438175 ], [ 544075.020351591170765, 2991704.973351917695254 ], [ 544084.573999007930979, 2988995.223393044900149 ], [ 541360.042357929283753, 2988985.918362833559513 ], [ 541351.079183200374246, 2991695.662550665438175 ] ] ] } },
{ "type": "Feature", "properties": { "x_idx": 99392, "y_idx": 92480, "x": 9045560, "y": 3119545, "region": "uttar_pradesh" }, "geometry": { "type": "Polygon", "coordinates": [ [ [ 524204.513436257315334, 2984333.092086703982204 ], [ 526930.018737989943475, 2984338.652666830457747 ], [ 526935.842704833950847, 2981627.365518760867417 ], [ 524209.74796504736878, 2981621.808404021896422 ], [ 524204.513436257315334, 2984333.092086703982204 ] ] ] } },
{ "type": "Feature", "properties": { "x_idx": 100544, "y_idx": 91904, "x": 9051063, "y": 3122297, "region": "uttar_pradesh" }, "geometry": { "type": "Polygon", "coordinates": [ [ [ 529104.756267182645388, 2986783.193029566667974 ], [ 531829.73761893005576, 2986789.824331296607852 ], [ 531836.626462255604565, 2984079.052194225601852 ], [ 529111.055331192095764, 2984072.425017680972815 ], [ 529104.756267182645388, 2986783.193029566667974 ] ] ] } },
{ "type": "Feature", "properties": { "x_idx": 99968, "y_idx": 91904, "x": 9048312, "y": 3122297, "region": "uttar_pradesh" }, "geometry": { "type": "Polygon", "coordinates": [ [ [ 526652.276446156203747, 2986777.731973238755018 ], [ 529377.254218084039167, 2986783.829469380900264 ], [ 529383.612259768880904, 2984073.061061579734087 ], [ 526658.044713501818478, 2984066.967358563095331 ], [ 526652.276446156203747, 2986777.731973238755018 ] ] ] } },
{ "type": "Feature", "properties": { "x_idx": 99968, "y_idx": 91328, "x": 9048312, "y": 3125049, "region": "uttar_pradesh" }, "geometry": { "type": "Polygon", "coordinates": [ [ [ 526647.081927128601819, 2989216.923777444288135 ], [ 529371.528587408480234, 2989223.02468290226534 ], [ 529377.890200921799988, 2986512.778746974188834 ], [ 526652.853434987016954, 2986506.681629907339811 ], [ 526647.081927128601819, 2989216.923777444288135 ] ] ] } },
{ "type": "Feature", "properties": { "x_idx": 99392, "y_idx": 91328, "x": 9045560, "y": 3125049, "region": "uttar_pradesh" }, "geometry": { "type": "Polygon", "coordinates": [ [ [ 524195.083039298129734, 2989211.94035720359534 ], [ 526919.526424105861224, 2989217.507162930909544 ], [ 526925.356942294514738, 2986507.264653136953712 ], [ 524200.323456391750369, 2986501.701304156798869 ], [ 524195.083039298129734, 2989211.94035720359534 ] ] ] } },
{ "type": "Feature", "properties": { "x_idx": 100544, "y_idx": 91328, "x": 9051063, "y": 3125049, "region": "uttar_pradesh" }, "geometry": { "type": "Polygon", "coordinates": [ [ [ 529099.083747889380902, 2989222.38788723340258 ], [ 531823.533983509289101, 2989229.022896737325937 ], [ 531830.426696847542189, 2986518.773236195556819 ], [ 529105.386350595625117, 2986512.142346726730466 ], [ 529099.083747889380902, 2989222.38788723340258 ] ] ] } },
{ "type": "Feature", "properties": { "x_idx": 100544, "y_idx": 90752, "x": 9051063, "y": 3127800, "region": "uttar_pradesh" }, "geometry": { "type": "Polygon", "coordinates": [ [ [ 529093.408047934179194, 2991661.112238944973797 ], [ 531817.326869632466696, 2991667.7509515886195 ], [ 531824.223448188393377, 2988958.024064123630524 ], [ 529099.714184952783398, 2988951.389466365333647 ], [ 529093.408047934179194, 2991661.112238944973797 ] ] ] } },
{ "type": "Feature", "properties": { "x_idx": 99392, "y_idx": 90752, "x": 9045560, "y": 3127800, "region": "uttar_pradesh" }, "geometry": { "type": "Polygon", "coordinates": [ [ [ 524190.363872228597756, 2991650.658877905458212 ], [ 526914.275851698592305, 2991656.2287905998528 ], [ 526920.10963947547134, 2988946.509044944774359 ], [ 524195.607228005828802, 2988940.942584676202387 ], [ 524190.363872228597756, 2991650.658877905458212 ] ] ] } },
{ "type": "Feature", "properties": { "x_idx": 99968, "y_idx": 90752, "x": 9048312, "y": 3127800, "region": "uttar_pradesh" }, "geometry": { "type": "Polygon", "coordinates": [ [ [ 526641.884495453676209, 2991655.645079512614757 ], [ 529365.799746291711926, 2991661.749390023760498 ], [ 529372.164927207864821, 2988952.026222516782582 ], [ 526647.659239809960127, 2988945.925695661455393 ], [ 526641.884495453676209, 2991655.645079512614757 ] ] ] } },
{ "type": "Feature", "properties": { "x_idx": 101120, "y_idx": 90752, "x": 9053815, "y": 3127800, "region": "uttar_pradesh" }, "geometry": { "type": "Polygon", "coordinates": [ [ [ 531544.934799214242958, 2991667.060360068455338 ], [ 534268.857491265167482, 2991674.233479537535459 ], [ 534276.285472337389365, 2988964.50257400656119 ], [ 531551.772333353990689, 2988957.333900653757155 ], [ 531544.934799214242958, 2991667.060360068455338 ] ] ] } },
{ "type": "Feature", "properties": { "x_idx": 93632, "y_idx": 94208, "x": 9018042, "y": 3111290, "region": "uttar_pradesh" }, "geometry": { "type": "Polygon", "coordinates": [ [ [ 499674.879875655577052, 2976987.964269218035042 ], [ 502401.959448965324555, 2976988.189598893746734 ], [ 502402.477716083347332, 2974275.355680273380131 ], [ 499674.809724989987444, 2974275.130491788499057 ], [ 499674.879875655577052, 2976987.964269218035042 ] ] ] } },
{ "type": "Feature", "properties": { "x_idx": 95360, "y_idx": 94208, "x": 9026298, "y": 3111290, "region": "uttar_pradesh" }, "geometry": { "type": "Polygon", "coordinates": [ [ [ 507037.995676098391414, 2976989.930742181371897 ], [ 509765.076990256609861, 2976991.753817865159363 ], [ 509767.183989115233999, 2974278.917665909975767 ], [ 507039.514254765934311, 2974277.095732561778277 ], [ 507037.995676098391414, 2976989.930742181371897 ] ] ] } },
{ "type": "Feature", "properties": { "x_idx": 94208, "y_idx": 94208, "x": 9020794, "y": 3111290, "region": "uttar_pradesh" }, "geometry": { "type": "Polygon", "coordinates": [ [ [ 502129.251483017578721, 2976988.140436864923686 ], [ 504856.331334865943063, 2976988.89834788069129 ], [ 504857.379178362549283, 2974276.06398515868932 ], [ 502129.710908345354255, 2974275.306549048982561 ], [ 502129.251483017578721, 2976988.140436864923686 ] ] ] } },
{ "type": "Feature", "properties": { "x_idx": 95360, "y_idx": 93632, "x": 9026298, "y": 3114042, "region": "uttar_pradesh" }, "geometry": { "type": "Polygon", "coordinates": [ [ [ 507036.628138995380141, 2979430.9870515614748 ], [ 509763.179558680916671, 2979432.811154001392424 ], [ 509765.287749780341983, 2976720.49626033892855 ], [ 507038.147576948045753, 2976718.673298816662282 ], [ 507036.628138995380141, 2979430.9870515614748 ] ] ] } },
{ "type": "Feature", "properties": { "x_idx": 94784, "y_idx": 93632, "x": 9023546, "y": 3114042, "region": "uttar_pradesh" }, "geometry": { "type": "Polygon", "coordinates": [ [ [ 504582.732692860707175, 2979429.851597951259464 ], [ 507309.283231616253033, 2979431.142817649058998 ], [ 507310.861544815241359, 2976718.828967478126287 ], [ 504583.722254132793751, 2976717.538555397186428 ], [ 504582.732692860707175, 2979429.851597951259464 ] ] ] } },
{ "type": "Feature", "properties": { "x_idx": 94208, "y_idx": 93632, "x": 9020794, "y": 3114042, "region": "uttar_pradesh" }, "geometry": { "type": "Polygon", "coordinates": [ [ [ 502128.837753261264879, 2979429.195737945847213 ], [ 504855.387712457159068, 2979429.954075817018747 ], [ 504856.436148874519859, 2976717.640969166066498 ], [ 502129.29743855423294, 2976716.883105612359941 ], [ 502128.837753261264879, 2979429.195737945847213 ] ] ] } },
{ "type": "Feature", "properties": { "x_idx": 93632, "y_idx": 93632, "x": 9018042, "y": 3114042, "region": "uttar_pradesh" }, "geometry": { "type": "Polygon", "coordinates": [ [ [ 499674.943048963672481, 2979429.019471080973744 ], [ 502401.492729967692867, 2979429.244927662424743 ], [ 502402.01129034650512, 2976716.932264561764896 ], [ 499674.872858603426721, 2976716.706948996521533 ], [ 499674.943048963672481, 2979429.019471080973744 ] ] ] } },
{ "type": "Feature", "properties": { "x_idx": 94208, "y_idx": 93056, "x": 9020794, "y": 3116793, "region": "uttar_pradesh" }, "geometry": { "type": "Polygon", "coordinates": [ [ [ 502128.423789840540849, 2981869.781626019626856 ], [ 504854.443557113932911, 2981870.540390215348452 ], [ 504855.492585721251089, 2979158.748837614897639 ], [ 502128.883734778442886, 2979157.990547146648169 ], [ 502128.423789840540849, 2981869.781626019626856 ] ] ] } },
{ "type": "Feature", "properties": { "x_idx": 94784, "y_idx": 93056, "x": 9023546, "y": 3116793, "region": "uttar_pradesh" }, "geometry": { "type": "Polygon", "coordinates": [ [ [ 504581.841556739236694, 2981870.437854738440365 ], [ 507307.861902849923354, 2981871.729800337925553 ], [ 507309.441107529564761, 2979159.937505141366273 ], [ 504582.831676946778316, 2979158.646366155240685 ], [ 504581.841556739236694, 2981870.437854738440365 ] ] ] } },
{ "type": "Feature", "properties": { "x_idx": 94784, "y_idx": 92480, "x": 9023546, "y": 3119545, "region": "uttar_pradesh" }, "geometry": { "type": "Polygon", "coordinates": [ [ [ 504580.949918231170159, 2984310.55443021748215 ], [ 507306.43977279617684, 2984311.847100815270096 ], [ 507308.019867856230121, 2981600.576658215373755 ], [ 504581.940596684406046, 2981599.284793226979673 ], [ 504580.949918231170159, 2984310.55443021748215 ] ] ] } },
{ "type": "Feature", "properties": { "x_idx": 96512, "y_idx": 94208, "x": 9031801, "y": 3111290, "region": "uttar_pradesh" }, "geometry": { "type": "Polygon", "coordinates": [ [ [ 511946.742984127427917, 2976993.638345655519515 ], [ 514673.826967571862042, 2976996.526591178961098 ], [ 514676.993127769557759, 2974283.687448615208268 ], [ 511949.320720442454331, 2974280.801012858748436 ], [ 511946.742984127427917, 2976993.638345655519515 ] ] ] } },
{ "type": "Feature", "properties": { "x_idx": 95936, "y_idx": 93632, "x": 9029049, "y": 3114042, "region": "uttar_pradesh" }, "geometry": { "type": "Polygon", "coordinates": [ [ [ 509490.524362898722757, 2979432.602099581155926 ], [ 512217.07696488086367, 2979434.959086055867374 ], [ 512219.715035375091247, 2976722.642848931252956 ], [ 509492.573678608925547, 2976720.287336676381528 ], [ 509490.524362898722757, 2979432.602099581155926 ] ] ] } },
{ "type": "Feature", "properties": { "x_idx": 96512, "y_idx": 93632, "x": 9031801, "y": 3114042, "region": "uttar_pradesh" }, "geometry": { "type": "Polygon", "coordinates": [ [ [ 511944.421635800390504, 2979434.696743155829608 ], [ 514670.975721449649427, 2979437.586615334730595 ], [ 514674.143673208542168, 2976725.268734777811915 ], [ 511947.000830720819067, 2976722.380670118611306 ], [ 511944.421635800390504, 2979434.696743155829608 ] ] ] } },
{ "type": "Feature", "properties": { "x_idx": 97088, "y_idx": 93632, "x": 9034553, "y": 3114042, "region": "uttar_pradesh" }, "geometry": { "type": "Polygon", "coordinates": [ [ [ 514398.320228933996987, 2979437.270983768161386 ], [ 517124.876099620945752, 2979440.693743700161576 ], [ 517128.573934890097007, 2976728.373919738922268 ], [ 514401.429304892837536, 2976724.95330062834546 ], [ 514398.320228933996987, 2979437.270983768161386 ] ] ] } },
{ "type": "Feature", "properties": { "x_idx": 95936, "y_idx": 93056, "x": 9029049, "y": 3116793, "region": "uttar_pradesh" }, "geometry": { "type": "Polygon", "coordinates": [ [ [ 509488.678879143670201, 2981873.189902653452009 ], [ 512214.701285909395665, 2981875.548214183188975 ], [ 512217.340846465784125, 2979163.753535001073033 ], [ 509490.729352370719425, 2979161.396695857401937 ], [ 509488.678879143670201, 2981873.189902653452009 ] ] ] } },
{ "type": "Feature", "properties": { "x_idx": 95360, "y_idx": 93056, "x": 9026298, "y": 3116793, "region": "uttar_pradesh" }, "geometry": { "type": "Polygon", "coordinates": [ [ [ 507035.259829541784711, 2981871.573946681804955 ], [ 509761.281055484490935, 2981873.399074599612504 ], [ 509763.390437355323229, 2979161.60573720978573 ], [ 507036.780125720601063, 2979159.781748790293932 ], [ 507035.259829541784711, 2981871.573946681804955 ] ] ] } },
{ "type": "Feature", "properties": { "x_idx": 96512, "y_idx": 93056, "x": 9031801, "y": 3116793, "region": "uttar_pradesh" }, "geometry": { "type": "Polygon", "coordinates": [ [ [ 511942.098976436420344, 2981875.285723798442632 ], [ 514668.122865020006429, 2981878.177220610436052 ], [ 514671.292606132046785, 2979166.380900038871914 ], [ 511944.679628164449241, 2979163.491208499763161 ], [ 511942.098976436420344, 2981875.285723798442632 ] ] ] } },
{ "type": "Feature", "properties": { "x_idx": 96512, "y_idx": 92480, "x": 9031801, "y": 3119545, "region": "uttar_pradesh" }, "geometry": { "type": "Polygon", "coordinates": [ [ [ 511939.775007653457578, 2984315.405019742436707 ], [ 514665.268400270317215, 2984318.298139163292944 ], [ 514668.439928527281154, 2981607.023676200769842 ], [ 511942.357114391343202, 2981604.132359804119915 ], [ 511939.775007653457578, 2984315.405019742436707 ] ] ] } },
{ "type": "Feature", "properties": { "x_idx": 95360, "y_idx": 92480, "x": 9026298, "y": 3119545, "region": "uttar_pradesh" }, "geometry": { "type": "Polygon", "coordinates": [ [ [ 507033.890748690930195, 2984311.691159698180854 ], [ 509759.381481989927124, 2984313.517311818897724 ], [ 509761.492053162539378, 2981602.245828322600573 ], [ 507035.411902036692481, 2981600.420814283192158 ], [ 507033.890748690930195, 2984311.691159698180854 ] ] ] } },
{ "type": "Feature", "properties": { "x_idx": 97088, "y_idx": 92480, "x": 9034553, "y": 3119545, "region": "uttar_pradesh" }, "geometry": { "type": "Polygon", "coordinates": [ [ [ 514392.718977267213631, 2984317.982152933720499 ], [ 517118.214150471962057, 2984321.408758888952434 ], [ 517121.916160452063195, 2981610.132357355672866 ], [ 514395.831563255982473, 2981606.707886897027493 ], [ 514392.718977267213631, 2984317.982152933720499 ] ] ] } },
{ "type": "Feature", "properties": { "x_idx": 98816, "y_idx": 93632, "x": 9042808, "y": 3114042, "region": "uttar_pradesh" }, "geometry": { "type": "Polygon", "coordinates": [ [ [ 521760.026642051059753, 2979447.871307778637856 ], [ 524486.589676062460057, 2979452.892747031990439 ], [ 524491.877179091796279, 2976740.565293031278998 ], [ 521764.725375850335695, 2976735.546994504518807 ], [ 521760.026642051059753, 2979447.871307778637856 ] ] ] } },
{ "type": "Feature", "properties": { "x_idx": 97664, "y_idx": 93632, "x": 9037305, "y": 3114042, "region": "uttar_pradesh" }, "geometry": { "type": "Polygon", "coordinates": [ [ [ 516852.220413533214014, 2979440.324823244009167 ], [ 519578.77837062481558, 2979444.280473353806883 ], [ 519583.006092025374528, 2976731.958406017627567 ], [ 516855.859372734208591, 2976728.005230030044913 ], [ 516852.220413533214014, 2979440.324823244009167 ] ] ] } },
{ "type": "Feature", "properties": { "x_idx": 98240, "y_idx": 93632, "x": 9040056, "y": 3114042, "region": "uttar_pradesh" }, "geometry": { "type": "Polygon", "coordinates": [ [ [ 519306.122460827988107, 2979443.85826374636963 ], [ 522032.68280569271883, 2979448.346806836314499 ], [ 522037.440416221390478, 2976736.022196154575795 ], [ 519310.291305850609206, 2976731.536460487637669 ], [ 519306.122460827988107, 2979443.85826374636963 ] ] ] } },
{ "type": "Feature", "properties": { "x_idx": 98816, "y_idx": 93056, "x": 9042808, "y": 3116793, "region": "uttar_pradesh" }, "geometry": { "type": "Polygon", "coordinates": [ [ [ 521755.795260415587109, 2981888.467694901395589 ], [ 524481.828086208202876, 2981893.491957096848637 ], [ 524487.118575756205246, 2979181.68607498658821 ], [ 521760.496648187225219, 2979176.664949610829353 ], [ 521755.795260415587109, 2981888.467694901395589 ] ] ] } },
{ "type": "Feature", "properties": { "x_idx": 97664, "y_idx": 93056, "x": 9037305, "y": 3116793, "region": "uttar_pradesh" }, "geometry": { "type": "Polygon", "coordinates": [ [ [ 516848.943397676746827, 2981880.916967887431383 ], [ 519574.97115287737688, 2981884.874841784127057 ], [ 519579.201262213522568, 2979173.074339639861137 ], [ 516852.584412267431617, 2979169.118936789222062 ], [ 516848.943397676746827, 2981880.916967887431383 ] ] ] } },
{ "type": "Feature", "properties": { "x_idx": 98240, "y_idx": 93056, "x": 9040056, "y": 3116793, "region": "uttar_pradesh" }, "geometry": { "type": "Polygon", "coordinates": [ [ [ 519302.368263411859516, 2981884.452394819352776 ], [ 522028.398403409519233, 2981888.943461274728179 ], [ 522033.158701165288221, 2979177.140418946743011 ], [ 519306.539463115448598, 2979172.652156423777342 ], [ 519302.368263411859516, 2981884.452394819352776 ] ] ] } },
{ "type": "Feature", "properties": { "x_idx": 97088, "y_idx": 93056, "x": 9034553, "y": 3116793, "region": "uttar_pradesh" }, "geometry": { "type": "Polygon", "coordinates": [ [ [ 514395.520392315578647, 2981877.861411601770669 ], [ 517121.546063711983152, 2981881.286095743067563 ], [ 517125.245987625443377, 2979169.48783418443054 ], [ 514398.631224372948054, 2979166.065288202371448 ], [ 514395.520392315578647, 2981877.861411601770669 ] ] ] } },
{ "type": "Feature", "properties": { "x_idx": 97664, "y_idx": 92480, "x": 9037305, "y": 3119545, "region": "uttar_pradesh" }, "geometry": { "type": "Polygon", "coordinates": [ [ [ 516845.664534379262477, 2984321.039423891808838 ], [ 519571.16178878757637, 2984324.999518807046115 ], [ 519575.394283112254925, 2981613.720879477914423 ], [ 516849.307601823064033, 2981609.763252531643957 ], [ 516845.664534379262477, 2984321.039423891808838 ] ] ] } },
{ "type": "Feature", "properties": { "x_idx": 98816, "y_idx": 92480, "x": 9042808, "y": 3119545, "region": "uttar_pradesh" }, "geometry": { "type": "Polygon", "coordinates": [ [ [ 521751.561493316432461, 2984328.594388102646917 ], [ 524477.063811988453381, 2984333.621469725854695 ], [ 524482.357284369529225, 2981622.337457128800452 ], [ 521756.265531785204075, 2981617.313508419785649 ], [ 521751.561493316432461, 2984328.594388102646917 ] ] ] } },
{ "type": "Feature", "properties": { "x_idx": 98240, "y_idx": 92480, "x": 9040056, "y": 3119545, "region": "uttar_pradesh" }, "geometry": { "type": "Polygon", "coordinates": [ [ [ 519298.611949543526862, 2984324.576834780629724 ], [ 522024.111585772538092, 2984329.070421458221972 ], [ 522028.874567438964732, 2981617.789245107676834 ], [ 519302.785501022066455, 2981613.298458870965987 ], [ 519298.611949543526862, 2984324.576834780629724 ] ] ] } },
{ "type": "Feature", "properties": { "x_idx": 93632, "y_idx": 93056, "x": 9018042, "y": 3116793, "region": "uttar_pradesh" }, "geometry": { "type": "Polygon", "coordinates": [ [ [ 499675.006257950502913, 2981869.605260060634464 ], [ 502401.025747378706001, 2981869.830843389965594 ], [ 502401.544600656896364, 2979158.039733787998557 ], [ 499674.936027944495436, 2979157.814291299786419 ], [ 499675.006257950502913, 2981869.605260060634464 ] ] ] } },
{ "type": "Feature", "properties": { "x_idx": 91904, "y_idx": 93056, "x": 9009787, "y": 3116793, "region": "uttar_pradesh" }, "geometry": { "type": "Polygon", "coordinates": [ [ [ 492314.752363401581533, 2981871.955339189153165 ], [ 495040.772825258318335, 2981870.58137936796993 ], [ 495039.701153252273798, 2979158.78980117617175 ], [ 492313.091606763016898, 2979160.162903179880232 ], [ 492314.752363401581533, 2981871.955339189153165 ] ] ] } },
{ "type": "Feature", "properties": { "x_idx": 92480, "y_idx": 93056, "x": 9012539, "y": 3116793, "region": "uttar_pradesh" }, "geometry": { "type": "Polygon", "coordinates": [ [ [ 494768.170815626333933, 2981870.692116260062903 ], [ 497494.190652346820571, 2981869.851337959058583 ], [ 497493.649155693943612, 2979158.060215561650693 ], [ 494767.040235207707155, 2979158.900468931067735 ], [ 494768.170815626333933, 2981870.692116260062903 ] ] ] } },
{ "type": "Feature", "properties": { "x_idx": 93632, "y_idx": 92480, "x": 9018042, "y": 3119545, "region": "uttar_pradesh" }, "geometry": { "type": "Polygon", "coordinates": [ [ [ 499675.069502572005149, 2984309.721368314232677 ], [ 502400.558501523686573, 2984309.947078233584762 ], [ 502401.077647339785472, 2981598.677819753065705 ], [ 499674.999232969188597, 2981598.452250498812646 ], [ 499675.069502572005149, 2984309.721368314232677 ] ] ] } },
{ "type": "Feature", "properties": { "x_idx": 93056, "y_idx": 92480, "x": 9015291, "y": 3119545, "region": "uttar_pradesh" }, "geometry": { "type": "Polygon", "coordinates": [ [ [ 497222.129376261960715, 2984310.02503530215472 ], [ 499947.618398334190715, 2984309.717265311162919 ], [ 499947.607070267549716, 2981598.448150052223355 ], [ 497221.528632744273636, 2981598.755728237330914 ], [ 497222.129376261960715, 2984310.02503530215472 ] ] ] } },
{ "type": "Feature", "properties": { "x_idx": 92480, "y_idx": 92480, "x": 9012539, "y": 3119545, "region": "uttar_pradesh" }, "geometry": { "type": "Polygon", "coordinates": [ [ [ 494769.18894355656812, 2984310.808834422845393 ], [ 497494.678289367060643, 2984309.967584304045886 ], [ 497494.136487409647088, 2981598.698313042987138 ], [ 494768.057725698628929, 2981599.539038883987814 ], [ 494769.18894355656812, 2984310.808834422845393 ] ] ] } },
{ "type": "Feature", "properties": { "x_idx": 91904, "y_idx": 92480, "x": 9009787, "y": 3119545, "region": "uttar_pradesh" }, "geometry": { "type": "Polygon", "coordinates": [ [ [ 492316.247933898528572, 2984312.072766231372952 ], [ 495041.73790406511398, 2984310.69803538871929 ], [ 495040.665627833281178, 2981599.428308901377022 ], [ 492314.586240899341647, 2981600.802182993851602 ], [ 492316.247933898528572, 2984312.072766231372952 ] ] ] } },
{ "type": "Feature", "properties": { "x_idx": 92480, "y_idx": 91904, "x": 9012539, "y": 3122297, "region": "uttar_pradesh" }, "geometry": { "type": "Polygon", "coordinates": [ [ [ 494770.207644433889072, 2986750.455603581853211 ], [ 497495.166200803068932, 2986749.613882233854383 ], [ 497494.624093918362632, 2984038.866759371012449 ], [ 494769.075789924303535, 2984039.707957095000893 ], [ 494770.207644433889072, 2986750.455603581853211 ] ] ] } },
{ "type": "Feature", "properties": { "x_idx": 93056, "y_idx": 91904, "x": 9015291, "y": 3122297, "region": "uttar_pradesh" }, "geometry": { "type": "Polygon", "coordinates": [ [ [ 497222.670366615289822, 2986749.671365413349122 ], [ 499947.628599650750402, 2986749.363423024304211 ], [ 499947.617265208624303, 2984038.616455969400704 ], [ 497222.069284997880459, 2984038.924206791445613 ], [ 497222.670366615289822, 2986749.671365413349122 ] ] ] } },
{ "type": "Feature", "properties": { "x_idx": 92480, "y_idx": 91328, "x": 9012539, "y": 3125049, "region": "uttar_pradesh" }, "geometry": { "type": "Polygon", "coordinates": [ [ [ 494771.226917549269274, 2989189.632156541571021 ], [ 497495.654386315203737, 2989188.789964551571757 ], [ 497495.111974880448543, 2986478.565286992583424 ], [ 494770.094427175878081, 2986479.406956010963768 ], [ 494771.226917549269274, 2989189.632156541571021 ] ] ] } },
{ "type": "Feature", "properties": { "x_idx": 94208, "y_idx": 92480, "x": 9020794, "y": 3119545, "region": "uttar_pradesh" }, "geometry": { "type": "Polygon", "coordinates": [ [ [ 502128.009593043942004, 2984309.897833244409412 ], [ 504853.49886949401116, 2984310.657023233827204 ], [ 504854.548489560489543, 2981599.387322306167334 ], [ 502128.469797306228429, 2981598.628605453763157 ], [ 502128.009593043942004, 2984309.897833244409412 ] ] ] } },
{ "type": "Feature", "properties": { "x_idx": 94208, "y_idx": 91904, "x": 9020794, "y": 3122297, "region": "uttar_pradesh" }, "geometry": { "type": "Polygon", "coordinates": [ [ [ 502127.595163159770891, 2986749.544092102907598 ], [ 504852.553650255256798, 2986750.303707356099039 ], [ 504853.603861049981788, 2984039.556155361700803 ], [ 502128.05562642600853, 2984038.797012656461447 ], [ 502127.595163159770891, 2986749.544092102907598 ] ] ] } },
{ "type": "Feature", "properties": { "x_idx": 94784, "y_idx": 91904, "x": 9023546, "y": 3122297, "region": "uttar_pradesh" }, "geometry": { "type": "Polygon", "coordinates": [ [ [ 504580.057777957350481, 2986750.201056872028857 ], [ 507305.016842445300426, 2986751.494451562874019 ], [ 507306.597826785582583, 2984040.746158821508288 ], [ 504581.049013966403436, 2984039.453568734694272 ], [ 504580.057777957350481, 2986750.201056872028857 ] ] ] } },
{ "type": "Feature", "properties": { "x_idx": 93632, "y_idx": 91904, "x": 9018042, "y": 3122297, "region": "uttar_pradesh" }, "geometry": { "type": "Polygon", "coordinates": [ [ [ 499675.132782784174196, 2986749.367528325878084 ], [ 502400.090992728015408, 2986749.593364677391946 ], [ 502400.61043072049506, 2984038.846254578325897 ], [ 499675.062473633501213, 2984038.620558717288077 ], [ 499675.132782784174196, 2986749.367528325878084 ] ] ] } },
{ "type": "Feature", "properties": { "x_idx": 94784, "y_idx": 91328, "x": 9023546, "y": 3125049, "region": "uttar_pradesh" }, "geometry": { "type": "Polygon", "coordinates": [ [ [ 504579.16513653867878, 2989189.377467502839863 ], [ 507303.593112787581049, 2989190.671585383825004 ], [ 507305.174985307676252, 2986480.44573940616101 ], [ 504580.156929413729813, 2986479.15242512524128 ], [ 504579.16513653867878, 2989189.377467502839863 ] ] ] } },
{ "type": "Feature", "properties": { "x_idx": 94208, "y_idx": 91328, "x": 9020794, "y": 3125049, "region": "uttar_pradesh" }, "geometry": { "type": "Polygon", "coordinates": [ [ [ 502127.180500476504676, 2989188.720135398674756 ], [ 504851.607900055416394, 2989189.480175383388996 ], [ 504852.658700847474393, 2986479.25506922788918 ], [ 502127.641222426202148, 2986478.495501200202852 ], [ 502127.180500476504676, 2989188.720135398674756 ] ] ] } },
{ "type": "Feature", "properties": { "x_idx": 93632, "y_idx": 91328, "x": 9018042, "y": 3125049, "region": "uttar_pradesh" }, "geometry": { "type": "Polygon", "coordinates": [ [ [ 499675.196098543005064, 2989188.54347289679572 ], [ 502399.623221317015123, 2989188.769435523077846 ], [ 502400.142951124347746, 2986478.544770711101592 ], [ 499675.125749893311877, 2986478.318948399741203 ], [ 499675.196098543005064, 2989188.54347289679572 ] ] ] } },
{ "type": "Feature", "properties": { "x_idx": 95360, "y_idx": 91328, "x": 9026298, "y": 3125049, "region": "uttar_pradesh" }, "geometry": { "type": "Polygon", "coordinates": [ [ [ 507031.150276610569563, 2989190.515469674486667 ], [ 509755.579129397170618, 2989192.3436663672328 ], [ 509757.692074764345307, 2986482.116782088764012 ], [ 507032.673141112492885, 2986480.289720639120787 ], [ 507031.150276610569563, 2989190.515469674486667 ] ] ] } },
{ "type": "Feature", "properties": { "x_idx": 94208, "y_idx": 90752, "x": 9020794, "y": 3127800, "region": "uttar_pradesh" }, "geometry": { "type": "Polygon", "coordinates": [ [ [ 502126.765605282562319, 2991627.425696258433163 ], [ 504850.661619552469347, 2991628.186160444281995 ], [ 504851.713009610830341, 2988918.483796673361212 ], [ 502127.226585595286451, 2988917.723803854547441 ], [ 502126.765605282562319, 2991627.425696258433163 ] ] ] } },
{ "type": "Feature", "properties": { "x_idx": 95360, "y_idx": 90752, "x": 9026298, "y": 3127800, "region": "uttar_pradesh" }, "geometry": { "type": "Polygon", "coordinates": [ [ [ 507029.77888728788821, 2991629.222032564226538 ], [ 509753.676352944632526, 2991631.051249627489597 ], [ 509755.79048320435686, 2988921.347109956201166 ], [ 507031.302605778852012, 2988919.519026716705412 ], [ 507029.77888728788821, 2991629.222032564226538 ] ] ] } },
{ "type": "Feature", "properties": { "x_idx": 95936, "y_idx": 92480, "x": 9029049, "y": 3119545, "region": "uttar_pradesh" }, "geometry": { "type": "Polygon", "coordinates": [ [ [ 509486.832354980520904, 2984313.308022491633892 ], [ 512212.324267628835514, 2984315.667657427024096 ], [ 512214.965316408546641, 2981604.394833810161799 ], [ 509488.883984295884147, 2981602.036669427528977 ], [ 509486.832354980520904, 2984313.308022491633892 ] ] ] } },
{ "type": "Feature", "properties": { "x_idx": 97088, "y_idx": 91904, "x": 9034553, "y": 3122297, "region": "uttar_pradesh" }, "geometry": { "type": "Polygon", "coordinates": [ [ [ 514389.915985739673488, 2986757.632940246257931 ], [ 517114.880362220865209, 2986761.061465620063245 ], [ 517118.584455689764582, 2984050.307221374008805 ], [ 514393.030323492421303, 2984046.880828835070133 ], [ 514389.915985739673488, 2986757.632940246257931 ] ] ] } },
{ "type": "Feature", "properties": { "x_idx": 96512, "y_idx": 91904, "x": 9031801, "y": 3122297, "region": "uttar_pradesh" }, "geometry": { "type": "Polygon", "coordinates": [ [ [ 511937.449731069849804, 2986755.054363467730582 ], [ 514662.412329188315198, 2986757.94910347647965 ], [ 514665.585642381687649, 2984047.196795384399593 ], [ 511940.033291019499302, 2984044.303856152575463 ], [ 511937.449731069849804, 2986755.054363467730582 ] ] ] } },
{ "type": "Feature", "properties": { "x_idx": 95360, "y_idx": 91904, "x": 9026298, "y": 3122297, "region": "uttar_pradesh" }, "geometry": { "type": "Polygon", "coordinates": [ [ [ 507032.520897396083456, 2986751.33842309564352 ], [ 509757.480839519877918, 2986753.165598140098155 ], [ 509759.592598524643108, 2984042.416265800595284 ], [ 507034.042906849528663, 2984040.590227417182177 ], [ 507032.520897396083456, 2986751.33842309564352 ] ] ] } },
{ "type": "Feature", "properties": { "x_idx": 95936, "y_idx": 91904, "x": 9029049, "y": 3122297, "region": "uttar_pradesh" }, "geometry": { "type": "Polygon", "coordinates": [ [ [ 509484.984791695082095, 2986752.956191578879952 ], [ 512209.945911694434471, 2986755.317148270085454 ], [ 512212.588446858397219, 2984044.566477480344474 ], [ 509487.037575670168735, 2984042.206989508122206 ], [ 509484.984791695082095, 2986752.956191578879952 ] ] ] } },
{ "type": "Feature", "properties": { "x_idx": 96512, "y_idx": 91328, "x": 9031801, "y": 3125049, "region": "uttar_pradesh" }, "geometry": { "type": "Polygon", "coordinates": [ [ [ 511935.123148303828202, 2989194.233487779740244 ], [ 514659.554653761617374, 2989197.129846351686865 ], [ 514662.729749682883266, 2986486.899990035686642 ], [ 511937.708159667090513, 2986484.005429992452264 ], [ 511935.123148303828202, 2989194.233487779740244 ] ] ] } },
{ "type": "Feature", "properties": { "x_idx": 97088, "y_idx": 91328, "x": 9034553, "y": 3125049, "region": "uttar_pradesh" }, "geometry": { "type": "Polygon", "coordinates": [ [ [ 514387.111419683671556, 2989196.813506342936307 ], [ 517111.544701279024594, 2989200.243948738090694 ], [ 517115.250875658704899, 2986490.012158684432507 ], [ 514390.227507032919675, 2986486.583846461959183 ], [ 514387.111419683671556, 2989196.813506342936307 ] ] ] } },
{ "type": "Feature", "properties": { "x_idx": 95936, "y_idx": 91328, "x": 9029049, "y": 3125049, "region": "uttar_pradesh" }, "geometry": { "type": "Polygon", "coordinates": [ [ [ 509483.136190573161002, 2989192.134142718277872 ], [ 512207.56621976144379, 2989194.49641951546073 ], [ 512210.210239470470697, 2986484.268198457546532 ], [ 509485.190127779264003, 2986481.90738854650408 ], [ 509483.136190573161002, 2989192.134142718277872 ] ] ] } },
{ "type": "Feature", "properties": { "x_idx": 97088, "y_idx": 90752, "x": 9034553, "y": 3127800, "region": "uttar_pradesh" }, "geometry": { "type": "Polygon", "coordinates": [ [ [ 514384.305281050270423, 2991635.523584349546582 ], [ 517108.207169966713991, 2991638.955941370222718 ], [ 517111.915422678925097, 2988929.24690205603838 ], [ 514387.42311582819093, 2988925.816672544926405 ], [ 514384.305281050270423, 2991635.523584349546582 ] ] ] } },
{ "type": "Feature", "properties": { "x_idx": 96512, "y_idx": 90752, "x": 9031801, "y": 3127800, "region": "uttar_pradesh" }, "geometry": { "type": "Polygon", "coordinates": [ [ [ 511932.795260973856784, 2991632.942125804722309 ], [ 514656.695375978189986, 2991635.840100917033851 ], [ 514659.872252418543212, 2988926.132992922328413 ], [ 511935.381721952522639, 2988923.236814091447741 ], [ 511932.795260973856784, 2991632.942125804722309 ] ] ] } },
{ "type": "Feature", "properties": { "x_idx": 91904, "y_idx": 91328, "x": 9009787, "y": 3125049, "region": "uttar_pradesh" }, "geometry": { "type": "Polygon", "coordinates": [ [ [ 492319.241598727006931, 2989190.897503457032144 ], [ 495043.669690288545098, 2989189.521233455277979 ], [ 495042.596207845024765, 2986479.296101804357022 ], [ 492317.578036477905698, 2986480.671517192386091 ], [ 492319.241598727006931, 2989190.897503457032144 ] ] ] } },
{ "type": "Feature", "properties": { "x_idx": 93056, "y_idx": 91328, "x": 9015291, "y": 3125049, "region": "uttar_pradesh" }, "geometry": { "type": "Polygon", "coordinates": [ [ [ 497223.211660860863049, 2989188.84747987287119 ], [ 499947.638806697737891, 2989188.539365299511701 ], [ 499947.627465887984727, 2986478.314843353349715 ], [ 497222.610241562069859, 2986478.622766598127782 ], [ 497223.211660860863049, 2989188.84747987287119 ] ] ] } },
{ "type": "Feature", "properties": { "x_idx": 93632, "y_idx": 90752, "x": 9018042, "y": 3127800, "region": "uttar_pradesh" }, "geometry": { "type": "Polygon", "coordinates": [ [ [ 499675.259449804318137, 2991627.248935156036168 ], [ 502399.155187616124749, 2991627.475023898296058 ], [ 502399.675208876782563, 2988917.773100920021534 ], [ 499675.189061704673804, 2988917.547152316197753 ], [ 499675.259449804318137, 2991627.248935156036168 ] ] ] } },
{ "type": "Feature", "properties": { "x_idx": 92480, "y_idx": 90752, "x": 9012539, "y": 3127800, "region": "uttar_pradesh" }, "geometry": { "type": "Polygon", "coordinates": [ [ [ 494772.246762193681207, 2991628.338226426858455 ], [ 497496.142845563939773, 2991627.495564384851605 ], [ 497495.600129956495948, 2988917.793628674931824 ], [ 494771.113636744266842, 2988918.635768399573863 ], [ 494772.246762193681207, 2991628.338226426858455 ] ] ] } },
{ "type": "Feature", "properties": { "x_idx": 93056, "y_idx": 90752, "x": 9015291, "y": 3127800, "region": "uttar_pradesh" }, "geometry": { "type": "Polygon", "coordinates": [ [ [ 497223.753258622309659, 2991627.55311180697754 ], [ 499947.649019467993639, 2991627.244825266301632 ], [ 499947.637672298646066, 2988917.543044974096119 ], [ 497223.151502060471103, 2988917.851140426471829 ], [ 497223.753258622309659, 2991627.55311180697754 ] ] ] } },
{ "type": "Feature", "properties": { "x_idx": 92480, "y_idx": 90176, "x": 9012539, "y": 3130552, "region": "uttar_pradesh" }, "geometry": { "type": "Polygon", "coordinates": [ [ [ 494773.267177658097353, 2994066.573546691797674 ], [ 497496.631578209518921, 2994065.730415185447782 ], [ 497496.088558806746732, 2991356.551517508458346 ], [ 494772.133417920442298, 2991357.394127351697534 ], [ 494773.267177658097353, 2994066.573546691797674 ] ] ] } },
{ "type": "Feature", "properties": { "x_idx": 93056, "y_idx": 90176, "x": 9015291, "y": 3130552, "region": "uttar_pradesh" }, "geometry": { "type": "Polygon", "coordinates": [ [ [ 497224.295159522967879, 2994065.78799466881901 ], [ 499947.659237954532728, 2994065.479536375030875 ], [ 499947.647884433332365, 2991356.300793922040612 ], [ 497223.69306611653883, 2991356.609061365947127 ], [ 497224.295159522967879, 2994065.78799466881901 ] ] ] } },
{ "type": "Feature", "properties": { "x_idx": 91904, "y_idx": 89600, "x": 9009787, "y": 3133304, "region": "uttar_pradesh" }, "geometry": { "type": "Polygon", "coordinates": [ [ [ 492323.738389933074359, 2996505.605314053129405 ], [ 495046.571431066666264, 2996504.226742523722351 ], [ 495045.496144906559493, 2993795.570726321544498 ], [ 492322.072032488707919, 2993796.948446442373097 ], [ 492323.738389933074359, 2996505.605314053129405 ] ] ] } },
{ "type": "Feature", "properties": { "x_idx": 92480, "y_idx": 89600, "x": 9012539, "y": 3133304, "region": "uttar_pradesh" }, "geometry": { "type": "Polygon", "coordinates": [ [ [ 494774.288163233257364, 2996504.337851105257869 ], [ 497497.120583912415896, 2996503.494250723160803 ], [ 497496.577261091733817, 2993794.838686909992248 ], [ 494773.153769995435141, 2993795.681766282301396 ], [ 494774.288163233257364, 2996504.337851105257869 ] ] ] } },
{ "type": "Feature", "properties": { "x_idx": 93056, "y_idx": 89600, "x": 9015291, "y": 3133304, "region": "uttar_pradesh" }, "geometry": { "type": "Polygon", "coordinates": [ [ [ 497224.837363186234143, 2996503.551862225867808 ], [ 499947.669462150137406, 2996503.243232395034283 ], [ 499947.658102285058703, 2993794.587823611684144 ], [ 497224.234933353669476, 2993794.89626283198595 ], [ 497224.837363186234143, 2996503.551862225867808 ] ] ] } },
{ "type": "Feature", "properties": { "x_idx": 94784, "y_idx": 90752, "x": 9023546, "y": 3127800, "region": "uttar_pradesh" }, "geometry": { "type": "Polygon", "coordinates": [ [ [ 504578.271994596114382, 2991628.083395239431411 ], [ 507302.168584813480265, 2991629.378235406242311 ], [ 507303.751344412972685, 2988919.675132737960666 ], [ 504579.264343647169881, 2988918.38109516678378 ], [ 504578.271994596114382, 2991628.083395239431411 ] ] ] } },
{ "type": "Feature", "properties": { "x_idx": 94784, "y_idx": 90176, "x": 9023546, "y": 3130552, "region": "uttar_pradesh" }, "geometry": { "type": "Polygon", "coordinates": [ [ [ 504577.378352750674821, 2994066.318573532626033 ], [ 507300.743259513343219, 2994067.614135081414133 ], [ 507302.32690509170061, 2991358.434071907307953 ], [ 504578.371257287682965, 2991357.139311949722469 ], [ 504577.378352750674821, 2994066.318573532626033 ] ] ] } },
{ "type": "Feature", "properties": { "x_idx": 93632, "y_idx": 90176, "x": 9018042, "y": 3130552, "region": "uttar_pradesh" }, "geometry": { "type": "Polygon", "coordinates": [ [ [ 499675.32283652422484, 2994065.483648554421961 ], [ 502398.68689195078332, 2994065.7098632552661 ], [ 502399.207204303180333, 2991356.530978294555098 ], [ 499675.252409023465589, 2991356.304903557058424 ], [ 499675.32283652422484, 2994065.483648554421961 ] ] ] } },
{ "type": "Feature", "properties": { "x_idx": 94208, "y_idx": 90176, "x": 9020794, "y": 3130552, "region": "uttar_pradesh" }, "geometry": { "type": "Polygon", "coordinates": [ [ [ 502126.350477866479196, 2994065.660508133936673 ], [ 504849.714809404220432, 2994066.42139599006623 ], [ 504850.766787997912616, 2991357.242070788517594 ], [ 502126.811716221622191, 2991356.481653709895909 ], [ 502126.350477866479196, 2994065.660508133936673 ] ] ] } },
{ "type": "Feature", "properties": { "x_idx": 95360, "y_idx": 90176, "x": 9026298, "y": 3130552, "region": "uttar_pradesh" }, "geometry": { "type": "Polygon", "coordinates": [ [ [ 507028.406730381539091, 2994067.457845215685666 ], [ 509751.772511485323776, 2994069.288081372622401 ], [ 509753.887825167621486, 2991360.10698249284178 ], [ 507029.931301802105736, 2991358.277878741268069 ], [ 507028.406730381539091, 2994067.457845215685666 ] ] ] } },
{ "type": "Feature", "properties": { "x_idx": 94208, "y_idx": 89600, "x": 9020794, "y": 3133304, "region": "uttar_pradesh" }, "geometry": { "type": "Polygon", "coordinates": [ [ [ 502125.935118516674265, 2996503.424304794054478 ], [ 504848.767470268823672, 2996504.185615790076554 ], [ 504849.820036666700616, 2993795.529624988790601 ], [ 502126.396614593744744, 2993794.768784180283546 ], [ 502125.935118516674265, 2996503.424304794054478 ] ] ] } },
{ "type": "Feature", "properties": { "x_idx": 95360, "y_idx": 89600, "x": 9026298, "y": 3133304, "region": "uttar_pradesh" }, "geometry": { "type": "Polygon", "coordinates": [ [ [ 507027.033806845080107, 2996505.222641397733241 ], [ 509749.867606342304498, 2996507.053895371034741 ], [ 509751.984101977082901, 2993798.39613311458379 ], [ 507028.559230135753751, 2993796.56601012730971 ], [ 507027.033806845080107, 2996505.222641397733241 ] ] ] } },
{ "type": "Feature", "properties": { "x_idx": 94784, "y_idx": 89600, "x": 9023546, "y": 3133304, "region": "uttar_pradesh" }, "geometry": { "type": "Polygon", "coordinates": [ [ [ 504576.484211623319425, 2996504.082736151758581 ], [ 507299.31713787780609, 2996505.379018178675324 ], [ 507300.901668334438, 2993796.722290329169482 ], [ 504577.477670956344809, 2993795.426808888558298 ], [ 504576.484211623319425, 2996504.082736151758581 ] ] ] } },
{ "type": "Feature", "properties": { "x_idx": 93632, "y_idx": 89600, "x": 9018042, "y": 3133304, "region": "uttar_pradesh" }, "geometry": { "type": "Polygon", "coordinates": [ [ [ 499675.386258658545557, 2996503.247346861287951 ], [ 502398.218334646371659, 2996503.473687363322824 ], [ 502398.738937728863675, 2993794.818136250600219 ], [ 499675.315791805682238, 2993794.591935536824167 ], [ 499675.386258658545557, 2996503.247346861287951 ] ] ] } },
{ "type": "Feature", "properties": { "x_idx": 95360, "y_idx": 89024, "x": 9026298, "y": 3136056, "region": "uttar_pradesh" }, "geometry": { "type": "Polygon", "coordinates": [ [ [ 507025.660117632243782, 2998942.516155207995325 ], [ 509747.961638838693034, 2998944.348425719887018 ], [ 509750.07931495574303, 2996236.214295555837452 ], [ 507027.186391733353958, 2996234.383154610637575 ], [ 507025.660117632243782, 2998942.516155207995325 ] ] ] } },
{ "type": "Feature", "properties": { "x_idx": 95936, "y_idx": 90752, "x": 9029049, "y": 3127800, "region": "uttar_pradesh" }, "geometry": { "type": "Polygon", "coordinates": [ [ [ 509481.28655290073948, 2991630.841609037481248 ], [ 512205.185193485231139, 2991633.205204290337861 ], [ 512207.830695900018327, 2988923.499729510396719 ], [ 509483.341641909035388, 2988921.137599310372025 ], [ 509481.28655290073948, 2991630.841609037481248 ] ] ] } },
{ "type": "Feature", "properties": { "x_idx": 97088, "y_idx": 90176, "x": 9034553, "y": 3130552, "region": "uttar_pradesh" }, "geometry": { "type": "Polygon", "coordinates": [ [ [ 514381.497571790416259, 2994073.762907717842609 ], [ 517104.867770604556426, 2994077.197176968213171 ], [ 517108.578099070989992, 2991368.011184577830136 ], [ 514384.617151829239447, 2991364.579040174838156 ], [ 514381.497571790416259, 2994073.762907717842609 ] ] ] } },
{ "type": "Feature", "properties": { "x_idx": 95936, "y_idx": 90176, "x": 9029049, "y": 3130552, "region": "uttar_pradesh" }, "geometry": { "type": "Polygon", "coordinates": [ [ [ 509479.43587996379938, 2994069.078323987778276 ], [ 512202.802834521280602, 2994071.443236045539379 ], [ 512205.449817802349571, 2991362.260803727898747 ], [ 509481.492119345348328, 2991359.897354889661074 ], [ 509479.43587996379938, 2994069.078323987778276 ] ] ] } },
{ "type": "Feature", "properties": { "x_idx": 96512, "y_idx": 90176, "x": 9031801, "y": 3130552, "region": "uttar_pradesh" }, "geometry": { "type": "Polygon", "coordinates": [ [ [ 511930.46607069845777, 2994071.18001099396497 ], [ 514653.834497825999279, 2994074.07960062334314 ], [ 514657.013152576575521, 2991364.895537135656923 ], [ 511933.053979494201485, 2991361.997741539496928 ], [ 511930.46607069845777, 2994071.18001099396497 ] ] ] } },
{ "type": "Feature", "properties": { "x_idx": 97088, "y_idx": 89600, "x": 9034553, "y": 3133304, "region": "uttar_pradesh" }, "geometry": { "type": "Polygon", "coordinates": [ [ [ 514378.688293855462689, 2996511.531210217624903 ], [ 517101.52650551329134, 2996514.967389299534261 ], [ 517105.238907155347988, 2993806.304739665240049 ], [ 514381.809616987127811, 2993802.870682767126709 ], [ 514378.688293855462689, 2996511.531210217624903 ] ] ] } },
{ "type": "Feature", "properties": { "x_idx": 96512, "y_idx": 89600, "x": 9031801, "y": 3133304, "region": "uttar_pradesh" }, "geometry": { "type": "Polygon", "coordinates": [ [ [ 511928.135579096386209, 2996508.946877115871757 ], [ 514650.972021293302532, 2996511.848079239018261 ], [ 514654.152452145004645, 2993803.187356089707464 ], [ 511930.724933910591062, 2993800.287945751100779 ], [ 511928.135579096386209, 2996508.946877115871757 ] ] ] } },
{ "type": "Feature", "properties": { "x_idx": 95936, "y_idx": 89600, "x": 9029049, "y": 3133304, "region": "uttar_pradesh" }, "geometry": { "type": "Polygon", "coordinates": [ [ [ 509477.584173048497178, 2996506.844021337572485 ], [ 512200.419144525250886, 2996509.210248549934477 ], [ 512203.067606833064929, 2993800.551154526881874 ], [ 509479.641561374301091, 2993798.186388699803501 ], [ 509477.584173048497178, 2996506.844021337572485 ] ] ] } },
{ "type": "Feature", "properties": { "x_idx": 96512, "y_idx": 89024, "x": 9031801, "y": 3136056, "region": "uttar_pradesh" }, "geometry": { "type": "Polygon", "coordinates": [ [ [ 511925.803787786455359, 2998946.242458268534392 ], [ 514648.107948368415236, 2998949.145270860753953 ], [ 514651.290153111913241, 2996241.008183520287275 ], [ 511928.39458682044642, 2996238.107160463463515 ], [ 511925.803787786455359, 2998946.242458268534392 ] ] ] } },
{ "type": "Feature", "properties": { "x_idx": 97088, "y_idx": 89024, "x": 9034553, "y": 3136056, "region": "uttar_pradesh" }, "geometry": { "type": "Polygon", "coordinates": [ [ [ 514375.877449196763337, 2998948.828225944656879 ], [ 517098.183377013774589, 2998952.26631246227771 ], [ 517101.897849252680317, 2996244.127301053609699 ], [ 514379.000513253035024, 2996240.691334056667984 ], [ 514375.877449196763337, 2998948.828225944656879 ] ] ] } },
{ "type": "Feature", "properties": { "x_idx": 95936, "y_idx": 89024, "x": 9029049, "y": 3136056, "region": "uttar_pradesh" }, "geometry": { "type": "Polygon", "coordinates": [ [ [ 509475.731433441105764, 2998944.138435184489936 ], [ 512198.034125152917113, 2998946.505975901149213 ], [ 512200.684064647764899, 2996238.370515641756356 ], [ 509477.789969281991944, 2996236.004434476140887 ], [ 509475.731433441105764, 2998944.138435184489936 ] ] ] } },
{ "type": "Feature", "properties": { "x_idx": 98240, "y_idx": 90176, "x": 9040056, "y": 3130552, "region": "uttar_pradesh" }, "geometry": { "type": "Polygon", "coordinates": [ [ [ 519283.565581862465478, 2994080.372337963432074 ], [ 522006.940221389639191, 2994084.875974111258984 ], [ 522011.713905530050397, 2991375.685230716131628 ], [ 519287.748511377139948, 2991371.184381044935435 ], [ 519283.565581862465478, 2994080.372337963432074 ] ] ] } },
{ "type": "Feature", "properties": { "x_idx": 98816, "y_idx": 90176, "x": 9042808, "y": 3130552, "region": "uttar_pradesh" }, "geometry": { "type": "Polygon", "coordinates": [ [ [ 521734.602629247820005, 2994084.398876153863966 ], [ 524457.979937808122486, 2994089.437200333923101 ], [ 524463.285304657998495, 2991380.243634838145226 ], [ 521739.31723774666898, 2991375.208427947945893 ], [ 521734.602629247820005, 2994084.398876153863966 ] ] ] } },
{ "type": "Feature", "properties": { "x_idx": 97664, "y_idx": 90176, "x": 9037305, "y": 3130552, "region": "uttar_pradesh" }, "geometry": { "type": "Polygon", "coordinates": [ [ [ 516832.53065244469326, 2994076.827015986666083 ], [ 519555.902922058186959, 2994080.795967283193022 ], [ 519560.144926862674765, 2991371.607748257461935 ], [ 516836.181905931211077, 2991367.641252622473985 ], [ 516832.53065244469326, 2994076.827015986666083 ] ] ] } },
{ "type": "Feature", "properties": { "x_idx": 98816, "y_idx": 89600, "x": 9042808, "y": 3133304, "region": "uttar_pradesh" }, "geometry": { "type": "Polygon", "coordinates": [ [ [ 521730.35697905550478, 2996522.173093414865434 ], [ 524453.202291527879424, 2996527.214219444897026 ], [ 524458.510622777976096, 2993818.544006195385009 ], [ 521735.074221871152986, 2993813.50599354878068 ], [ 521730.35697905550478, 2996522.173093414865434 ] ] ] } },
{ "type": "Feature", "properties": { "x_idx": 97664, "y_idx": 89600, "x": 9037305, "y": 3133304, "region": "uttar_pradesh" }, "geometry": { "type": "Polygon", "coordinates": [ [ [ 516829.242586192500312, 2996514.597022468224168 ], [ 519552.082866048265714, 2996518.56818093592301 ], [ 519556.327241102990229, 2993809.90330745652318 ], [ 516832.895879846357275, 2993805.934601571876556 ], [ 516829.242586192500312, 2996514.597022468224168 ] ] ] } },
{ "type": "Feature", "properties": { "x_idx": 98240, "y_idx": 89600, "x": 9040056, "y": 3133304, "region": "uttar_pradesh" }, "geometry": { "type": "Polygon", "coordinates": [ [ [ 519279.79872497060569, 2996518.144316032528877 ], [ 522002.641371762787458, 2996522.650456689763814 ], [ 522007.41772322828183, 2993813.983062005601823 ], [ 519283.983991727174725, 2993809.479704331140965 ], [ 519279.79872497060569, 2996518.144316032528877 ] ] ] } },
{ "type": "Feature", "properties": { "x_idx": 98240, "y_idx": 89024, "x": 9040056, "y": 3136056, "region": "uttar_pradesh" }, "geometry": { "type": "Polygon", "coordinates": [ [ [ 519276.02976732281968, 2998955.445002716034651 ], [ 521998.340124695328996, 2998959.953644740395248 ], [ 522003.119140168069862, 2996251.809894236270338 ], [ 519280.217368414159864, 2996247.304031702689826 ], [ 519276.02976732281968, 2998955.445002716034651 ] ] ] } },
{ "type": "Feature", "properties": { "x_idx": 98816, "y_idx": 89024, "x": 9042808, "y": 3136056, "region": "uttar_pradesh" }, "geometry": { "type": "Polygon", "coordinates": [ [ [ 521726.108961091085803, 2998959.476016480475664 ], [ 524448.421980790561065, 2998964.519940842874348 ], [ 524453.73327275342308, 2996256.373375311493874 ], [ 521730.828834946732968, 2996251.332560424692929 ], [ 521726.108961091085803, 2998959.476016480475664 ] ] ] } },
{ "type": "Feature", "properties": { "x_idx": 97664, "y_idx": 89024, "x": 9037305, "y": 3136056, "region": "uttar_pradesh" }, "geometry": { "type": "Polygon", "coordinates": [ [ [ 516825.952686200558674, 2998951.895740039180964 ], [ 519548.260679614031687, 2998955.869102908298373 ], [ 519552.507421970716678, 2996247.727870444767177 ], [ 516829.608017484017182, 2996243.756957081146538 ], [ 516825.952686200558674, 2998951.895740039180964 ] ] ] } },
{ "type": "Feature", "properties": { "x_idx": 98240, "y_idx": 88448, "x": 9040056, "y": 3138807, "region": "uttar_pradesh" }, "geometry": { "type": "Polygon", "coordinates": [ [ [ 519272.258711535891052, 3001392.274132432881743 ], [ 521994.036483173549641, 3001396.785272680688649 ], [ 521998.818159335467499, 2998689.165461466182023 ], [ 519276.448644054471515, 2998684.657097216229886 ], [ 519272.258711535891052, 3001392.274132432881743 ] ] ] } },
{ "type": "Feature", "properties": { "x_idx": 97664, "y_idx": 91904, "x": 9037305, "y": 3122297, "region": "uttar_pradesh" }, "geometry": { "type": "Polygon", "coordinates": [ [ [ 516842.383825924014673, 2986760.691923738922924 ], [ 519567.350281007995363, 2986764.654236903879791 ], [ 519571.585157373978291, 2984053.897757651284337 ], [ 516846.028943684126716, 2984049.937909379135817 ], [ 516842.383825924014673, 2986760.691923738922924 ] ] ] } },
{ "type": "Feature", "properties": { "x_idx": 98240, "y_idx": 91904, "x": 9040056, "y": 3122297, "region": "uttar_pradesh" }, "geometry": { "type": "Polygon", "coordinates": [ [ [ 519294.853521838551387, 2986764.231316110584885 ], [ 522019.822355766722467, 2986768.727419869042933 ], [ 522024.588018027250655, 2984057.96840675920248 ], [ 519299.029422185907606, 2984053.475099950097501 ], [ 519294.853521838551387, 2986764.231316110584885 ] ] ] } },
{ "type": "Feature", "properties": { "x_idx": 98816, "y_idx": 91904, "x": 9042808, "y": 3122297, "region": "uttar_pradesh" }, "geometry": { "type": "Polygon", "coordinates": [ [ [ 521747.325343701755628, 2986768.251119864173234 ], [ 524472.296856720815413, 2986773.281017400324345 ], [ 524477.593308248789981, 2984062.519171578343958 ], [ 521752.032029592024628, 2984057.492403051350266 ], [ 521747.325343701755628, 2986768.251119864173234 ] ] ] } },
{ "type": "Feature", "properties": { "x_idx": 99392, "y_idx": 91904, "x": 9045560, "y": 3122297, "region": "uttar_pradesh" }, "geometry": { "type": "Polygon", "coordinates": [ [ [ 524199.799561734718736, 2986772.751337845809758 ], [ 526924.774054086534306, 2986778.315032716840506 ], [ 526930.601298630703241, 2984067.550055331550539 ], [ 524205.037036499183159, 2984061.989821528550237 ], [ 524199.799561734718736, 2986772.751337845809758 ] ] ] } },
{ "type": "Feature", "properties": { "x_idx": 97664, "y_idx": 91328, "x": 9037305, "y": 3125049, "region": "uttar_pradesh" }, "geometry": { "type": "Polygon", "coordinates": [ [ [ 516839.101274594140705, 2989199.874200231861323 ], [ 519563.536632191215176, 2989203.838728876784444 ], [ 519567.773887651157565, 2986493.604706607293338 ], [ 516842.748440133582335, 2986489.642639778088778 ], [ 516839.101274594140705, 2989199.874200231861323 ] ] ] } },
{ "type": "Feature", "properties": { "x_idx": 98816, "y_idx": 91328, "x": 9042808, "y": 3125049, "region": "uttar_pradesh" }, "geometry": { "type": "Polygon", "coordinates": [ [ [ 521743.086814519716427, 2989207.437622987665236 ], [ 524467.527223722892813, 2989212.470332921016961 ], [ 524472.82665071147494, 2986502.230950781609863 ], [ 521747.796144555672072, 2986497.201365950983018 ], [ 521743.086814519716427, 2989207.437622987665236 ] ] ] } },
{ "type": "Feature", "properties": { "x_idx": 98240, "y_idx": 91328, "x": 9040056, "y": 3125049, "region": "uttar_pradesh" }, "geometry": { "type": "Polygon", "coordinates": [ [ [ 519291.092982912668958, 2989203.4155716127716 ], [ 522015.530716377368663, 2989207.914189310278744 ], [ 522020.299055914976634, 2986497.677636344917119 ], [ 519295.271229222533293, 2986493.181812106631696 ], [ 519291.092982912668958, 2989203.4155716127716 ] ] ] } },
{ "type": "Feature", "properties": { "x_idx": 97664, "y_idx": 90752, "x": 9037305, "y": 3127800, "region": "uttar_pradesh" }, "geometry": { "type": "Polygon", "coordinates": [ [ [ 516835.816882673127111, 2991638.585986497346312 ], [ 519559.720844990282785, 2991642.55272785294801 ], [ 519563.960476596374065, 2988932.841459112707525 ], [ 516839.466093454801012, 2988928.877176495734602 ], [ 516835.816882673127111, 2991638.585986497346312 ] ] ] } },
{ "type": "Feature", "properties": { "x_idx": 98816, "y_idx": 90752, "x": 9042808, "y": 3127800, "region": "uttar_pradesh" }, "geometry": { "type": "Polygon", "coordinates": [ [ [ 521738.845908718823921, 2991646.153630601242185 ], [ 524462.754916312522255, 2991651.189149415120482 ], [ 524468.057315075304359, 2988941.472527504898608 ], [ 521743.55787962442264, 2988936.440129886846989 ], [ 521738.845908718823921, 2991646.153630601242185 ] ] ] } },
{ "type": "Feature", "properties": { "x_idx": 98240, "y_idx": 90752, "x": 9040056, "y": 3127800, "region": "uttar_pradesh" }, "geometry": { "type": "Polygon", "coordinates": [ [ [ 519287.330335381964687, 2991642.129334412980825 ], [ 522011.236670589772984, 2991646.630462907254696 ], [ 522016.007684087497182, 2988936.916666634846479 ], [ 519291.510924747621175, 2988932.418328108265996 ], [ 519287.330335381964687, 2991642.129334412980825 ] ] ] } },
{ "type": "Feature", "properties": { "x_idx": 101120, "y_idx": 91904, "x": 9053815, "y": 3122297, "region": "uttar_pradesh" }, "geometry": { "type": "Polygon", "coordinates": [ [ [ 531557.239295034552924, 2986789.134510695934296 ], [ 534282.224526845384389, 2986796.299622704274952 ], [ 534289.644176687579602, 2984085.523457509931177 ], [ 531564.069160166196525, 2984078.36280274624005 ], [ 531557.239295034552924, 2986789.134510695934296 ] ] ] } },
{ "type": "Feature", "properties": { "x_idx": 101696, "y_idx": 91904, "x": 9056567, "y": 3122297, "region": "uttar_pradesh" }, "geometry": { "type": "Polygon", "coordinates": [ [ [ 534009.725799932610244, 2986795.556420828215778 ], [ 536734.715212050941773, 2986803.25534818507731 ], [ 536742.665673661278561, 2984092.474856014363468 ], [ 534017.086471020476893, 2984084.780717961490154 ], [ 534009.725799932610244, 2986795.556420828215778 ] ] ] } },
{ "type": "Feature", "properties": { "x_idx": 102272, "y_idx": 91328, "x": 9059318, "y": 3125049, "region": "uttar_pradesh" }, "geometry": { "type": "Polygon", "coordinates": [ [ [ 536455.109506574226543, 2989241.664394238498062 ], [ 539179.572267425362952, 2989249.901745547074825 ], [ 539188.058310998370871, 2986539.639120278414339 ], [ 536463.005422078538686, 2986531.406883941497654 ], [ 536455.109506574226543, 2989241.664394238498062 ] ] ] } },
{ "type": "Feature", "properties": { "x_idx": 101696, "y_idx": 91328, "x": 9056567, "y": 3125049, "region": "uttar_pradesh" }, "geometry": { "type": "Polygon", "coordinates": [ [ [ 534003.097267731325701, 2989234.758191256318241 ], [ 536727.555553636047989, 2989242.461423307657242 ], [ 536735.510481628472917, 2986532.203418095130473 ], [ 534010.462073884787969, 2986524.504969370085746 ], [ 534003.097267731325701, 2989234.758191256318241 ] ] ] } },
{ "type": "Feature", "properties": { "x_idx": 102848, "y_idx": 91328, "x": 9062070, "y": 3125049, "region": "uttar_pradesh" }, "geometry": { "type": "Polygon", "coordinates": [ [ [ 538907.125757876783609, 2989249.051304267253727 ], [ 541631.593293540994637, 2989257.822780658025295 ], [ 541640.610458698007278, 2986547.555236852262169 ], [ 538915.552788317902014, 2986538.789207078516483 ], [ 538907.125757876783609, 2989249.051304267253727 ] ] ] } },
{ "type": "Feature", "properties": { "x_idx": 101120, "y_idx": 91328, "x": 9053815, "y": 3125049, "region": "uttar_pradesh" }, "geometry": { "type": "Polygon", "coordinates": [ [ [ 531551.088771462789737, 2989228.332690436393023 ], [ 534275.542882290901616, 2989235.501808678731322 ], [ 534282.96670033026021, 2986525.24812504183501 ], [ 531557.922473475453444, 2986518.083458479493856 ], [ 531551.088771462789737, 2989228.332690436393023 ] ] ] } },
{ "type": "Feature", "properties": { "x_idx": 102272, "y_idx": 90752, "x": 9059318, "y": 3127800, "region": "uttar_pradesh" }, "geometry": { "type": "Polygon", "coordinates": [ [ [ 536447.998976347153075, 2991680.399504547938704 ], [ 539171.930307582719252, 2991688.641453255899251 ], [ 539180.421109819668345, 2988978.901617270428687 ], [ 536455.899319609161466, 2988970.664777139667422 ], [ 536447.998976347153075, 2991680.399504547938704 ] ] ] } },
{ "type": "Feature", "properties": { "x_idx": 101696, "y_idx": 90752, "x": 9056567, "y": 3127800, "region": "uttar_pradesh" }, "geometry": { "type": "Polygon", "coordinates": [ [ [ 533996.465018838294782, 2991673.489447087980807 ], [ 536720.391880734474398, 2991681.19697845261544 ], [ 536728.351269575068727, 2988971.461756747681648 ], [ 534003.833954933914356, 2988963.759002730250359 ], [ 533996.465018838294782, 2991673.489447087980807 ] ] ] } },
{ "type": "Feature", "properties": { "x_idx": 102272, "y_idx": 90176, "x": 9059318, "y": 3130552, "region": "uttar_pradesh" }, "geometry": { "type": "Polygon", "coordinates": [ [ [ 536440.884466357063502, 2994118.663828886114061 ], [ 539164.284070551395416, 2994126.910369238816202 ], [ 539172.779625548282638, 2991417.693618723656982 ], [ 536448.78923188324552, 2991409.452180553693324 ], [ 536440.884466357063502, 2994118.663828886114061 ] ] ] } },
{ "type": "Feature", "properties": { "x_idx": 102848, "y_idx": 90176, "x": 9062070, "y": 3130552, "region": "uttar_pradesh" }, "geometry": { "type": "Polygon", "coordinates": [ [ [ 538891.943877253565006, 2994126.058979264926165 ], [ 541615.348244294757023, 2994134.840240502264351 ], [ 541624.375516138388775, 2991425.618583746254444 ], [ 538900.380352978361771, 2991416.842755509074777 ], [ 538891.943877253565006, 2994126.058979264926165 ] ] ] } },
{ "type": "Feature", "properties": { "x_idx": 102848, "y_idx": 90752, "x": 9062070, "y": 3127800, "region": "uttar_pradesh" }, "geometry": { "type": "Polygon", "coordinates": [ [ [ 538899.536941288271919, 2991687.790537331718951 ], [ 541623.473041353980079, 2991696.566909209825099 ], [ 541632.495262991054915, 2988986.822160835377872 ], [ 538907.96869730274193, 2988978.051228766329587 ], [ 538899.536941288271919, 2991687.790537331718951 ] ] ] } },
{ "type": "Feature", "properties": { "x_idx": 104000, "y_idx": 90176, "x": 9067574, "y": 3130552, "region": "uttar_pradesh" }, "geometry": { "type": "Polygon", "coordinates": [ [ [ 543794.075783069827594, 2994142.293031065259129 ], [ 546517.490573161281645, 2994152.1437530615367 ], [ 546527.581298213801347, 2991442.911390617955476 ], [ 543803.575697454856709, 2991433.066763255745173 ], [ 543794.075783069827594, 2994142.293031065259129 ] ] ] } },
{ "type": "Feature", "properties": { "x_idx": 103424, "y_idx": 90176, "x": 9064822, "y": 3130552, "region": "uttar_pradesh" }, "geometry": { "type": "Polygon", "coordinates": [ [ [ 541343.007559755002148, 2994133.935378136578947 ], [ 544066.416988762095571, 2994143.251366462092847 ], [ 544075.975983832380734, 2991434.024505730252713 ], [ 541351.975751640857197, 2991424.714281221386045 ], [ 541343.007559755002148, 2994133.935378136578947 ] ] ] } },
{ "type": "Feature", "properties": { "x_idx": 104000, "y_idx": 89600, "x": 9067574, "y": 3133304, "region": "uttar_pradesh" }, "geometry": { "type": "Polygon", "coordinates": [ [ [ 543785.520817638142034, 2996580.09944332158193 ], [ 546508.403564553824253, 2996589.955643232446164 ], [ 546518.499927694327198, 2993881.246681659482419 ], [ 543795.026040024589747, 2993871.396568744443357 ], [ 543785.520817638142034, 2996580.09944332158193 ] ] ] } },
{ "type": "Feature", "properties": { "x_idx": 103424, "y_idx": 89600, "x": 9064822, "y": 3133304, "region": "uttar_pradesh" }, "geometry": { "type": "Polygon", "coordinates": [ [ [ 541334.931426789495163, 2996571.737142744474113 ], [ 544057.808819356258027, 2996581.058311643078923 ], [ 544067.373155436594971, 2993872.354844885878265 ], [ 541343.904629599419422, 2993863.039432581048459 ], [ 541334.931426789495163, 2996571.737142744474113 ] ] ] } },
{ "type": "Feature", "properties": { "x_idx": 102848, "y_idx": 89600, "x": 9062070, "y": 3133304, "region": "uttar_pradesh" }, "geometry": { "type": "Polygon", "coordinates": [ [ [ 538884.346571049652994, 2996563.856363832484931 ], [ 541607.218908009817824, 2996572.642508300952613 ], [ 541616.251223786151968, 2993863.944238997995853 ], [ 538892.787760621518828, 2993855.163520719856024 ], [ 538884.346571049652994, 2996563.856363832484931 ] ] ] } },
{ "type": "Feature", "properties": { "x_idx": 102848, "y_idx": 89024, "x": 9062070, "y": 3136056, "region": "uttar_pradesh" }, "geometry": { "type": "Polygon", "coordinates": [ [ [ 538876.745027953758836, 2999001.182425128761679 ], [ 541599.085038146004081, 2999009.973446699790657 ], [ 541608.122391580720432, 2996301.798860322218388 ], [ 538885.190925509203225, 2996293.013258132617921 ], [ 538876.745027953758836, 2999001.182425128761679 ] ] ] } },
{ "type": "Feature", "properties": { "x_idx": 104000, "y_idx": 89024, "x": 9067574, "y": 3136056, "region": "uttar_pradesh" }, "geometry": { "type": "Polygon", "coordinates": [ [ [ 543776.9610812778119, 2999017.434520977083594 ], [ 546499.311488330131397, 2999027.296191926579922 ], [ 546509.41348254494369, 2996319.110926697961986 ], [ 543786.471605062833987, 2996309.25533510511741 ], [ 543776.9610812778119, 2999017.434520977083594 ] ] ] } },
{ "type": "Feature", "properties": { "x_idx": 103424, "y_idx": 89024, "x": 9064822, "y": 3136056, "region": "uttar_pradesh" }, "geometry": { "type": "Polygon", "coordinates": [ [ [ 541326.850789913907647, 2999009.067578584887087 ], [ 544049.195849352981895, 2999018.393921553622931 ], [ 544058.765519799431786, 2996310.2141442457214 ], [ 541335.828997414675541, 2996300.893550645094365 ], [ 541326.850789913907647, 2999009.067578584887087 ] ] ] } },
{ "type": "Feature", "properties": { "x_idx": 99392, "y_idx": 90176, "x": 9045560, "y": 3130552, "region": "uttar_pradesh" }, "geometry": { "type": "Polygon", "coordinates": [ [ [ 524185.64206380728865, 2994088.906633402686566 ], [ 526909.022340515279211, 2994094.479649174958467 ], [ 526914.859393824241124, 2991385.282963843550533 ], [ 524190.888354622351471, 2991379.713396176230162 ], [ 524185.64206380728865, 2994088.906633402686566 ] ] ] } },
{ "type": "Feature", "properties": { "x_idx": 99968, "y_idx": 90176, "x": 9048312, "y": 3130552, "region": "uttar_pradesh" }, "geometry": { "type": "Polygon", "coordinates": [ [ [ 526636.684154745191336, 2994093.895612893626094 ], [ 529360.067698717000894, 2994100.003324195742607 ], [ 529366.436442610109225, 2991390.803221296519041 ], [ 526642.462131584063172, 2991384.699288913980126 ], [ 526636.684154745191336, 2994093.895612893626094 ] ] ] } },
{ "type": "Feature", "properties": { "x_idx": 100544, "y_idx": 90176, "x": 9051063, "y": 3130552, "region": "uttar_pradesh" }, "geometry": { "type": "Polygon", "coordinates": [ [ [ 529087.729171263403259, 2994099.365818152669817 ], [ 531811.116281615337357, 2994106.008229300379753 ], [ 531818.016720593557693, 2991396.804411098826677 ], [ 529094.038838209584355, 2991390.166109685786068 ], [ 529087.729171263403259, 2994099.365818152669817 ] ] ] } },
{ "type": "Feature", "properties": { "x_idx": 99392, "y_idx": 89600, "x": 9045560, "y": 3133304, "region": "uttar_pradesh" }, "geometry": { "type": "Polygon", "coordinates": [ [ [ 524180.917617315659299, 2996526.683357461355627 ], [ 526903.765894206939265, 2996532.259472422301769 ], [ 526909.606208991259336, 2993823.586143247317523 ], [ 524186.166839522484224, 2993818.013472069986165 ], [ 524180.917617315659299, 2996526.683357461355627 ] ] ] } },
{ "type": "Feature", "properties": { "x_idx": 100544, "y_idx": 89600, "x": 9051063, "y": 3133304, "region": "uttar_pradesh" }, "geometry": { "type": "Polygon", "coordinates": [ [ [ 529082.047121823648922, 2996537.148358623497188 ], [ 531804.902223774115555, 2996543.794463639613241 ], [ 531811.806518378900364, 2993835.114010533317924 ], [ 529088.360314312274568, 2993828.472010101657361 ], [ 529082.047121823648922, 2996537.148358623497188 ] ] ] } },
{ "type": "Feature", "properties": { "x_idx": 99968, "y_idx": 89600, "x": 9048312, "y": 3133304, "region": "uttar_pradesh" }, "geometry": { "type": "Polygon", "coordinates": [ [ [ 526631.480908617144451, 2996531.675111355725676 ], [ 529354.332448667730205, 2996537.786219186615199 ], [ 529360.704751111683436, 2993829.109476726036519 ], [ 526637.26211392309051, 2993823.002143079414964 ], [ 526631.480908617144451, 2996531.675111355725676 ] ] ] } },
{ "type": "Feature", "properties": { "x_idx": 101120, "y_idx": 89600, "x": 9053815, "y": 3133304, "region": "uttar_pradesh" }, "geometry": { "type": "Polygon", "coordinates": [ [ [ 531532.616525802994147, 2996543.103103130124509 ], [ 534255.475488394033164, 2996550.284210025332868 ], [ 534262.911780036636628, 2993841.599748911801726 ], [ 531539.461709933821112, 2993834.423077002167702 ], [ 531532.616525802994147, 2996543.103103130124509 ] ] ] } },
{ "type": "Feature", "properties": { "x_idx": 100544, "y_idx": 89024, "x": 9051063, "y": 3136056, "region": "uttar_pradesh" }, "geometry": { "type": "Polygon", "coordinates": [ [ [ 529076.36190356197767, 2998974.459594452288002 ], [ 531798.684700425132178, 2998981.109388701617718 ], [ 531805.592845860519446, 2996272.952596163377166 ], [ 529082.678617207566276, 2996266.306901347823441 ], [ 529076.36190356197767, 2998974.459594452288002 ] ] ] } },
{ "type": "Feature", "properties": { "x_idx": 101120, "y_idx": 89024, "x": 9053815, "y": 3136056, "region": "uttar_pradesh" }, "geometry": { "type": "Polygon", "coordinates": [ [ [ 531526.452233199030161, 2998980.41764442063868 ], [ 534248.778885846259072, 2998987.602737515233457 ], [ 534256.219325026031584, 2996279.441941999364644 ], [ 531533.301235192921013, 2996272.261278324294835 ], [ 531526.452233199030161, 2998980.41764442063868 ] ] ] } },
{ "type": "Feature", "properties": { "x_idx": 99968, "y_idx": 89024, "x": 9048312, "y": 3136056, "region": "uttar_pradesh" }, "geometry": { "type": "Polygon", "coordinates": [ [ [ 526626.274760683998466, 2998968.983308994211257 ], [ 529348.594000127865002, 2998975.097809090744704 ], [ 529354.969856696203351, 2996266.944722541607916 ], [ 526632.059190440922976, 2996260.833991892635822 ], [ 526626.274760683998466, 2998968.983308994211257 ] ] ] } },
{ "type": "Feature", "properties": { "x_idx": 101696, "y_idx": 90176, "x": 9056567, "y": 3130552, "region": "uttar_pradesh" }, "geometry": { "type": "Polygon", "coordinates": [ [ [ 533989.829057864961214, 2994111.749921774026006 ], [ 536713.224198327283375, 2994119.461747068911791 ], [ 536721.18804248154629, 2991410.249605059158057 ], [ 533997.202118778950535, 2991402.542551131453365 ], [ 533989.829057864961214, 2994111.749921774026006 ] ] ] } },
{ "type": "Feature", "properties": { "x_idx": 101120, "y_idx": 90176, "x": 9053815, "y": 3130552, "region": "uttar_pradesh" }, "geometry": { "type": "Polygon", "coordinates": [ [ [ 531538.777382567990571, 2994105.317253044806421 ], [ 534262.168358416645788, 2994112.494368731044233 ], [ 534269.600497356732376, 2991403.286537491716444 ], [ 531545.618744080536999, 2991396.113862356636673 ], [ 531538.777382567990571, 2994105.317253044806421 ] ] ] } },
{ "type": "Feature", "properties": { "x_idx": 102272, "y_idx": 89600, "x": 9059318, "y": 3133304, "region": "uttar_pradesh" }, "geometry": { "type": "Polygon", "coordinates": [ [ [ 536433.765981548349373, 2996556.457101019099355 ], [ 539156.633561645168811, 2996564.708227262366563 ], [ 539165.133863497758284, 2993856.014858051203191 ], [ 536441.675163844949566, 2993847.768827596213669 ], [ 536433.765981548349373, 2996556.457101019099355 ] ] ] } },
{ "type": "Feature", "properties": { "x_idx": 101696, "y_idx": 89600, "x": 9056567, "y": 3133304, "region": "uttar_pradesh" }, "geometry": { "type": "Polygon", "coordinates": [ [ [ 533983.189389423117973, 2996549.539349080063403 ], [ 536706.05251139565371, 2996557.255462924484164 ], [ 536714.020805328967981, 2993848.56669644266367 ], [ 533990.566570031223819, 2993840.855347985867411 ], [ 533983.189389423117973, 2996549.539349080063403 ] ] ] } },
{ "type": "Feature", "properties": { "x_idx": 101696, "y_idx": 89024, "x": 9056567, "y": 3136056, "region": "uttar_pradesh" }, "geometry": { "type": "Polygon", "coordinates": [ [ [ 533976.546018124790862, 2998986.857463102322072 ], [ 536698.876824921462685, 2998994.577860113233328 ], [ 536706.849563098629005, 2996286.412764632608742 ], [ 533983.927313302527182, 2996278.697127027437091 ], [ 533976.546018124790862, 2998986.857463102322072 ] ] ] } },
{ "type": "Feature", "properties": { "x_idx": 102272, "y_idx": 89024, "x": 9059318, "y": 3136056, "region": "uttar_pradesh" }, "geometry": { "type": "Polygon", "coordinates": [ [ [ 536426.643526865518652, 2998993.779055043123662 ], [ 539148.978786178282462, 2999002.034761420916766 ], [ 539157.483828981756233, 2996293.865068986080587 ], [ 536434.557120438432321, 2996285.61445200163871 ], [ 536426.643526865518652, 2998993.779055043123662 ] ] ] } },
{ "type": "Feature", "properties": { "x_idx": 102272, "y_idx": 88448, "x": 9059318, "y": 3138807, "region": "uttar_pradesh" }, "geometry": { "type": "Polygon", "coordinates": [ [ [ 536419.517107253661379, 3001430.629425374791026 ], [ 539141.319749465561472, 3001438.889706130605191 ], [ 539149.829527314868756, 2998731.243985583074391 ], [ 536427.435106608550996, 2998722.988787825219333 ], [ 536419.517107253661379, 3001430.629425374791026 ] ] ] } },
{ "type": "Feature", "properties": { "x_idx": 101696, "y_idx": 88448, "x": 9056567, "y": 3138807, "region": "uttar_pradesh" }, "geometry": { "type": "Polygon", "coordinates": [ [ [ 533969.898948582471348, 3001423.703998257406056 ], [ 536691.697143886587583, 3001431.42867305316031 ], [ 536699.674320771940984, 2998723.787543682381511 ], [ 533977.284353205002844, 2998716.067622312810272 ], [ 533969.898948582471348, 3001423.703998257406056 ] ] ] } },
{ "type": "Feature", "properties": { "x_idx": 101120, "y_idx": 88448, "x": 9053815, "y": 3138807, "region": "uttar_pradesh" }, "geometry": { "type": "Polygon", "coordinates": [ [ [ 531520.284509035642259, 3001417.260611333884299 ], [ 534242.078555422951467, 3001424.449685619212687 ], [ 534249.523136973730288, 2998716.812850810587406 ], [ 531527.137324137380347, 2998709.628200379665941 ], [ 531520.284509035642259, 3001417.260611333884299 ] ] ] } },
{ "type": "Feature", "properties": { "x_idx": 101120, "y_idx": 87872, "x": 9053815, "y": 3141559, "region": "uttar_pradesh" }, "geometry": { "type": "Polygon", "coordinates": [ [ [ 531514.113357592956163, 3003853.631738607306033 ], [ 534235.374501773621887, 3003860.824789072852582 ], [ 534242.823220529127866, 3001153.712209728546441 ], [ 531520.969981047092006, 3001146.523577551357448 ], [ 531514.113357592956163, 3003853.631738607306033 ] ] ] } },
{ "type": "Feature", "properties": { "x_idx": 99392, "y_idx": 89024, "x": 9045560, "y": 3136056, "region": "uttar_pradesh" }, "geometry": { "type": "Polygon", "coordinates": [ [ [ 524176.190536035457626, 2998963.988784178160131 ], [ 526898.506516424939036, 2998969.567994439043105 ], [ 526904.350088627659716, 2996261.41831689234823 ], [ 524181.44268598780036, 2996255.842546092811972 ], [ 524176.190536035457626, 2998963.988784178160131 ] ] ] } },
{ "type": "Feature", "properties": { "x_idx": 99968, "y_idx": 88448, "x": 9048312, "y": 3138807, "region": "uttar_pradesh" }, "geometry": { "type": "Polygon", "coordinates": [ [ [ 526621.065714560099877, 3001405.819940227083862 ], [ 529342.852357081603259, 3001411.937828327529132 ], [ 529349.231763347517699, 2998704.308692798018456 ], [ 526626.853364752023481, 2998698.194569409824908 ], [ 526621.065714560099877, 3001405.819940227083862 ] ] ] } },
{ "type": "Feature", "properties": { "x_idx": 99392, "y_idx": 88448, "x": 9045560, "y": 3138807, "region": "uttar_pradesh" }, "geometry": { "type": "Polygon", "coordinates": [ [ [ 524171.460823248664383, 3001400.822647972498089 ], [ 526893.244210820761509, 3001406.4049496431835 ], [ 526899.091036384692416, 2998698.779218832496554 ], [ 524176.715897299814969, 2998693.200352301821113 ], [ 524171.460823248664383, 3001400.822647972498089 ] ] ] } },
{ "type": "Feature", "properties": { "x_idx": 100544, "y_idx": 88448, "x": 9051063, "y": 3138807, "region": "uttar_pradesh" }, "geometry": { "type": "Polygon", "coordinates": [ [ [ 529070.673520425334573, 3001411.299260059371591 ], [ 531792.463715885183774, 3001417.952738904859871 ], [ 531799.375707354745828, 2998710.319902042858303 ], [ 529076.993750842288136, 2998703.670517480466515 ], [ 529070.673520425334573, 3001411.299260059371591 ] ] ] } },
{ "type": "Feature", "properties": { "x_idx": 100544, "y_idx": 87872, "x": 9051063, "y": 3141559, "region": "uttar_pradesh" }, "geometry": { "type": "Polygon", "coordinates": [ [ [ 529064.981976361130364, 3003847.667090178932995 ], [ 531786.239274471299723, 3003854.324248984921724 ], [ 531793.155107178376056, 3001147.215662557631731 ], [ 529071.30571916338522, 3001140.562592882663012 ], [ 529064.981976361130364, 3003847.667090178932995 ] ] ] } },
{ "type": "Feature", "properties": { "x_idx": 99392, "y_idx": 87872, "x": 9045560, "y": 3141559, "region": "uttar_pradesh" }, "geometry": { "type": "Polygon", "coordinates": [ [ [ 524166.728482237260323, 3003837.184683580417186 ], [ 526887.978981045889668, 3003842.770072770770639 ], [ 526893.829055913724005, 3001135.668583453632891 ], [ 524171.986476740508806, 3001130.086625081487 ], [ 524166.728482237260323, 3003837.184683580417186 ] ] ] } },
{ "type": "Feature", "properties": { "x_idx": 99968, "y_idx": 87872, "x": 9048312, "y": 3141559, "region": "uttar_pradesh" }, "geometry": { "type": "Polygon", "coordinates": [ [ [ 526615.853773860260844, 3003842.184739792253822 ], [ 529337.107523513142951, 3003848.306011632084846 ], [ 529343.490475049591623, 3001141.201121880672872 ], [ 526621.644640470854938, 3001135.083610014989972 ], [ 526615.853773860260844, 3003842.184739792253822 ] ] ] } },
{ "type": "Feature", "properties": { "x_idx": 99968, "y_idx": 87296, "x": 9048312, "y": 3144311, "region": "uttar_pradesh" }, "geometry": { "type": "Polygon", "coordinates": [ [ [ 526610.63894219964277, 3006278.077442754991353 ], [ 529331.359503407264128, 3006284.202094071079046 ], [ 529337.745995786855929, 3003577.621744490228593 ], [ 526616.43302121211309, 3003571.500848410651088 ], [ 526610.63894219964277, 3006278.077442754991353 ] ] ] } },
{ "type": "Feature", "properties": { "x_idx": 100544, "y_idx": 87296, "x": 9051063, "y": 3144311, "region": "uttar_pradesh" }, "geometry": { "type": "Polygon", "coordinates": [ [ [ 529059.287275317241438, 3006283.562819878105074 ], [ 531780.01138050085865, 3006290.223654007539153 ], [ 531786.931049648439512, 3003583.639612408354878 ], [ 529065.61452611850109, 3003576.982862257864326 ], [ 529059.287275317241438, 3006283.562819878105074 ] ] ] } },
{ "type": "Feature", "properties": { "x_idx": 101120, "y_idx": 87296, "x": 9053815, "y": 3144311, "region": "uttar_pradesh" }, "geometry": { "type": "Polygon", "coordinates": [ [ [ 531507.938783151446842, 3006289.530761304311454 ], [ 534228.666729548363946, 3006296.727782941423357 ], [ 534236.119580341968685, 3003590.139753456227481 ], [ 531514.799210201832466, 3003582.947144540492445 ], [ 531507.938783151446842, 3006289.530761304311454 ] ] ] } },
{ "type": "Feature", "properties": { "x_idx": 103424, "y_idx": 88448, "x": 9064822, "y": 3138807, "region": "uttar_pradesh" }, "geometry": { "type": "Polygon", "coordinates": [ [ [ 541318.765654738643207, 3001445.926420073956251 ], [ 544040.578084732405841, 3001455.257930610794574 ], [ 544050.153082900564186, 2998747.602137862704694 ], [ 541327.748860696563497, 2998738.276369469240308 ], [ 541318.765654738643207, 3001445.926420073956251 ] ] ] } },
{ "type": "Feature", "properties": { "x_idx": 104000, "y_idx": 88448, "x": 9067574, "y": 3138807, "region": "uttar_pradesh" }, "geometry": { "type": "Polygon", "coordinates": [ [ [ 543768.396579931955785, 3001454.297998447436839 ], [ 546490.214350803056732, 3001464.165133561007679 ], [ 546500.321969078038819, 2998756.503859788179398 ], [ 543777.912398512242362, 2998746.642796392086893 ], [ 543768.396579931955785, 3001454.297998447436839 ] ] ] } },
{ "type": "Feature", "properties": { "x_idx": 102848, "y_idx": 88448, "x": 9062070, "y": 3138807, "region": "uttar_pradesh" }, "geometry": { "type": "Polygon", "coordinates": [ [ [ 538869.139253243803978, 3001438.036897571757436 ], [ 541590.946640350855887, 3001446.832790115382522 ], [ 541599.989025169052184, 2998739.182181775104254 ], [ 538877.589852918405086, 2998730.391701802611351 ], [ 538869.139253243803978, 3001438.036897571757436 ] ] ] } },
{ "type": "Feature", "properties": { "x_idx": 102848, "y_idx": 87872, "x": 9062070, "y": 3141559, "region": "uttar_pradesh" }, "geometry": { "type": "Polygon", "coordinates": [ [ [ 538861.529252197593451, 3003874.41951589519158 ], [ 541582.803720271913335, 3003883.220273283310235 ], [ 541591.851130198454484, 3001176.093937738798559 ], [ 538869.98454812716227, 3001167.29858611151576 ], [ 538861.529252197593451, 3003874.41951589519158 ] ] ] } },
{ "type": "Feature", "properties": { "x_idx": 103424, "y_idx": 87872, "x": 9064822, "y": 3141559, "region": "uttar_pradesh" }, "geometry": { "type": "Polygon", "coordinates": [ [ [ 541310.676026874454692, 3003882.313401946332306 ], [ 544031.955531474901363, 3003891.650073549244553 ], [ 544041.535850720014423, 3001184.518560119438916 ], [ 541319.664225055254065, 3001175.187623435165733 ], [ 541310.676026874454692, 3003882.313401946332306 ] ] ] } },
{ "type": "Feature", "properties": { "x_idx": 104000, "y_idx": 87872, "x": 9067574, "y": 3141559, "region": "uttar_pradesh" }, "geometry": { "type": "Polygon", "coordinates": [ [ [ 543759.827319544041529, 3003890.68961046775803 ], [ 546481.112158285453916, 3003900.56220286898315 ], [ 546491.225393606233411, 3001193.4252153118141 ], [ 543769.348426315700635, 3001183.558686987962574 ], [ 543759.827319544041529, 3003890.68961046775803 ] ] ] } },
{ "type": "Feature", "properties": { "x_idx": 102848, "y_idx": 87296, "x": 9062070, "y": 3144311, "region": "uttar_pradesh" }, "geometry": { "type": "Polygon", "coordinates": [ [ [ 538853.915030093747191, 3006310.330015165731311 ], [ 541574.656283557298593, 3006319.135631267447025 ], [ 541583.708712316583842, 3003612.533862913027406 ], [ 538862.375016413279809, 3003603.733645760454237 ], [ 538853.915030093747191, 3006310.330015165731311 ] ] ] } },
{ "type": "Feature", "properties": { "x_idx": 104000, "y_idx": 87296, "x": 9067574, "y": 3144311, "region": "uttar_pradesh" }, "geometry": { "type": "Polygon", "coordinates": [ [ [ 543751.253306057769805, 3006326.609092101920396 ], [ 546472.004917090875097, 3006336.487134913913906 ], [ 546482.123762442497537, 3003629.874727968592197 ], [ 543760.779694416676648, 3003620.002741593401879 ], [ 543751.253306057769805, 3006326.609092101920396 ] ] ] } },
{ "type": "Feature", "properties": { "x_idx": 101696, "y_idx": 87872, "x": 9056567, "y": 3141559, "region": "uttar_pradesh" }, "geometry": { "type": "Polygon", "coordinates": [ [ [ 533963.248185408767313, 3003860.078689281828701 ], [ 536684.513473273487762, 3003867.807636478915811 ], [ 536692.495083331130445, 3001160.69076797645539 ], [ 533970.637694350793026, 3001152.966568224597722 ], [ 533963.248185408767313, 3003860.078689281828701 ] ] ] } },
{ "type": "Feature", "properties": { "x_idx": 102272, "y_idx": 87872, "x": 9059318, "y": 3141559, "region": "uttar_pradesh" }, "geometry": { "type": "Polygon", "coordinates": [ [ [ 536412.386727658333257, 3003867.00794674968347 ], [ 539133.656456822063774, 3003875.272796127945185 ], [ 539142.170963811455294, 3001168.151342225726694 ], [ 536420.3091273001628, 3001159.891569449566305 ], [ 536412.386727658333257, 3003867.00794674968347 ] ] ] } },
{ "type": "Feature", "properties": { "x_idx": 101696, "y_idx": 87296, "x": 9056567, "y": 3144311, "region": "uttar_pradesh" }, "geometry": { "type": "Polygon", "coordinates": [ [ [ 533956.593733216868713, 3006295.981271240860224 ], [ 536677.325818064738996, 3006303.714485456235707 ], [ 536685.311855758423917, 3003597.122172216884792 ], [ 533963.987341352854855, 3003589.393699464853853 ], [ 533956.593733216868713, 3006295.981271240860224 ] ] ] } },
{ "type": "Feature", "properties": { "x_idx": 102272, "y_idx": 87296, "x": 9059318, "y": 3144311, "region": "uttar_pradesh" }, "geometry": { "type": "Polygon", "coordinates": [ [ [ 536405.252393025089987, 3006302.914354232605547 ], [ 539125.988913562963717, 3006311.18376647727564 ], [ 539134.508143786573783, 3003604.586873614694923 ], [ 536413.17918745870702, 3003596.322531576268375 ], [ 536405.252393025089987, 3006302.914354232605547 ] ] ] } },
{ "type": "Feature", "properties": { "x_idx": 102272, "y_idx": 86720, "x": 9059318, "y": 3147062, "region": "uttar_pradesh" }, "geometry": { "type": "Polygon", "coordinates": [ [ [ 536398.114108300069347, 3008738.348383207805455 ], [ 539118.317125004134141, 3008746.622352561913431 ], [ 539126.841072555631399, 3006040.550314775668085 ], [ 536406.045292029972188, 3006032.28140923101455 ], [ 536398.114108300069347, 3008738.348383207805455 ] ] ] } },
{ "type": "Feature", "properties": { "x_idx": 102848, "y_idx": 86720, "x": 9062070, "y": 3147062, "region": "uttar_pradesh" }, "geometry": { "type": "Polygon", "coordinates": [ [ [ 538846.296592211001553, 3008745.76813076576218 ], [ 541566.504335855483077, 3008754.578599451575428 ], [ 541575.561777171562426, 3006048.501692324411124 ], [ 538854.761263055144809, 3006039.696615776978433 ], [ 538846.296592211001553, 3008745.76813076576218 ] ] ] } },
{ "type": "Feature", "properties": { "x_idx": 101696, "y_idx": 86720, "x": 9056567, "y": 3147062, "region": "uttar_pradesh" }, "geometry": { "type": "Polygon", "coordinates": [ [ [ 533949.935596620081924, 3008731.411479519214481 ], [ 536670.134183243382722, 3008739.148955368902534 ], [ 536678.124643036513589, 3006033.081491427961737 ], [ 533957.333298824029043, 3006025.348751059733331 ], [ 533949.935596620081924, 3008731.411479519214481 ] ] ] } },
{ "type": "Feature", "properties": { "x_idx": 101696, "y_idx": 86144, "x": 9056567, "y": 3149814, "region": "uttar_pradesh" }, "geometry": { "type": "Polygon", "coordinates": [ [ [ 533943.273780231946148, 3011166.369049821048975 ], [ 536662.938573792693205, 3011174.11078192293644 ], [ 536670.933450148208067, 3008468.56846096040681 ], [ 533950.675571377738379, 3008460.83145835949108 ], [ 533943.273780231946148, 3011166.369049821048975 ] ] ] } },
{ "type": "Feature", "properties": { "x_idx": 101120, "y_idx": 86144, "x": 9053815, "y": 3149814, "region": "uttar_pradesh" }, "geometry": { "type": "Polygon", "coordinates": [ [ [ 531495.579382394324057, 3011159.911434834823012 ], [ 534215.240047971252352, 3011167.116383781190962 ], [ 534222.701147339888848, 3008461.578335765283555 ], [ 531502.447402368532494, 3008454.37778840539977 ], [ 531495.579382394324057, 3011159.911434834823012 ] ] ] } },
{ "type": "Feature", "properties": { "x_idx": 102272, "y_idx": 86144, "x": 9059318, "y": 3149814, "region": "uttar_pradesh" }, "geometry": { "type": "Polygon", "coordinates": [ [ [ 536390.971878429525532, 3011173.309769380837679 ], [ 539110.641096461564302, 3011181.588290087878704 ], [ 539119.169755434268154, 3008476.041401057969779 ], [ 536398.907445959746838, 3008467.767937764991075 ], [ 536390.971878429525532, 3011173.309769380837679 ] ] ] } },
{ "type": "Feature", "properties": { "x_idx": 103424, "y_idx": 87296, "x": 9064822, "y": 3144311, "region": "uttar_pradesh" }, "geometry": { "type": "Polygon", "coordinates": [ [ [ 541302.581911932327785, 3006318.228259266819805 ], [ 544023.32819556130562, 3006327.570085431449115 ], [ 544032.913829237921163, 3003620.963145716115832 ], [ 541311.575096101616509, 3003611.627047244459391 ], [ 541302.581911932327785, 3006318.228259266819805 ] ] ] } },
{ "type": "Feature", "properties": { "x_idx": 104000, "y_idx": 86720, "x": 9067574, "y": 3147062, "region": "uttar_pradesh" }, "geometry": { "type": "Polygon", "coordinates": [ [ [ 543742.674545417306945, 3008762.056178733240813 ], [ 546462.892633533221669, 3008771.939665080048144 ], [ 546473.017081900150515, 3006065.852132782805711 ], [ 543752.206208758987486, 3006055.97469523223117 ], [ 543742.674545417306945, 3008762.056178733240813 ] ] ] } },
{ "type": "Feature", "properties": { "x_idx": 103424, "y_idx": 86720, "x": 9064822, "y": 3147062, "region": "uttar_pradesh" }, "geometry": { "type": "Polygon", "coordinates": [ [ [ 541294.483315523830242, 3008753.670727418735623 ], [ 544014.696082972572185, 3008763.017701642587781 ], [ 544024.287024435121566, 3006056.935629678424448 ], [ 541303.481479446636513, 3006047.594375920947641 ], [ 541294.483315523830242, 3008753.670727418735623 ] ] ] } },
{ "type": "Feature", "properties": { "x_idx": 103424, "y_idx": 86144, "x": 9064822, "y": 3149814, "region": "uttar_pradesh" }, "geometry": { "type": "Polygon", "coordinates": [ [ [ 541286.380243260762654, 3011188.640542106702924 ], [ 544006.059199690469541, 3011197.992657886818051 ], [ 544015.655442292802036, 3008492.435747354291379 ], [ 541295.383380701649003, 3008483.089344816282392 ], [ 541286.380243260762654, 3011188.640542106702924 ] ] ] } },
{ "type": "Feature", "properties": { "x_idx": 104000, "y_idx": 86144, "x": 9067574, "y": 3149814, "region": "uttar_pradesh" }, "geometry": { "type": "Polygon", "coordinates": [ [ [ 543734.091043567401357, 3011197.030606066342443 ], [ 546453.77531392686069, 3011206.919529070612043 ], [ 546463.905358293326572, 3008501.357165103312582 ], [ 543743.627975286566652, 3008491.474283254239708 ], [ 543734.091043567401357, 3011197.030606066342443 ] ] ] } },
{ "type": "Feature", "properties": { "x_idx": 102848, "y_idx": 86144, "x": 9062070, "y": 3149814, "region": "uttar_pradesh" }, "geometry": { "type": "Polygon", "coordinates": [ [ [ 538838.673943828209303, 3011180.733598400838673 ], [ 541558.347882815171033, 3011189.548913540318608 ], [ 541567.410330411512405, 3008483.997161321341991 ], [ 538847.143293331493624, 3008475.187231508549303 ], [ 538838.673943828209303, 3011180.733598400838673 ] ] ] } },
{ "type": "Feature", "properties": { "x_idx": 102848, "y_idx": 85568, "x": 9062070, "y": 3152566, "region": "uttar_pradesh" }, "geometry": { "type": "Polygon", "coordinates": [ [ [ 538831.047090225038119, 3013615.226154107600451 ], [ 541550.186930085532367, 3013624.046309569384903 ], [ 541559.25437768548727, 3010919.020005573052913 ], [ 538839.521112521411851, 3010910.205228625796735 ], [ 538831.047090225038119, 3013615.226154107600451 ] ] ] } },
{ "type": "Feature", "properties": { "x_idx": 103424, "y_idx": 85568, "x": 9064822, "y": 3152566, "region": "uttar_pradesh" }, "geometry": { "type": "Polygon", "coordinates": [ [ [ 541278.272700755158439, 3013623.137439366895705 ], [ 543997.417551696882583, 3013632.494690197985619 ], [ 544007.019088792381808, 3010927.463234413880855 ], [ 541287.280805478687398, 3010918.111689596902579 ], [ 541278.272700755158439, 3013623.137439366895705 ] ] ] } },
{ "type": "Feature", "properties": { "x_idx": 99392, "y_idx": 87296, "x": 9045560, "y": 3144311, "region": "uttar_pradesh" }, "geometry": { "type": "Polygon", "coordinates": [ [ [ 524161.993516283750068, 3006273.074626068584621 ], [ 526882.710830752621405, 3006278.663098888471723 ], [ 526888.564150866353884, 3003572.086145458277315 ], [ 524167.254427592037246, 3003566.501099133398384 ], [ 524161.993516283750068, 3006273.074626068584621 ] ] ] } },
{ "type": "Feature", "properties": { "x_idx": 99392, "y_idx": 86720, "x": 9045560, "y": 3147062, "region": "uttar_pradesh" }, "geometry": { "type": "Polygon", "coordinates": [ [ [ 524157.255928670580033, 3008708.492210821714252 ], [ 526877.43976359302178, 3008714.083763381000608 ], [ 526883.296324894763529, 3006008.031639872118831 ], [ 524162.519753136613872, 3006002.443509486038238 ], [ 524157.255928670580033, 3008708.492210821714252 ] ] ] } },
{ "type": "Feature", "properties": { "x_idx": 100544, "y_idx": 86720, "x": 9051063, "y": 3147062, "region": "uttar_pradesh" }, "geometry": { "type": "Polygon", "coordinates": [ [ [ 529053.589421241544187, 3008718.986184540670365 ], [ 531773.780038291355595, 3008725.650689356494695 ], [ 531780.703539082198404, 3006019.591486621182412 ], [ 529059.920175655162893, 3006012.931060632225126 ], [ 529053.589421241544187, 3008718.986184540670365 ] ] ] } },
{ "type": "Feature", "properties": { "x_idx": 101120, "y_idx": 86720, "x": 9053815, "y": 3147062, "region": "uttar_pradesh" }, "geometry": { "type": "Polygon", "coordinates": [ [ [ 531501.760789991589263, 3008724.957414811942726 ], [ 534221.955243397271261, 3008732.158402608707547 ], [ 534229.412221062113531, 3006026.09521701792255 ], [ 531508.625015882076696, 3006018.898636375553906 ], [ 531501.760789991589263, 3008724.957414811942726 ] ] ] } },
{ "type": "Feature", "properties": { "x_idx": 99968, "y_idx": 86720, "x": 9048312, "y": 3147062, "region": "uttar_pradesh" }, "geometry": { "type": "Polygon", "coordinates": [ [ [ 526605.421223193290643, 3008713.49778449954465 ], [ 529325.608300748863257, 3008719.625811028294265 ], [ 529331.998329543857835, 3006013.57029565423727 ], [ 526611.21851059072651, 3006007.446019624825567 ], [ 526605.421223193290643, 3008713.49778449954465 ] ] ] } },
{ "type": "Feature", "properties": { "x_idx": 100544, "y_idx": 86144, "x": 9051063, "y": 3149814, "region": "uttar_pradesh" }, "geometry": { "type": "Polygon", "coordinates": [ [ [ 529047.888418082031421, 3011153.936919874045998 ], [ 531767.545252160751261, 3011160.60509073920548 ], [ 531774.472579797147773, 3008455.071020547300577 ], [ 529054.22267172136344, 3008448.406923356000334 ], [ 529047.888418082031421, 3011153.936919874045998 ] ] ] } },
{ "type": "Feature", "properties": { "x_idx": 99968, "y_idx": 86144, "x": 9048312, "y": 3149814, "region": "uttar_pradesh" }, "geometry": { "type": "Polygon", "coordinates": [ [ [ 526600.20062045683153, 3011148.445500734262168 ], [ 529319.85391952295322, 3011154.576898212078959 ], [ 529326.247480305610225, 3008449.046510722488165 ], [ 526606.001112222089432, 3008442.918859005905688 ], [ 526600.20062045683153, 3011148.445500734262168 ] ] ] } },
{ "type": "Feature", "properties": { "x_idx": 99392, "y_idx": 86144, "x": 9045560, "y": 3149814, "region": "uttar_pradesh" }, "geometry": { "type": "Polygon", "coordinates": [ [ [ 524152.515722680604085, 3011143.43717354722321 ], [ 526872.165783219505101, 3011149.031801955308765 ], [ 526878.025581651018001, 3008443.504802047275007 ], [ 524157.782456656859722, 3008437.913591488730162 ], [ 524152.515722680604085, 3011143.43717354722321 ] ] ] } },
{ "type": "Feature", "properties": { "x_idx": 99968, "y_idx": 85568, "x": 9048312, "y": 3152566, "region": "uttar_pradesh" }, "geometry": { "type": "Polygon", "coordinates": [ [ [ 526594.977137605892494, 3013582.920327493920922 ], [ 529314.096363715128973, 3013589.055091657210141 ], [ 529320.493452057125978, 3010884.050125366542488 ], [ 526600.780829721596092, 3010877.919102227780968 ], [ 526594.977137605892494, 3013582.920327493920922 ] ] ] } },
{ "type": "Feature", "properties": { "x_idx": 100544, "y_idx": 85568, "x": 9051063, "y": 3152566, "region": "uttar_pradesh" }, "geometry": { "type": "Polygon", "coordinates": [ [ [ 529042.184269787394442, 3013588.414761914405972 ], [ 531761.307026427122764, 3013595.086594190914184 ], [ 531768.238176111248322, 3010890.077949855942279 ], [ 529048.522018265095539, 3010883.410186100751162 ], [ 529042.184269787394442, 3013588.414761914405972 ] ] ] } },
{ "type": "Feature", "properties": { "x_idx": 93056, "y_idx": 89024, "x": 9015291, "y": 3136056, "region": "uttar_pradesh" }, "geometry": { "type": "Polygon", "coordinates": [ [ [ 497225.379869235563092, 2998940.844448577146977 ], [ 499947.679692047822755, 2998940.535647423006594 ], [ 499947.668325846723747, 2996232.403867779299617 ], [ 497224.777103395259473, 2996232.712478561792523 ], [ 497225.379869235563092, 2998940.844448577146977 ] ] ] } },
{ "type": "Feature", "properties": { "x_idx": 92480, "y_idx": 89024, "x": 9012539, "y": 3136056, "region": "uttar_pradesh" }, "geometry": { "type": "Polygon", "coordinates": [ [ [ 494775.309718210133724, 2998941.630873763002455 ], [ 497497.609862332930788, 2998940.78680509282276 ], [ 497497.066236471699085, 2996232.654870613478124 ], [ 494774.17469226004323, 2996233.498418928589672 ], [ 494775.309718210133724, 2998941.630873763002455 ] ] ] } },
{ "type": "Feature", "properties": { "x_idx": 91904, "y_idx": 89024, "x": 9009787, "y": 3136056, "region": "uttar_pradesh" }, "geometry": { "type": "Polygon", "coordinates": [ [ [ 492325.238994558691047, 2998942.899040286429226 ], [ 495047.539758355473168, 2998941.519703504163772 ], [ 495046.463872450287454, 2996233.387317203916609 ], [ 492323.571707697410602, 2996234.765803645830601 ], [ 492325.238994558691047, 2998942.899040286429226 ] ] ] } },
{ "type": "Feature", "properties": { "x_idx": 93056, "y_idx": 88448, "x": 9015291, "y": 3138807, "region": "uttar_pradesh" }, "geometry": { "type": "Polygon", "coordinates": [ [ [ 497225.922677294234745, 3001377.665488140191883 ], [ 499947.689927640371025, 3001377.356515879742801 ], [ 499947.678555111167952, 2998669.748660482931882 ], [ 497225.319575864705257, 2998670.057442611083388 ], [ 497225.922677294234745, 3001377.665488140191883 ] ] ] } },
{ "type": "Feature", "properties": { "x_idx": 93632, "y_idx": 88448, "x": 9018042, "y": 3138807, "region": "uttar_pradesh" }, "geometry": { "type": "Polygon", "coordinates": [ [ [ 499675.513208994409069, 3001377.36063491133973 ], [ 502397.280436422268394, 3001377.58722654171288 ], [ 502397.801619880192447, 2998669.979229172226042 ], [ 499675.442663584137335, 2998669.752776979468763 ], [ 499675.513208994409069, 3001377.36063491133973 ] ] ] } },
{ "type": "Feature", "properties": { "x_idx": 92480, "y_idx": 88448, "x": 9012539, "y": 3138807, "region": "uttar_pradesh" }, "geometry": { "type": "Polygon", "coordinates": [ [ [ 494776.331841879349668, 3001378.452349084895104 ], [ 497498.09941313136369, 3001377.60781271615997 ], [ 497497.555484607000835, 2998669.999802679289132 ], [ 494775.196184005006216, 2998670.843819345813245 ], [ 494776.331841879349668, 3001378.452349084895104 ] ] ] } },
{ "type": "Feature", "properties": { "x_idx": 91904, "y_idx": 88448, "x": 9009787, "y": 3138807, "region": "uttar_pradesh" }, "geometry": { "type": "Polygon", "coordinates": [ [ [ 492326.740434559702408, 3001379.721218300517648 ], [ 495048.508624705194961, 3001378.341117226984352 ], [ 495047.432139801909216, 2998670.732655936386436 ], [ 492325.072219439200126, 2998672.111907737795264 ], [ 492326.740434559702408, 3001379.721218300517648 ] ] ] } },
{ "type": "Feature", "properties": { "x_idx": 93056, "y_idx": 87872, "x": 9015291, "y": 3141559, "region": "uttar_pradesh" }, "geometry": { "type": "Polygon", "coordinates": [ [ [ 497226.465786985587329, 3003814.014715654309839 ], [ 499947.700168920739088, 3003813.705572501756251 ], [ 499947.688790071289986, 3001106.621936107054353 ], [ 497225.862350385345053, 3001106.930889366660267 ], [ 497226.465786985587329, 3003814.014715654309839 ] ] ] } },
{ "type": "Feature", "properties": { "x_idx": 92480, "y_idx": 87872, "x": 9012539, "y": 3141559, "region": "uttar_pradesh" }, "geometry": { "type": "Polygon", "coordinates": [ [ [ 494777.354533531703055, 3003814.802011809311807 ], [ 497498.589235968014691, 3003813.957008330151439 ], [ 497498.045005157997366, 3001106.873217489104718 ], [ 494776.218244521238375, 3001107.717701921239495 ], [ 494777.354533531703055, 3003814.802011809311807 ] ] ] } },
{ "type": "Feature", "properties": { "x_idx": 91904, "y_idx": 87872, "x": 9009787, "y": 3141559, "region": "uttar_pradesh" }, "geometry": { "type": "Polygon", "coordinates": [ [ [ 492328.242708894307725, 3003816.071582832373679 ], [ 495049.47802944353316, 3003814.69071842962876 ], [ 495048.400946289184503, 3001107.606476902961731 ], [ 492326.573566672217567, 3001108.986493103206158 ], [ 492328.242708894307725, 3003816.071582832373679 ] ] ] } },
{ "type": "Feature", "properties": { "x_idx": 94208, "y_idx": 89024, "x": 9020794, "y": 3136056, "region": "uttar_pradesh" }, "geometry": { "type": "Polygon", "coordinates": [ [ [ 502125.519527521682903, 2998940.716820337343961 ], [ 504847.819602804200258, 2998941.478553941939026 ], [ 504848.872756275115535, 2996233.346193009056151 ], [ 502125.981281000073068, 2996232.584929002914578 ], [ 502125.519527521682903, 2998940.716820337343961 ] ] ] } },
{ "type": "Feature", "properties": { "x_idx": 93632, "y_idx": 89024, "x": 9018042, "y": 3136056, "region": "uttar_pradesh" }, "geometry": { "type": "Polygon", "coordinates": [ [ [ 499675.449716163275298, 2998940.539764173328876 ], [ 502397.749516028387006, 2998940.766230318695307 ], [ 502398.270409479388036, 2996232.634308523964137 ], [ 499675.379210007260554, 2996232.407981991302222 ], [ 499675.449716163275298, 2998940.539764173328876 ] ] ] } },
{ "type": "Feature", "properties": { "x_idx": 94784, "y_idx": 89024, "x": 9023546, "y": 3136056, "region": "uttar_pradesh" }, "geometry": { "type": "Polygon", "coordinates": [ [ [ 504575.589571835240349, 2998941.375617193989456 ], [ 507297.890220897388645, 2998942.672618794254959 ], [ 507299.475635131704621, 2996234.539521739352494 ], [ 504576.583585274056531, 2996233.243319720961154 ], [ 504575.589571835240349, 2998941.375617193989456 ] ] ] } },
{ "type": "Feature", "properties": { "x_idx": 95360, "y_idx": 88448, "x": 9026298, "y": 3138807, "region": "uttar_pradesh" }, "geometry": { "type": "Polygon", "coordinates": [ [ [ 507024.285663696646225, 3001379.338121064938605 ], [ 509746.054610297840554, 3001381.171406838577241 ], [ 509748.173465426894836, 2998673.561203874647617 ], [ 507025.812787548522465, 2998671.729046248830855 ], [ 507024.285663696646225, 3001379.338121064938605 ] ] ] } },
{ "type": "Feature", "properties": { "x_idx": 94208, "y_idx": 88448, "x": 9020794, "y": 3138807, "region": "uttar_pradesh" }, "geometry": { "type": "Polygon", "coordinates": [ [ [ 502125.103705170040485, 3001377.537789181806147 ], [ 504846.871207668504212, 3001378.299944862723351 ], [ 504847.924947481253184, 2998670.691508908756077 ], [ 502125.565715729200747, 2998669.92982223443687 ], [ 502125.103705170040485, 3001377.537789181806147 ] ] ] } },
{ "type": "Feature", "properties": { "x_idx": 94784, "y_idx": 88448, "x": 9023546, "y": 3138807, "region": "uttar_pradesh" }, "geometry": { "type": "Polygon", "coordinates": [ [ [ 504574.694434007455129, 3001378.196951078251004 ], [ 507296.462509562785272, 3001379.494671347551048 ], [ 507298.048806474020239, 2998671.885500194970518 ], [ 504575.689000862010289, 2998670.58857850311324 ], [ 504574.694434007455129, 3001378.196951078251004 ] ] ] } },
{ "type": "Feature", "properties": { "x_idx": 94208, "y_idx": 87872, "x": 9020794, "y": 3141559, "region": "uttar_pradesh" }, "geometry": { "type": "Polygon", "coordinates": [ [ [ 502124.687651750340592, 3003813.88694606628269 ], [ 504845.922285519773141, 3003814.649523293133825 ], [ 504846.976610943151172, 3001107.565307071432471 ], [ 502125.149919069604948, 3001106.803198261186481 ], [ 502124.687651750340592, 3003813.88694606628269 ] ] ] } },
{ "type": "Feature", "properties": { "x_idx": 94784, "y_idx": 87872, "x": 9023546, "y": 3141559, "region": "uttar_pradesh" }, "geometry": { "type": "Polygon", "coordinates": [ [ [ 504573.798798761155922, 3003814.546472542919219 ], [ 507295.034004864806775, 3003815.844910577870905 ], [ 507296.621183352079242, 3001108.759960082359612 ], [ 504574.793918341281824, 3001107.462319620419294 ], [ 504573.798798761155922, 3003814.546472542919219 ] ] ] } },
{ "type": "Feature", "properties": { "x_idx": 95360, "y_idx": 87872, "x": 9026298, "y": 3141559, "region": "uttar_pradesh" }, "geometry": { "type": "Polygon", "coordinates": [ [ [ 507022.910445992136374, 3003815.688273707404733 ], [ 509744.146522043040022, 3003817.522573465015739 ], [ 509746.266554713714868, 3001110.436592457350343 ], [ 507024.438418535050005, 3001108.603419427759945 ], [ 507022.910445992136374, 3003815.688273707404733 ] ] ] } },
{ "type": "Feature", "properties": { "x_idx": 94208, "y_idx": 87296, "x": 9020794, "y": 3144311, "region": "uttar_pradesh" }, "geometry": { "type": "Polygon", "coordinates": [ [ [ 502124.271367551060393, 3006249.764026056509465 ], [ 504844.972837016277481, 3006250.527024298906326 ], [ 504846.02774731896352, 3003543.967322201933712 ], [ 502124.733891309879255, 3003543.204791786614805 ], [ 502124.271367551060393, 3006249.764026056509465 ] ] ] } },
{ "type": "Feature", "properties": { "x_idx": 96512, "y_idx": 88448, "x": 9031801, "y": 3138807, "region": "uttar_pradesh" }, "geometry": { "type": "Polygon", "coordinates": [ [ [ 511923.470698387478478, 3001383.066488869953901 ], [ 514645.242281039711088, 3001385.970909908879548 ], [ 514648.426257465733215, 2998678.357753484509885 ], [ 511926.06293984252261, 2998675.455119733233005 ], [ 511923.470698387478478, 3001383.066488869953901 ] ] ] } },
{ "type": "Feature", "properties": { "x_idx": 95936, "y_idx": 88448, "x": 9029049, "y": 3138807, "region": "uttar_pradesh" }, "geometry": { "type": "Polygon", "coordinates": [ [ [ 509473.877662427839823, 3001380.961299947462976 ], [ 512195.647778060054407, 3001383.330152518115938 ], [ 512198.299192902108189, 2998675.718621130567044 ], [ 509475.93734435463557, 2998673.351226277183741 ], [ 509473.877662427839823, 3001380.961299947462976 ] ] ] } },
{ "type": "Feature", "properties": { "x_idx": 97088, "y_idx": 88448, "x": 9034553, "y": 3138807, "region": "uttar_pradesh" }, "geometry": { "type": "Polygon", "coordinates": [ [ [ 514373.065039765730035, 3001385.653689318802208 ], [ 517094.838387427153066, 3001389.093680874444544 ], [ 517098.554927683959249, 2998681.478602799586952 ], [ 514376.18984257831471, 2998678.040728101041168 ], [ 514373.065039765730035, 3001385.653689318802208 ] ] ] } },
{ "type": "Feature", "properties": { "x_idx": 95936, "y_idx": 87872, "x": 9029049, "y": 3141559, "region": "uttar_pradesh" }, "geometry": { "type": "Polygon", "coordinates": [ [ [ 509472.022861295205075, 3003817.312350364401937 ], [ 512193.260104902728926, 3003819.682513138279319 ], [ 512195.912993251986336, 3001112.59520537732169 ], [ 509474.083687878504861, 3001110.226498487405479 ], [ 509472.022861295205075, 3003817.312350364401937 ] ] ] } },
{ "type": "Feature", "properties": { "x_idx": 96512, "y_idx": 87872, "x": 9031801, "y": 3141559, "region": "uttar_pradesh" }, "geometry": { "type": "Polygon", "coordinates": [ [ [ 511921.136312518501654, 3003819.418703658971936 ], [ 514642.375021295854822, 3003822.324731119908392 ], [ 514645.560767194838263, 3001115.23580036778003 ], [ 511923.729994595749304, 3001112.331557944882661 ], [ 511921.136312518501654, 3003819.418703658971936 ] ] ] } },
{ "type": "Feature", "properties": { "x_idx": 97088, "y_idx": 87872, "x": 9034553, "y": 3141559, "region": "uttar_pradesh" }, "geometry": { "type": "Polygon", "coordinates": [ [ [ 514370.251067514065653, 3003822.007335076108575 ], [ 517091.491539074573666, 3003825.449229273479432 ], [ 517095.210144770157058, 3001118.358379288576543 ], [ 514373.377606914495118, 3001114.918599285185337 ], [ 514370.251067514065653, 3003822.007335076108575 ] ] ] } },
{ "type": "Feature", "properties": { "x_idx": 95360, "y_idx": 87296, "x": 9026298, "y": 3144311, "region": "uttar_pradesh" }, "geometry": { "type": "Polygon", "coordinates": [ [ [ 507021.534465472504962, 3006251.566348201595247 ], [ 509742.237375397700816, 3006253.401660665404052 ], [ 509744.358584139496088, 3003546.840196006465703 ], [ 507023.063285646610893, 3003545.006008849944919 ], [ 507021.534465472504962, 3006251.566348201595247 ] ] ] } },
{ "type": "Feature", "properties": { "x_idx": 96512, "y_idx": 87296, "x": 9031801, "y": 3144311, "region": "uttar_pradesh" }, "geometry": { "type": "Polygon", "coordinates": [ [ [ 511918.800631798629183, 3006255.298837701324373 ], [ 514639.506171125569381, 3006258.206469560507685 ], [ 514642.693684287776705, 3003551.64205887215212 ], [ 511921.395752698997967, 3003548.736209802795202 ], [ 511918.800631798629183, 3006255.298837701324373 ] ] ] } },
{ "type": "Feature", "properties": { "x_idx": 95936, "y_idx": 87296, "x": 9029049, "y": 3144311, "region": "uttar_pradesh" }, "geometry": { "type": "Polygon", "coordinates": [ [ [ 509470.16703132953262, 3006253.191321501974016 ], [ 512190.871107336948626, 3006255.562792827840894 ], [ 512193.525467353349086, 3003549.000003087334335 ], [ 509472.229001139989123, 3003546.629985810723156 ], [ 509470.16703132953262, 3006253.191321501974016 ] ] ] } },
{ "type": "Feature", "properties": { "x_idx": 95936, "y_idx": 86720, "x": 9029049, "y": 3147062, "region": "uttar_pradesh" }, "geometry": { "type": "Polygon", "coordinates": [ [ [ 509468.3101738175028, 3008688.597948746290058 ], [ 512188.480787018896081, 3008690.970726973377168 ], [ 512191.136616862320807, 3005984.932749287225306 ], [ 509470.373285425652284, 3005982.561423274688423 ], [ 509468.3101738175028, 3008688.597948746290058 ] ] ] } },
{ "type": "Feature", "properties": { "x_idx": 97664, "y_idx": 88448, "x": 9037305, "y": 3138807, "region": "uttar_pradesh" }, "geometry": { "type": "Polygon", "coordinates": [ [ [ 516822.660954752995167, 3001388.722903117537498 ], [ 519544.436365409055725, 3001392.698467617388815 ], [ 519548.685472119250335, 2998685.081171279773116 ], [ 516826.318321128142998, 2998681.108053207863122 ], [ 516822.660954752995167, 3001388.722903117537498 ] ] ] } },
{ "type": "Feature", "properties": { "x_idx": 98816, "y_idx": 88448, "x": 9042808, "y": 3138807, "region": "uttar_pradesh" }, "geometry": { "type": "Polygon", "coordinates": [ [ [ 521721.858578303770628, 3001396.307379768695682 ], [ 524443.639008915051818, 3001401.354098948650062 ], [ 524448.953257902991027, 2998693.731476243585348 ], [ 521726.581079922441859, 2998688.687862632330507 ], [ 521721.858578303770628, 3001396.307379768695682 ] ] ] } },
{ "type": "Feature", "properties": { "x_idx": 98240, "y_idx": 87872, "x": 9040056, "y": 3141559, "region": "uttar_pradesh" }, "geometry": { "type": "Polygon", "coordinates": [ [ [ 519268.485560226661619, 3003828.631439920980483 ], [ 521989.730450183793437, 3003833.145075249485672 ], [ 521994.51478371664416, 3001126.04949807934463 ], [ 519272.677821264893282, 3001121.538635255768895 ], [ 519268.485560226661619, 3003828.631439920980483 ] ] ] } },
{ "type": "Feature", "properties": { "x_idx": 97664, "y_idx": 87872, "x": 9037305, "y": 3141559, "region": "uttar_pradesh" }, "geometry": { "type": "Polygon", "coordinates": [ [ [ 516819.367394133936614, 3003825.078246441669762 ], [ 519540.609926087257918, 3003829.05600980296731 ], [ 519544.861394202220254, 3001121.962944345083088 ], [ 516823.026793062803335, 3001117.987624334171414 ], [ 516819.367394133936614, 3003825.078246441669762 ] ] ] } },
{ "type": "Feature", "properties": { "x_idx": 98816, "y_idx": 87872, "x": 9042808, "y": 3141559, "region": "uttar_pradesh" }, "geometry": { "type": "Polygon", "coordinates": [ [ [ 521717.605833643174265, 3003832.666918018367141 ], [ 524438.853379220352508, 3003837.716428497806191 ], [ 524444.170581545564346, 3001130.618043374735862 ], [ 521722.330959747603629, 3001125.571634556632489 ], [ 521717.605833643174265, 3003832.666918018367141 ] ] ] } },
{ "type": "Feature", "properties": { "x_idx": 98816, "y_idx": 87296, "x": 9042808, "y": 3144311, "region": "uttar_pradesh" }, "geometry": { "type": "Polygon", "coordinates": [ [ [ 521713.35073005896993, 3006268.554366293828934 ], [ 524434.065095025929622, 3006273.606664557009935 ], [ 524439.385247000260279, 3003567.032811409328133 ], [ 521718.078477371716872, 3003561.983610900584608 ], [ 521713.35073005896993, 3006268.554366293828934 ] ] ] } },
{ "type": "Feature", "properties": { "x_idx": 97664, "y_idx": 87296, "x": 9037305, "y": 3144311, "region": "uttar_pradesh" }, "geometry": { "type": "Polygon", "coordinates": [ [ [ 516816.07200662791729, 3006260.961505077779293 ], [ 519536.781364302674774, 3006264.94146452890709 ], [ 519541.035190873430111, 3003558.372924345079809 ], [ 516819.733435572241433, 3003554.395405164919794 ], [ 516816.07200662791729, 3006260.961505077779293 ] ] ] } },
{ "type": "Feature", "properties": { "x_idx": 97088, "y_idx": 87296, "x": 9034553, "y": 3144311, "region": "uttar_pradesh" }, "geometry": { "type": "Polygon", "coordinates": [ [ [ 514367.435534393473063, 3006257.888898284640163 ], [ 517088.142834277416114, 3006261.332692726515234 ], [ 517091.863502832478844, 3003554.766365223564208 ], [ 514370.563808213220909, 3003551.324682312551886 ], [ 514367.435534393473063, 3006257.888898284640163 ] ] ] } },
{ "type": "Feature", "properties": { "x_idx": 98240, "y_idx": 87296, "x": 9040056, "y": 3144311, "region": "uttar_pradesh" }, "geometry": { "type": "Polygon", "coordinates": [ [ [ 519264.710316012147814, 3006264.516660245601088 ], [ 521985.422028712870087, 3006269.032787511125207 ], [ 521990.209016298118513, 3003562.461738778743893 ], [ 519268.904902662208769, 3003557.948380526155233 ], [ 519264.710316012147814, 3006264.516660245601088 ] ] ] } },
{ "type": "Feature", "properties": { "x_idx": 97664, "y_idx": 86720, "x": 9037305, "y": 3147062, "region": "uttar_pradesh" }, "geometry": { "type": "Polygon", "coordinates": [ [ [ 516812.774794519413263, 3008696.372414411511272 ], [ 519532.9506827093428, 3008700.354567182250321 ], [ 519537.20686478697462, 3005994.310846306849271 ], [ 516816.43825094087515, 3005990.331130728591233 ], [ 516812.774794519413263, 3008696.372414411511272 ] ] ] } },
{ "type": "Feature", "properties": { "x_idx": 93632, "y_idx": 87872, "x": 9018042, "y": 3141559, "region": "uttar_pradesh" }, "geometry": { "type": "Polygon", "coordinates": [ [ [ 499675.576737107825466, 3003813.709693811833858 ], [ 502396.811096153629478, 3003813.936410769354552 ], [ 502397.332569256715942, 3001106.852632580790669 ], [ 499675.506152492249385, 3001106.626054885331541 ], [ 499675.576737107825466, 3003813.709693811833858 ] ] ] } },
{ "type": "Feature", "properties": { "x_idx": 93056, "y_idx": 87296, "x": 9015291, "y": 3144311, "region": "uttar_pradesh" }, "geometry": { "type": "Polygon", "coordinates": [ [ [ 497227.009197932900861, 3006249.891866185702384 ], [ 499947.710415881825611, 3006249.582552357111126 ], [ 499947.699030720046721, 3003543.023429356981069 ], [ 497226.405426580575295, 3003543.332553531974554 ], [ 497227.009197932900861, 3006249.891866185702384 ] ] ] } },
{ "type": "Feature", "properties": { "x_idx": 91904, "y_idx": 87296, "x": 9009787, "y": 3144311, "region": "uttar_pradesh" }, "geometry": { "type": "Polygon", "coordinates": [ [ [ 492329.745816520473454, 3006251.949868949595839 ], [ 495050.447971898131073, 3006250.568242178298533 ], [ 495049.370291239756625, 3003544.008514809422195 ], [ 492328.075748354545794, 3003545.389294445514679 ], [ 492329.745816520473454, 3006251.949868949595839 ] ] ] } },
{ "type": "Feature", "properties": { "x_idx": 92480, "y_idx": 87296, "x": 9012539, "y": 3144311, "region": "uttar_pradesh" }, "geometry": { "type": "Polygon", "coordinates": [ [ [ 494778.377792457758915, 3006250.679597003385425 ], [ 497499.079330503067467, 3006249.834127001930028 ], [ 497498.534797784930561, 3003543.274849750101566 ], [ 494777.240873099362943, 3003544.119801357388496 ], [ 494778.377792457758915, 3006250.679597003385425 ] ] ] } },
{ "type": "Feature", "properties": { "x_idx": 93632, "y_idx": 87296, "x": 9018042, "y": 3144311, "region": "uttar_pradesh" }, "geometry": { "type": "Polygon", "coordinates": [ [ [ 499675.640300459461287, 3006249.586675941944122 ], [ 502396.34149554790929, 3006249.813518068753183 ], [ 502396.86325793445576, 3003543.254253453109413 ], [ 499675.569676687591709, 3003543.027550413738936 ], [ 499675.640300459461287, 3006249.586675941944122 ] ] ] } },
{ "type": "Feature", "properties": { "x_idx": 93056, "y_idx": 86720, "x": 9015291, "y": 3147062, "region": "uttar_pradesh" }, "geometry": { "type": "Polygon", "coordinates": [ [ [ 497227.552909759513568, 3008685.29667512094602 ], [ 499947.720668516529258, 3008684.987190831452608 ], [ 499947.709277050278615, 3005978.952875258866698 ], [ 497226.948804073617794, 3005979.2621701345779 ], [ 497227.552909759513568, 3008685.29667512094602 ] ] ] } },
{ "type": "Feature", "properties": { "x_idx": 92480, "y_idx": 86720, "x": 9012539, "y": 3147062, "region": "uttar_pradesh" }, "geometry": { "type": "Polygon", "coordinates": [ [ [ 494779.401617948315106, 3008686.084840052295476 ], [ 497499.569696396880317, 3008685.238904117140919 ], [ 497499.02486214810051, 3005979.204434487968683 ], [ 494778.264069030061364, 3005980.049852683208883 ], [ 494779.401617948315106, 3008686.084840052295476 ] ] ] } },
{ "type": "Feature", "properties": { "x_idx": 91904, "y_idx": 86720, "x": 9009787, "y": 3147062, "region": "uttar_pradesh" }, "geometry": { "type": "Polygon", "coordinates": [ [ [ 492331.249756396224257, 3008687.355812037363648 ], [ 495051.418451396573801, 3008685.973423860501498 ], [ 495050.340173981327098, 3005979.938504681922495 ], [ 492329.578763444209471, 3005981.320046793203801 ], [ 492331.249756396224257, 3008687.355812037363648 ] ] ] } },
{ "type": "Feature", "properties": { "x_idx": 92480, "y_idx": 86144, "x": 9012539, "y": 3149814, "region": "uttar_pradesh" }, "geometry": { "type": "Polygon", "coordinates": [ [ [ 494780.426009293762036, 3011121.017476664856076 ], [ 497500.060333309636917, 3011120.171075384132564 ], [ 497499.51519790769089, 3008414.661707056220621 ], [ 494779.287831604015082, 3008415.5075912498869 ], [ 494780.426009293762036, 3011121.017476664856076 ] ] ] } },
{ "type": "Feature", "properties": { "x_idx": 93056, "y_idx": 86144, "x": 9015291, "y": 3149814, "region": "uttar_pradesh" }, "geometry": { "type": "Polygon", "coordinates": [ [ [ 497228.096922088705469, 3011120.22887816792354 ], [ 499947.730926817690488, 3011119.919223632663488 ], [ 499947.719529054884333, 3008414.410009166225791 ], [ 497227.492482487810776, 3008414.719474526587874 ], [ 497228.096922088705469, 3011120.22887816792354 ] ] ] } },
{ "type": "Feature", "properties": { "x_idx": 94784, "y_idx": 87296, "x": 9023546, "y": 3144311, "region": "uttar_pradesh" }, "geometry": { "type": "Polygon", "coordinates": [ [ [ 504572.902666717534885, 3006250.423916654195637 ], [ 507293.604707794147544, 3006251.723071549553424 ], [ 507295.192766756634228, 3003545.16263610497117 ], [ 504573.898338333063293, 3003543.864277777727693 ], [ 504572.902666717534885, 3006250.423916654195637 ] ] ] } },
{ "type": "Feature", "properties": { "x_idx": 93632, "y_idx": 86720, "x": 9018042, "y": 3147062, "region": "uttar_pradesh" }, "geometry": { "type": "Polygon", "coordinates": [ [ [ 499675.703899005311541, 3008684.991316688247025 ], [ 502395.871634930721484, 3008685.218283826950938 ], [ 502396.393686239025556, 3005979.18382681813091 ], [ 499675.633236126042902, 3005978.956998591776937 ], [ 499675.703899005311541, 3008684.991316688247025 ] ] ] } },
{ "type": "Feature", "properties": { "x_idx": 95360, "y_idx": 86720, "x": 9026298, "y": 3147062, "region": "uttar_pradesh" }, "geometry": { "type": "Polygon", "coordinates": [ [ [ 507020.157723091659136, 3008686.972079933620989 ], [ 509740.327171685406938, 3008688.808403826318681 ], [ 509742.449555027822498, 3005982.771749549079686 ], [ 507021.687389837112278, 3005980.936549544800073 ], [ 507020.157723091659136, 3008686.972079933620989 ] ] ] } },
{ "type": "Feature", "properties": { "x_idx": 94784, "y_idx": 86720, "x": 9023546, "y": 3147062, "region": "uttar_pradesh" }, "geometry": { "type": "Polygon", "coordinates": [ [ [ 504572.006038497958798, 3008685.829018800053746 ], [ 507292.174619341734797, 3008687.128889651503414 ], [ 507293.763557678437792, 3005981.093263289891183 ], [ 504573.002261458488647, 3005979.794188001193106 ], [ 504572.006038497958798, 3008685.829018800053746 ] ] ] } },
{ "type": "Feature", "properties": { "x_idx": 94208, "y_idx": 86720, "x": 9020794, "y": 3147062, "region": "uttar_pradesh" }, "geometry": { "type": "Polygon", "coordinates": [ [ [ 502123.854852860909887, 3008685.168764539062977 ], [ 504844.022862816113047, 3008685.932183266151696 ], [ 504845.078357266786043, 3005979.89728932781145 ], [ 502124.317632738559041, 3005979.134337838739157 ], [ 502123.854852860909887, 3008685.168764539062977 ] ] ] } },
{ "type": "Feature", "properties": { "x_idx": 95360, "y_idx": 86144, "x": 9026298, "y": 3149814, "region": "uttar_pradesh" }, "geometry": { "type": "Polygon", "coordinates": [ [ [ 507018.780219803622458, 3011121.905204611364752 ], [ 509738.415912229800597, 3011123.742538655176759 ], [ 509740.539468702045269, 3008418.230988438241184 ], [ 507020.310732060461305, 3008416.394776863511652 ], [ 507018.780219803622458, 3011121.905204611364752 ] ] ] } },
{ "type": "Feature", "properties": { "x_idx": 93632, "y_idx": 86144, "x": 9018042, "y": 3149814, "region": "uttar_pradesh" }, "geometry": { "type": "Polygon", "coordinates": [ [ [ 499675.767532701196615, 3011119.92335175909102 ], [ 502395.401514627563301, 3011120.150443750899285 ], [ 502395.923854495922569, 3008414.641088027507067 ], [ 499675.696830763597973, 3008414.414134771097451 ], [ 499675.767532701196615, 3011119.92335175909102 ] ] ] } },
{ "type": "Feature", "properties": { "x_idx": 94784, "y_idx": 86144, "x": 9023546, "y": 3149814, "region": "uttar_pradesh" }, "geometry": { "type": "Polygon", "coordinates": [ [ [ 504571.108914723561611, 3011120.76151468558237 ], [ 507290.743740498437546, 3011122.062100589741021 ], [ 507292.333557108417153, 3008416.55157698970288 ], [ 504572.105688338866457, 3008415.251785644330084 ], [ 504571.108914723561611, 3011120.76151468558237 ] ] ] } },
{ "type": "Feature", "properties": { "x_idx": 94208, "y_idx": 86144, "x": 9020794, "y": 3149814, "region": "uttar_pradesh" }, "geometry": { "type": "Polygon", "coordinates": [ [ [ 502123.438107968424447, 3011120.100897223688662 ], [ 504843.072363577550277, 3011120.864735902287066 ], [ 504844.128441444889177, 3008415.354943800717592 ], [ 502123.901143644237891, 3008414.59157176874578 ], [ 502123.438107968424447, 3011120.100897223688662 ] ] ] } },
{ "type": "Feature", "properties": { "x_idx": 94784, "y_idx": 85568, "x": 9023546, "y": 3152566, "region": "uttar_pradesh" }, "geometry": { "type": "Polygon", "coordinates": [ [ [ 504570.211296015710104, 3013555.221140350680798 ], [ 507289.312072255357634, 3013556.52244040183723 ], [ 507290.902766037441324, 3010851.537312876433134 ], [ 504571.20861959544709, 3010850.236806378234178 ], [ 504570.211296015710104, 3013555.221140350680798 ] ] ] } },
{ "type": "Feature", "properties": { "x_idx": 97088, "y_idx": 86720, "x": 9034553, "y": 3147062, "region": "uttar_pradesh" }, "geometry": { "type": "Polygon", "coordinates": [ [ [ 514364.618442355887964, 3008693.298114329576492 ], [ 517084.792275357118342, 3008696.743806618265808 ], [ 517088.515004192304332, 3005990.702295632101595 ], [ 514367.748448426136747, 3005987.258712211158127 ], [ 514364.618442355887964, 3008693.298114329576492 ] ] ] } },
{ "type": "Feature", "properties": { "x_idx": 96512, "y_idx": 86720, "x": 9031801, "y": 3147062, "region": "uttar_pradesh" }, "geometry": { "type": "Polygon", "coordinates": [ [ [ 511916.463657847081777, 3008690.706626383122057 ], [ 514636.635732517635915, 3008693.615860616322607 ], [ 514639.825010733329691, 3005987.576264027040452 ], [ 511919.060215771489311, 3005984.668810334987938 ], [ 511916.463657847081777, 3008690.706626383122057 ] ] ] } },
{ "type": "Feature", "properties": { "x_idx": 96512, "y_idx": 86144, "x": 9031801, "y": 3149814, "region": "uttar_pradesh" }, "geometry": { "type": "Polygon", "coordinates": [ [ [ 511914.125392283254769, 3011125.641805412713438 ], [ 514633.763707461068407, 3011128.552639995701611 ], [ 514636.954748520220164, 3008423.03815118316561 ], [ 511916.723385432444047, 3008420.129094891715795 ], [ 511914.125392283254769, 3011125.641805412713438 ] ] ] } },
{ "type": "Feature", "properties": { "x_idx": 97088, "y_idx": 86144, "x": 9034553, "y": 3149814, "region": "uttar_pradesh" }, "geometry": { "type": "Polygon", "coordinates": [ [ [ 514361.799793353304267, 3011128.234718919266015 ], [ 517081.439864635467529, 3011131.682306657079607 ], [ 517085.164651171071455, 3008426.165905865840614 ], [ 514364.931529505120125, 3008422.720424331258982 ], [ 514361.799793353304267, 3011128.234718919266015 ] ] ] } },
{ "type": "Feature", "properties": { "x_idx": 95936, "y_idx": 86144, "x": 9029049, "y": 3149814, "region": "uttar_pradesh" }, "geometry": { "type": "Polygon", "coordinates": [ [ [ 509466.452290045737755, 3011123.531967805232853 ], [ 512186.08914560492849, 3011125.906051283236593 ], [ 512188.746443434967659, 3008420.393179328646511 ], [ 509468.516542021883652, 3008418.020546230487525 ], [ 509466.452290045737755, 3011123.531967805232853 ] ] ] } },
{ "type": "Feature", "properties": { "x_idx": 95936, "y_idx": 85568, "x": 9029049, "y": 3152566, "region": "uttar_pradesh" }, "geometry": { "type": "Polygon", "coordinates": [ [ [ 509464.593381300917827, 3013557.993114715907723 ], [ 512183.696184751344845, 3013560.368501793593168 ], [ 512186.354948727588635, 3010855.381028883624822 ], [ 509466.658772215421777, 3010853.007090352009982 ], [ 509464.593381300917827, 3013557.993114715907723 ] ] ] } },
{ "type": "Feature", "properties": { "x_idx": 95360, "y_idx": 85568, "x": 9026298, "y": 3152566, "region": "uttar_pradesh" }, "geometry": { "type": "Polygon", "coordinates": [ [ [ 507017.401956562360283, 3013556.365458272863179 ], [ 509736.503598354465794, 3013558.203801190014929 ], [ 509738.628326485864818, 3010853.217648345977068 ], [ 507018.933313270506915, 3010851.380426478106529 ], [ 507017.401956562360283, 3013556.365458272863179 ] ] ] } },
{ "type": "Feature", "properties": { "x_idx": 97088, "y_idx": 85568, "x": 9034553, "y": 3152566, "region": "uttar_pradesh" }, "geometry": { "type": "Polygon", "coordinates": [ [ [ 514358.979589337832294, 3013562.69844808941707 ], [ 517078.085604434192646, 3013566.147928879596293 ], [ 517081.812446090450976, 3010861.156931596808136 ], [ 514362.113053402281366, 3010857.709554345812649 ], [ 514358.979589337832294, 3013562.69844808941707 ] ] ] } },
{ "type": "Feature", "properties": { "x_idx": 96512, "y_idx": 85568, "x": 9031801, "y": 3152566, "region": "uttar_pradesh" }, "geometry": { "type": "Polygon", "coordinates": [ [ [ 511911.785836726485286, 3013560.104110826738179 ], [ 514630.890097944939043, 3013563.016543735284358 ], [ 514634.082899637520313, 3010858.027456013020128 ], [ 511914.385263301082887, 3010855.116799146402627 ], [ 511911.785836726485286, 3013560.104110826738179 ] ] ] } },
{ "type": "Feature", "properties": { "x_idx": 97088, "y_idx": 84992, "x": 9034553, "y": 3155318, "region": "uttar_pradesh" }, "geometry": { "type": "Polygon", "coordinates": [ [ [ 514356.157832261756994, 3015996.689038196112961 ], [ 517074.729497075255495, 3016000.140409640036523 ], [ 517078.458391272230074, 3013295.675108824390918 ], [ 514359.293022069614381, 3013292.225838254671544 ], [ 514356.157832261756994, 3015996.689038196112961 ] ] ] } },
{ "type": "Feature", "properties": { "x_idx": 98240, "y_idx": 86720, "x": 9040056, "y": 3147062, "region": "uttar_pradesh" }, "geometry": { "type": "Polygon", "coordinates": [ [ [ 519260.932981509598903, 3008699.929528793785721 ], [ 521981.11122174753109, 3008704.448144851252437 ], [ 521985.90086006646743, 3005998.401918591931462 ], [ 519265.129890863492619, 3005993.886068053543568 ], [ 519260.932981509598903, 3008699.929528793785721 ] ] ] } },
{ "type": "Feature", "properties": { "x_idx": 98816, "y_idx": 86720, "x": 9042808, "y": 3147062, "region": "uttar_pradesh" }, "geometry": { "type": "Polygon", "coordinates": [ [ [ 521709.093270500947256, 3008703.969459981657565 ], [ 524429.274159651249647, 3008709.02454251004383 ], [ 524434.59725758631248, 3006002.975515373051167 ], [ 521713.823635744396597, 3005997.923526690341532 ], [ 521709.093270500947256, 3008703.969459981657565 ] ] ] } },
{ "type": "Feature", "properties": { "x_idx": 98816, "y_idx": 86144, "x": 9042808, "y": 3149814, "region": "uttar_pradesh" }, "geometry": { "type": "Polygon", "coordinates": [ [ [ 521704.833457919303328, 3011138.91193478833884 ], [ 524424.480576416128315, 3011143.969798065256327 ], [ 524429.806616623303853, 3008438.445890618022531 ], [ 521709.56643781560706, 3008433.39111727848649 ], [ 521704.833457919303328, 3011138.91193478833884 ] ] ] } },
{ "type": "Feature", "properties": { "x_idx": 97664, "y_idx": 86144, "x": 9037305, "y": 3149814, "region": "uttar_pradesh" }, "geometry": { "type": "Polygon", "coordinates": [ [ [ 516809.475760093191639, 3011131.31071015028283 ], [ 519529.117883961764164, 3011135.295053469948471 ], [ 519533.376418596890289, 3008429.776445580646396 ], [ 516813.141241453180555, 3008425.794536375906318 ], [ 516809.475760093191639, 3011131.31071015028283 ] ] ] } },
{ "type": "Feature", "properties": { "x_idx": 98240, "y_idx": 86144, "x": 9040056, "y": 3149814, "region": "uttar_pradesh" }, "geometry": { "type": "Polygon", "coordinates": [ [ [ 519257.153559336438775, 3011134.869781271088868 ], [ 521976.798032274818979, 3011139.390882978681475 ], [ 521981.590318008500617, 3008433.869772870093584 ], [ 519261.352788485935889, 3008429.351433189585805 ], [ 519257.153559336438775, 3011134.869781271088868 ] ] ] } },
{ "type": "Feature", "properties": { "x_idx": 97664, "y_idx": 85568, "x": 9037305, "y": 3152566, "region": "uttar_pradesh" }, "geometry": { "type": "Polygon", "coordinates": [ [ [ 516806.174905634019524, 3013565.776128330733627 ], [ 519525.28297071432462, 3013569.762659429572523 ], [ 519529.543854957562871, 3010864.76945783989504 ], [ 516809.842409393866546, 3010860.785357777029276 ], [ 516806.174905634019524, 3013565.776128330733627 ] ] ] } },
{ "type": "Feature", "properties": { "x_idx": 98816, "y_idx": 85568, "x": 9042808, "y": 3152566, "region": "uttar_pradesh" }, "geometry": { "type": "Polygon", "coordinates": [ [ [ 521700.571295264235232, 3013573.381526750978082 ], [ 524419.684348640264943, 3013578.442167259287089 ], [ 524425.013327430817299, 3010873.443672814406455 ], [ 521705.306886535370722, 3010868.38611833518371 ], [ 521700.571295264235232, 3013573.381526750978082 ] ] ] } },
{ "type": "Feature", "properties": { "x_idx": 98240, "y_idx": 85568, "x": 9040056, "y": 3152566, "region": "uttar_pradesh" }, "geometry": { "type": "Polygon", "coordinates": [ [ [ 519253.372052110149525, 3013569.337153716012836 ], [ 521972.482463282009121, 3013573.860737927723676 ], [ 521977.277393111377023, 3010868.865037283860147 ], [ 519257.57359814690426, 3010864.344211605377495 ], [ 519253.372052110149525, 3013569.337153716012836 ] ] ] } },
{ "type": "Feature", "properties": { "x_idx": 98240, "y_idx": 84992, "x": 9040056, "y": 3155318, "region": "uttar_pradesh" }, "geometry": { "type": "Polygon", "coordinates": [ [ [ 519249.588462448504288, 3016003.331382481846958 ], [ 521968.164517756493296, 3016007.857446053996682 ], [ 521972.962088362197392, 3013303.387447834480554 ], [ 519253.792322463938035, 3013298.86413930170238 ], [ 519249.588462448504288, 3016003.331382481846958 ] ] ] } },
{ "type": "Feature", "properties": { "x_idx": 97664, "y_idx": 84992, "x": 9037305, "y": 3155318, "region": "uttar_pradesh" }, "geometry": { "type": "Polygon", "coordinates": [ [ [ 516802.872233426838648, 3015999.768405308015645 ], [ 519521.445945621817373, 3016003.75712141348049 ], [ 519525.709176523494534, 3013299.289619082584977 ], [ 516806.54175704770023, 3013295.303330934140831 ], [ 516802.872233426838648, 3015999.768405308015645 ] ] ] } },
{ "type": "Feature", "properties": { "x_idx": 92480, "y_idx": 85568, "x": 9012539, "y": 3152566, "region": "uttar_pradesh" }, "geometry": { "type": "Polygon", "coordinates": [ [ [ 494781.450965784781147, 3013555.477242877706885 ], [ 497500.551240901462734, 3013554.630376840941608 ], [ 497500.005804724001791, 3010849.646403125487268 ], [ 494780.312160111789126, 3010850.492752729915082 ], [ 494781.450965784781147, 3013555.477242877706885 ] ] ] } },
{ "type": "Feature", "properties": { "x_idx": 93632, "y_idx": 85568, "x": 9018042, "y": 3152566, "region": "uttar_pradesh" }, "geometry": { "type": "Polygon", "coordinates": [ [ [ 499675.831201503169723, 3013554.382517191581428 ], [ 502394.931134964106604, 3013554.609733879100531 ], [ 502395.453763030702248, 3010849.62577275140211 ], [ 499675.760460556135513, 3010849.398694625124335 ], [ 499675.831201503169723, 3013554.382517191581428 ] ] ] } },
{ "type": "Feature", "properties": { "x_idx": 93056, "y_idx": 85568, "x": 9015291, "y": 3152566, "region": "uttar_pradesh" }, "geometry": { "type": "Polygon", "coordinates": [ [ [ 497228.641234543581959, 3013554.688211363740265 ], [ 499947.741190778266173, 3013554.37838679831475 ], [ 499947.729786726820748, 3010849.394566750153899 ], [ 497228.036461446434259, 3010849.704202380031347 ], [ 497228.641234543581959, 3013554.688211363740265 ] ] ] } },
{ "type": "Feature", "properties": { "x_idx": 91904, "y_idx": 84992, "x": 9009787, "y": 3155318, "region": "uttar_pradesh" }, "geometry": { "type": "Polygon", "coordinates": [ [ [ 492335.766559099487495, 3015990.736941841430962 ], [ 495054.333105430006981, 3015989.352275217417628 ], [ 495053.253042227355763, 3013284.89354122756049 ], [ 492334.092798736935947, 3013286.277364991605282 ], [ 492335.766559099487495, 3015990.736941841430962 ] ] ] } },
{ "type": "Feature", "properties": { "x_idx": 93056, "y_idx": 84992, "x": 9015291, "y": 3155318, "region": "uttar_pradesh" }, "geometry": { "type": "Polygon", "coordinates": [ [ [ 497229.185846747481264, 3015988.674411062616855 ], [ 499947.751460391154978, 3015988.364416681695729 ], [ 499947.740050058928318, 3013283.906284010969102 ], [ 497228.580740572651848, 3013284.216089695692062 ], [ 497229.185846747481264, 3015988.674411062616855 ] ] ] } },
{ "type": "Feature", "properties": { "x_idx": 92480, "y_idx": 84992, "x": 9012539, "y": 3155318, "region": "uttar_pradesh" }, "geometry": { "type": "Polygon", "coordinates": [ [ [ 494782.476486711762846, 3015989.463875045068562 ], [ 497501.042418832599651, 3015988.616544840857387 ], [ 497500.496682257158682, 3013284.158258697483689 ], [ 494781.337053843832109, 3013285.005073122680187 ], [ 494782.476486711762846, 3015989.463875045068562 ] ] ] } },
{ "type": "Feature", "properties": { "x_idx": 93632, "y_idx": 84416, "x": 9018042, "y": 3158069, "region": "uttar_pradesh" }, "geometry": { "type": "Polygon", "coordinates": [ [ [ 499675.958644248894416, 3018421.881184881087393 ], [ 502393.989598858635873, 3018422.10865048551932 ], [ 502394.512802236306015, 3015718.17635707044974 ], [ 499675.887825429905206, 3015717.949029675684869 ], [ 499675.958644248894416, 3018421.881184881087393 ] ] ] } },
{ "type": "Feature", "properties": { "x_idx": 92480, "y_idx": 84416, "x": 9012539, "y": 3158069, "region": "uttar_pradesh" }, "geometry": { "type": "Polygon", "coordinates": [ [ [ 494783.502571365213953, 3018422.977109845262021 ], [ 497501.533866763231345, 3018422.129316062200814 ], [ 497500.987830167403445, 3015718.197010090574622 ], [ 494782.362512090767268, 3015719.044288749806583 ], [ 494783.502571365213953, 3018422.977109845262021 ] ] ] } },
{ "type": "Feature", "properties": { "x_idx": 93056, "y_idx": 84416, "x": 9015291, "y": 3158069, "region": "uttar_pradesh" }, "geometry": { "type": "Polygon", "coordinates": [ [ [ 497229.73075832350878, 3018422.187213943339884 ], [ 499947.761735649197362, 3018421.877049962524325 ], [ 499947.750319044163916, 3015717.944897269830108 ], [ 497229.125319489685353, 3015718.25487279240042 ], [ 497229.73075832350878, 3018422.187213943339884 ] ] ] } },
{ "type": "Feature", "properties": { "x_idx": 93632, "y_idx": 83840, "x": 9018042, "y": 3160821, "region": "uttar_pradesh" }, "geometry": { "type": "Polygon", "coordinates": [ [ [ 499676.022418104461394, 3020854.920160819776356 ], [ 502393.518443067907356, 3020855.147750645410269 ], [ 502394.041933558415622, 3018151.741729626432061 ], [ 499675.95156042301096, 3018151.514277833979577 ], [ 499676.022418104461394, 3020854.920160819776356 ] ] ] } },
{ "type": "Feature", "properties": { "x_idx": 94208, "y_idx": 85568, "x": 9020794, "y": 3152566, "region": "uttar_pradesh" }, "geometry": { "type": "Polygon", "coordinates": [ [ [ 502123.021133162255865, 3013554.560160145629197 ], [ 504842.121339958976023, 3013555.324418245349079 ], [ 504843.178000511426944, 3010850.340021293144673 ], [ 502123.484424315509386, 3010849.57622924959287 ], [ 502123.021133162255865, 3013554.560160145629197 ] ] ] } },
{ "type": "Feature", "properties": { "x_idx": 94208, "y_idx": 84992, "x": 9020794, "y": 3155318, "region": "uttar_pradesh" }, "geometry": { "type": "Polygon", "coordinates": [ [ [ 502122.603928730997723, 3015988.546289659570903 ], [ 504841.169792618660722, 3015989.310966650024056 ], [ 504842.227035124786198, 3013284.852257805410773 ], [ 502123.067475041025318, 3013284.088046280667186 ], [ 502122.603928730997723, 3015988.546289659570903 ] ] ] } },
{ "type": "Feature", "properties": { "x_idx": 95360, "y_idx": 84992, "x": 9026298, "y": 3155318, "region": "uttar_pradesh" }, "geometry": { "type": "Polygon", "coordinates": [ [ [ 507016.022934321954381, 3015990.352577271405607 ], [ 509734.590231383219361, 3015992.191927784122527 ], [ 509736.716129702865146, 3013287.731465271674097 ], [ 507017.555134421389084, 3013285.893234388437122 ], [ 507016.022934321954381, 3015990.352577271405607 ] ] ] } },
{ "type": "Feature", "properties": { "x_idx": 94784, "y_idx": 84992, "x": 9023546, "y": 3155318, "region": "uttar_pradesh" }, "geometry": { "type": "Polygon", "coordinates": [ [ [ 504569.313182995829266, 3015989.207632148638368 ], [ 507287.87961560342228, 3015990.509645442478359 ], [ 507289.471185456437524, 3013286.050206950400025 ], [ 504570.311055849539116, 3013284.748986204620451 ], [ 504569.313182995829266, 3015989.207632148638368 ] ] ] } },
{ "type": "Feature", "properties": { "x_idx": 93632, "y_idx": 84992, "x": 9018042, "y": 3155318, "region": "uttar_pradesh" }, "geometry": { "type": "Polygon", "coordinates": [ [ [ 499675.894905367109459, 3015988.368549339473248 ], [ 502394.460496265906841, 3015988.595890564378351 ], [ 502394.983412168978248, 3013284.137616993393749 ], [ 499675.824125459592324, 3013283.910414153244346 ], [ 499675.894905367109459, 3015988.368549339473248 ] ] ] } },
{ "type": "Feature", "properties": { "x_idx": 94208, "y_idx": 84416, "x": 9020794, "y": 3158069, "region": "uttar_pradesh" }, "geometry": { "type": "Polygon", "coordinates": [ [ [ 502122.186494963360019, 3018422.059022444300354 ], [ 504840.217722214933019, 3018422.824117793235928 ], [ 504841.275545943237375, 3015718.891389656346291 ], [ 502122.650296109437477, 3015718.126759183593094 ], [ 502122.186494963360019, 3018422.059022444300354 ] ] ] } },
{ "type": "Feature", "properties": { "x_idx": 94784, "y_idx": 84416, "x": 9023546, "y": 3158069, "region": "uttar_pradesh" }, "geometry": { "type": "Polygon", "coordinates": [ [ [ 504568.414576285227668, 3018422.72072675684467 ], [ 507286.446371533791535, 3018424.023452389054 ], [ 507288.038816356565803, 3015720.089995530433953 ], [ 504569.412997722509317, 3015718.788061441387981 ], [ 504568.414576285227668, 3018422.72072675684467 ] ] ] } },
{ "type": "Feature", "properties": { "x_idx": 95360, "y_idx": 84416, "x": 9026298, "y": 3158069, "region": "uttar_pradesh" }, "geometry": { "type": "Polygon", "coordinates": [ [ [ 507014.643154036602937, 3018423.866298285312951 ], [ 509732.675812639878131, 3018425.706655115354806 ], [ 509734.802879676921293, 3015721.772175535559654 ], [ 507016.176196467131376, 3015719.932936914730817 ], [ 507014.643154036602937, 3018423.866298285312951 ] ] ] } },
{ "type": "Feature", "properties": { "x_idx": 95360, "y_idx": 83840, "x": 9026298, "y": 3160821, "region": "uttar_pradesh" }, "geometry": { "type": "Polygon", "coordinates": [ [ [ 507013.262616660387721, 3020856.906358317472041 ], [ 509730.760343448433559, 3020858.747720187529922 ], [ 509732.888577731791884, 3018155.339515778701752 ], [ 507014.796500361815561, 3018153.499270698055625 ], [ 507013.262616660387721, 3020856.906358317472041 ] ] ] } },
{ "type": "Feature", "properties": { "x_idx": 94208, "y_idx": 83840, "x": 9020794, "y": 3160821, "region": "uttar_pradesh" }, "geometry": { "type": "Polygon", "coordinates": [ [ [ 502121.768832147994544, 3020855.098095501307398 ], [ 504839.265129406179767, 3020855.863608678802848 ], [ 504840.323533625167329, 3018152.457153489347547 ], [ 502122.232887809397653, 3018151.692104598041624 ], [ 502121.768832147994544, 3020855.098095501307398 ] ] ] } },
{ "type": "Feature", "properties": { "x_idx": 102272, "y_idx": 85568, "x": 9059318, "y": 3152566, "region": "uttar_pradesh" }, "geometry": { "type": "Polygon", "coordinates": [ [ [ 536383.825708360178396, 3013607.79824878834188 ], [ 539102.960833251476288, 3013616.081315089482814 ], [ 539111.494197738356888, 3010911.059868131764233 ], [ 536391.765654194401577, 3010902.781852846499532 ], [ 536383.825708360178396, 3013607.79824878834188 ] ] ] } },
{ "type": "Feature", "properties": { "x_idx": 101696, "y_idx": 85568, "x": 9056567, "y": 3152566, "region": "uttar_pradesh" }, "geometry": { "type": "Polygon", "coordinates": [ [ [ 533936.608288666349836, 3013600.853718184866011 ], [ 536655.738994696410373, 3013608.599701153114438 ], [ 536663.738282076898031, 3010903.582816484384239 ], [ 533944.014163627405651, 3010895.841557034291327 ], [ 533936.608288666349836, 3013600.853718184866011 ] ] ] } },
{ "type": "Feature", "properties": { "x_idx": 102848, "y_idx": 84992, "x": 9062070, "y": 3155318, "region": "uttar_pradesh" }, "geometry": { "type": "Polygon", "coordinates": [ [ [ 538823.416036680922844, 3016049.245534236077219 ], [ 541542.021483316086233, 3016058.070523890201002 ], [ 541551.093924642307684, 3013353.569961078464985 ], [ 538831.894725904217921, 3013344.750343127176166 ], [ 538823.416036680922844, 3016049.245534236077219 ] ] ] } },
{ "type": "Feature", "properties": { "x_idx": 102272, "y_idx": 84992, "x": 9059318, "y": 3155318, "region": "uttar_pradesh" }, "geometry": { "type": "Polygon", "coordinates": [ [ [ 536376.67560303886421, 3016041.813557781744748 ], [ 539095.276340690907091, 3016050.101163919549435 ], [ 539103.814404784468934, 3013345.605451995041221 ], [ 536384.619921680656262, 3013337.322890475858003 ], [ 536376.67560303886421, 3016041.813557781744748 ] ] ] } },
{ "type": "Feature", "properties": { "x_idx": 101696, "y_idx": 84992, "x": 9056567, "y": 3155318, "region": "uttar_pradesh" }, "geometry": { "type": "Polygon", "coordinates": [ [ [ 533929.939126537530683, 3016034.865220961626619 ], [ 536648.535450938274153, 3016042.615449412260205 ], [ 536656.539143806206994, 3013338.124293998349458 ], [ 533937.349080187035725, 3013330.378783083055168 ], [ 533929.939126537530683, 3016034.865220961626619 ] ] ] } },
{ "type": "Feature", "properties": { "x_idx": 101120, "y_idx": 84992, "x": 9053815, "y": 3155318, "region": "uttar_pradesh" }, "geometry": { "type": "Polygon", "coordinates": [ [ [ 531483.206341012613848, 3016028.400518887676299 ], [ 534201.798547897487879, 3016035.613375102635473 ], [ 534209.26787517068442, 3013331.126481824554503 ], [ 531490.081934883142821, 3013323.918016061652452 ], [ 531483.206341012613848, 3016028.400518887676299 ] ] ] } },
{ "type": "Feature", "properties": { "x_idx": 101696, "y_idx": 84416, "x": 9056567, "y": 3158069, "region": "uttar_pradesh" }, "geometry": { "type": "Polygon", "coordinates": [ [ [ 533923.266298459959216, 3018468.403294827789068 ], [ 536641.327947502722964, 3018476.157763376832008 ], [ 536649.336040319991298, 3015772.192629819735885 ], [ 533930.68032567074988, 3015764.442872823681682 ], [ 533923.266298459959216, 3018468.403294827789068 ] ] ] } },
{ "type": "Feature", "properties": { "x_idx": 101120, "y_idx": 84416, "x": 9053815, "y": 3158069, "region": "uttar_pradesh" }, "geometry": { "type": "Polygon", "coordinates": [ [ [ 531477.014715791214257, 3018461.935055947862566 ], [ 534195.072252552374266, 3018469.15185827948153 ], [ 534202.545686025754549, 3015765.190981453284621 ], [ 531483.894089473993517, 3015757.978564005345106 ], [ 531477.014715791214257, 3018461.935055947862566 ] ] ] } },
{ "type": "Feature", "properties": { "x_idx": 102272, "y_idx": 84416, "x": 9059318, "y": 3158069, "region": "uttar_pradesh" }, "geometry": { "type": "Polygon", "coordinates": [ [ [ 536369.521567412884906, 3018475.355433037504554 ], [ 539087.587624096544459, 3018483.647573254071176 ], [ 539096.130381889175624, 3015779.67788896523416 ], [ 536377.470253365230747, 3015771.390786969102919 ], [ 536369.521567412884906, 3018475.355433037504554 ] ] ] } },
{ "type": "Feature", "properties": { "x_idx": 102848, "y_idx": 84416, "x": 9062070, "y": 3158069, "region": "uttar_pradesh" }, "geometry": { "type": "Polygon", "coordinates": [ [ [ 538815.780788476229645, 3018482.79147546319291 ], [ 541533.851548156584613, 3018491.621293177828193 ], [ 541542.928976931609213, 3015787.64676415361464 ], [ 538824.264138759463094, 3015778.822311329189688 ], [ 538815.780788476229645, 3018482.79147546319291 ] ] ] } },
{ "type": "Feature", "properties": { "x_idx": 101120, "y_idx": 85568, "x": 9053815, "y": 3152566, "region": "uttar_pradesh" }, "geometry": { "type": "Polygon", "coordinates": [ [ [ 531489.394564640824683, 3013594.39255740866065 ], [ 534208.521147920866497, 3013601.601462495047599 ], [ 534215.986363825853914, 3010896.588845367543399 ], [ 531496.266373941791244, 3010889.384336301591247 ], [ 531489.394564640824683, 3013594.39255740866065 ] ] ] } },
{ "type": "Feature", "properties": { "x_idx": 99392, "y_idx": 85568, "x": 9045560, "y": 3152566, "region": "uttar_pradesh" }, "geometry": { "type": "Polygon", "coordinates": [ [ [ 524147.772901596792508, 3013577.909250281751156 ], [ 526866.888893284834921, 3013583.506950647570193 ], [ 526872.751924787648022, 3010878.505367653444409 ], [ 524153.042541435570456, 3010872.911080814432353 ], [ 524147.772901596792508, 3013577.909250281751156 ] ] ] } },
{ "type": "Feature", "properties": { "x_idx": 100544, "y_idx": 84992, "x": 9051063, "y": 3155318, "region": "uttar_pradesh" }, "geometry": { "type": "Polygon", "coordinates": [ [ [ 529036.476980306091718, 3016022.4194470141083 ], [ 531755.065365408896469, 3016029.094936065841466 ], [ 531762.000332342460752, 3013324.612010547891259 ], [ 529042.818219234817661, 3013317.940584865398705 ], [ 529036.476980306091718, 3016022.4194470141083 ] ] ] } },
{ "type": "Feature", "properties": { "x_idx": 99968, "y_idx": 84992, "x": 9048312, "y": 3155318, "region": "uttar_pradesh" }, "geometry": { "type": "Polygon", "coordinates": [ [ [ 526589.750778256449848, 3016016.922001133207232 ], [ 529308.33563731086906, 3016023.060127716511488 ], [ 529314.736248783767223, 3013318.580875585321337 ], [ 526595.557666704757139, 3013312.446485287509859 ], [ 526589.750778256449848, 3016016.922001133207232 ] ] ] } },
{ "type": "Feature", "properties": { "x_idx": 99392, "y_idx": 84992, "x": 9045560, "y": 3155318, "region": "uttar_pradesh" }, "geometry": { "type": "Polygon", "coordinates": [ [ [ 524143.027468702290207, 3016011.908177378121763 ], [ 526861.609097441774793, 3016017.508945810608566 ], [ 526867.475357957067899, 3013313.033072691876441 ], [ 524148.300010755599942, 3013307.435713462065905 ], [ 524143.027468702290207, 3016011.908177378121763 ] ] ] } },
{ "type": "Feature", "properties": { "x_idx": 99968, "y_idx": 84416, "x": 9048312, "y": 3158069, "region": "uttar_pradesh" }, "geometry": { "type": "Polygon", "coordinates": [ [ [ 526584.521546024596319, 3018450.450258328113705 ], [ 529302.571744296117686, 3018456.59174306737259 ], [ 529308.975874471128918, 3015752.63849769718945 ], [ 526590.3316267876653, 3015746.500744505785406 ], [ 526584.521546024596319, 3018450.450258328113705 ] ] ] } },
{ "type": "Feature", "properties": { "x_idx": 100544, "y_idx": 84416, "x": 9051063, "y": 3158069, "region": "uttar_pradesh" }, "geometry": { "type": "Polygon", "coordinates": [ [ [ 529030.766553587163799, 3018455.950711850076914 ], [ 531748.820273424615152, 3018462.629853038582951 ], [ 531755.759052809211425, 3015758.672938940115273 ], [ 529037.111278579337522, 3015751.997855968307704 ], [ 529030.766553587163799, 3018455.950711850076914 ] ] ] } },
{ "type": "Feature", "properties": { "x_idx": 99392, "y_idx": 84416, "x": 9045560, "y": 3158069, "region": "uttar_pradesh" }, "geometry": { "type": "Polygon", "coordinates": [ [ [ 524138.27942728047492, 3018445.433691514190286 ], [ 526856.326399343553931, 3018451.037524122744799 ], [ 526862.195884812390432, 3015747.087653478141874 ], [ 524143.554867900151294, 3015741.487225749995559 ], [ 524138.27942728047492, 3018445.433691514190286 ] ] ] } },
{ "type": "Feature", "properties": { "x_idx": 99392, "y_idx": 83840, "x": 9045560, "y": 3160821, "region": "uttar_pradesh" }, "geometry": { "type": "Polygon", "coordinates": [ [ [ 524133.528780614899006, 3020878.485529692377895 ], [ 526851.040802643401548, 3020884.092422584537417 ], [ 526856.913509006495588, 3018180.668846656568348 ], [ 524138.80711615254404, 3018175.065354320220649 ], [ 524133.528780614899006, 3020878.485529692377895 ] ] ] } },
{ "type": "Feature", "properties": { "x_idx": 100544, "y_idx": 83840, "x": 9051063, "y": 3160821, "region": "uttar_pradesh" }, "geometry": { "type": "Polygon", "coordinates": [ [ [ 529025.052993579534814, 3020889.008293424732983 ], [ 531742.571754793287255, 3020895.691082111559808 ], [ 531749.514341830159537, 3018192.260471673216671 ], [ 529031.401200247346424, 3018185.581736049614847 ], [ 529025.052993579534814, 3020889.008293424732983 ] ] ] } },
{ "type": "Feature", "properties": { "x_idx": 104000, "y_idx": 85568, "x": 9067574, "y": 3152566, "region": "uttar_pradesh" }, "geometry": { "type": "Polygon", "coordinates": [ [ [ 543725.502806452801451, 3013631.532110136933625 ], [ 546444.652964586392045, 3013641.426462920382619 ], [ 546454.788597936043516, 3010936.389560599345714 ], [ 543735.044999944162555, 3010926.501241328660399 ], [ 543725.502806452801451, 3013631.532110136933625 ] ] ] } },
{ "type": "Feature", "properties": { "x_idx": 104000, "y_idx": 84992, "x": 9067574, "y": 3155318, "region": "uttar_pradesh" }, "geometry": { "type": "Polygon", "coordinates": [ [ [ 543716.909840018954128, 3016065.560427294112742 ], [ 546435.525591826881282, 3016075.460202979855239 ], [ 546445.666807143134065, 3013370.949055267497897 ], [ 543726.457288676523603, 3013361.055305453483015 ], [ 543716.909840018954128, 3016065.560427294112742 ] ] ] } },
{ "type": "Feature", "properties": { "x_idx": 103424, "y_idx": 84992, "x": 9064822, "y": 3155318, "region": "uttar_pradesh" }, "geometry": { "type": "Polygon", "coordinates": [ [ [ 541270.160693619749509, 3016057.161155550740659 ], [ 543988.77114497392904, 3016066.523534927982837 ], [ 543998.377969915629365, 3013362.017826854251325 ], [ 541279.173759389552288, 3013352.661146263591945 ], [ 541270.160693619749509, 3016057.161155550740659 ] ] ] } },
{ "type": "Feature", "properties": { "x_idx": 104000, "y_idx": 84416, "x": 9067574, "y": 3158069, "region": "uttar_pradesh" }, "geometry": { "type": "Polygon", "coordinates": [ [ [ 543708.312150211306289, 3018499.115294215269387 ], [ 546426.39320196385961, 3018509.020485925022513 ], [ 546436.539992229430936, 3015805.035385425202549 ], [ 543717.864847428863868, 3015795.13621194427833 ], [ 543708.312150211306289, 3018499.115294215269387 ] ] ] } },
{ "type": "Feature", "properties": { "x_idx": 103424, "y_idx": 84416, "x": 9064822, "y": 3158069, "region": "uttar_pradesh" }, "geometry": { "type": "Polygon", "coordinates": [ [ [ 541262.044227467267774, 3018490.711427333299071 ], [ 543980.119985504308715, 3018500.078928752336651 ], [ 543989.732091645011678, 3015796.099260991904885 ], [ 541271.062248046975583, 3015786.737451131921262 ], [ 541262.044227467267774, 3018490.711427333299071 ] ] ] } },
{ "type": "Feature", "properties": { "x_idx": 104000, "y_idx": 83840, "x": 9067574, "y": 3160821, "region": "uttar_pradesh" }, "geometry": { "type": "Polygon", "coordinates": [ [ [ 543699.709742976003326, 3020932.196447900962085 ], [ 546417.255801313091069, 3020942.107048755511642 ], [ 546427.408159510465339, 3018238.648287709802389 ], [ 543709.267682146979496, 3018228.743697441183031 ], [ 543699.709742976003326, 3020932.196447900962085 ] ] ] } },
{ "type": "Feature", "properties": { "x_idx": 102848, "y_idx": 83840, "x": 9062070, "y": 3160821, "region": "uttar_pradesh" }, "geometry": { "type": "Polygon", "coordinates": [ [ [ 538808.141350890975446, 3020915.863714790437371 ], [ 541525.677130257245153, 3020924.69835443329066 ], [ 541534.759540203143843, 3018221.250151439104229 ], [ 538816.629356367397122, 3018212.420869872905314 ], [ 538808.141350890975446, 3020915.863714790437371 ] ] ] } },
{ "type": "Feature", "properties": { "x_idx": 103424, "y_idx": 83840, "x": 9064822, "y": 3160821, "region": "uttar_pradesh" }, "geometry": { "type": "Polygon", "coordinates": [ [ [ 541253.923307910794392, 3020923.787991716060787 ], [ 543971.464079270954244, 3020933.160608672071248 ], [ 543981.081459962879308, 3018229.707273466512561 ], [ 541262.946277063572779, 3018220.340340841561556 ], [ 541253.923307910794392, 3020923.787991716060787 ] ] ] } },
{ "type": "Feature", "properties": { "x_idx": 103424, "y_idx": 83264, "x": 9064822, "y": 3163573, "region": "uttar_pradesh" }, "geometry": { "type": "Polygon", "coordinates": [ [ [ 541245.797940563759767, 3023356.390586022287607 ], [ 543962.803432257147506, 3023365.768312009982765 ], [ 543972.426080852281302, 3020662.841601241845638 ], [ 541254.82585205254145, 3020653.469552356749773 ], [ 541245.797940563759767, 3023356.390586022287607 ] ] ] } },
{ "type": "Feature", "properties": { "x_idx": 101696, "y_idx": 83840, "x": 9056567, "y": 3160821, "region": "uttar_pradesh" }, "geometry": { "type": "Polygon", "coordinates": [ [ [ 533916.589809048222378, 3020901.467676785774529 ], [ 536634.116489373962395, 3020909.226380046922714 ], [ 536642.128976602340117, 3018205.787560588214546 ], [ 533924.00790469290223, 3018198.033562895376235 ], [ 533916.589809048222378, 3020901.467676785774529 ] ] ] } },
{ "type": "Feature", "properties": { "x_idx": 102272, "y_idx": 83840, "x": 9059318, "y": 3160821, "region": "uttar_pradesh" }, "geometry": { "type": "Polygon", "coordinates": [ [ [ 536362.363606429891661, 3020908.423611556179821 ], [ 539079.894688785891049, 3020916.720280093606561 ], [ 539088.442134369281121, 3018213.276915681082755 ], [ 536370.316654195543379, 3018204.985278966836631 ], [ 536362.363606429891661, 3020908.423611556179821 ] ] ] } },
{ "type": "Feature", "properties": { "x_idx": 101120, "y_idx": 83840, "x": 9053815, "y": 3160821, "region": "uttar_pradesh" }, "geometry": { "type": "Polygon", "coordinates": [ [ [ 531470.819693258497864, 3020894.99590559117496 ], [ 534188.342266537365504, 3020902.216649028006941 ], [ 534195.819801042205654, 3018198.782080894336104 ], [ 531477.702841995866038, 3018191.565716772340238 ], [ 531470.819693258497864, 3020894.99590559117496 ] ] ] } },
{ "type": "Feature", "properties": { "x_idx": 102272, "y_idx": 83264, "x": 9059318, "y": 3163573, "region": "uttar_pradesh" }, "geometry": { "type": "Polygon", "coordinates": [ [ [ 536355.201725037419237, 3023341.017830662894994 ], [ 539072.197540076449513, 3023349.319021762814373 ], [ 539080.74966754228808, 3020646.402269109152257 ], [ 536363.159129118896089, 3020638.106103433761746 ], [ 536355.201725037419237, 3023341.017830662894994 ] ] ] } },
{ "type": "Feature", "properties": { "x_idx": 101696, "y_idx": 83264, "x": 9056567, "y": 3163573, "region": "uttar_pradesh" }, "geometry": { "type": "Polygon", "coordinates": [ [ [ 533909.909662917372771, 3023334.05810415931046 ], [ 536626.901081537012942, 3023341.821036748588085 ], [ 536634.917957637924701, 3020638.90882326848805 ], [ 533917.33182186819613, 3020631.15059026516974 ], [ 533909.909662917372771, 3023334.05810415931046 ] ] ] } },
{ "type": "Feature", "properties": { "x_idx": 101120, "y_idx": 82688, "x": 9053815, "y": 3166325, "region": "uttar_pradesh" }, "geometry": { "type": "Polygon", "coordinates": [ [ [ 531458.419473388348706, 3025759.695492246653885 ], [ 534174.871241105371155, 3025766.924102859105915 ], [ 534182.356962166610174, 3023064.543027395382524 ], [ 531465.310157960862853, 3023057.318784960545599 ], [ 531458.419473388348706, 3025759.695492246653885 ] ] ] } },
{ "type": "Feature", "properties": { "x_idx": 102272, "y_idx": 82688, "x": 9059318, "y": 3166325, "region": "uttar_pradesh" }, "geometry": { "type": "Polygon", "coordinates": [ [ [ 536348.035928183700889, 3025773.137828003615141 ], [ 539064.49618328618817, 3025781.443535906262696 ], [ 539073.052986725699157, 3023079.053686535451561 ], [ 536355.997683083172888, 3023070.752997658215463 ], [ 536348.035928183700889, 3025773.137828003615141 ] ] ] } },
{ "type": "Feature", "properties": { "x_idx": 101696, "y_idx": 82688, "x": 9056567, "y": 3166325, "region": "uttar_pradesh" }, "geometry": { "type": "Polygon", "coordinates": [ [ [ 533903.225864682695828, 3025766.17431459389627 ], [ 536619.681728976778686, 3025773.941471125464886 ], [ 536627.702988411183469, 3023071.556155149359256 ], [ 533910.652081811684184, 3023063.793692219536752 ], [ 533903.225864682695828, 3025766.17431459389627 ] ] ] } },
{ "type": "Feature", "properties": { "x_idx": 101120, "y_idx": 82112, "x": 9053815, "y": 3169076, "region": "uttar_pradesh" }, "geometry": { "type": "Polygon", "coordinates": [ [ [ 531452.214284615940414, 3028191.333704875782132 ], [ 534168.130210993112996, 3028198.566241558175534 ], [ 534175.620017578592524, 3025496.71234935708344 ], [ 531459.108729968313128, 3025489.484175283461809 ], [ 531452.214284615940414, 3028191.333704875782132 ] ] ] } },
{ "type": "Feature", "properties": { "x_idx": 102848, "y_idx": 82112, "x": 9062070, "y": 3169076, "region": "uttar_pradesh" }, "geometry": { "type": "Polygon", "coordinates": [ [ [ 538785.197954660397954, 3028212.235596221406013 ], [ 541501.12703662540298, 3028221.084664857480675 ], [ 541510.224352413206361, 3025519.217189812101424 ], [ 538793.699890510761179, 3025510.373458812013268 ], [ 538785.197954660397954, 3028212.235596221406013 ] ] ] } },
{ "type": "Feature", "properties": { "x_idx": 99968, "y_idx": 83840, "x": 9048312, "y": 3160821, "region": "uttar_pradesh" }, "geometry": { "type": "Polygon", "coordinates": [ [ [ 526579.289444526541047, 3020883.504836081992835 ], [ 529296.804688656935468, 3020889.64967471268028 ], [ 529303.212333105155267, 3018186.222728342749178 ], [ 526585.102713586413302, 3018180.081616520881653 ], [ 526579.289444526541047, 3020883.504836081992835 ] ] ] } },
{ "type": "Feature", "properties": { "x_idx": 99392, "y_idx": 83264, "x": 9045560, "y": 3163573, "region": "uttar_pradesh" }, "geometry": { "type": "Polygon", "coordinates": [ [ [ 524128.775531989289448, 3023311.06342923687771 ], [ 526845.752310994779691, 3023316.673378522507846 ], [ 526851.628234192845412, 3020613.776389190461487 ], [ 524134.056758796330541, 3020608.16983613697812 ], [ 524128.775531989289448, 3023311.06342923687771 ] ] ] } },
{ "type": "Feature", "properties": { "x_idx": 100544, "y_idx": 83264, "x": 9051063, "y": 3163573, "region": "uttar_pradesh" }, "geometry": { "type": "Polygon", "coordinates": [ [ [ 529019.336304232827388, 3023321.591929064132273 ], [ 531736.319813834037632, 3023328.278360610362142 ], [ 531743.266203724080697, 3020625.374345713295043 ], [ 529025.687988187884912, 3020618.691962075885385 ], [ 529019.336304232827388, 3023321.591929064132273 ] ] ] } },
{ "type": "Feature", "properties": { "x_idx": 99968, "y_idx": 83264, "x": 9048312, "y": 3163573, "region": "uttar_pradesh" }, "geometry": { "type": "Polygon", "coordinates": [ [ [ 526574.054477379075252, 3023316.085471718106419 ], [ 529291.034474379615858, 3023322.233659974765033 ], [ 529297.445628671906888, 3020619.33330448763445 ], [ 526579.870930717210285, 3020613.188838301226497 ], [ 526574.054477379075252, 3023316.085471718106419 ] ] ] } },
{ "type": "Feature", "properties": { "x_idx": 101120, "y_idx": 83264, "x": 9053815, "y": 3163573, "region": "uttar_pradesh" }, "geometry": { "type": "Polygon", "coordinates": [ [ [ 531464.621277696802281, 3023327.582805141806602 ], [ 534181.608594504301436, 3023334.807484672404826 ], [ 534189.090224871877581, 3020631.899517111945897 ], [ 531471.508196730865166, 3020624.679211328271776 ], [ 531464.621277696802281, 3023327.582805141806602 ] ] ] } },
{ "type": "Feature", "properties": { "x_idx": 99392, "y_idx": 82688, "x": 9045560, "y": 3166325, "region": "uttar_pradesh" }, "geometry": { "type": "Polygon", "coordinates": [ [ [ 524124.019684687547851, 3025743.167127795051783 ], [ 526840.460928051616065, 3025748.780129581689835 ], [ 526846.340064024785534, 3023046.410018369089812 ], [ 524129.303799115179572, 3023040.800408490467817 ], [ 524124.019684687547851, 3025743.167127795051783 ] ] ] } },
{ "type": "Feature", "properties": { "x_idx": 100544, "y_idx": 82688, "x": 9051063, "y": 3166325, "region": "uttar_pradesh" }, "geometry": { "type": "Polygon", "coordinates": [ [ [ 529013.616489496314898, 3025753.701356412377208 ], [ 531730.064454866107553, 3025760.391426179092377 ], [ 531737.014642810099758, 3023058.014298347290605 ], [ 529019.971646350459196, 3023051.328271334525198 ], [ 529013.616489496314898, 3025753.701356412377208 ] ] ] } },
{ "type": "Feature", "properties": { "x_idx": 99968, "y_idx": 82688, "x": 9048312, "y": 3166325, "region": "uttar_pradesh" }, "geometry": { "type": "Polygon", "coordinates": [ [ [ 526568.816648198640905, 3025748.191902884282172 ], [ 529285.261105450801551, 3025754.343436502385885 ], [ 529291.675765157560818, 3023051.969963420182467 ], [ 526574.636281796498224, 3023045.822147133294493 ], [ 526568.816648198640905, 3025748.191902884282172 ] ] ] } },
{ "type": "Feature", "properties": { "x_idx": 99392, "y_idx": 82112, "x": 9045560, "y": 3169076, "region": "uttar_pradesh" }, "geometry": { "type": "Polygon", "coordinates": [ [ [ 524119.261241993750446, 3028174.796363339293748 ], [ 526835.166657467605546, 3028180.412413734942675 ], [ 526841.049002156127244, 3025478.569471805356443 ], [ 524124.548240393109154, 3025472.95680899405852 ], [ 524119.261241993750446, 3028174.796363339293748 ] ] ] } },
{ "type": "Feature", "properties": { "x_idx": 99968, "y_idx": 82112, "x": 9048312, "y": 3169076, "region": "uttar_pradesh" }, "geometry": { "type": "Polygon", "coordinates": [ [ [ 526563.575960602378473, 3028179.823867551982403 ], [ 529279.484585857135244, 3028185.978742265608162 ], [ 529285.902746548643336, 3025484.132442753296345 ], [ 526569.398770441184752, 3025477.981280632317066 ], [ 526563.575960602378473, 3028179.823867551982403 ] ] ] } },
{ "type": "Feature", "properties": { "x_idx": 102848, "y_idx": 83264, "x": 9062070, "y": 3163573, "region": "uttar_pradesh" }, "geometry": { "type": "Polygon", "coordinates": [ [ [ 538800.497729205992073, 3023348.461989541072398 ], [ 541517.498235268285498, 3023357.301444980781525 ], [ 541526.585620106896386, 3020654.379859898239374 ], [ 538808.990384008153342, 3020645.545755722094327 ], [ 538800.497729205992073, 3023348.461989541072398 ] ] ] } },
{ "type": "Feature", "properties": { "x_idx": 104000, "y_idx": 83264, "x": 9067574, "y": 3163573, "region": "uttar_pradesh" }, "geometry": { "type": "Polygon", "coordinates": [ [ [ 543691.102624259190634, 3023364.80362567352131 ], [ 546408.11339619057253, 3023374.719628795050085 ], [ 546418.271315301884897, 3020671.787499086931348 ], [ 543700.665798776666634, 3020661.877498907968402 ], [ 543691.102624259190634, 3023364.80362567352131 ] ] ] } },
{ "type": "Feature", "properties": { "x_idx": 102848, "y_idx": 82688, "x": 9062070, "y": 3166325, "region": "uttar_pradesh" }, "geometry": { "type": "Polygon", "coordinates": [ [ [ 538792.849928701994941, 3025780.586037361528724 ], [ 541509.314868840621784, 3025789.430302465800196 ], [ 541518.407222293317318, 3023087.035626818425953 ], [ 538801.347226962330751, 3023078.196706164162606 ], [ 538792.849928701994941, 3025780.586037361528724 ] ] ] } },
{ "type": "Feature", "properties": { "x_idx": 104000, "y_idx": 82688, "x": 9067574, "y": 3166325, "region": "uttar_pradesh" }, "geometry": { "type": "Polygon", "coordinates": [ [ [ 543682.490800007712096, 3025796.936565178912133 ], [ 546398.965992912882939, 3025806.857963687274605 ], [ 546409.129465919919312, 3023104.452756840735674 ], [ 543692.05920326418709, 3023094.537353631108999 ], [ 543682.490800007712096, 3025796.936565178912133 ] ] ] } },
{ "type": "Feature", "properties": { "x_idx": 103424, "y_idx": 82688, "x": 9064822, "y": 3166325, "region": "uttar_pradesh" }, "geometry": { "type": "Polygon", "coordinates": [ [ [ 541237.668131040059961, 3025788.518947897013277 ], [ 543954.138050446636043, 3025797.901776410639286 ], [ 543963.765960296383128, 3023095.501981604844332 ], [ 541246.700978627311997, 3023086.124822966288775 ], [ 541237.668131040059961, 3025788.518947897013277 ] ] ] } },
{ "type": "Feature", "properties": { "x_idx": 104000, "y_idx": 82112, "x": 9067574, "y": 3169076, "region": "uttar_pradesh" }, "geometry": { "type": "Polygon", "coordinates": [ [ [ 543673.874276168295182, 3028228.595004385802895 ], [ 546389.813597796950489, 3028238.52179140271619 ], [ 546399.9826176809147, 3025536.643798584584147 ], [ 543683.447901556151919, 3025526.722999223973602 ], [ 543673.874276168295182, 3028228.595004385802895 ] ] ] } },
{ "type": "Feature", "properties": { "x_idx": 103424, "y_idx": 82112, "x": 9064822, "y": 3169076, "region": "uttar_pradesh" }, "geometry": { "type": "Polygon", "coordinates": [ [ [ 541229.533884953707457, 3028220.172815311234444 ], [ 543945.467939823167399, 3028229.560739844106138 ], [ 543955.10110427881591, 3025527.688152167014778 ], [ 541238.571662401547655, 3025518.305890279822052 ], [ 541229.533884953707457, 3028220.172815311234444 ] ] ] } },
{ "type": "Feature", "properties": { "x_idx": 100544, "y_idx": 82112, "x": 9051063, "y": 3169076, "region": "uttar_pradesh" }, "geometry": { "type": "Polygon", "coordinates": [ [ [ 529007.893553319969214, 3028185.336313441861421 ], [ 531723.805682209203951, 3028192.030016791541129 ], [ 531730.759663407690823, 3025490.180067188572139 ], [ 529014.252178684459068, 3025483.490401439368725 ], [ 529007.893553319969214, 3028185.336313441861421 ] ] ] } },
{ "type": "Feature", "properties": { "x_idx": 101696, "y_idx": 82112, "x": 9056567, "y": 3169076, "region": "uttar_pradesh" }, "geometry": { "type": "Polygon", "coordinates": [ [ [ 533896.5384189595934, 3028197.81604606192559 ], [ 536612.458436678629369, 3028205.58742115041241 ], [ 536620.484073907369748, 3025503.7292938423343 ], [ 533903.96868913830258, 3025495.96260637184605 ], [ 533896.5384189595934, 3028197.81604606192559 ] ] ] } },
{ "type": "Feature", "properties": { "x_idx": 102272, "y_idx": 82112, "x": 9059318, "y": 3169076, "region": "uttar_pradesh" }, "geometry": { "type": "Polygon", "coordinates": [ [ [ 536340.866220816969872, 3028204.783341547474265 ], [ 539056.790623733075336, 3028213.093560494948179 ], [ 539065.352097237249836, 3025511.230905572883785 ], [ 536348.832321036374196, 3025502.925699252635241 ], [ 536340.866220816969872, 3028204.783341547474265 ] ] ] } },
{ "type": "Feature", "properties": { "x_idx": 98816, "y_idx": 84992, "x": 9042808, "y": 3155318, "region": "uttar_pradesh" }, "geometry": { "type": "Polygon", "coordinates": [ [ [ 521696.306785486231092, 3016007.377972222864628 ], [ 524414.885479644057341, 3016012.44138644495979 ], [ 524420.217393329017796, 3013307.968597962055355 ], [ 521701.044984853884671, 3013302.908265861682594 ], [ 521696.306785486231092, 3016007.377972222864628 ] ] ] } },
{ "type": "Feature", "properties": { "x_idx": 98240, "y_idx": 84416, "x": 9040056, "y": 3158069, "region": "uttar_pradesh" }, "geometry": { "type": "Polygon", "coordinates": [ [ [ 519245.80279296921799, 3018436.85220424644649 ], [ 521963.84419868583791, 3018441.380744033493102 ], [ 521968.644406748295296, 3015737.436740838456899 ], [ 519250.008964054693934, 3015732.910952596459538 ], [ 519245.80279296921799, 3018436.85220424644649 ] ] ] } },
{ "type": "Feature", "properties": { "x_idx": 97664, "y_idx": 84416, "x": 9037305, "y": 3158069, "region": "uttar_pradesh" }, "geometry": { "type": "Polygon", "coordinates": [ [ [ 516799.56774575682357, 3018433.287277758587152 ], [ 519517.606811338977423, 3018437.278176099527627 ], [ 519521.872385949303862, 3015733.336665628477931 ], [ 516803.239286699681543, 3015729.348192165605724 ], [ 516799.56774575682357, 3018433.287277758587152 ] ] ] } },
{ "type": "Feature", "properties": { "x_idx": 98816, "y_idx": 84416, "x": 9042808, "y": 3158069, "region": "uttar_pradesh" }, "geometry": { "type": "Polygon", "coordinates": [ [ [ 521692.039931535837241, 3018440.901007882319391 ], [ 524410.083972747786902, 3018445.967192299198359 ], [ 524415.418817637721077, 3015742.020402380265296 ], [ 521696.780735721578822, 3015736.957296175416559 ], [ 521692.039931535837241, 3018440.901007882319391 ] ] ] } },
{ "type": "Feature", "properties": { "x_idx": 98240, "y_idx": 83840, "x": 9040056, "y": 3160821, "region": "uttar_pradesh" }, "geometry": { "type": "Polygon", "coordinates": [ [ [ 519242.015046290471219, 3020869.899356011301279 ], [ 521959.521509057842195, 3020874.430368869099766 ], [ 521964.324351257353555, 3018171.0126529391855 ], [ 519246.223525537003297, 3018166.484388132113963 ], [ 519242.015046290471219, 3020869.899356011301279 ] ] ] } },
{ "type": "Feature", "properties": { "x_idx": 98816, "y_idx": 83840, "x": 9042808, "y": 3160821, "region": "uttar_pradesh" }, "geometry": { "type": "Polygon", "coordinates": [ [ [ 521687.770736363891046, 3020873.950370730832219 ], [ 524405.279831271851435, 3020879.019321825355291 ], [ 524410.617603677441366, 3018175.598822710569948 ], [ 521692.514142089057714, 3018170.532945918850601 ], [ 521687.770736363891046, 3020873.950370730832219 ] ] ] } },
{ "type": "Feature", "properties": { "x_idx": 97664, "y_idx": 83840, "x": 9037305, "y": 3160821, "region": "uttar_pradesh" }, "geometry": { "type": "Polygon", "coordinates": [ [ [ 516796.26144490914885, 3020866.332482686266303 ], [ 519513.765570520830806, 3020870.325560491532087 ], [ 519518.033485889842268, 3018166.910334120038897 ], [ 516799.935000634926837, 3018162.919678112491965 ], [ 516796.26144490914885, 3020866.332482686266303 ] ] ] } },
{ "type": "Feature", "properties": { "x_idx": 97088, "y_idx": 83264, "x": 9034553, "y": 3163573, "region": "uttar_pradesh" }, "geometry": { "type": "Polygon", "coordinates": [ [ [ 514347.683262193808332, 3023295.819342527072877 ], [ 517064.650115273776464, 3023299.276371544692665 ], [ 517068.385151611990295, 3020596.389914291910827 ], [ 514350.823616215842776, 3020592.934978154953569 ], [ 514347.683262193808332, 3023295.819342527072877 ] ] ] } },
{ "type": "Feature", "properties": { "x_idx": 98816, "y_idx": 83264, "x": 9042808, "y": 3163573, "region": "uttar_pradesh" }, "geometry": { "type": "Polygon", "coordinates": [ [ [ 521683.49920292122988, 3023306.525798093527555 ], [ 524400.473058537114412, 3023311.597512348089367 ], [ 524405.813754768576473, 3020608.703595916740596 ], [ 521688.24520690710051, 3020603.634952056221664 ], [ 521683.49920292122988, 3023306.525798093527555 ] ] ] } },
{ "type": "Feature", "properties": { "x_idx": 98240, "y_idx": 83264, "x": 9040056, "y": 3163573, "region": "uttar_pradesh" }, "geometry": { "type": "Polygon", "coordinates": [ [ [ 519238.225225030269939, 3023302.472575102001429 ], [ 521955.196451860363595, 3023307.006057886872441 ], [ 521960.001924877054989, 3020604.114921101834625 ], [ 519242.436009528872091, 3020599.584182874299586 ], [ 519238.225225030269939, 3023302.472575102001429 ] ] ] } },
{ "type": "Feature", "properties": { "x_idx": 96512, "y_idx": 84992, "x": 9031801, "y": 3155318, "region": "uttar_pradesh" }, "geometry": { "type": "Polygon", "coordinates": [ [ [ 511909.444992796343286, 3015994.093278979882598 ], [ 514628.014905958552845, 3015997.007308189757168 ], [ 514631.209466074244119, 3013292.543914515059441 ], [ 511912.045850996917579, 3013289.631659098435193 ], [ 511909.444992796343286, 3015994.093278979882598 ] ] ] } },
{ "type": "Feature", "properties": { "x_idx": 95936, "y_idx": 84992, "x": 9029049, "y": 3155318, "region": "uttar_pradesh" }, "geometry": { "type": "Polygon", "coordinates": [ [ [ 509462.733448869897984, 3015991.981125833466649 ], [ 512181.301906114735175, 3015994.357814858667552 ], [ 512183.962134396657348, 3013289.896033952012658 ], [ 509464.799977292947005, 3013287.520791637711227 ], [ 509462.733448869897984, 3015991.981125833466649 ] ] ] } },
{ "type": "Feature", "properties": { "x_idx": 97088, "y_idx": 84416, "x": 9034553, "y": 3158069, "region": "uttar_pradesh" }, "geometry": { "type": "Polygon", "coordinates": [ [ [ 514353.334524077363312, 3018430.206225914880633 ], [ 517071.371544880676083, 3018433.659485614392906 ], [ 517075.10248903837055, 3015729.720173866953701 ], [ 514356.471437459404115, 3015726.269012377597392 ], [ 514353.334524077363312, 3018430.206225914880633 ] ] ] } },
{ "type": "Feature", "properties": { "x_idx": 96512, "y_idx": 84416, "x": 9031801, "y": 3158069, "region": "uttar_pradesh" }, "geometry": { "type": "Polygon", "coordinates": [ [ [ 511907.102862112398725, 3018427.609046548604965 ], [ 514625.138133491098415, 3018430.524670035112649 ], [ 514628.334449819638394, 3015726.587263009976596 ], [ 511909.705150139343459, 3015723.673411067575216 ], [ 511907.102862112398725, 3018427.609046548604965 ] ] ] } },
{ "type": "Feature", "properties": { "x_idx": 95936, "y_idx": 84416, "x": 9029049, "y": 3158069, "region": "uttar_pradesh" }, "geometry": { "type": "Polygon", "coordinates": [ [ [ 509460.872494039533194, 3018425.49573783390224 ], [ 512178.906311351573095, 3018427.873727156314999 ], [ 512181.568002098530997, 3015723.937930854037404 ], [ 509462.940158541314304, 3015721.561386408284307 ], [ 509460.872494039533194, 3018425.49573783390224 ] ] ] } },
{ "type": "Feature", "properties": { "x_idx": 97088, "y_idx": 83840, "x": 9034553, "y": 3160821, "region": "uttar_pradesh" }, "geometry": { "type": "Polygon", "coordinates": [ [ [ 514350.509666737227235, 3020863.249748250003904 ], [ 517068.01175017276546, 3020866.70489380788058 ], [ 517071.744741710892413, 3018163.29186336742714 ], [ 514353.648301523993723, 3018159.838813355658203 ], [ 514350.509666737227235, 3020863.249748250003904 ] ] ] } },
{ "type": "Feature", "properties": { "x_idx": 96512, "y_idx": 83840, "x": 9031801, "y": 3160821, "region": "uttar_pradesh" }, "geometry": { "type": "Polygon", "coordinates": [ [ [ 511904.759446294396184, 3020860.651150537654757 ], [ 514622.259782532113604, 3020863.568366276100278 ], [ 514625.457852862949949, 3018160.157238139305264 ], [ 511907.363162348046899, 3018157.241791694890708 ], [ 511904.759446294396184, 3020860.651150537654757 ] ] ] } },
{ "type": "Feature", "properties": { "x_idx": 95936, "y_idx": 83840, "x": 9029049, "y": 3160821, "region": "uttar_pradesh" }, "geometry": { "type": "Polygon", "coordinates": [ [ [ 509459.010518096678425, 3020858.536687721498311 ], [ 512176.509402118623257, 3020860.915975689888 ], [ 512179.172553489857819, 3018157.506456231232733 ], [ 509461.079317247262225, 3018155.128611304797232 ], [ 509459.010518096678425, 3020858.536687721498311 ] ] ] } },
{ "type": "Feature", "properties": { "x_idx": 96512, "y_idx": 83264, "x": 9031801, "y": 3163573, "region": "uttar_pradesh" }, "geometry": { "type": "Polygon", "coordinates": [ [ [ 511902.414746962080244, 3023293.219328271690756 ], [ 514619.379855071078055, 3023296.138134236913174 ], [ 514622.579677193658426, 3020593.253576869145036 ], [ 511905.019889242772479, 3020590.336537947878242 ], [ 511902.414746962080244, 3023293.219328271690756 ] ] ] } },
{ "type": "Feature", "properties": { "x_idx": 95936, "y_idx": 83264, "x": 9029049, "y": 3163573, "region": "uttar_pradesh" }, "geometry": { "type": "Polygon", "coordinates": [ [ [ 509457.147522328479681, 3023291.103712822310627 ], [ 512174.111180072650313, 3023293.484297784976661 ], [ 512176.775790227286052, 3020590.601347048766911 ], [ 509459.217454697878566, 3020588.222203293349594 ], [ 509457.147522328479681, 3023291.103712822310627 ] ] ] } },
{ "type": "Feature", "properties": { "x_idx": 94784, "y_idx": 83840, "x": 9023546, "y": 3160821, "region": "uttar_pradesh" }, "geometry": { "type": "Polygon", "coordinates": [ [ [ 504567.515476505388506, 3020855.76016117958352 ], [ 507285.012341037625447, 3020857.063598244916648 ], [ 507286.605659728869796, 3018153.656415258999914 ], [ 504568.514445835782681, 3018152.353768730536103 ], [ 504567.515476505388506, 3020855.76016117958352 ] ] ] } },
{ "type": "Feature", "properties": { "x_idx": 94208, "y_idx": 83264, "x": 9020794, "y": 3163573, "region": "uttar_pradesh" }, "geometry": { "type": "Polygon", "coordinates": [ [ [ 502121.350940573611297, 3023287.663246158976108 ], [ 504838.312014850962441, 3023288.42917663231492 ], [ 504839.370998828904703, 3020585.549286269582808 ], [ 502121.815250429499429, 3020584.783819491509348 ], [ 502121.350940573611297, 3023287.663246158976108 ] ] ] } },
{ "type": "Feature", "properties": { "x_idx": 94784, "y_idx": 83264, "x": 9023546, "y": 3163573, "region": "uttar_pradesh" }, "geometry": { "type": "Polygon", "coordinates": [ [ [ 504566.615884277794976, 3023288.325672741048038 ], [ 507283.577525106142275, 3023289.629820336122066 ], [ 507285.171716564451344, 3020586.749203102663159 ], [ 504567.615400810725987, 3020585.445845040492713 ], [ 504566.615884277794976, 3023288.325672741048038 ] ] ] } },
{ "type": "Feature", "properties": { "x_idx": 95360, "y_idx": 83264, "x": 9026298, "y": 3163573, "region": "uttar_pradesh" }, "geometry": { "type": "Polygon", "coordinates": [ [ [ 507011.881323147623334, 3023289.472494693938643 ], [ 509728.843825132818893, 3023291.314860325772315 ], [ 509730.973225191410165, 3020588.433222968131304 ], [ 507013.41604705969803, 3020586.591972705442458 ], [ 507011.881323147623334, 3023289.472494693938643 ] ] ] } },
{ "type": "Feature", "properties": { "x_idx": 94208, "y_idx": 82688, "x": 9020794, "y": 3166325, "region": "uttar_pradesh" }, "geometry": { "type": "Polygon", "coordinates": [ [ [ 502120.932820528920274, 3025719.754212062805891 ], [ 504837.358379207667895, 3025720.52055930159986 ], [ 504838.417942213010974, 3023018.167525287717581 ], [ 502121.397384258569218, 3023017.401641153730452 ], [ 502120.932820528920274, 3025719.754212062805891 ] ] ] } },
{ "type": "Feature", "properties": { "x_idx": 94784, "y_idx": 82688, "x": 9023546, "y": 3166325, "region": "uttar_pradesh" }, "geometry": { "type": "Polygon", "coordinates": [ [ [ 504565.715800223872066, 3025720.416999090928584 ], [ 507282.141924730618484, 3025721.721856310032308 ], [ 507283.736987854645122, 3023019.368096350692213 ], [ 504566.715863268822432, 3023018.06402765866369 ], [ 504565.715800223872066, 3025720.416999090928584 ] ] ] } },
{ "type": "Feature", "properties": { "x_idx": 93632, "y_idx": 82688, "x": 9018042, "y": 3166325, "region": "uttar_pradesh" }, "geometry": { "type": "Polygon", "coordinates": [ [ [ 499676.150070560746826, 3025719.576083512511104 ], [ 502392.575357638823334, 3025719.803921308368444 ], [ 502393.099421269376762, 3023017.451320359949023 ], [ 499676.079135301231872, 3023017.223620247095823 ], [ 499676.150070560746826, 3025719.576083512511104 ] ] ] } },
{ "type": "Feature", "properties": { "x_idx": 95360, "y_idx": 82688, "x": 9026298, "y": 3166325, "region": "uttar_pradesh" }, "geometry": { "type": "Polygon", "coordinates": [ [ [ 507010.499274452566169, 3025721.564445062540472 ], [ 509726.926259017083794, 3025723.407813178375363 ], [ 509729.056823379767593, 3023021.05303439265117 ], [ 507012.034837514976971, 3023019.210780227091163 ], [ 507010.499274452566169, 3025721.564445062540472 ] ] ] } },
{ "type": "Feature", "properties": { "x_idx": 95360, "y_idx": 82112, "x": 9026298, "y": 3169076, "region": "uttar_pradesh" }, "geometry": { "type": "Polygon", "coordinates": [ [ [ 507009.116471529647242, 3028153.181947395671159 ], [ 509725.007646425452549, 3028155.026316716335714 ], [ 509727.13937362091383, 3025453.198687667958438 ], [ 507010.652872681966983, 3025451.355430876370519 ], [ 507009.116471529647242, 3028153.181947395671159 ] ] ] } },
{ "type": "Feature", "properties": { "x_idx": 94784, "y_idx": 82112, "x": 9023546, "y": 3169076, "region": "uttar_pradesh" }, "geometry": { "type": "Polygon", "coordinates": [ [ [ 504564.815224965277594, 3028152.033878200221807 ], [ 507280.70554090233054, 3028153.339444139041007 ], [ 507282.301474590611178, 3025451.512832616921514 ], [ 504565.815833831613418, 3025450.208054200746119 ], [ 504564.815224965277594, 3028152.033878200221807 ] ] ] } },
{ "type": "Feature", "properties": { "x_idx": 97664, "y_idx": 83264, "x": 9037305, "y": 3163573, "region": "uttar_pradesh" }, "geometry": { "type": "Polygon", "coordinates": [ [ [ 516792.953333169280086, 3023298.903757415246218 ], [ 519509.922225822461769, 3023302.899011913686991 ], [ 519514.192479000019375, 3020600.010361521970481 ], [ 516796.628901138610672, 3020596.017525741830468 ], [ 516792.953333169280086, 3023298.903757415246218 ] ] ] } },
{ "type": "Feature", "properties": { "x_idx": 97664, "y_idx": 82688, "x": 9037305, "y": 3166325, "region": "uttar_pradesh" }, "geometry": { "type": "Polygon", "coordinates": [ [ [ 516789.643412822624668, 3025731.000839593820274 ], [ 519506.076779899129178, 3025734.99826801288873 ], [ 519510.349367935035843, 3023032.636485123075545 ], [ 516793.320990496082231, 3023028.641472342889756 ], [ 516789.643412822624668, 3025731.000839593820274 ] ] ] } },
{ "type": "Feature", "properties": { "x_idx": 98240, "y_idx": 82688, "x": 9040056, "y": 3166325, "region": "uttar_pradesh" }, "geometry": { "type": "Polygon", "coordinates": [ [ [ 519234.433331806969363, 3025734.571599166374654 ], [ 521950.869030081492383, 3025739.107548731844872 ], [ 521955.677130595315248, 3023036.743282615207136 ], [ 519238.646418648422696, 3023032.210074111819267 ], [ 519234.433331806969363, 3025734.571599166374654 ] ] ] } },
{ "type": "Feature", "properties": { "x_idx": 98816, "y_idx": 82688, "x": 9042808, "y": 3166325, "region": "uttar_pradesh" }, "geometry": { "type": "Polygon", "coordinates": [ [ [ 521679.225334159040358, 3025738.627027617767453 ], [ 524395.663657864322886, 3025743.701501512899995 ], [ 524401.007274231989868, 3023041.334459288511425 ], [ 521683.973933126602788, 3023036.263051879126579 ], [ 521679.225334159040358, 3025738.627027617767453 ] ] ] } },
{ "type": "Feature", "properties": { "x_idx": 98816, "y_idx": 82112, "x": 9042808, "y": 3169076, "region": "uttar_pradesh" }, "geometry": { "type": "Polygon", "coordinates": [ [ [ 521674.949133028567303, 3028170.253797276876867 ], [ 524390.85163257480599, 3028175.331027294043452 ], [ 524396.198165388312191, 3025473.491150440648198 ], [ 521679.700323698634747, 3025468.416982998140156 ], [ 521674.949133028567303, 3028170.253797276876867 ] ] ] } },
{ "type": "Feature", "properties": { "x_idx": 98240, "y_idx": 82112, "x": 9040056, "y": 3169076, "region": "uttar_pradesh" }, "geometry": { "type": "Polygon", "coordinates": [ [ [ 519230.639369238982908, 3028166.196166176814586 ], [ 521946.539246709435247, 3028170.734579377807677 ], [ 521951.349971400108188, 3025468.897475092671812 ], [ 519234.854755513952114, 3025464.36179945897311 ], [ 519230.639369238982908, 3028166.196166176814586 ] ] ] } },
{ "type": "Feature", "properties": { "x_idx": 97664, "y_idx": 82112, "x": 9037305, "y": 3169076, "region": "uttar_pradesh" }, "geometry": { "type": "Polygon", "coordinates": [ [ [ 516786.331686154764611, 3028162.623467192985117 ], [ 519502.229235406324733, 3028166.623066762462258 ], [ 519506.504155350034125, 3025464.788442538585514 ], [ 516790.01127099286532, 3025460.791255528572947 ], [ 516786.331686154764611, 3028162.623467192985117 ] ] ] } },
{ "type": "Feature", "properties": { "x_idx": 97088, "y_idx": 82688, "x": 9034553, "y": 3166325, "region": "uttar_pradesh" }, "geometry": { "type": "Polygon", "coordinates": [ [ [ 514344.85531239991542, 3025727.914746392518282 ], [ 517061.286642506194767, 3025731.373656472191215 ], [ 517065.023721063975245, 3023029.014063929207623 ], [ 514347.997383487469051, 3023025.557244066148996 ], [ 514344.85531239991542, 3025727.914746392518282 ] ] ] } },
{ "type": "Feature", "properties": { "x_idx": 96512, "y_idx": 82688, "x": 9031801, "y": 3166325, "region": "uttar_pradesh" }, "geometry": { "type": "Polygon", "coordinates": [ [ [ 511900.068765735428315, 3025725.313317398075014 ], [ 514616.498353097762447, 3025728.233711565844715 ], [ 514619.699924801301677, 3023025.876016488298774 ], [ 511902.675332443148363, 3023022.957387114875019 ], [ 511900.068765735428315, 3025725.313317398075014 ] ] ] } },
{ "type": "Feature", "properties": { "x_idx": 95936, "y_idx": 82688, "x": 9029049, "y": 3166325, "region": "uttar_pradesh" }, "geometry": { "type": "Polygon", "coordinates": [ [ [ 509455.283508022024762, 3025723.19655078323558 ], [ 512171.711646870477125, 3025725.578431088943034 ], [ 512174.377713967638556, 3023023.222340597771108 ], [ 509457.354572180018295, 3023020.841899664141238 ], [ 509455.283508022024762, 3025723.19655078323558 ] ] ] } },
{ "type": "Feature", "properties": { "x_idx": 96512, "y_idx": 82112, "x": 9031801, "y": 3169076, "region": "uttar_pradesh" }, "geometry": { "type": "Polygon", "coordinates": [ [ [ 511897.721504234301392, 3028156.932855888735503 ], [ 514613.615278601879254, 3028159.854836234357208 ], [ 514616.818597675533965, 3025458.024294611532241 ], [ 511900.329493569210172, 3025455.104076811112463 ], [ 511897.721504234301392, 3028156.932855888735503 ] ] ] } },
{ "type": "Feature", "properties": { "x_idx": 95936, "y_idx": 82112, "x": 9029049, "y": 3169076, "region": "uttar_pradesh" }, "geometry": { "type": "Polygon", "coordinates": [ [ [ 509453.418476464343257, 3028154.814939576201141 ], [ 512169.310804169042967, 3028157.198113573249429 ], [ 512171.978326367621776, 3025455.369174491148442 ], [ 509455.490670980885625, 3025452.987438031472266 ], [ 509453.418476464343257, 3028154.814939576201141 ] ] ] } },
{ "type": "Feature", "properties": { "x_idx": 97088, "y_idx": 82112, "x": 9034553, "y": 3169076, "region": "uttar_pradesh" }, "geometry": { "type": "Polygon", "coordinates": [ [ [ 514342.02581930818269, 3028159.535697819199413 ], [ 517057.921334192622453, 3028162.996486562304199 ], [ 517061.660452389332931, 3025461.164049892220646 ], [ 514345.169605291623157, 3025457.705348701681942 ], [ 514342.02581930818269, 3028159.535697819199413 ] ] ] } },
{ "type": "Feature", "properties": { "x_idx": 94208, "y_idx": 82112, "x": 9020794, "y": 3169076, "region": "uttar_pradesh" }, "geometry": { "type": "Polygon", "coordinates": [ [ [ 502120.514472302689683, 3028151.370731186121702 ], [ 504836.404223134857602, 3028152.137494658119977 ], [ 504837.464364435872994, 3025450.311608156654984 ], [ 502120.979289585200604, 3025449.545307198539376 ], [ 502120.514472302689683, 3028151.370731186121702 ] ] ] } },
{ "type": "Feature", "properties": { "x_idx": 93632, "y_idx": 82112, "x": 9018042, "y": 3169076, "region": "uttar_pradesh" }, "geometry": { "type": "Polygon", "coordinates": [ [ [ 499676.213949073280673, 3028151.192505887709558 ], [ 502392.103428651869763, 3028151.420467430725694 ], [ 502392.62777830963023, 3025449.595013442914933 ], [ 499676.142975098162424, 3025449.367189406882972 ], [ 499676.213949073280673, 3028151.192505887709558 ] ] ] } }
]
}
