filename,cx,cy,label
8607729_3364449_pos0_crop0.png,310,302,1
8607729_3364449_pos1_crop1.png,271,260,1
8607729_3364449_pos2_crop2.png,223,171,1
8566453_3353442_pos0_crop3.png,49,601,1
8566453_3353442_pos1_crop4.png,209,462,1
8566453_3353442_pos2_crop5.png,478,396,1
8566453_3353442_pos3_crop6.png,440,374,1
8566453_3353442_pos4_crop7.png,459,325,1
8558197_3372705_pos0_crop8.png,523,382,1
8558197_3372705_pos1_crop9.png,600,27,1
8615984_3292904_pos0_crop10.png,58,441,1
8615984_3292904_pos1_crop11.png,59,440,1
8615984_3292904_pos2_crop12.png,165,614,1
8615984_3292904_pos3_crop13.png,165,613,1
8635246_3356194_pos0_crop14.png,58,311,1
8632494_3279146_pos0_crop15.png,576,413,1
8635246_3295656_pos0_crop16.png,375,480,1
8635246_3295656_pos1_crop17.png,401,468,1
8635246_3295656_pos2_crop18.png,429,444,1
8635246_3295656_pos3_crop19.png,232,525,1
8635246_3295656_pos4_crop20.png,477,420,1
8635246_3295656_pos5_crop21.png,597,355,1
8635246_3295656_pos6_crop22.png,367,332,1
8635246_3295656_pos7_crop23.png,377,311,1
8615984_3295656_pos0_crop24.png,158,375,1
8615984_3295656_pos1_crop25.png,235,91,1
8615984_3295656_pos2_crop26.png,114,38,1
8599473_3372705_pos0_crop27.png,574,537,1
8599473_3372705_pos1_crop28.png,149,171,1
8599473_3372705_pos2_crop29.png,202,59,1
8599473_3372705_pos3_crop30.png,155,37,1
8599473_3372705_pos4_crop31.png,56,37,1
8599473_3372705_pos5_crop32.png,207,32,1
8563701_3345187_pos0_crop33.png,196,612,1
8563701_3345187_pos1_crop34.png,114,512,1
8613232_3353442_pos0_crop35.png,255,495,1
8613232_3353442_pos1_crop36.png,321,446,1
8613232_3353442_pos2_crop37.png,267,303,1
8613232_3353442_pos3_crop38.png,195,257,1
8560949_3331429_pos0_crop39.png,57,597,1
8563701_3347939_pos0_crop40.png,289,144,1
8563701_3347939_pos1_crop41.png,254,113,1
8591218_3361698_pos0_crop42.png,245,470,1
8566453_3347939_pos0_crop43.png,278,140,1
8566453_3347939_pos1_crop44.png,304,111,1
8566453_3347939_pos2_crop45.png,169,73,1
8629742_3356194_pos0_crop46.png,526,560,1
8629742_3356194_pos1_crop47.png,32,540,1
8629742_3356194_pos2_crop48.png,420,511,1
8629742_3356194_pos3_crop49.png,409,412,1
8632494_3347939_pos0_crop50.png,526,280,1
8632494_3347939_pos1_crop51.png,463,276,1
8632494_3347939_pos2_crop52.png,544,62,1
8632494_3347939_pos3_crop53.png,345,13,1
8615984_3298408_pos0_crop54.png,80,373,1
8615984_3298408_pos1_crop55.png,114,614,1
8621487_3281897_pos0_crop56.png,133,521,1
8621487_3281897_pos1_crop57.png,108,512,1
8621487_3281897_pos2_crop58.png,59,506,1
8621487_3281897_pos3_crop59.png,378,561,1
8621487_3281897_pos4_crop60.png,160,504,1
8607729_3347939_pos0_crop61.png,136,466,1
8607729_3347939_pos1_crop62.png,108,439,1
8607729_3347939_pos2_crop63.png,422,411,1
8607729_3347939_pos3_crop64.png,75,391,1
8607729_3347939_pos4_crop65.png,305,337,1
8607729_3347939_pos5_crop66.png,91,305,1
8607729_3347939_pos6_crop67.png,240,128,1
8607729_3347939_pos7_crop68.png,381,106,1
8607729_3347939_pos8_crop69.png,178,100,1
8607729_3347939_pos9_crop70.png,324,91,1
8607729_3347939_pos10_crop71.png,438,68,1
8607729_3347939_pos11_crop72.png,349,59,1
8607729_3347939_pos12_crop73.png,146,30,1
8607729_3347939_pos13_crop74.png,77,21,1
8607729_3358946_pos0_crop75.png,42,330,1
8615984_3367201_pos0_crop76.png,330,615,1
8615984_3367201_pos1_crop77.png,312,601,1
8615984_3367201_pos2_crop78.png,398,146,1
8610480_3342435_pos0_crop79.png,511,239,1
8610480_3342435_pos1_crop80.png,581,124,1
8610480_3342435_pos2_crop81.png,357,334,1
8610480_3342435_pos3_crop82.png,331,329,1
8610480_3342435_pos4_crop83.png,381,129,1
8610480_3342435_pos5_crop84.png,489,109,1
8610480_3342435_pos6_crop85.png,419,62,1
8610480_3342435_pos7_crop86.png,606,86,1
8632494_3298408_pos0_crop87.png,532,211,1
8626991_3356194_pos0_crop88.png,608,540,1
8599473_3361698_pos0_crop89.png,372,544,1
8599473_3361698_pos1_crop90.png,613,475,1
8599473_3361698_pos2_crop91.png,477,386,1
8599473_3361698_pos3_crop92.png,345,340,1
8599473_3361698_pos4_crop93.png,559,335,1
8599473_3361698_pos5_crop94.png,421,203,1
8599473_3361698_pos6_crop95.png,241,196,1
8599473_3361698_pos7_crop96.png,468,159,1
8599473_3361698_pos8_crop97.png,349,153,1
8599473_3361698_pos9_crop98.png,364,57,1
8629742_3323173_pos0_crop99.png,518,217,1
8629742_3323173_pos1_crop100.png,553,94,1
8640749_3281897_pos0_crop101.png,144,424,1
8640749_3281897_pos1_crop102.png,119,417,1
8558197_3356194_pos0_crop103.png,266,550,1
8558197_3356194_pos1_crop104.png,256,511,1
8558197_3356194_pos2_crop105.png,315,440,1
8558197_3356194_pos3_crop106.png,542,255,1
8604977_3347939_pos0_crop107.png,521,503,1
8604977_3350691_pos0_crop108.png,201,272,1
8604977_3350691_pos1_crop109.png,394,101,1
8604977_3350691_pos2_crop110.png,567,121,1
8604977_3350691_pos3_crop111.png,548,63,1
8618735_3369953_pos0_crop112.png,213,573,1
8618735_3369953_pos1_crop113.png,465,545,1
8618735_3369953_pos2_crop114.png,432,527,1
8618735_3369953_pos3_crop115.png,282,439,1
8618735_3369953_pos4_crop116.png,289,396,1
8618735_3369953_pos5_crop117.png,377,233,1
8618735_3369953_pos6_crop118.png,509,225,1
8618735_3369953_pos7_crop119.png,334,210,1
8618735_3369953_pos8_crop120.png,574,196,1
8613232_3287401_pos0_crop121.png,285,543,1
8613232_3287401_pos1_crop122.png,258,530,1
8618735_3279146_pos0_crop123.png,30,308,1
8618735_3279146_pos1_crop124.png,43,175,1
8618735_3279146_pos2_crop125.png,204,147,1
8618735_3279146_pos3_crop126.png,21,123,1
8618735_3279146_pos4_crop127.png,331,628,1
8618735_3279146_pos5_crop128.png,600,513,1
8637998_3345187_pos0_crop129.png,485,149,1
8637998_3345187_pos1_crop130.png,349,132,1
8637998_3345187_pos2_crop131.png,264,26,1
8615984_3347939_pos0_crop132.png,221,380,1
8640749_3306663_pos0_crop133.png,588,427,1
8558197_3367201_pos0_crop134.png,437,625,1
8558197_3367201_pos1_crop135.png,203,609,1
8558197_3367201_pos2_crop136.png,260,599,1
8558197_3367201_pos3_crop137.png,451,570,1
8558197_3367201_pos4_crop138.png,212,528,1
8558197_3367201_pos5_crop139.png,35,523,1
8558197_3367201_pos6_crop140.png,245,506,1
8558197_3367201_pos7_crop141.png,460,504,1
8558197_3367201_pos8_crop142.png,236,445,1
8621487_3361698_pos0_crop143.png,486,560,1
8621487_3353442_pos0_crop144.png,474,32,1
8615984_3369953_pos0_crop145.png,538,279,1
8558197_3364449_pos0_crop146.png,345,183,1
8558197_3364449_pos1_crop147.png,40,142,1
8558197_3364449_pos2_crop148.png,104,142,1
8558197_3364449_pos3_crop149.png,353,139,1
8558197_3364449_pos4_crop150.png,269,105,1
8558197_3364449_pos5_crop151.png,437,49,1
8558197_3364449_pos6_crop152.png,203,33,1
8558197_3364449_pos7_crop153.png,260,23,1
8615984_3281897_pos0_crop154.png,460,613,1
8615984_3281897_pos1_crop155.png,346,606,1
8615984_3281897_pos2_crop156.png,356,571,1
8615984_3281897_pos3_crop157.png,469,568,1
8615984_3281897_pos4_crop158.png,524,523,1
8615984_3281897_pos5_crop159.png,455,510,1
8577459_3287401_pos0_crop160.png,384,454,1
8577459_3287401_pos1_crop161.png,368,446,1
8577459_3287401_pos2_crop162.png,457,374,1
8607729_3345187_pos0_crop163.png,607,205,1
8607729_3345187_pos1_crop164.png,221,146,1
8607729_3345187_pos2_crop165.png,363,117,1
8637998_3309415_pos0_crop166.png,271,220,1
8624239_3350691_pos0_crop167.png,520,259,1
8624239_3350691_pos1_crop168.png,278,141,1
8618735_3358946_pos0_crop169.png,543,581,1
8615984_3358946_pos0_crop170.png,18,595,1
8560949_3367201_pos0_crop171.png,469,508,1
8560949_3367201_pos1_crop172.png,382,504,1
8560949_3367201_pos2_crop173.png,617,487,1
8560949_3367201_pos3_crop174.png,591,444,1
8560949_3367201_pos4_crop175.png,572,444,1
8560949_3367201_pos5_crop176.png,517,420,1
8560949_3367201_pos6_crop177.png,309,404,1
8560949_3367201_pos7_crop178.png,193,402,1
8560949_3367201_pos8_crop179.png,615,377,1
8560949_3367201_pos9_crop180.png,561,376,1
8560949_3367201_pos10_crop181.png,274,352,1
8560949_3367201_pos11_crop182.png,335,343,1
8560949_3367201_pos12_crop183.png,167,329,1
8560949_3367201_pos13_crop184.png,264,257,1
8560949_3367201_pos14_crop185.png,595,254,1
8560949_3367201_pos15_crop186.png,425,245,1
8560949_3367201_pos16_crop187.png,396,188,1
8560949_3367201_pos17_crop188.png,143,86,1
8563701_3339684_pos0_crop189.png,302,119,1
8563701_3339684_pos1_crop190.png,208,116,1
8602225_3361698_pos0_crop191.png,37,475,1
8602225_3361698_pos1_crop192.png,56,394,1
8602225_3361698_pos2_crop193.png,121,299,1
8602225_3361698_pos3_crop194.png,110,263,1
8602225_3361698_pos4_crop195.png,182,234,1
8602225_3361698_pos5_crop196.png,170,178,1
8618735_3342435_pos0_crop197.png,58,606,1
8618735_3342435_pos1_crop198.png,280,620,1
8618735_3342435_pos2_crop199.png,423,541,1
8618735_3342435_pos3_crop200.png,293,506,1
8618735_3342435_pos4_crop201.png,371,451,1
8618735_3342435_pos5_crop202.png,151,566,1
8618735_3342435_pos6_crop203.png,103,555,1
8618735_3342435_pos7_crop204.png,51,456,1
8618735_3342435_pos8_crop205.png,223,437,1
8618735_3342435_pos9_crop206.png,259,357,1
8618735_3342435_pos10_crop207.png,246,348,1
8618735_3342435_pos11_crop208.png,65,345,1
8618735_3342435_pos12_crop209.png,148,297,1
8618735_3342435_pos13_crop210.png,112,257,1
8618735_3342435_pos14_crop211.png,173,225,1
8618735_3342435_pos15_crop212.png,370,358,1
8618735_3342435_pos16_crop213.png,484,298,1
8618735_3342435_pos17_crop214.png,283,266,1
8618735_3342435_pos18_crop215.png,363,245,1
8618735_3342435_pos19_crop216.png,616,218,1
8618735_3342435_pos20_crop217.png,569,217,1
8618735_3342435_pos21_crop218.png,328,215,1
8618735_3342435_pos22_crop219.png,335,184,1
8618735_3342435_pos23_crop220.png,376,110,1
8618735_3342435_pos24_crop221.png,458,101,1
8618735_3342435_pos25_crop222.png,601,94,1
8618735_3342435_pos26_crop223.png,276,18,1
8618735_3342435_pos27_crop224.png,263,104,1
8596722_3372705_pos0_crop225.png,488,428,1
8596722_3372705_pos1_crop226.png,405,417,1
8596722_3372705_pos2_crop227.png,389,351,1
8596722_3372705_pos3_crop228.png,538,266,1
8596722_3372705_pos4_crop229.png,561,244,1
8618735_3281897_pos0_crop230.png,158,256,1
8618735_3281897_pos1_crop231.png,486,505,1
8560949_3372705_pos0_crop232.png,24,27,1
8618735_3290153_pos0_crop233.png,169,87,1
8621487_3345187_pos0_crop234.png,188,567,1
8621487_3345187_pos1_crop235.png,226,529,1
8621487_3345187_pos2_crop236.png,87,501,1
8621487_3345187_pos3_crop237.png,34,487,1
8621487_3345187_pos4_crop238.png,370,624,1
8621487_3345187_pos5_crop239.png,371,623,1
8621487_3345187_pos6_crop240.png,356,604,1
8621487_3345187_pos7_crop241.png,308,563,1
8621487_3345187_pos8_crop242.png,364,520,1
8621487_3345187_pos9_crop243.png,321,449,1
8621487_3345187_pos10_crop244.png,349,403,1
8621487_3345187_pos11_crop245.png,452,309,1
8621487_3345187_pos12_crop246.png,388,296,1
8621487_3345187_pos13_crop247.png,250,440,1
8621487_3345187_pos14_crop248.png,114,434,1
8621487_3345187_pos15_crop249.png,115,433,1
8621487_3345187_pos16_crop250.png,151,378,1
8621487_3345187_pos17_crop251.png,195,370,1
8621487_3345187_pos18_crop252.png,164,363,1
8621487_3345187_pos19_crop253.png,117,317,1
8621487_3345187_pos20_crop254.png,202,293,1
8621487_3345187_pos21_crop255.png,176,180,1
8621487_3345187_pos22_crop256.png,313,250,1
8621487_3345187_pos23_crop257.png,245,178,1
8621487_3345187_pos24_crop258.png,83,157,1
8621487_3345187_pos25_crop259.png,161,147,1
8621487_3345187_pos26_crop260.png,124,70,1
8604977_3369953_pos0_crop261.png,136,575,1
8604977_3369953_pos1_crop262.png,187,497,1
8596722_3369953_pos0_crop263.png,293,389,1
8596722_3369953_pos1_crop264.png,429,308,1
8596722_3369953_pos2_crop265.png,494,268,1
8596722_3369953_pos3_crop266.png,533,204,1
8596722_3369953_pos4_crop267.png,604,183,1
8596722_3369953_pos5_crop268.png,327,151,1
8596722_3369953_pos6_crop269.png,227,384,1
8596722_3369953_pos7_crop270.png,138,296,1
8596722_3369953_pos8_crop271.png,243,265,1
8596722_3369953_pos9_crop272.png,190,193,1
8613232_3345187_pos0_crop273.png,218,329,1
8613232_3345187_pos1_crop274.png,242,307,1
8613232_3345187_pos2_crop275.png,241,306,1
8613232_3345187_pos3_crop276.png,213,249,1
8613232_3345187_pos4_crop277.png,353,240,1
8613232_3345187_pos5_crop278.png,125,235,1
8613232_3345187_pos6_crop279.png,399,229,1
8613232_3345187_pos7_crop280.png,260,182,1
8613232_3345187_pos8_crop281.png,170,174,1
8613232_3345187_pos9_crop282.png,202,151,1
8613232_3345187_pos10_crop283.png,387,128,1
8613232_3345187_pos11_crop284.png,105,99,1
8604977_3279146_pos0_crop285.png,233,154,1
8626991_3347939_pos0_crop286.png,575,82,1
8560949_3369953_pos0_crop287.png,566,580,1
8560949_3369953_pos1_crop288.png,566,539,1
8560949_3369953_pos2_crop289.png,319,530,1
8560949_3369953_pos3_crop290.png,183,519,1
8560949_3369953_pos4_crop291.png,540,505,1
8560949_3369953_pos5_crop292.png,405,422,1
8560949_3369953_pos6_crop293.png,364,417,1
8560949_3369953_pos7_crop294.png,529,410,1
8560949_3369953_pos8_crop295.png,597,371,1
8637998_3317670_pos0_crop296.png,465,460,1
8637998_3317670_pos1_crop297.png,500,432,1
8574708_3361698_pos0_crop298.png,622,607,1
8574708_3361698_pos1_crop299.png,437,493,1
8574708_3361698_pos2_crop300.png,581,366,1
8574708_3361698_pos3_crop301.png,351,308,1
8574708_3361698_pos4_crop302.png,244,257,1
8574708_3361698_pos5_crop303.png,573,224,1
8574708_3361698_pos6_crop304.png,631,49,1
8629742_3339684_pos0_crop305.png,241,63,1
8624239_3358946_pos0_crop306.png,221,550,1
8624239_3358946_pos1_crop307.png,408,514,1
8624239_3358946_pos2_crop308.png,282,460,1
8635246_3347939_pos0_crop309.png,285,518,1
8635246_3347939_pos1_crop310.png,461,496,1
8635246_3347939_pos2_crop311.png,124,473,1
8635246_3347939_pos3_crop312.png,184,439,1
8635246_3347939_pos4_crop313.png,163,423,1
8635246_3347939_pos5_crop314.png,212,348,1
8635246_3347939_pos6_crop315.png,428,403,1
8635246_3347939_pos7_crop316.png,394,325,1
8635246_3347939_pos8_crop317.png,340,190,1
8599473_3364449_pos0_crop318.png,182,499,1
8599473_3364449_pos1_crop319.png,305,474,1
8599473_3364449_pos2_crop320.png,263,356,1
8599473_3364449_pos3_crop321.png,463,325,1
8599473_3364449_pos4_crop322.png,310,191,1
8599473_3364449_pos5_crop323.png,388,96,1
8599473_3364449_pos6_crop324.png,451,72,1
8602225_3358946_pos0_crop325.png,620,617,1
8618735_3339684_pos0_crop326.png,80,97,1
8618735_3339684_pos1_crop327.png,58,30,1
8618735_3339684_pos2_crop328.png,410,282,1
8618735_3339684_pos3_crop329.png,280,44,1
8621487_3279146_pos0_crop330.png,24,513,1
8613232_3364449_pos0_crop331.png,440,415,1
8618735_3347939_pos0_crop332.png,604,544,1
8604977_3353442_pos0_crop333.png,477,519,1
8604977_3353442_pos1_crop334.png,108,514,1
8604977_3353442_pos2_crop335.png,378,263,1
8604977_3353442_pos3_crop336.png,54,260,1
8604977_3353442_pos4_crop337.png,53,260,1
8604977_3353442_pos5_crop338.png,285,116,1
8604977_3353442_pos6_crop339.png,162,74,1
8637998_3303911_pos0_crop340.png,252,544,1
8637998_3303911_pos1_crop341.png,345,487,1
8637998_3303911_pos2_crop342.png,362,285,1
8637998_3303911_pos3_crop343.png,365,239,1
8615984_3287401_pos0_crop344.png,315,159,1
8615984_3287401_pos1_crop345.png,283,134,1
8560949_3356194_pos0_crop346.png,66,194,1
8591218_3358946_pos0_crop347.png,139,276,1
8621487_3339684_pos0_crop348.png,95,236,1
8621487_3339684_pos1_crop349.png,192,148,1
8621487_3339684_pos2_crop350.png,64,53,1
8613232_3342435_pos0_crop351.png,73,577,1
8613232_3342435_pos1_crop352.png,250,360,1
8613232_3342435_pos2_crop353.png,69,323,1
8613232_3342435_pos3_crop354.png,30,86,1
8615984_3279146_pos0_crop355.png,590,462,1
8615984_3279146_pos1_crop356.png,606,308,1
8615984_3279146_pos2_crop357.png,589,252,1
8615984_3279146_pos3_crop358.png,411,250,1
8615984_3279146_pos4_crop359.png,335,215,1
8615984_3279146_pos5_crop360.png,508,210,1
8615984_3279146_pos6_crop361.png,291,182,1
8615984_3279146_pos7_crop362.png,619,175,1
8615984_3279146_pos8_crop363.png,447,175,1
8615984_3279146_pos9_crop364.png,183,174,1
8615984_3279146_pos10_crop365.png,426,172,1
8615984_3279146_pos11_crop366.png,260,172,1
8615984_3279146_pos12_crop367.png,479,160,1
8615984_3279146_pos13_crop368.png,298,147,1
8615984_3279146_pos14_crop369.png,597,123,1
8615984_3279146_pos15_crop370.png,266,67,1
8615984_3279146_pos16_crop371.png,346,64,1
8615984_3279146_pos17_crop372.png,460,37,1
8615984_3279146_pos18_crop373.png,346,30,1
8629742_3317670_pos0_crop374.png,326,367,1
8558197_3361698_pos0_crop375.png,272,316,1
8558197_3361698_pos1_crop376.png,399,296,1
8558197_3361698_pos2_crop377.png,411,273,1
8558197_3361698_pos3_crop378.png,175,264,1
8558197_3361698_pos4_crop379.png,133,233,1
8610480_3276394_pos0_crop380.png,263,85,1
8602225_3367201_pos0_crop381.png,275,303,1
8602225_3367201_pos1_crop382.png,181,271,1
8602225_3367201_pos2_crop383.png,149,48,1
8574708_3358946_pos0_crop384.png,477,617,1
8574708_3358946_pos1_crop385.png,337,513,1
8574708_3358946_pos2_crop386.png,408,234,1
8574708_3358946_pos3_crop387.png,615,156,1
8574708_3358946_pos4_crop388.png,556,149,1
8574708_3358946_pos5_crop389.png,581,112,1
8574708_3358946_pos6_crop390.png,622,31,1
8618735_3372705_pos0_crop391.png,308,543,1
8560949_3328677_pos0_crop392.png,150,240,1
8560949_3328677_pos1_crop393.png,57,21,1
8615984_3361698_pos0_crop394.png,54,45,1
8613232_3347939_pos0_crop395.png,89,535,1
8613232_3347939_pos1_crop396.png,149,524,1
8613232_3347939_pos2_crop397.png,199,523,1
8613232_3347939_pos3_crop398.png,125,514,1
8613232_3347939_pos4_crop399.png,259,492,1
8613232_3347939_pos5_crop400.png,87,479,1
8613232_3347939_pos6_crop401.png,167,461,1
8613232_3347939_pos7_crop402.png,32,456,1
8613232_3347939_pos8_crop403.png,122,425,1
8613232_3347939_pos9_crop404.png,103,273,1
8613232_3347939_pos10_crop405.png,215,214,1
8613232_3347939_pos11_crop406.png,54,136,1
8613232_3347939_pos12_crop407.png,62,46,1
8613232_3347939_pos13_crop408.png,61,45,1
8613232_3339684_pos0_crop409.png,74,149,1
8566453_3356194_pos0_crop410.png,335,213,1
8566453_3356194_pos1_crop411.png,292,130,1
8566453_3356194_pos2_crop412.png,370,125,1
8566453_3356194_pos3_crop413.png,371,123,1
8566453_3356194_pos4_crop414.png,540,96,1
8566453_3356194_pos5_crop415.png,308,63,1
8566453_3356194_pos6_crop416.png,573,32,1
8621487_3369953_pos0_crop417.png,322,227,1
8621487_3369953_pos1_crop418.png,189,178,1
8621487_3369953_pos2_crop419.png,254,101,1
8621487_3369953_pos3_crop420.png,148,38,1
8629742_3353442_pos0_crop421.png,532,615,1
8629742_3353442_pos1_crop422.png,586,160,1
8629742_3353442_pos2_crop423.png,455,110,1
8629742_3353442_pos3_crop424.png,511,104,1
8558197_3369953_pos0_crop425.png,485,486,1
8558197_3369953_pos1_crop426.png,448,482,1
8558197_3369953_pos2_crop427.png,486,439,1
8577459_3364449_pos0_crop428.png,158,630,1
8615984_3290153_pos0_crop429.png,285,312,1
8615984_3290153_pos1_crop430.png,124,167,1
8615984_3290153_pos2_crop431.png,119,138,1
8615984_3290153_pos3_crop432.png,228,93,1
8615984_3290153_pos4_crop433.png,165,38,1
8615984_3290153_pos5_crop434.png,165,37,1
8618735_3356194_pos0_crop435.png,404,409,1
8618735_3356194_pos1_crop436.png,569,382,1
8618735_3356194_pos2_crop437.png,452,267,1
8618735_3356194_pos3_crop438.png,486,115,1
8599473_3367201_pos0_crop439.png,542,311,1
8599473_3367201_pos1_crop440.png,487,271,1
8599473_3367201_pos2_crop441.png,540,56,1
8599473_3367201_pos3_crop442.png,514,41,1
8618735_3276394_pos0_crop443.png,244,547,1
8618735_3276394_pos1_crop444.png,164,237,1
8618735_3276394_pos2_crop445.png,113,90,1
8618735_3276394_pos3_crop446.png,259,89,1
8618735_3276394_pos4_crop447.png,262,62,1
8618735_3276394_pos5_crop448.png,340,378,1
8618735_3276394_pos6_crop449.png,300,271,1
8618735_3276394_pos7_crop450.png,413,145,1
8618735_3276394_pos8_crop451.png,290,62,1
8618735_3276394_pos9_crop452.png,331,52,1
8637998_3347939_pos0_crop453.png,264,602,1
8637998_3347939_pos1_crop454.png,333,540,1
8637998_3347939_pos2_crop455.png,180,539,1
8637998_3347939_pos3_crop456.png,517,520,1
8637998_3347939_pos4_crop457.png,266,467,1
8637998_3347939_pos5_crop458.png,125,446,1
8637998_3347939_pos6_crop459.png,53,383,1
8637998_3347939_pos7_crop460.png,232,288,1
8635246_3298408_pos0_crop461.png,583,514,1
8618735_3350691_pos0_crop462.png,539,509,1
8618735_3350691_pos1_crop463.png,309,268,1
8637998_3361698_pos0_crop464.png,514,211,1
8618735_3345187_pos0_crop465.png,276,594,1
8618735_3345187_pos1_crop466.png,610,487,1
8618735_3345187_pos2_crop467.png,561,469,1
8618735_3345187_pos3_crop468.png,257,574,1
8604977_3367201_pos0_crop469.png,119,600,1
8604977_3367201_pos1_crop470.png,142,311,1
8604977_3367201_pos2_crop471.png,98,58,1
8560949_3350691_pos0_crop472.png,573,432,1
8560949_3350691_pos1_crop473.png,617,356,1
8618735_3364449_pos0_crop474.png,123,116,1
8610480_3369953_pos0_crop475.png,276,309,1
8610480_3369953_pos1_crop476.png,376,266,1
8604977_3364449_pos0_crop477.png,351,346,1
8604977_3364449_pos1_crop478.png,119,24,1
8640749_3298408_pos0_crop479.png,553,109,1
8610480_3347939_pos0_crop480.png,407,516,1
8610480_3347939_pos1_crop481.png,169,501,1
8610480_3347939_pos2_crop482.png,608,456,1
8610480_3347939_pos3_crop483.png,574,139,1
8610480_3347939_pos4_crop484.png,554,27,1
8610480_3347939_pos5_crop485.png,314,259,1
8610480_3347939_pos6_crop486.png,447,240,1
8610480_3347939_pos7_crop487.png,504,215,1
8610480_3347939_pos8_crop488.png,440,192,1
8610480_3347939_pos9_crop489.png,314,145,1
8613232_3367201_pos0_crop490.png,495,303,1
8629742_3350691_pos0_crop491.png,561,330,1
8629742_3350691_pos1_crop492.png,582,123,1
8629742_3350691_pos2_crop493.png,541,99,1
8629742_3350691_pos3_crop494.png,618,82,1
8629742_3350691_pos4_crop495.png,532,39,1
8621487_3347939_pos0_crop496.png,299,266,1
8621487_3347939_pos1_crop497.png,321,172,1
8621487_3347939_pos2_crop498.png,271,88,1
8621487_3347939_pos3_crop499.png,120,588,1
8621487_3347939_pos4_crop500.png,61,575,1
8621487_3347939_pos5_crop501.png,28,544,1
8602225_3353442_pos0_crop502.png,346,13,1
8560949_3342435_pos0_crop503.png,610,120,1
8560949_3342435_pos1_crop504.png,586,96,1
8560949_3342435_pos2_crop505.png,555,51,1
8610480_3287401_pos0_crop506.png,524,361,1
8621487_3372705_pos0_crop507.png,270,575,1
8621487_3372705_pos1_crop508.png,148,614,1
8640749_3301159_pos0_crop509.png,282,364,1
8602225_3276394_pos0_crop510.png,331,85,1
8610480_3339684_pos0_crop511.png,509,203,1
8610480_3350691_pos0_crop512.png,554,603,1
8610480_3350691_pos1_crop513.png,280,575,1
8610480_3350691_pos2_crop514.png,298,545,1
8610480_3350691_pos3_crop515.png,463,509,1
8610480_3350691_pos4_crop516.png,391,502,1
8610480_3350691_pos5_crop517.png,391,447,1
8610480_3350691_pos6_crop518.png,380,420,1
8610480_3350691_pos7_crop519.png,218,297,1
8610480_3350691_pos8_crop520.png,301,271,1
8610480_3350691_pos9_crop521.png,140,222,1
8610480_3350691_pos10_crop522.png,309,215,1
8615984_3276394_pos0_crop523.png,382,446,1
8615984_3276394_pos1_crop524.png,346,352,1
8615984_3276394_pos2_crop525.png,208,267,1
8615984_3276394_pos3_crop526.png,12,209,1
8602225_3372705_pos0_crop527.png,227,442,1
8602225_3372705_pos1_crop528.png,130,340,1
8563701_3369953_pos0_crop529.png,63,449,1
8563701_3369953_pos1_crop530.png,21,371,1
8618735_3367201_pos0_crop531.png,156,511,1
8618735_3367201_pos1_crop532.png,125,221,1
8618735_3367201_pos2_crop533.png,140,182,1
8618735_3367201_pos3_crop534.png,516,215,1
8604977_3372705_pos0_crop535.png,296,560,1
8613232_3361698_pos0_crop536.png,386,486,1
8604977_3356194_pos0_crop537.png,125,337,1
8604977_3356194_pos1_crop538.png,300,321,1
8604977_3356194_pos2_crop539.png,205,292,1
8604977_3356194_pos3_crop540.png,44,41,1
8599473_3369953_pos0_crop541.png,514,617,1
8599473_3369953_pos1_crop542.png,373,509,1
8599473_3369953_pos2_crop543.png,349,192,1
8599473_3369953_pos3_crop544.png,28,183,1
8613232_3301159_pos0_crop545.png,435,464,1
8613232_3301159_pos1_crop546.png,451,360,1
8613232_3301159_pos2_crop547.png,329,277,1
8613232_3301159_pos3_crop548.png,536,119,1
8607729_3281897_pos0_crop549.png,544,589,1
8607729_3281897_pos1_crop550.png,583,566,1
8607729_3281897_pos2_crop551.png,554,484,1
8607729_3281897_pos3_crop552.png,476,458,1
8607729_3281897_pos4_crop553.png,434,310,1
8607729_3281897_pos5_crop554.png,355,305,1
8607729_3281897_pos6_crop555.png,531,218,1
8607729_3281897_pos7_crop556.png,450,203,1
8607729_3279146_pos0_crop557.png,544,13,1
8566453_3350691_pos0_crop558.png,107,561,1
8566453_3350691_pos1_crop559.png,49,25,1
8563701_3350691_pos0_crop560.png,41,356,1
8563701_3350691_pos1_crop561.png,426,513,1
8563701_3350691_pos2_crop562.png,269,481,1
8563701_3350691_pos3_crop563.png,221,365,1
8563701_3350691_pos4_crop564.png,150,188,1
8563701_3350691_pos5_crop565.png,247,171,1
8563701_3350691_pos6_crop566.png,150,146,1
8563701_3350691_pos7_crop567.png,288,139,1
8563701_3350691_pos8_crop568.png,520,117,1
8563701_3350691_pos9_crop569.png,103,111,1
8563701_3350691_pos10_crop570.png,128,104,1
8563701_3350691_pos11_crop571.png,625,25,1
8563701_3350691_pos12_crop572.png,131,10,1
8563701_3350691_pos13_crop573.png,131,10,1
8563701_3350691_pos14_crop574.png,131,10,1
8637998_3314918_pos0_crop575.png,574,379,1
8637998_3314918_pos1_crop576.png,591,363,1
8637998_3314918_pos2_crop577.png,430,338,1
8637998_3314918_pos3_crop578.png,541,307,1
8637998_3314918_pos4_crop579.png,515,112,1
8637998_3314918_pos5_crop580.png,546,84,1
8637998_3314918_pos6_crop581.png,397,64,1
8577459_3356194_pos0_crop582.png,114,212,1
8577459_3356194_pos1_crop583.png,267,105,1
8571956_3356194_pos0_crop584.png,28,437,1
8613232_3279146_pos0_crop585.png,472,596,1
8613232_3279146_pos1_crop586.png,411,525,1
8613232_3279146_pos2_crop587.png,470,520,1
8613232_3279146_pos3_crop588.png,438,516,1
8613232_3279146_pos4_crop589.png,493,508,1
8613232_3279146_pos5_crop590.png,476,470,1
8613232_3279146_pos6_crop591.png,385,422,1
8613232_3279146_pos7_crop592.png,342,406,1
8613232_3279146_pos8_crop593.png,538,374,1
8613232_3279146_pos9_crop594.png,546,333,1
8613232_3279146_pos10_crop595.png,568,317,1
8613232_3279146_pos11_crop596.png,519,288,1
8613232_3279146_pos12_crop597.png,576,281,1
8613232_3279146_pos13_crop598.png,537,219,1
8613232_3350691_pos0_crop599.png,62,622,1
8613232_3350691_pos1_crop600.png,378,461,1
8613232_3350691_pos2_crop601.png,252,393,1
8613232_3350691_pos3_crop602.png,184,372,1
8613232_3350691_pos4_crop603.png,370,291,1
8613232_3350691_pos5_crop604.png,342,278,1
8602225_3356194_pos0_crop605.png,346,589,1
8602225_3356194_pos1_crop606.png,578,292,1
8602225_3356194_pos2_crop607.png,551,215,1
8602225_3356194_pos3_crop608.png,620,41,1
8632494_3356194_pos0_crop609.png,78,586,1
8632494_3356194_pos1_crop610.png,78,585,1
8632494_3356194_pos2_crop611.png,64,546,1
8632494_3356194_pos3_crop612.png,425,478,1
8632494_3356194_pos4_crop613.png,327,435,1
8615984_3356194_pos0_crop614.png,134,169,1
8615984_3356194_pos1_crop615.png,18,19,1
8640749_3314918_pos0_crop616.png,15,363,1
8640749_3314918_pos1_crop617.png,108,124,1
8640749_3314918_pos2_crop618.png,63,122,1
8637998_3290153_pos0_crop619.png,108,79,1
8637998_3290153_pos1_crop620.png,108,77,1
8621487_3350691_pos0_crop621.png,457,451,1
8621487_3350691_pos1_crop622.png,364,307,1
8604977_3358946_pos0_crop623.png,44,617,1
8604977_3358946_pos1_crop624.png,618,330,1
8604977_3358946_pos2_crop625.png,259,415,1
8604977_3358946_pos3_crop626.png,393,344,1
8604977_3358946_pos4_crop627.png,242,332,1
8604977_3358946_pos5_crop628.png,161,306,1
8604977_3358946_pos6_crop629.png,363,290,1
8569204_3364449_pos0_crop630.png,285,579,1
8566453_3358946_pos0_crop631.png,573,608,1
8621487_3356194_pos0_crop632.png,474,608,1
8621487_3356194_pos1_crop633.png,336,417,1
8621487_3356194_pos2_crop634.png,330,279,1
8621487_3356194_pos3_crop635.png,341,256,1
8621487_3356194_pos4_crop636.png,167,279,1
8607729_3350691_pos0_crop637.png,146,606,1
8607729_3350691_pos1_crop638.png,77,597,1
8607729_3350691_pos2_crop639.png,184,564,1
8607729_3350691_pos3_crop640.png,206,555,1
8607729_3350691_pos4_crop641.png,54,502,1
8607729_3350691_pos5_crop642.png,228,460,1
8607729_3350691_pos6_crop643.png,515,416,1
8607729_3350691_pos7_crop644.png,344,394,1
8607729_3350691_pos8_crop645.png,456,390,1
8607729_3350691_pos9_crop646.png,230,343,1
8607729_3350691_pos10_crop647.png,426,296,1
8607729_3350691_pos11_crop648.png,256,272,1
8607729_3350691_pos12_crop649.png,239,245,1
8607729_3350691_pos13_crop650.png,157,241,1
8607729_3350691_pos14_crop651.png,75,152,1
8613232_3284649_pos0_crop652.png,214,169,1
8613232_3284649_pos1_crop653.png,514,79,1
8613232_3284649_pos2_crop654.png,436,78,1
8615984_3364449_pos0_crop655.png,241,513,1
8615984_3364449_pos1_crop656.png,249,142,1
8615984_3364449_pos2_crop657.png,330,39,1
8615984_3364449_pos3_crop658.png,312,25,1
8615984_3364449_pos4_crop659.png,54,621,1
8613232_3358946_pos0_crop660.png,594,595,1
8613232_3358946_pos1_crop661.png,536,527,1
8615984_3284649_pos0_crop662.png,91,527,1
8615984_3284649_pos1_crop663.png,60,256,1
8615984_3284649_pos2_crop664.png,82,207,1
8615984_3284649_pos3_crop665.png,217,555,1
8615984_3284649_pos4_crop666.png,100,497,1
8615984_3284649_pos5_crop667.png,198,447,1
8615984_3284649_pos6_crop668.png,311,388,1
8615984_3284649_pos7_crop669.png,258,339,1
8615984_3284649_pos8_crop670.png,277,285,1
8615984_3284649_pos9_crop671.png,202,262,1
8615984_3284649_pos10_crop672.png,159,256,1
8615984_3284649_pos11_crop673.png,197,239,1
8615984_3284649_pos12_crop674.png,121,219,1
8613232_3356194_pos0_crop675.png,519,217,1
8613232_3356194_pos1_crop676.png,437,111,1
8613232_3356194_pos2_crop677.png,514,110,1
8613232_3356194_pos3_crop678.png,594,19,1
8635246_3290153_pos0_crop679.png,541,133,1
8635246_3290153_pos1_crop680.png,397,47,1
8637998_3295656_pos0_crop681.png,208,534,1
8637998_3295656_pos1_crop682.png,218,464,1
8637998_3295656_pos2_crop683.png,21,355,1
8637998_3295656_pos3_crop684.png,67,355,1
8637998_3301159_pos0_crop685.png,572,471,1
8637998_3301159_pos1_crop686.png,476,448,1
8637998_3301159_pos2_crop687.png,562,328,1
8637998_3301159_pos3_crop688.png,302,92,1
8637998_3301159_pos4_crop689.png,346,84,1
8621487_3358946_pos0_crop690.png,58,442,1
8621487_3358946_pos1_crop691.png,98,415,1
8621487_3358946_pos2_crop692.png,52,406,1
8621487_3358946_pos3_crop693.png,113,282,1
8621487_3358946_pos4_crop694.png,155,173,1
8615984_3301159_pos0_crop695.png,380,495,1
8615984_3301159_pos1_crop696.png,426,484,1
8615984_3301159_pos2_crop697.png,449,318,1
8613232_3292904_pos0_crop698.png,505,400,1
8569204_3356194_pos0_crop699.png,604,437,1
8635246_3292904_pos0_crop700.png,397,623,1
8635246_3292904_pos1_crop701.png,521,387,1
8635246_3292904_pos2_crop702.png,603,371,1
8635246_3292904_pos3_crop703.png,574,363,1
8635246_3292904_pos4_crop704.png,588,195,1
8635246_3292904_pos5_crop705.png,624,174,1
8635246_3292904_pos6_crop706.png,577,157,1
8635246_3292904_pos7_crop707.png,467,111,1
8635246_3292904_pos8_crop708.png,215,496,1
8635246_3292904_pos9_crop709.png,112,265,1
8635246_3292904_pos10_crop710.png,16,96,1
8635246_3292904_pos11_crop711.png,260,87,1
8613232_3276394_pos0_crop712.png,588,209,1
8613232_3276394_pos1_crop713.png,529,157,1
8613232_3276394_pos2_crop714.png,498,136,1
8613232_3276394_pos3_crop715.png,472,20,1
8610480_3345187_pos0_crop716.png,507,541,1
8610480_3345187_pos1_crop717.png,476,540,1
8610480_3345187_pos2_crop718.png,249,482,1
8610480_3345187_pos3_crop719.png,227,449,1
8610480_3345187_pos4_crop720.png,471,443,1
8610480_3345187_pos5_crop721.png,222,359,1
8610480_3345187_pos6_crop722.png,122,347,1
8610480_3345187_pos7_crop723.png,357,294,1
8610480_3345187_pos8_crop724.png,237,293,1
8610480_3345187_pos9_crop725.png,359,273,1
8610480_3345187_pos10_crop726.png,258,234,1
8610480_3345187_pos11_crop727.png,311,219,1
8610480_3345187_pos12_crop728.png,31,205,1
8610480_3345187_pos13_crop729.png,76,83,1
8635246_3345187_pos0_crop730.png,369,197,1
8624239_3342435_pos0_crop731.png,291,69,1
8574708_3356194_pos0_crop732.png,497,179,1
8574708_3356194_pos1_crop733.png,477,41,1
8591218_3356194_pos0_crop734.png,173,61,1
8632494_3292904_pos0_crop735.png,592,96,1
8637998_3292904_pos0_crop736.png,191,581,1
8637998_3292904_pos1_crop737.png,27,371,1
8637998_3292904_pos2_crop738.png,82,234,1
8637998_3292904_pos3_crop739.png,12,195,1
8637998_3292904_pos4_crop740.png,48,174,1
8602225_3284649_pos0_crop741.png,271,164,1
8602225_3284649_pos1_crop742.png,460,37,1
8563701_3367201_pos0_crop743.png,77,487,1
8563701_3367201_pos1_crop744.png,281,464,1
8563701_3367201_pos2_crop745.png,127,355,1
8563701_3367201_pos3_crop746.png,87,349,1
8563701_3367201_pos4_crop747.png,41,487,1
8563701_3367201_pos5_crop748.png,15,444,1
8563701_3367201_pos6_crop749.png,39,377,1
8563701_3367201_pos7_crop750.png,19,254,1
8563701_3353442_pos0_crop751.png,625,601,1
8563701_3353442_pos1_crop752.png,131,586,1
8563701_3353442_pos2_crop753.png,131,586,1
8563701_3353442_pos3_crop754.png,131,586,1
8635246_3350691_pos0_crop755.png,140,529,1
8635246_3350691_pos1_crop756.png,184,267,1
8635246_3350691_pos2_crop757.png,349,444,1
8629742_3342435_pos0_crop758.png,344,232,1
8558197_3353442_pos0_crop759.png,282,74,1
8607729_3367201_pos0_crop760.png,334,60,1
8640749_3309415_pos0_crop761.png,483,66,1
8621487_3342435_pos0_crop762.png,516,377,1
8621487_3342435_pos1_crop763.png,292,208,1
8621487_3342435_pos2_crop764.png,511,179,1
8621487_3342435_pos3_crop765.png,277,167,1
8621487_3342435_pos4_crop766.png,465,135,1
8621487_3342435_pos5_crop767.png,154,389,1
8621487_3342435_pos6_crop768.png,40,218,1
8621487_3342435_pos7_crop769.png,251,154,1
8621487_3342435_pos8_crop770.png,134,113,1
8621487_3342435_pos9_crop771.png,25,94,1
8621487_3342435_pos10_crop772.png,63,89,1
8621487_3342435_pos11_crop773.png,370,48,1
8621487_3342435_pos12_crop774.png,371,47,1
8621487_3342435_pos13_crop775.png,356,28,1
8635246_3339684_pos0_crop776.png,183,350,1
8602225_3287401_pos0_crop777.png,460,613,1
8632494_3276394_pos0_crop778.png,364,109,1
8624239_3356194_pos0_crop779.png,293,263,1
8615984_3342435_pos0_crop780.png,627,456,1
8632494_3350691_pos0_crop781.png,345,589,1
8632494_3350691_pos1_crop782.png,504,585,1
8632494_3350691_pos2_crop783.png,421,580,1
8632494_3350691_pos3_crop784.png,272,412,1
8632494_3350691_pos4_crop785.png,439,316,1
8632494_3350691_pos5_crop786.png,82,153,1
8632494_3350691_pos6_crop787.png,211,108,1
8632494_3350691_pos7_crop788.png,42,82,1
8563701_3342435_pos0_crop789.png,379,459,1
8563701_3342435_pos1_crop790.png,327,426,1
8563701_3342435_pos2_crop791.png,220,352,1
8563701_3342435_pos3_crop792.png,404,345,1
8563701_3342435_pos4_crop793.png,334,340,1
8563701_3342435_pos5_crop794.png,34,120,1
8563701_3342435_pos6_crop795.png,10,96,1
8563701_3342435_pos7_crop796.png,275,301,1
8563701_3342435_pos8_crop797.png,136,288,1
8563701_3342435_pos9_crop798.png,404,223,1
8563701_3342435_pos10_crop799.png,193,152,1
8563701_3342435_pos11_crop800.png,196,36,1
8577459_3358946_pos0_crop801.png,39,156,1
8577459_3358946_pos1_crop802.png,46,31,1
8637998_3298408_pos0_crop803.png,99,100,1
8637998_3298408_pos1_crop804.png,293,57,1
8566453_3364449_pos0_crop805.png,223,101,1
8610480_3358946_pos0_crop806.png,328,487,1
8577459_3361698_pos0_crop807.png,46,607,1
8577459_3361698_pos1_crop808.png,207,241,1
8577459_3361698_pos2_crop809.png,164,183,1
8577459_3361698_pos3_crop810.png,294,107,1
8577459_3361698_pos4_crop811.png,294,106,1
8577459_3361698_pos5_crop812.png,123,95,1
8577459_3361698_pos6_crop813.png,158,54,1
8577459_3361698_pos7_crop814.png,55,49,1
8574708_3320422_neg0_crop815.png,264,279,0
8574708_3320422_neg1_crop816.png,420,263,0
8574708_3320422_neg2_crop817.png,480,165,0
8560949_3301159_neg0_crop818.png,259,497,0
8560949_3301159_neg1_crop819.png,265,389,0
8560949_3301159_neg2_crop820.png,244,130,0
8569204_3353442_neg0_crop821.png,220,439,0
8569204_3353442_neg1_crop822.png,139,353,0
8569204_3353442_neg2_crop823.png,345,254,0
8599473_3334180_neg0_crop824.png,354,438,0
8599473_3334180_neg1_crop825.png,365,337,0
8599473_3334180_neg2_crop826.png,400,488,0
8577459_3317670_neg0_crop827.png,292,215,0
8577459_3317670_neg1_crop828.png,188,343,0
8577459_3317670_neg2_crop829.png,490,452,0
8596722_3353442_neg0_crop830.png,284,285,0
8596722_3353442_neg1_crop831.png,354,162,0
8596722_3353442_neg2_crop832.png,210,402,0
8632494_3295656_neg0_crop833.png,321,332,0
8632494_3295656_neg1_crop834.png,208,344,0
8632494_3295656_neg2_crop835.png,371,174,0
8585715_3353442_neg0_crop836.png,237,128,0
8585715_3353442_neg1_crop837.png,315,137,0
8585715_3353442_neg2_crop838.png,359,144,0
8588466_3314918_neg0_crop839.png,491,466,0
8588466_3314918_neg1_crop840.png,357,406,0
8588466_3314918_neg2_crop841.png,384,334,0
8588466_3325925_neg0_crop842.png,308,438,0
8588466_3325925_neg1_crop843.png,251,157,0
8588466_3325925_neg2_crop844.png,368,132,0
8582963_3323173_neg0_crop845.png,300,321,0
8582963_3323173_neg1_crop846.png,168,345,0
8582963_3323173_neg2_crop847.png,509,302,0
8577459_3328677_neg0_crop848.png,402,391,0
8577459_3328677_neg1_crop849.png,266,250,0
8577459_3328677_neg2_crop850.png,331,275,0
8596722_3317670_neg0_crop851.png,388,424,0
8596722_3317670_neg1_crop852.png,397,312,0
8596722_3317670_neg2_crop853.png,275,497,0
8563701_3320422_neg0_crop854.png,304,508,0
8563701_3320422_neg1_crop855.png,355,131,0
8563701_3320422_neg2_crop856.png,168,367,0
8591218_3369953_neg0_crop857.png,147,360,0
8591218_3369953_neg1_crop858.png,472,359,0
8591218_3369953_neg2_crop859.png,245,232,0
8621487_3317670_neg0_crop860.png,317,302,0
8621487_3317670_neg1_crop861.png,409,299,0
8621487_3317670_neg2_crop862.png,346,139,0
8577459_3314918_neg0_crop863.png,211,181,0
8577459_3314918_neg1_crop864.png,227,145,0
8577459_3314918_neg2_crop865.png,443,248,0
8604977_3301159_neg0_crop866.png,360,502,0
8604977_3301159_neg1_crop867.png,271,349,0
8604977_3301159_neg2_crop868.png,234,381,0
8599473_3281897_neg0_crop869.png,487,235,0
8599473_3281897_neg1_crop870.png,272,469,0
8599473_3281897_neg2_crop871.png,276,342,0
8577459_3339684_neg0_crop872.png,347,403,0
8577459_3339684_neg1_crop873.png,311,357,0
8577459_3339684_neg2_crop874.png,139,479,0
8629742_3279146_neg0_crop875.png,219,213,0
8629742_3279146_neg1_crop876.png,474,486,0
8629742_3279146_neg2_crop877.png,242,280,0
8624239_3320422_neg0_crop878.png,285,450,0
8624239_3320422_neg1_crop879.png,192,412,0
8624239_3320422_neg2_crop880.png,268,267,0
8621487_3306663_neg0_crop881.png,216,216,0
8621487_3306663_neg1_crop882.png,457,325,0
8621487_3306663_neg2_crop883.png,457,458,0
8604977_3276394_neg0_crop884.png,319,512,0
8604977_3276394_neg1_crop885.png,511,277,0
8604977_3276394_neg2_crop886.png,131,275,0
8629742_3284649_neg0_crop887.png,158,141,0
8629742_3284649_neg1_crop888.png,455,152,0
8629742_3284649_neg2_crop889.png,444,345,0
8637998_3358946_neg0_crop890.png,156,356,0
8637998_3358946_neg1_crop891.png,436,183,0
8637998_3358946_neg2_crop892.png,128,255,0
8563701_3295656_neg0_crop893.png,362,192,0
8563701_3295656_neg1_crop894.png,380,357,0
8563701_3295656_neg2_crop895.png,509,175,0
8558197_3301159_neg0_crop896.png,296,293,0
8558197_3301159_neg1_crop897.png,185,191,0
8558197_3301159_neg2_crop898.png,495,500,0
8582963_3284649_neg0_crop899.png,300,259,0
8582963_3284649_neg1_crop900.png,161,504,0
8582963_3284649_neg2_crop901.png,352,149,0
8591218_3292904_neg0_crop902.png,448,485,0
8591218_3292904_neg1_crop903.png,162,489,0
8591218_3292904_neg2_crop904.png,205,330,0
8629742_3295656_neg0_crop905.png,204,284,0
8629742_3295656_neg1_crop906.png,250,141,0
8629742_3295656_neg2_crop907.png,250,273,0
8569204_3339684_neg0_crop908.png,269,401,0
8569204_3339684_neg1_crop909.png,173,482,0
8569204_3339684_neg2_crop910.png,169,428,0
8582963_3276394_neg0_crop911.png,198,471,0
8582963_3276394_neg1_crop912.png,220,328,0
8582963_3276394_neg2_crop913.png,392,432,0
8591218_3331429_neg0_crop914.png,421,316,0
8591218_3331429_neg1_crop915.png,187,490,0
8591218_3331429_neg2_crop916.png,271,445,0
8582963_3367201_neg0_crop917.png,408,265,0
8582963_3367201_neg1_crop918.png,332,195,0
8582963_3367201_neg2_crop919.png,131,474,0
8624239_3325925_neg0_crop920.png,224,334,0
8624239_3325925_neg1_crop921.png,397,146,0
8624239_3325925_neg2_crop922.png,128,160,0
8593970_3358946_neg0_crop923.png,144,357,0
8593970_3358946_neg1_crop924.png,416,340,0
8593970_3358946_neg2_crop925.png,373,494,0
8574708_3369953_neg0_crop926.png,481,451,0
8574708_3369953_neg1_crop927.png,266,337,0
8574708_3369953_neg2_crop928.png,255,467,0
8582963_3287401_neg0_crop929.png,202,395,0
8582963_3287401_neg1_crop930.png,166,268,0
8582963_3287401_neg2_crop931.png,304,177,0
8632494_3323173_neg0_crop932.png,512,461,0
8632494_3323173_neg1_crop933.png,281,301,0
8632494_3323173_neg2_crop934.png,284,170,0
8577459_3325925_neg0_crop935.png,144,459,0
8577459_3325925_neg1_crop936.png,148,352,0
8577459_3325925_neg2_crop937.png,286,223,0
8624239_3339684_neg0_crop938.png,466,278,0
8624239_3339684_neg1_crop939.png,248,332,0
8624239_3339684_neg2_crop940.png,392,502,0
8618735_3334180_neg0_crop941.png,287,363,0
8618735_3334180_neg1_crop942.png,418,303,0
8618735_3334180_neg2_crop943.png,357,301,0
8607729_3287401_neg0_crop944.png,493,150,0
8607729_3287401_neg1_crop945.png,134,138,0
8607729_3287401_neg2_crop946.png,375,491,0
8613232_3303911_neg0_crop947.png,199,276,0
8613232_3303911_neg1_crop948.png,163,147,0
8613232_3303911_neg2_crop949.png,282,485,0
8574708_3364449_neg0_crop950.png,320,129,0
8574708_3364449_neg1_crop951.png,426,236,0
8574708_3364449_neg2_crop952.png,418,425,0
8626991_3328677_neg0_crop953.png,450,155,0
8626991_3328677_neg1_crop954.png,253,460,0
8626991_3328677_neg2_crop955.png,294,368,0
8582963_3358946_neg0_crop956.png,229,140,0
8582963_3358946_neg1_crop957.png,198,168,0
8582963_3358946_neg2_crop958.png,487,176,0
8569204_3281897_neg0_crop959.png,470,145,0
8569204_3281897_neg1_crop960.png,140,434,0
8569204_3281897_neg2_crop961.png,208,383,0
8618735_3295656_neg0_crop962.png,443,221,0
8618735_3295656_neg1_crop963.png,509,307,0
8618735_3295656_neg2_crop964.png,201,508,0
8632494_3372705_neg0_crop965.png,362,161,0
8632494_3372705_neg1_crop966.png,145,482,0
8632494_3372705_neg2_crop967.png,157,203,0
8563701_3356194_neg0_crop968.png,323,327,0
8563701_3356194_neg1_crop969.png,195,229,0
8563701_3356194_neg2_crop970.png,132,268,0
8604977_3361698_neg0_crop971.png,437,498,0
8604977_3361698_neg1_crop972.png,282,401,0
8604977_3361698_neg2_crop973.png,222,442,0
8560949_3323173_neg0_crop974.png,298,342,0
8560949_3323173_neg1_crop975.png,357,225,0
8560949_3323173_neg2_crop976.png,152,337,0
8593970_3361698_neg0_crop977.png,298,284,0
8593970_3361698_neg1_crop978.png,455,245,0
8593970_3361698_neg2_crop979.png,316,288,0
8560949_3353442_neg0_crop980.png,387,320,0
8560949_3353442_neg1_crop981.png,473,197,0
8560949_3353442_neg2_crop982.png,151,496,0
8585715_3350691_neg0_crop983.png,156,137,0
8585715_3350691_neg1_crop984.png,401,188,0
8585715_3350691_neg2_crop985.png,412,392,0
8571956_3336932_neg0_crop986.png,495,272,0
8571956_3336932_neg1_crop987.png,416,482,0
8571956_3336932_neg2_crop988.png,433,232,0
8593970_3314918_neg0_crop989.png,442,455,0
8593970_3314918_neg1_crop990.png,143,503,0
8593970_3314918_neg2_crop991.png,432,414,0
8624239_3323173_neg0_crop992.png,443,289,0
8624239_3323173_neg1_crop993.png,212,261,0
8624239_3323173_neg2_crop994.png,228,310,0
8563701_3361698_neg0_crop995.png,140,310,0
8563701_3361698_neg1_crop996.png,489,446,0
8563701_3361698_neg2_crop997.png,253,357,0
8624239_3347939_neg0_crop998.png,466,309,0
8624239_3347939_neg1_crop999.png,356,398,0
8624239_3347939_neg2_crop1000.png,336,330,0
8558197_3323173_neg0_crop1001.png,218,259,0
8558197_3323173_neg1_crop1002.png,468,423,0
8558197_3323173_neg2_crop1003.png,433,211,0
8577459_3298408_neg0_crop1004.png,324,180,0
8577459_3298408_neg1_crop1005.png,431,492,0
8577459_3298408_neg2_crop1006.png,432,375,0
8582963_3290153_neg0_crop1007.png,383,483,0
8582963_3290153_neg1_crop1008.png,370,420,0
8582963_3290153_neg2_crop1009.png,247,133,0
8593970_3298408_neg0_crop1010.png,339,384,0
8593970_3298408_neg1_crop1011.png,262,444,0
8593970_3298408_neg2_crop1012.png,257,388,0
8571956_3334180_neg0_crop1013.png,452,501,0
8571956_3334180_neg1_crop1014.png,392,171,0
8571956_3334180_neg2_crop1015.png,443,350,0
8591218_3295656_neg0_crop1016.png,498,150,0
8591218_3295656_neg1_crop1017.png,499,253,0
8591218_3295656_neg2_crop1018.png,478,142,0
8593970_3281897_neg0_crop1019.png,372,494,0
8593970_3281897_neg1_crop1020.png,310,282,0
8593970_3281897_neg2_crop1021.png,466,329,0
8588466_3292904_neg0_crop1022.png,458,328,0
8588466_3292904_neg1_crop1023.png,369,473,0
8588466_3292904_neg2_crop1024.png,338,241,0
8618735_3303911_neg0_crop1025.png,346,368,0
8618735_3303911_neg1_crop1026.png,336,483,0
8618735_3303911_neg2_crop1027.png,267,239,0
8637998_3328677_neg0_crop1028.png,357,247,0
8637998_3328677_neg1_crop1029.png,389,161,0
8637998_3328677_neg2_crop1030.png,205,354,0
8615984_3328677_neg0_crop1031.png,299,406,0
8615984_3328677_neg1_crop1032.png,244,477,0
8615984_3328677_neg2_crop1033.png,161,136,0
8610480_3279146_neg0_crop1034.png,210,384,0
8610480_3279146_neg1_crop1035.png,210,260,0
8610480_3279146_neg2_crop1036.png,281,319,0
8593970_3279146_neg0_crop1037.png,271,501,0
8593970_3279146_neg1_crop1038.png,501,230,0
8593970_3279146_neg2_crop1039.png,400,167,0
8558197_3314918_neg0_crop1040.png,429,258,0
8558197_3314918_neg1_crop1041.png,453,267,0
8558197_3314918_neg2_crop1042.png,336,442,0
8569204_3287401_neg0_crop1043.png,208,321,0
8569204_3287401_neg1_crop1044.png,351,137,0
8569204_3287401_neg2_crop1045.png,145,195,0
8599473_3298408_neg0_crop1046.png,491,193,0
8599473_3298408_neg1_crop1047.png,441,144,0
8599473_3298408_neg2_crop1048.png,249,357,0
8629742_3309415_neg0_crop1049.png,362,284,0
8629742_3309415_neg1_crop1050.png,389,289,0
8629742_3309415_neg2_crop1051.png,263,246,0
8596722_3334180_neg0_crop1052.png,188,356,0
8596722_3334180_neg1_crop1053.png,236,409,0
8596722_3334180_neg2_crop1054.png,376,378,0
8580211_3372705_neg0_crop1055.png,299,365,0
8580211_3372705_neg1_crop1056.png,339,397,0
8580211_3372705_neg2_crop1057.png,296,426,0
8577459_3276394_neg0_crop1058.png,206,472,0
8577459_3276394_neg1_crop1059.png,285,387,0
8577459_3276394_neg2_crop1060.png,449,177,0
8580211_3290153_neg0_crop1061.png,205,459,0
8580211_3290153_neg1_crop1062.png,323,418,0
8580211_3290153_neg2_crop1063.png,308,220,0
8591218_3314918_neg0_crop1064.png,303,437,0
8591218_3314918_neg1_crop1065.png,489,339,0
8591218_3314918_neg2_crop1066.png,495,474,0
8558197_3306663_neg0_crop1067.png,320,431,0
8558197_3306663_neg1_crop1068.png,202,288,0
8558197_3306663_neg2_crop1069.png,156,414,0
8560949_3334180_neg0_crop1070.png,450,167,0
8560949_3334180_neg1_crop1071.png,402,230,0
8560949_3334180_neg2_crop1072.png,150,138,0
8560949_3358946_neg0_crop1073.png,429,438,0
8560949_3358946_neg1_crop1074.png,152,360,0
8560949_3358946_neg2_crop1075.png,200,348,0
8599473_3320422_neg0_crop1076.png,360,354,0
8599473_3320422_neg1_crop1077.png,452,291,0
8599473_3320422_neg2_crop1078.png,455,134,0
8613232_3295656_neg0_crop1079.png,153,234,0
8613232_3295656_neg1_crop1080.png,371,424,0
8613232_3295656_neg2_crop1081.png,369,175,0
8558197_3328677_neg0_crop1082.png,283,347,0
8558197_3328677_neg1_crop1083.png,502,279,0
8558197_3328677_neg2_crop1084.png,480,172,0
8607729_3292904_neg0_crop1085.png,189,159,0
8607729_3292904_neg1_crop1086.png,157,403,0
8607729_3292904_neg2_crop1087.png,186,456,0
8629742_3345187_neg0_crop1088.png,480,239,0
8629742_3345187_neg1_crop1089.png,354,453,0
8629742_3345187_neg2_crop1090.png,201,419,0
8624239_3336932_neg0_crop1091.png,170,392,0
8624239_3336932_neg1_crop1092.png,461,413,0
8624239_3336932_neg2_crop1093.png,427,499,0
8624239_3331429_neg0_crop1094.png,145,426,0
8624239_3331429_neg1_crop1095.png,285,339,0
8624239_3331429_neg2_crop1096.png,495,150,0
8599473_3292904_neg0_crop1097.png,284,459,0
8599473_3292904_neg1_crop1098.png,384,196,0
8599473_3292904_neg2_crop1099.png,323,373,0
8582963_3353442_neg0_crop1100.png,295,285,0
8582963_3353442_neg1_crop1101.png,455,287,0
8582963_3353442_neg2_crop1102.png,464,484,0
8563701_3309415_neg0_crop1103.png,480,350,0
8563701_3309415_neg1_crop1104.png,308,322,0
8563701_3309415_neg2_crop1105.png,296,492,0
8591218_3301159_neg0_crop1106.png,232,507,0
8591218_3301159_neg1_crop1107.png,354,358,0
8591218_3301159_neg2_crop1108.png,134,196,0
8607729_3320422_neg0_crop1109.png,496,347,0
8607729_3320422_neg1_crop1110.png,351,407,0
8607729_3320422_neg2_crop1111.png,315,280,0
8635246_3325925_neg0_crop1112.png,363,389,0
8635246_3325925_neg1_crop1113.png,462,278,0
8635246_3325925_neg2_crop1114.png,240,349,0
8580211_3317670_neg0_crop1115.png,282,145,0
8580211_3317670_neg1_crop1116.png,154,219,0
8580211_3317670_neg2_crop1117.png,431,509,0
8599473_3356194_neg0_crop1118.png,309,364,0
8599473_3356194_neg1_crop1119.png,374,392,0
8599473_3356194_neg2_crop1120.png,304,475,0
8640749_3339684_neg0_crop1121.png,133,209,0
8640749_3339684_neg1_crop1122.png,443,223,0
8640749_3339684_neg2_crop1123.png,417,269,0
8604977_3323173_neg0_crop1124.png,430,409,0
8604977_3323173_neg1_crop1125.png,314,159,0
8604977_3323173_neg2_crop1126.png,152,211,0
8615984_3331429_neg0_crop1127.png,327,237,0
8615984_3331429_neg1_crop1128.png,438,436,0
8615984_3331429_neg2_crop1129.png,143,442,0
8629742_3336932_neg0_crop1130.png,479,205,0
8629742_3336932_neg1_crop1131.png,331,368,0
8629742_3336932_neg2_crop1132.png,312,409,0
8569204_3314918_neg0_crop1133.png,215,225,0
8569204_3314918_neg1_crop1134.png,182,166,0
8569204_3314918_neg2_crop1135.png,418,366,0
8571956_3287401_neg0_crop1136.png,375,492,0
8571956_3287401_neg1_crop1137.png,279,362,0
8571956_3287401_neg2_crop1138.png,234,188,0
8574708_3292904_neg0_crop1139.png,295,249,0
8574708_3292904_neg1_crop1140.png,215,325,0
8574708_3292904_neg2_crop1141.png,247,310,0
8602225_3347939_neg0_crop1142.png,164,150,0
8602225_3347939_neg1_crop1143.png,284,330,0
8602225_3347939_neg2_crop1144.png,354,153,0
8637998_3369953_neg0_crop1145.png,283,338,0
8637998_3369953_neg1_crop1146.png,358,430,0
8637998_3369953_neg2_crop1147.png,447,231,0
8574708_3303911_neg0_crop1148.png,200,334,0
8574708_3303911_neg1_crop1149.png,285,386,0
8574708_3303911_neg2_crop1150.png,489,175,0
8632494_3339684_neg0_crop1151.png,456,208,0
8632494_3339684_neg1_crop1152.png,408,330,0
8632494_3339684_neg2_crop1153.png,497,241,0
8602225_3314918_neg0_crop1154.png,403,135,0
8602225_3314918_neg1_crop1155.png,364,219,0
8602225_3314918_neg2_crop1156.png,382,136,0
8582963_3295656_neg0_crop1157.png,360,498,0
8582963_3295656_neg1_crop1158.png,381,246,0
8582963_3295656_neg2_crop1159.png,168,136,0
8629742_3331429_neg0_crop1160.png,246,461,0
8629742_3331429_neg1_crop1161.png,246,509,0
8629742_3331429_neg2_crop1162.png,161,153,0
8626991_3309415_neg0_crop1163.png,484,390,0
8626991_3309415_neg1_crop1164.png,341,448,0
8626991_3309415_neg2_crop1165.png,329,275,0
8591218_3336932_neg0_crop1166.png,188,236,0
8591218_3336932_neg1_crop1167.png,164,390,0
8591218_3336932_neg2_crop1168.png,244,163,0
8560949_3339684_neg0_crop1169.png,439,151,0
8560949_3339684_neg1_crop1170.png,223,313,0
8560949_3339684_neg2_crop1171.png,298,398,0
8624239_3287401_neg0_crop1172.png,399,482,0
8624239_3287401_neg1_crop1173.png,358,195,0
8624239_3287401_neg2_crop1174.png,198,223,0
8580211_3320422_neg0_crop1175.png,430,205,0
8580211_3320422_neg1_crop1176.png,473,238,0
8580211_3320422_neg2_crop1177.png,347,358,0
8637998_3276394_neg0_crop1178.png,461,239,0
8637998_3276394_neg1_crop1179.png,400,223,0
8637998_3276394_neg2_crop1180.png,276,177,0
8571956_3298408_neg0_crop1181.png,499,491,0
8571956_3298408_neg1_crop1182.png,139,313,0
8571956_3298408_neg2_crop1183.png,490,220,0
8569204_3372705_neg0_crop1184.png,318,202,0
8569204_3372705_neg1_crop1185.png,164,505,0
8569204_3372705_neg2_crop1186.png,151,393,0
8560949_3317670_neg0_crop1187.png,271,364,0
8560949_3317670_neg1_crop1188.png,479,464,0
8560949_3317670_neg2_crop1189.png,455,475,0
8580211_3353442_neg0_crop1190.png,280,221,0
8580211_3353442_neg1_crop1191.png,209,487,0
8580211_3353442_neg2_crop1192.png,162,218,0
8599473_3336932_neg0_crop1193.png,237,181,0
8599473_3336932_neg1_crop1194.png,218,222,0
8599473_3336932_neg2_crop1195.png,136,438,0
8607729_3317670_neg0_crop1196.png,181,220,0
8607729_3317670_neg1_crop1197.png,419,438,0
8607729_3317670_neg2_crop1198.png,325,269,0
8621487_3287401_neg0_crop1199.png,199,306,0
8621487_3287401_neg1_crop1200.png,498,479,0
8621487_3287401_neg2_crop1201.png,177,446,0
8591218_3320422_neg0_crop1202.png,454,371,0
8591218_3320422_neg1_crop1203.png,143,353,0
8591218_3320422_neg2_crop1204.png,211,490,0
8571956_3347939_neg0_crop1205.png,260,278,0
8571956_3347939_neg1_crop1206.png,144,210,0
8571956_3347939_neg2_crop1207.png,472,315,0
8582963_3314918_neg0_crop1208.png,161,241,0
8582963_3314918_neg1_crop1209.png,253,375,0
8582963_3314918_neg2_crop1210.png,507,407,0
8604977_3284649_neg0_crop1211.png,369,170,0
8604977_3284649_neg1_crop1212.png,246,179,0
8604977_3284649_neg2_crop1213.png,315,360,0
8558197_3295656_neg0_crop1214.png,475,258,0
8558197_3295656_neg1_crop1215.png,244,461,0
8558197_3295656_neg2_crop1216.png,249,466,0
8558197_3342435_neg0_crop1217.png,240,236,0
8558197_3342435_neg1_crop1218.png,424,464,0
8558197_3342435_neg2_crop1219.png,157,417,0
8585715_3290153_neg0_crop1220.png,369,397,0
8585715_3290153_neg1_crop1221.png,305,194,0
8585715_3290153_neg2_crop1222.png,475,423,0
8566453_3369953_neg0_crop1223.png,391,373,0
8566453_3369953_neg1_crop1224.png,196,351,0
8566453_3369953_neg2_crop1225.png,177,257,0
8593970_3353442_neg0_crop1226.png,511,322,0
8593970_3353442_neg1_crop1227.png,338,309,0
8593970_3353442_neg2_crop1228.png,507,177,0
8629742_3347939_neg0_crop1229.png,208,382,0
8629742_3347939_neg1_crop1230.png,247,155,0
8629742_3347939_neg2_crop1231.png,154,360,0
8621487_3284649_neg0_crop1232.png,135,268,0
8621487_3284649_neg1_crop1233.png,492,267,0
8621487_3284649_neg2_crop1234.png,346,249,0
8626991_3358946_neg0_crop1235.png,203,485,0
8626991_3358946_neg1_crop1236.png,421,360,0
8626991_3358946_neg2_crop1237.png,496,315,0
8604977_3295656_neg0_crop1238.png,380,205,0
8604977_3295656_neg1_crop1239.png,137,498,0
8604977_3295656_neg2_crop1240.png,336,278,0
8618735_3336932_neg0_crop1241.png,189,151,0
8618735_3336932_neg1_crop1242.png,445,267,0
8618735_3336932_neg2_crop1243.png,149,310,0
8566453_3281897_neg0_crop1244.png,340,204,0
8566453_3281897_neg1_crop1245.png,507,218,0
8566453_3281897_neg2_crop1246.png,443,284,0
8635246_3364449_neg0_crop1247.png,222,471,0
8635246_3364449_neg1_crop1248.png,481,381,0
8635246_3364449_neg2_crop1249.png,396,142,0
8604977_3328677_neg0_crop1250.png,396,268,0
8604977_3328677_neg1_crop1251.png,301,422,0
8604977_3328677_neg2_crop1252.png,145,403,0
8571956_3295656_neg0_crop1253.png,149,371,0
8571956_3295656_neg1_crop1254.png,445,487,0
8571956_3295656_neg2_crop1255.png,497,151,0
8580211_3314918_neg0_crop1256.png,273,138,0
8580211_3314918_neg1_crop1257.png,363,402,0
8580211_3314918_neg2_crop1258.png,207,461,0
8588466_3298408_neg0_crop1259.png,322,177,0
8588466_3298408_neg1_crop1260.png,456,366,0
8588466_3298408_neg2_crop1261.png,463,393,0
8615984_3325925_neg0_crop1262.png,276,421,0
8615984_3325925_neg1_crop1263.png,496,425,0
8615984_3325925_neg2_crop1264.png,162,299,0
8604977_3303911_neg0_crop1265.png,334,351,0
8604977_3303911_neg1_crop1266.png,292,321,0
8604977_3303911_neg2_crop1267.png,337,473,0
8563701_3314918_neg0_crop1268.png,342,177,0
8563701_3314918_neg1_crop1269.png,159,338,0
8563701_3314918_neg2_crop1270.png,137,304,0
8591218_3317670_neg0_crop1271.png,425,285,0
8591218_3317670_neg1_crop1272.png,480,490,0
8591218_3317670_neg2_crop1273.png,322,148,0
8626991_3369953_neg0_crop1274.png,346,251,0
8626991_3369953_neg1_crop1275.png,285,506,0
8626991_3369953_neg2_crop1276.png,340,314,0
8558197_3358946_neg0_crop1277.png,370,201,0
8558197_3358946_neg1_crop1278.png,271,413,0
8558197_3358946_neg2_crop1279.png,326,212,0
8599473_3309415_neg0_crop1280.png,341,436,0
8599473_3309415_neg1_crop1281.png,230,312,0
8599473_3309415_neg2_crop1282.png,316,485,0
8607729_3331429_neg0_crop1283.png,353,265,0
8607729_3331429_neg1_crop1284.png,416,379,0
8607729_3331429_neg2_crop1285.png,330,246,0
8629742_3306663_neg0_crop1286.png,393,297,0
8629742_3306663_neg1_crop1287.png,363,509,0
8629742_3306663_neg2_crop1288.png,221,415,0
8640749_3290153_neg0_crop1289.png,506,341,0
8640749_3290153_neg1_crop1290.png,408,437,0
8640749_3290153_neg2_crop1291.png,342,386,0
8560949_3292904_neg0_crop1292.png,143,395,0
8560949_3292904_neg1_crop1293.png,339,187,0
8560949_3292904_neg2_crop1294.png,431,417,0
8580211_3298408_neg0_crop1295.png,363,493,0
8580211_3298408_neg1_crop1296.png,454,400,0
8580211_3298408_neg2_crop1297.png,202,208,0
8582963_3347939_neg0_crop1298.png,290,496,0
8582963_3347939_neg1_crop1299.png,467,495,0
8582963_3347939_neg2_crop1300.png,131,195,0
8602225_3334180_neg0_crop1301.png,427,190,0
8602225_3334180_neg1_crop1302.png,219,287,0
8602225_3334180_neg2_crop1303.png,283,228,0
8607729_3339684_neg0_crop1304.png,239,428,0
8607729_3339684_neg1_crop1305.png,394,218,0
8607729_3339684_neg2_crop1306.png,245,321,0
8610480_3320422_neg0_crop1307.png,149,173,0
8610480_3320422_neg1_crop1308.png,143,458,0
8610480_3320422_neg2_crop1309.png,220,337,0
8602225_3290153_neg0_crop1310.png,187,166,0
8602225_3290153_neg1_crop1311.png,435,136,0
8602225_3290153_neg2_crop1312.png,380,233,0
8591218_3303911_neg0_crop1313.png,233,334,0
8591218_3303911_neg1_crop1314.png,445,396,0
8591218_3303911_neg2_crop1315.png,313,329,0
8574708_3345187_neg0_crop1316.png,343,265,0
8574708_3345187_neg1_crop1317.png,410,398,0
8574708_3345187_neg2_crop1318.png,381,338,0
8626991_3295656_neg0_crop1319.png,476,185,0
8626991_3295656_neg1_crop1320.png,381,232,0
8626991_3295656_neg2_crop1321.png,388,388,0
8560949_3325925_neg0_crop1322.png,156,389,0
8560949_3325925_neg1_crop1323.png,418,497,0
8560949_3325925_neg2_crop1324.png,348,389,0
8577459_3367201_neg0_crop1325.png,372,234,0
8577459_3367201_neg1_crop1326.png,315,190,0
8577459_3367201_neg2_crop1327.png,214,360,0
8582963_3298408_neg0_crop1328.png,405,439,0
8582963_3298408_neg1_crop1329.png,268,319,0
8582963_3298408_neg2_crop1330.png,165,143,0
8569204_3323173_neg0_crop1331.png,136,410,0
8569204_3323173_neg1_crop1332.png,191,460,0
8569204_3323173_neg2_crop1333.png,233,485,0
8607729_3290153_neg0_crop1334.png,318,206,0
8607729_3290153_neg1_crop1335.png,244,273,0
8607729_3290153_neg2_crop1336.png,376,213,0
8588466_3356194_neg0_crop1337.png,500,131,0
8588466_3356194_neg1_crop1338.png,411,196,0
8588466_3356194_neg2_crop1339.png,309,218,0
8593970_3342435_neg0_crop1340.png,235,469,0
8593970_3342435_neg1_crop1341.png,132,336,0
8593970_3342435_neg2_crop1342.png,402,497,0
8599473_3342435_neg0_crop1343.png,133,489,0
8599473_3342435_neg1_crop1344.png,419,206,0
8599473_3342435_neg2_crop1345.png,385,139,0
8640749_3334180_neg0_crop1346.png,467,246,0
8640749_3334180_neg1_crop1347.png,432,273,0
8640749_3334180_neg2_crop1348.png,419,320,0
8596722_3328677_neg0_crop1349.png,485,196,0
8596722_3328677_neg1_crop1350.png,306,430,0
8596722_3328677_neg2_crop1351.png,334,210,0
8635246_3367201_neg0_crop1352.png,437,215,0
8635246_3367201_neg1_crop1353.png,473,295,0
8635246_3367201_neg2_crop1354.png,208,443,0
8558197_3334180_neg0_crop1355.png,227,342,0
8558197_3334180_neg1_crop1356.png,140,443,0
8558197_3334180_neg2_crop1357.png,184,480,0
8632494_3369953_neg0_crop1358.png,345,171,0
8632494_3369953_neg1_crop1359.png,466,439,0
8632494_3369953_neg2_crop1360.png,505,457,0
8607729_3312166_neg0_crop1361.png,236,422,0
8607729_3312166_neg1_crop1362.png,441,421,0
8607729_3312166_neg2_crop1363.png,187,411,0
8624239_3301159_neg0_crop1364.png,454,501,0
8624239_3301159_neg1_crop1365.png,451,402,0
8624239_3301159_neg2_crop1366.png,442,441,0
8621487_3328677_neg0_crop1367.png,320,158,0
8621487_3328677_neg1_crop1368.png,197,145,0
8621487_3328677_neg2_crop1369.png,484,300,0
8621487_3336932_neg0_crop1370.png,262,446,0
8621487_3336932_neg1_crop1371.png,254,332,0
8621487_3336932_neg2_crop1372.png,308,499,0
8585715_3279146_neg0_crop1373.png,174,196,0
8585715_3279146_neg1_crop1374.png,357,185,0
8585715_3279146_neg2_crop1375.png,503,197,0
8566453_3345187_neg0_crop1376.png,333,385,0
8566453_3345187_neg1_crop1377.png,323,373,0
8566453_3345187_neg2_crop1378.png,408,441,0
8577459_3350691_neg0_crop1379.png,457,176,0
8577459_3350691_neg1_crop1380.png,386,367,0
8577459_3350691_neg2_crop1381.png,169,145,0
8613232_3317670_neg0_crop1382.png,342,300,0
8613232_3317670_neg1_crop1383.png,280,216,0
8613232_3317670_neg2_crop1384.png,446,477,0
8610480_3336932_neg0_crop1385.png,434,472,0
8610480_3336932_neg1_crop1386.png,135,375,0
8610480_3336932_neg2_crop1387.png,407,178,0
8571956_3331429_neg0_crop1388.png,376,205,0
8571956_3331429_neg1_crop1389.png,343,176,0
8571956_3331429_neg2_crop1390.png,417,423,0
8577459_3284649_neg0_crop1391.png,272,460,0
8577459_3284649_neg1_crop1392.png,250,501,0
8577459_3284649_neg2_crop1393.png,330,273,0
8602225_3345187_neg0_crop1394.png,315,259,0
8602225_3345187_neg1_crop1395.png,166,502,0
8602225_3345187_neg2_crop1396.png,445,333,0
8593970_3325925_neg0_crop1397.png,325,426,0
8593970_3325925_neg1_crop1398.png,190,257,0
8593970_3325925_neg2_crop1399.png,302,366,0
8637998_3320422_neg0_crop1400.png,264,476,0
8637998_3320422_neg1_crop1401.png,235,495,0
8637998_3320422_neg2_crop1402.png,454,175,0
8613232_3331429_neg0_crop1403.png,432,458,0
8613232_3331429_neg1_crop1404.png,185,384,0
8613232_3331429_neg2_crop1405.png,175,295,0
8593970_3284649_neg0_crop1406.png,141,138,0
8593970_3284649_neg1_crop1407.png,507,289,0
8593970_3284649_neg2_crop1408.png,325,457,0
8596722_3312166_neg0_crop1409.png,283,379,0
8596722_3312166_neg1_crop1410.png,368,151,0
8596722_3312166_neg2_crop1411.png,414,268,0
8560949_3279146_neg0_crop1412.png,243,436,0
8560949_3279146_neg1_crop1413.png,300,320,0
8560949_3279146_neg2_crop1414.png,311,366,0
8563701_3334180_neg0_crop1415.png,226,364,0
8563701_3334180_neg1_crop1416.png,393,201,0
8563701_3334180_neg2_crop1417.png,376,330,0
8604977_3312166_neg0_crop1418.png,146,427,0
8604977_3312166_neg1_crop1419.png,458,344,0
8604977_3312166_neg2_crop1420.png,503,356,0
8566453_3279146_neg0_crop1421.png,144,283,0
8566453_3279146_neg1_crop1422.png,363,390,0
8566453_3279146_neg2_crop1423.png,502,306,0
8635246_3336932_neg0_crop1424.png,326,262,0
8635246_3336932_neg1_crop1425.png,163,436,0
8635246_3336932_neg2_crop1426.png,297,459,0
8558197_3292904_neg0_crop1427.png,351,160,0
8558197_3292904_neg1_crop1428.png,248,259,0
8558197_3292904_neg2_crop1429.png,499,218,0
8596722_3295656_neg0_crop1430.png,129,363,0
8596722_3295656_neg1_crop1431.png,371,327,0
8596722_3295656_neg2_crop1432.png,148,431,0
8621487_3292904_neg0_crop1433.png,161,207,0
8621487_3292904_neg1_crop1434.png,413,321,0
8621487_3292904_neg2_crop1435.png,242,258,0
8629742_3364449_neg0_crop1436.png,410,480,0
8629742_3364449_neg1_crop1437.png,156,218,0
8629742_3364449_neg2_crop1438.png,420,307,0
8626991_3303911_neg0_crop1439.png,445,377,0
8626991_3303911_neg1_crop1440.png,415,344,0
8626991_3303911_neg2_crop1441.png,211,263,0
8596722_3361698_neg0_crop1442.png,205,231,0
8596722_3361698_neg1_crop1443.png,313,168,0
8596722_3361698_neg2_crop1444.png,166,196,0
8571956_3276394_neg0_crop1445.png,421,295,0
8571956_3276394_neg1_crop1446.png,289,175,0
8571956_3276394_neg2_crop1447.png,482,376,0
8613232_3312166_neg0_crop1448.png,472,229,0
8613232_3312166_neg1_crop1449.png,404,214,0
8613232_3312166_neg2_crop1450.png,140,154,0
8640749_3350691_neg0_crop1451.png,461,249,0
8640749_3350691_neg1_crop1452.png,286,248,0
8640749_3350691_neg2_crop1453.png,210,241,0
8588466_3336932_neg0_crop1454.png,426,493,0
8588466_3336932_neg1_crop1455.png,208,136,0
8588466_3336932_neg2_crop1456.png,162,455,0
8580211_3369953_neg0_crop1457.png,195,224,0
8580211_3369953_neg1_crop1458.png,459,159,0
8580211_3369953_neg2_crop1459.png,293,271,0
8610480_3328677_neg0_crop1460.png,332,196,0
8610480_3328677_neg1_crop1461.png,267,286,0
8610480_3328677_neg2_crop1462.png,466,226,0
8607729_3309415_neg0_crop1463.png,186,275,0
8607729_3309415_neg1_crop1464.png,283,463,0
8607729_3309415_neg2_crop1465.png,285,163,0
8629742_3276394_neg0_crop1466.png,175,446,0
8629742_3276394_neg1_crop1467.png,138,283,0
8629742_3276394_neg2_crop1468.png,430,351,0
8624239_3306663_neg0_crop1469.png,280,327,0
8624239_3306663_neg1_crop1470.png,279,215,0
8624239_3306663_neg2_crop1471.png,287,269,0
8582963_3350691_neg0_crop1472.png,463,223,0
8582963_3350691_neg1_crop1473.png,458,152,0
8582963_3350691_neg2_crop1474.png,239,209,0
8640749_3364449_neg0_crop1475.png,256,200,0
8640749_3364449_neg1_crop1476.png,388,254,0
8640749_3364449_neg2_crop1477.png,340,159,0
8635246_3372705_neg0_crop1478.png,237,362,0
8635246_3372705_neg1_crop1479.png,224,479,0
8635246_3372705_neg2_crop1480.png,308,318,0
8582963_3328677_neg0_crop1481.png,274,493,0
8582963_3328677_neg1_crop1482.png,389,294,0
8582963_3328677_neg2_crop1483.png,233,265,0
8591218_3325925_neg0_crop1484.png,501,314,0
8591218_3325925_neg1_crop1485.png,142,317,0
8591218_3325925_neg2_crop1486.png,433,354,0
8591218_3347939_neg0_crop1487.png,475,170,0
8591218_3347939_neg1_crop1488.png,285,487,0
8591218_3347939_neg2_crop1489.png,349,235,0
8563701_3364449_neg0_crop1490.png,273,280,0
8563701_3364449_neg1_crop1491.png,449,232,0
8563701_3364449_neg2_crop1492.png,478,334,0
8571956_3314918_neg0_crop1493.png,454,178,0
8571956_3314918_neg1_crop1494.png,353,185,0
8571956_3314918_neg2_crop1495.png,212,388,0
8610480_3361698_neg0_crop1496.png,323,464,0
8610480_3361698_neg1_crop1497.png,305,512,0
8610480_3361698_neg2_crop1498.png,188,343,0
8563701_3279146_neg0_crop1499.png,131,418,0
8563701_3279146_neg1_crop1500.png,178,423,0
8563701_3279146_neg2_crop1501.png,132,448,0
8629742_3301159_neg0_crop1502.png,409,475,0
8629742_3301159_neg1_crop1503.png,468,449,0
8629742_3301159_neg2_crop1504.png,432,144,0
8596722_3325925_neg0_crop1505.png,135,384,0
8596722_3325925_neg1_crop1506.png,227,472,0
8596722_3325925_neg2_crop1507.png,395,380,0
8574708_3328677_neg0_crop1508.png,169,477,0
8574708_3328677_neg1_crop1509.png,233,391,0
8574708_3328677_neg2_crop1510.png,247,451,0
8607729_3334180_neg0_crop1511.png,330,347,0
8607729_3334180_neg1_crop1512.png,506,289,0
8607729_3334180_neg2_crop1513.png,316,313,0
8613232_3309415_neg0_crop1514.png,511,223,0
8613232_3309415_neg1_crop1515.png,313,507,0
8613232_3309415_neg2_crop1516.png,222,255,0
8604977_3290153_neg0_crop1517.png,141,503,0
8604977_3290153_neg1_crop1518.png,206,208,0
8604977_3290153_neg2_crop1519.png,234,273,0
8629742_3314918_neg0_crop1520.png,136,280,0
8629742_3314918_neg1_crop1521.png,392,212,0
8629742_3314918_neg2_crop1522.png,408,251,0
8613232_3281897_neg0_crop1523.png,244,285,0
8613232_3281897_neg1_crop1524.png,421,174,0
8613232_3281897_neg2_crop1525.png,381,364,0
8574708_3339684_neg0_crop1526.png,137,421,0
8574708_3339684_neg1_crop1527.png,166,462,0
8574708_3339684_neg2_crop1528.png,490,288,0
8569204_3367201_neg0_crop1529.png,348,441,0
8569204_3367201_neg1_crop1530.png,421,305,0
8569204_3367201_neg2_crop1531.png,422,170,0
8615984_3336932_neg0_crop1532.png,327,262,0
8615984_3336932_neg1_crop1533.png,322,178,0
8615984_3336932_neg2_crop1534.png,464,407,0
8596722_3339684_neg0_crop1535.png,302,143,0
8596722_3339684_neg1_crop1536.png,228,415,0
8596722_3339684_neg2_crop1537.png,485,387,0
8640749_3347939_neg0_crop1538.png,414,326,0
8640749_3347939_neg1_crop1539.png,498,143,0
8640749_3347939_neg2_crop1540.png,149,341,0
8610480_3309415_neg0_crop1541.png,459,158,0
8610480_3309415_neg1_crop1542.png,452,137,0
8610480_3309415_neg2_crop1543.png,372,492,0
8582963_3342435_neg0_crop1544.png,420,493,0
8582963_3342435_neg1_crop1545.png,264,406,0
8582963_3342435_neg2_crop1546.png,445,507,0
8596722_3320422_neg0_crop1547.png,390,274,0
8596722_3320422_neg1_crop1548.png,358,267,0
8596722_3320422_neg2_crop1549.png,364,436,0
8610480_3372705_neg0_crop1550.png,336,145,0
8610480_3372705_neg1_crop1551.png,481,294,0
8610480_3372705_neg2_crop1552.png,366,339,0
8604977_3306663_neg0_crop1553.png,279,151,0
8604977_3306663_neg1_crop1554.png,452,288,0
8604977_3306663_neg2_crop1555.png,370,380,0
8637998_3356194_neg0_crop1556.png,479,242,0
8637998_3356194_neg1_crop1557.png,261,270,0
8637998_3356194_neg2_crop1558.png,275,496,0
8571956_3339684_neg0_crop1559.png,128,207,0
8571956_3339684_neg1_crop1560.png,170,279,0
8571956_3339684_neg2_crop1561.png,492,230,0
8563701_3276394_neg0_crop1562.png,464,459,0
8563701_3276394_neg1_crop1563.png,157,449,0
8563701_3276394_neg2_crop1564.png,260,286,0
8607729_3295656_neg0_crop1565.png,369,417,0
8607729_3295656_neg1_crop1566.png,432,360,0
8607729_3295656_neg2_crop1567.png,244,365,0
8580211_3276394_neg0_crop1568.png,158,288,0
8580211_3276394_neg1_crop1569.png,507,491,0
8580211_3276394_neg2_crop1570.png,259,267,0
8637998_3336932_neg0_crop1571.png,240,257,0
8637998_3336932_neg1_crop1572.png,317,351,0
8637998_3336932_neg2_crop1573.png,231,169,0
8613232_3298408_neg0_crop1574.png,496,281,0
8613232_3298408_neg1_crop1575.png,330,205,0
8613232_3298408_neg2_crop1576.png,281,189,0
8640749_3361698_neg0_crop1577.png,203,412,0
8640749_3361698_neg1_crop1578.png,265,216,0
8640749_3361698_neg2_crop1579.png,363,378,0
8582963_3339684_neg0_crop1580.png,342,400,0
8582963_3339684_neg1_crop1581.png,379,437,0
8582963_3339684_neg2_crop1582.png,266,491,0
8588466_3320422_neg0_crop1583.png,131,251,0
8588466_3320422_neg1_crop1584.png,226,322,0
8588466_3320422_neg2_crop1585.png,148,367,0
8585715_3281897_neg0_crop1586.png,136,182,0
8585715_3281897_neg1_crop1587.png,176,196,0
8585715_3281897_neg2_crop1588.png,173,324,0
8640749_3336932_neg0_crop1589.png,189,487,0
8640749_3336932_neg1_crop1590.png,236,436,0
8640749_3336932_neg2_crop1591.png,497,324,0
8569204_3303911_neg0_crop1592.png,374,223,0
8569204_3303911_neg1_crop1593.png,279,387,0
8569204_3303911_neg2_crop1594.png,288,373,0
8580211_3328677_neg0_crop1595.png,452,164,0
8580211_3328677_neg1_crop1596.png,185,230,0
8580211_3328677_neg2_crop1597.png,168,142,0
8613232_3328677_neg0_crop1598.png,430,435,0
8613232_3328677_neg1_crop1599.png,469,488,0
8613232_3328677_neg2_crop1600.png,415,314,0
8588466_3367201_neg0_crop1601.png,175,504,0
8588466_3367201_neg1_crop1602.png,280,219,0
8588466_3367201_neg2_crop1603.png,406,361,0
8632494_3303911_neg0_crop1604.png,317,489,0
8632494_3303911_neg1_crop1605.png,216,225,0
8632494_3303911_neg2_crop1606.png,369,210,0
8629742_3358946_neg0_crop1607.png,471,249,0
8629742_3358946_neg1_crop1608.png,359,369,0
8629742_3358946_neg2_crop1609.png,502,340,0
8558197_3281897_neg0_crop1610.png,212,212,0
8558197_3281897_neg1_crop1611.png,297,129,0
8558197_3281897_neg2_crop1612.png,499,171,0
8640749_3292904_neg0_crop1613.png,272,481,0
8640749_3292904_neg1_crop1614.png,234,430,0
8640749_3292904_neg2_crop1615.png,412,390,0
8635246_3301159_neg0_crop1616.png,496,164,0
8635246_3301159_neg1_crop1617.png,306,145,0
8635246_3301159_neg2_crop1618.png,176,418,0
8571956_3353442_neg0_crop1619.png,474,340,0
8571956_3353442_neg1_crop1620.png,307,423,0
8571956_3353442_neg2_crop1621.png,149,510,0
8571956_3364449_neg0_crop1622.png,479,451,0
8571956_3364449_neg1_crop1623.png,349,190,0
8571956_3364449_neg2_crop1624.png,443,450,0
8591218_3312166_neg0_crop1625.png,402,224,0
8591218_3312166_neg1_crop1626.png,407,263,0
8591218_3312166_neg2_crop1627.png,334,278,0
8624239_3292904_neg0_crop1628.png,164,227,0
8624239_3292904_neg1_crop1629.png,449,423,0
8624239_3292904_neg2_crop1630.png,462,359,0
8580211_3367201_neg0_crop1631.png,214,419,0
8580211_3367201_neg1_crop1632.png,322,291,0
8580211_3367201_neg2_crop1633.png,487,375,0
8566453_3309415_neg0_crop1634.png,425,247,0
8566453_3309415_neg1_crop1635.png,216,456,0
8566453_3309415_neg2_crop1636.png,136,145,0
8632494_3334180_neg0_crop1637.png,382,189,0
8632494_3334180_neg1_crop1638.png,414,425,0
8632494_3334180_neg2_crop1639.png,470,326,0
8566453_3276394_neg0_crop1640.png,129,448,0
8566453_3276394_neg1_crop1641.png,138,392,0
8566453_3276394_neg2_crop1642.png,228,503,0
8569204_3361698_neg0_crop1643.png,144,191,0
8569204_3361698_neg1_crop1644.png,484,305,0
8569204_3361698_neg2_crop1645.png,486,384,0
8591218_3306663_neg0_crop1646.png,437,186,0
8591218_3306663_neg1_crop1647.png,364,222,0
8591218_3306663_neg2_crop1648.png,159,248,0
8626991_3336932_neg0_crop1649.png,338,178,0
8626991_3336932_neg1_crop1650.png,390,449,0
8626991_3336932_neg2_crop1651.png,299,413,0
8607729_3353442_neg0_crop1652.png,263,384,0
8607729_3353442_neg1_crop1653.png,294,423,0
8607729_3353442_neg2_crop1654.png,362,388,0
8618735_3287401_neg0_crop1655.png,375,253,0
8618735_3287401_neg1_crop1656.png,328,500,0
8618735_3287401_neg2_crop1657.png,303,254,0
8624239_3309415_neg0_crop1658.png,403,315,0
8624239_3309415_neg1_crop1659.png,362,296,0
8624239_3309415_neg2_crop1660.png,264,144,0
8626991_3284649_neg0_crop1661.png,168,290,0
8626991_3284649_neg1_crop1662.png,372,168,0
8626991_3284649_neg2_crop1663.png,425,217,0
8574708_3325925_neg0_crop1664.png,443,280,0
8574708_3325925_neg1_crop1665.png,189,312,0
8574708_3325925_neg2_crop1666.png,405,150,0
8632494_3284649_neg0_crop1667.png,446,498,0
8632494_3284649_neg1_crop1668.png,439,502,0
8632494_3284649_neg2_crop1669.png,179,407,0
8566453_3328677_neg0_crop1670.png,317,428,0
8566453_3328677_neg1_crop1671.png,153,197,0
8566453_3328677_neg2_crop1672.png,271,277,0
8618735_3353442_neg0_crop1673.png,322,229,0
8618735_3353442_neg1_crop1674.png,379,477,0
8618735_3353442_neg2_crop1675.png,146,426,0
8615984_3309415_neg0_crop1676.png,496,304,0
8615984_3309415_neg1_crop1677.png,360,431,0
8615984_3309415_neg2_crop1678.png,503,216,0
8566453_3284649_neg0_crop1679.png,488,324,0
8566453_3284649_neg1_crop1680.png,165,351,0
8566453_3284649_neg2_crop1681.png,490,306,0
8610480_3281897_neg0_crop1682.png,433,251,0
8610480_3281897_neg1_crop1683.png,329,260,0
8610480_3281897_neg2_crop1684.png,469,271,0
8585715_3284649_neg0_crop1685.png,241,368,0
8585715_3284649_neg1_crop1686.png,237,320,0
8585715_3284649_neg2_crop1687.png,381,437,0
8635246_3284649_neg0_crop1688.png,384,207,0
8635246_3284649_neg1_crop1689.png,181,362,0
8635246_3284649_neg2_crop1690.png,162,146,0
8591218_3328677_neg0_crop1691.png,438,362,0
8591218_3328677_neg1_crop1692.png,240,489,0
8591218_3328677_neg2_crop1693.png,492,244,0
8560949_3345187_neg0_crop1694.png,250,268,0
8560949_3345187_neg1_crop1695.png,460,263,0
8560949_3345187_neg2_crop1696.png,398,336,0
8585715_3336932_neg0_crop1697.png,288,383,0
8585715_3336932_neg1_crop1698.png,182,164,0
8585715_3336932_neg2_crop1699.png,262,175,0
8560949_3298408_neg0_crop1700.png,295,352,0
8560949_3298408_neg1_crop1701.png,355,466,0
8560949_3298408_neg2_crop1702.png,408,212,0
8580211_3281897_neg0_crop1703.png,149,455,0
8580211_3281897_neg1_crop1704.png,153,494,0
8580211_3281897_neg2_crop1705.png,262,232,0
8637998_3364449_neg0_crop1706.png,389,407,0
8637998_3364449_neg1_crop1707.png,224,254,0
8637998_3364449_neg2_crop1708.png,156,152,0
8591218_3350691_neg0_crop1709.png,239,157,0
8591218_3350691_neg1_crop1710.png,451,208,0
8591218_3350691_neg2_crop1711.png,504,190,0
8637998_3306663_neg0_crop1712.png,443,353,0
8637998_3306663_neg1_crop1713.png,167,473,0
8637998_3306663_neg2_crop1714.png,428,342,0
8596722_3301159_neg0_crop1715.png,214,153,0
8596722_3301159_neg1_crop1716.png,390,449,0
8596722_3301159_neg2_crop1717.png,181,230,0
8569204_3328677_neg0_crop1718.png,266,224,0
8569204_3328677_neg1_crop1719.png,433,366,0
8569204_3328677_neg2_crop1720.png,236,434,0
8621487_3367201_neg0_crop1721.png,344,225,0
8621487_3367201_neg1_crop1722.png,478,454,0
8621487_3367201_neg2_crop1723.png,133,328,0
8585715_3331429_neg0_crop1724.png,480,278,0
8585715_3331429_neg1_crop1725.png,245,444,0
8585715_3331429_neg2_crop1726.png,221,403,0
8582963_3331429_neg0_crop1727.png,479,176,0
8582963_3331429_neg1_crop1728.png,389,322,0
8582963_3331429_neg2_crop1729.png,418,410,0
8640749_3345187_neg0_crop1730.png,480,300,0
8640749_3345187_neg1_crop1731.png,410,236,0
8640749_3345187_neg2_crop1732.png,156,169,0
8626991_3281897_neg0_crop1733.png,294,217,0
8626991_3281897_neg1_crop1734.png,486,425,0
8626991_3281897_neg2_crop1735.png,366,301,0
8624239_3284649_neg0_crop1736.png,325,129,0
8624239_3284649_neg1_crop1737.png,390,430,0
8624239_3284649_neg2_crop1738.png,458,194,0
8574708_3350691_neg0_crop1739.png,478,457,0
8574708_3350691_neg1_crop1740.png,206,261,0
8574708_3350691_neg2_crop1741.png,385,192,0
8563701_3303911_neg0_crop1742.png,413,504,0
8563701_3303911_neg1_crop1743.png,341,466,0
8563701_3303911_neg2_crop1744.png,217,241,0
8577459_3303911_neg0_crop1745.png,144,144,0
8577459_3303911_neg1_crop1746.png,400,159,0
8577459_3303911_neg2_crop1747.png,353,201,0
8580211_3323173_neg0_crop1748.png,208,387,0
8580211_3323173_neg1_crop1749.png,173,470,0
8580211_3323173_neg2_crop1750.png,369,154,0
8585715_3303911_neg0_crop1751.png,183,473,0
8585715_3303911_neg1_crop1752.png,412,418,0
8585715_3303911_neg2_crop1753.png,500,186,0
8610480_3356194_neg0_crop1754.png,140,399,0
8610480_3356194_neg1_crop1755.png,392,157,0
8610480_3356194_neg2_crop1756.png,259,423,0
8560949_3284649_neg0_crop1757.png,237,361,0
8560949_3284649_neg1_crop1758.png,435,325,0
8560949_3284649_neg2_crop1759.png,232,194,0
8632494_3314918_neg0_crop1760.png,486,248,0
8632494_3314918_neg1_crop1761.png,189,323,0
8632494_3314918_neg2_crop1762.png,323,423,0
8569204_3347939_neg0_crop1763.png,291,476,0
8569204_3347939_neg1_crop1764.png,402,249,0
8569204_3347939_neg2_crop1765.png,327,294,0
8558197_3325925_neg0_crop1766.png,276,140,0
8558197_3325925_neg1_crop1767.png,225,496,0
8558197_3325925_neg2_crop1768.png,267,491,0
8602225_3364449_neg0_crop1769.png,499,386,0
8602225_3364449_neg1_crop1770.png,180,403,0
8602225_3364449_neg2_crop1771.png,209,491,0
8610480_3314918_neg0_crop1772.png,381,501,0
8610480_3314918_neg1_crop1773.png,266,441,0
8610480_3314918_neg2_crop1774.png,398,354,0
8607729_3306663_neg0_crop1775.png,227,410,0
8607729_3306663_neg1_crop1776.png,160,469,0
8607729_3306663_neg2_crop1777.png,185,170,0
8593970_3309415_neg0_crop1778.png,164,238,0
8593970_3309415_neg1_crop1779.png,326,351,0
8593970_3309415_neg2_crop1780.png,334,166,0
8560949_3306663_neg0_crop1781.png,305,387,0
8560949_3306663_neg1_crop1782.png,317,257,0
8560949_3306663_neg2_crop1783.png,275,249,0
8588466_3369953_neg0_crop1784.png,138,259,0
8588466_3369953_neg1_crop1785.png,295,269,0
8588466_3369953_neg2_crop1786.png,230,438,0
8621487_3301159_neg0_crop1787.png,426,464,0
8621487_3301159_neg1_crop1788.png,384,159,0
8621487_3301159_neg2_crop1789.png,376,500,0
8563701_3325925_neg0_crop1790.png,507,338,0
8563701_3325925_neg1_crop1791.png,425,347,0
8563701_3325925_neg2_crop1792.png,436,468,0
8626991_3306663_neg0_crop1793.png,359,494,0
8626991_3306663_neg1_crop1794.png,390,460,0
8626991_3306663_neg2_crop1795.png,175,470,0
8613232_3290153_neg0_crop1796.png,255,470,0
8613232_3290153_neg1_crop1797.png,268,156,0
8613232_3290153_neg2_crop1798.png,325,211,0
8615984_3372705_neg0_crop1799.png,211,309,0
8615984_3372705_neg1_crop1800.png,509,213,0
8615984_3372705_neg2_crop1801.png,295,463,0
8624239_3364449_neg0_crop1802.png,451,362,0
8624239_3364449_neg1_crop1803.png,242,248,0
8624239_3364449_neg2_crop1804.png,339,248,0
8626991_3290153_neg0_crop1805.png,367,193,0
8626991_3290153_neg1_crop1806.png,181,417,0
8626991_3290153_neg2_crop1807.png,297,339,0
8571956_3309415_neg0_crop1808.png,432,241,0
8571956_3309415_neg1_crop1809.png,315,281,0
8571956_3309415_neg2_crop1810.png,480,469,0
8621487_3331429_neg0_crop1811.png,471,326,0
8621487_3331429_neg1_crop1812.png,336,487,0
8621487_3331429_neg2_crop1813.png,265,161,0
8599473_3279146_neg0_crop1814.png,229,230,0
8599473_3279146_neg1_crop1815.png,493,315,0
8599473_3279146_neg2_crop1816.png,396,353,0
8558197_3336932_neg0_crop1817.png,477,210,0
8558197_3336932_neg1_crop1818.png,264,213,0
8558197_3336932_neg2_crop1819.png,308,204,0
8635246_3281897_neg0_crop1820.png,457,242,0
8635246_3281897_neg1_crop1821.png,477,423,0
8635246_3281897_neg2_crop1822.png,307,181,0
8588466_3295656_neg0_crop1823.png,384,204,0
8588466_3295656_neg1_crop1824.png,296,191,0
8588466_3295656_neg2_crop1825.png,510,343,0
8626991_3364449_neg0_crop1826.png,276,238,0
8626991_3364449_neg1_crop1827.png,213,278,0
8626991_3364449_neg2_crop1828.png,303,469,0
8637998_3325925_neg0_crop1829.png,157,239,0
8637998_3325925_neg1_crop1830.png,436,145,0
8637998_3325925_neg2_crop1831.png,313,504,0
8558197_3287401_neg0_crop1832.png,143,202,0
8558197_3287401_neg1_crop1833.png,291,207,0
8558197_3287401_neg2_crop1834.png,238,165,0
8593970_3290153_neg0_crop1835.png,399,141,0
8593970_3290153_neg1_crop1836.png,445,222,0
8593970_3290153_neg2_crop1837.png,443,175,0
8640749_3276394_neg0_crop1838.png,376,257,0
8640749_3276394_neg1_crop1839.png,326,407,0
8640749_3276394_neg2_crop1840.png,286,148,0
8632494_3306663_neg0_crop1841.png,153,130,0
8632494_3306663_neg1_crop1842.png,385,506,0
8632494_3306663_neg2_crop1843.png,255,221,0
8558197_3312166_neg0_crop1844.png,459,363,0
8558197_3312166_neg1_crop1845.png,325,333,0
8558197_3312166_neg2_crop1846.png,137,483,0
8571956_3325925_neg0_crop1847.png,167,248,0
8571956_3325925_neg1_crop1848.png,456,353,0
8571956_3325925_neg2_crop1849.png,234,274,0
8621487_3290153_neg0_crop1850.png,325,457,0
8621487_3290153_neg1_crop1851.png,146,326,0
8621487_3290153_neg2_crop1852.png,131,293,0
8607729_3276394_neg0_crop1853.png,434,299,0
8607729_3276394_neg1_crop1854.png,411,344,0
8607729_3276394_neg2_crop1855.png,482,388,0
8632494_3353442_neg0_crop1856.png,502,191,0
8632494_3353442_neg1_crop1857.png,169,378,0
8632494_3353442_neg2_crop1858.png,338,409,0
8604977_3342435_neg0_crop1859.png,212,282,0
8604977_3342435_neg1_crop1860.png,410,506,0
8604977_3342435_neg2_crop1861.png,281,140,0
8615984_3323173_neg0_crop1862.png,235,365,0
8615984_3323173_neg1_crop1863.png,287,411,0
8615984_3323173_neg2_crop1864.png,204,204,0
8596722_3276394_neg0_crop1865.png,356,402,0
8596722_3276394_neg1_crop1866.png,254,481,0
8596722_3276394_neg2_crop1867.png,335,433,0
8602225_3281897_neg0_crop1868.png,320,148,0
8602225_3281897_neg1_crop1869.png,387,489,0
8602225_3281897_neg2_crop1870.png,399,391,0
8621487_3276394_neg0_crop1871.png,506,277,0
8621487_3276394_neg1_crop1872.png,508,329,0
8621487_3276394_neg2_crop1873.png,336,449,0
8621487_3312166_neg0_crop1874.png,427,355,0
8621487_3312166_neg1_crop1875.png,363,197,0
8621487_3312166_neg2_crop1876.png,167,228,0
8585715_3364449_neg0_crop1877.png,267,251,0
8585715_3364449_neg1_crop1878.png,360,252,0
8585715_3364449_neg2_crop1879.png,354,433,0
8582963_3301159_neg0_crop1880.png,397,437,0
8582963_3301159_neg1_crop1881.png,161,180,0
8582963_3301159_neg2_crop1882.png,463,158,0
8602225_3312166_neg0_crop1883.png,360,348,0
8602225_3312166_neg1_crop1884.png,456,313,0
8602225_3312166_neg2_crop1885.png,340,278,0
8580211_3312166_neg0_crop1886.png,214,271,0
8580211_3312166_neg1_crop1887.png,442,372,0
8580211_3312166_neg2_crop1888.png,169,444,0
8560949_3336932_neg0_crop1889.png,447,199,0
8560949_3336932_neg1_crop1890.png,442,489,0
8560949_3336932_neg2_crop1891.png,202,449,0
8640749_3356194_neg0_crop1892.png,294,218,0
8640749_3356194_neg1_crop1893.png,351,162,0
8640749_3356194_neg2_crop1894.png,338,510,0
8566453_3301159_neg0_crop1895.png,178,509,0
8566453_3301159_neg1_crop1896.png,427,308,0
8566453_3301159_neg2_crop1897.png,282,349,0
8602225_3279146_neg0_crop1898.png,447,224,0
8602225_3279146_neg1_crop1899.png,449,149,0
8602225_3279146_neg2_crop1900.png,355,351,0
8632494_3331429_neg0_crop1901.png,512,348,0
8632494_3331429_neg1_crop1902.png,421,511,0
8632494_3331429_neg2_crop1903.png,396,403,0
8582963_3345187_neg0_crop1904.png,430,433,0
8582963_3345187_neg1_crop1905.png,157,157,0
8582963_3345187_neg2_crop1906.png,382,400,0
8571956_3281897_neg0_crop1907.png,211,238,0
8571956_3281897_neg1_crop1908.png,378,468,0
8571956_3281897_neg2_crop1909.png,306,297,0
8632494_3361698_neg0_crop1910.png,396,165,0
8632494_3361698_neg1_crop1911.png,339,354,0
8632494_3361698_neg2_crop1912.png,420,192,0
8632494_3342435_neg0_crop1913.png,409,461,0
8632494_3342435_neg1_crop1914.png,243,202,0
8632494_3342435_neg2_crop1915.png,502,204,0
8615984_3345187_neg0_crop1916.png,346,470,0
8615984_3345187_neg1_crop1917.png,318,268,0
8615984_3345187_neg2_crop1918.png,433,499,0
8580211_3356194_neg0_crop1919.png,251,290,0
8580211_3356194_neg1_crop1920.png,160,202,0
8580211_3356194_neg2_crop1921.png,501,389,0
8569204_3298408_neg0_crop1922.png,320,503,0
8569204_3298408_neg1_crop1923.png,324,337,0
8569204_3298408_neg2_crop1924.png,294,483,0
8629742_3328677_neg0_crop1925.png,457,465,0
8629742_3328677_neg1_crop1926.png,457,416,0
8629742_3328677_neg2_crop1927.png,384,347,0
8602225_3306663_neg0_crop1928.png,434,358,0
8602225_3306663_neg1_crop1929.png,293,139,0
8602225_3306663_neg2_crop1930.png,403,150,0
8574708_3284649_neg0_crop1931.png,451,131,0
8574708_3284649_neg1_crop1932.png,425,203,0
8574708_3284649_neg2_crop1933.png,142,501,0
8588466_3287401_neg0_crop1934.png,465,145,0
8588466_3287401_neg1_crop1935.png,377,309,0
8588466_3287401_neg2_crop1936.png,497,331,0
8580211_3309415_neg0_crop1937.png,476,309,0
8580211_3309415_neg1_crop1938.png,206,381,0
8580211_3309415_neg2_crop1939.png,137,411,0
8574708_3353442_neg0_crop1940.png,428,195,0
8574708_3353442_neg1_crop1941.png,416,420,0
8574708_3353442_neg2_crop1942.png,242,508,0
8580211_3361698_neg0_crop1943.png,183,442,0
8580211_3361698_neg1_crop1944.png,460,413,0
8580211_3361698_neg2_crop1945.png,203,393,0
8577459_3292904_neg0_crop1946.png,379,369,0
8577459_3292904_neg1_crop1947.png,508,474,0
8577459_3292904_neg2_crop1948.png,373,324,0
8640749_3325925_neg0_crop1949.png,408,499,0
8640749_3325925_neg1_crop1950.png,169,423,0
8640749_3325925_neg2_crop1951.png,417,411,0
8591218_3287401_neg0_crop1952.png,332,323,0
8591218_3287401_neg1_crop1953.png,169,480,0
8591218_3287401_neg2_crop1954.png,408,366,0
8571956_3350691_neg0_crop1955.png,490,409,0
8571956_3350691_neg1_crop1956.png,176,405,0
8571956_3350691_neg2_crop1957.png,200,350,0
8626991_3339684_neg0_crop1958.png,245,373,0
8626991_3339684_neg1_crop1959.png,239,358,0
8626991_3339684_neg2_crop1960.png,290,139,0
8591218_3290153_neg0_crop1961.png,481,184,0
8591218_3290153_neg1_crop1962.png,311,197,0
8591218_3290153_neg2_crop1963.png,222,301,0
8577459_3301159_neg0_crop1964.png,230,314,0
8577459_3301159_neg1_crop1965.png,339,437,0
8577459_3301159_neg2_crop1966.png,222,396,0
8585715_3292904_neg0_crop1967.png,164,417,0
8585715_3292904_neg1_crop1968.png,390,374,0
8585715_3292904_neg2_crop1969.png,266,258,0
8580211_3306663_neg0_crop1970.png,161,190,0
8580211_3306663_neg1_crop1971.png,261,427,0
8580211_3306663_neg2_crop1972.png,354,488,0
8585715_3312166_neg0_crop1973.png,469,334,0
8585715_3312166_neg1_crop1974.png,401,140,0
8585715_3312166_neg2_crop1975.png,399,162,0
8635246_3306663_neg0_crop1976.png,220,135,0
8635246_3306663_neg1_crop1977.png,263,392,0
8635246_3306663_neg2_crop1978.png,389,462,0
8599473_3325925_neg0_crop1979.png,371,156,0
8599473_3325925_neg1_crop1980.png,210,312,0
8599473_3325925_neg2_crop1981.png,413,362,0
8604977_3292904_neg0_crop1982.png,279,311,0
8604977_3292904_neg1_crop1983.png,290,457,0
8604977_3292904_neg2_crop1984.png,411,445,0
8640749_3323173_neg0_crop1985.png,349,144,0
8640749_3323173_neg1_crop1986.png,474,341,0
8640749_3323173_neg2_crop1987.png,264,472,0
8637998_3334180_neg0_crop1988.png,189,489,0
8637998_3334180_neg1_crop1989.png,396,245,0
8637998_3334180_neg2_crop1990.png,353,415,0
8602225_3339684_neg0_crop1991.png,225,202,0
8602225_3339684_neg1_crop1992.png,423,485,0
8602225_3339684_neg2_crop1993.png,463,288,0
8571956_3284649_neg0_crop1994.png,231,406,0
8571956_3284649_neg1_crop1995.png,286,209,0
8571956_3284649_neg2_crop1996.png,240,370,0
8607729_3372705_neg0_crop1997.png,361,455,0
8607729_3372705_neg1_crop1998.png,342,234,0
8607729_3372705_neg2_crop1999.png,288,409,0
8574708_3312166_neg0_crop2000.png,392,322,0
8574708_3312166_neg1_crop2001.png,382,186,0
8574708_3312166_neg2_crop2002.png,397,353,0
8599473_3350691_neg0_crop2003.png,354,223,0
8599473_3350691_neg1_crop2004.png,129,488,0
8599473_3350691_neg2_crop2005.png,130,306,0
8566453_3292904_neg0_crop2006.png,512,500,0
8566453_3292904_neg1_crop2007.png,264,297,0
8566453_3292904_neg2_crop2008.png,207,134,0
8640749_3342435_neg0_crop2009.png,512,175,0
8640749_3342435_neg1_crop2010.png,165,288,0
8640749_3342435_neg2_crop2011.png,311,156,0
8610480_3312166_neg0_crop2012.png,337,440,0
8610480_3312166_neg1_crop2013.png,262,305,0
8610480_3312166_neg2_crop2014.png,490,329,0
8580211_3342435_neg0_crop2015.png,391,184,0
8580211_3342435_neg1_crop2016.png,427,323,0
8580211_3342435_neg2_crop2017.png,479,325,0
8558197_3350691_neg0_crop2018.png,310,487,0
8558197_3350691_neg1_crop2019.png,501,319,0
8558197_3350691_neg2_crop2020.png,278,272,0
8596722_3345187_neg0_crop2021.png,441,281,0
8596722_3345187_neg1_crop2022.png,326,508,0
8596722_3345187_neg2_crop2023.png,402,463,0
8599473_3303911_neg0_crop2024.png,479,511,0
8599473_3303911_neg1_crop2025.png,178,303,0
8599473_3303911_neg2_crop2026.png,459,194,0
8632494_3358946_neg0_crop2027.png,147,240,0
8632494_3358946_neg1_crop2028.png,258,415,0
8632494_3358946_neg2_crop2029.png,399,344,0
8599473_3287401_neg0_crop2030.png,160,304,0
8599473_3287401_neg1_crop2031.png,394,135,0
8599473_3287401_neg2_crop2032.png,355,313,0
8635246_3320422_neg0_crop2033.png,390,282,0
8635246_3320422_neg1_crop2034.png,318,500,0
8635246_3320422_neg2_crop2035.png,409,157,0
8604977_3325925_neg0_crop2036.png,440,146,0
8604977_3325925_neg1_crop2037.png,410,414,0
8604977_3325925_neg2_crop2038.png,175,445,0
8632494_3367201_neg0_crop2039.png,431,380,0
8632494_3367201_neg1_crop2040.png,446,408,0
8632494_3367201_neg2_crop2041.png,268,169,0
8621487_3320422_neg0_crop2042.png,287,378,0
8621487_3320422_neg1_crop2043.png,328,480,0
8621487_3320422_neg2_crop2044.png,489,448,0
8618735_3320422_neg0_crop2045.png,410,240,0
8618735_3320422_neg1_crop2046.png,456,158,0
8618735_3320422_neg2_crop2047.png,207,366,0
8577459_3323173_neg0_crop2048.png,492,452,0
8577459_3323173_neg1_crop2049.png,490,239,0
8577459_3323173_neg2_crop2050.png,138,309,0
8577459_3295656_neg0_crop2051.png,185,319,0
8577459_3295656_neg1_crop2052.png,320,509,0
8577459_3295656_neg2_crop2053.png,351,292,0
8615984_3350691_neg0_crop2054.png,322,341,0
8615984_3350691_neg1_crop2055.png,293,502,0
8615984_3350691_neg2_crop2056.png,330,471,0
8607729_3342435_neg0_crop2057.png,347,145,0
8607729_3342435_neg1_crop2058.png,377,129,0
8607729_3342435_neg2_crop2059.png,301,498,0
8613232_3306663_neg0_crop2060.png,373,174,0
8613232_3306663_neg1_crop2061.png,462,378,0
8613232_3306663_neg2_crop2062.png,268,505,0
8591218_3334180_neg0_crop2063.png,338,406,0
8591218_3334180_neg1_crop2064.png,343,333,0
8591218_3334180_neg2_crop2065.png,510,391,0
8588466_3301159_neg0_crop2066.png,350,465,0
8588466_3301159_neg1_crop2067.png,401,498,0
8588466_3301159_neg2_crop2068.png,281,353,0
8580211_3334180_neg0_crop2069.png,351,345,0
8580211_3334180_neg1_crop2070.png,364,468,0
8580211_3334180_neg2_crop2071.png,300,227,0
8599473_3276394_neg0_crop2072.png,314,393,0
8599473_3276394_neg1_crop2073.png,278,428,0
8599473_3276394_neg2_crop2074.png,346,310,0
8566453_3320422_neg0_crop2075.png,170,183,0
8566453_3320422_neg1_crop2076.png,343,231,0
8566453_3320422_neg2_crop2077.png,465,451,0
8560949_3364449_neg0_crop2078.png,151,290,0
8560949_3364449_neg1_crop2079.png,387,229,0
8560949_3364449_neg2_crop2080.png,380,491,0
8618735_3323173_neg0_crop2081.png,194,423,0
8618735_3323173_neg1_crop2082.png,171,447,0
8618735_3323173_neg2_crop2083.png,214,367,0
8585715_3323173_neg0_crop2084.png,279,505,0
8585715_3323173_neg1_crop2085.png,500,258,0
8585715_3323173_neg2_crop2086.png,476,255,0
8566453_3317670_neg0_crop2087.png,155,471,0
8566453_3317670_neg1_crop2088.png,441,356,0
8566453_3317670_neg2_crop2089.png,401,438,0
8574708_3309415_neg0_crop2090.png,493,218,0
8574708_3309415_neg1_crop2091.png,358,291,0
8574708_3309415_neg2_crop2092.png,445,284,0
8563701_3372705_neg0_crop2093.png,174,197,0
8563701_3372705_neg1_crop2094.png,471,245,0
8563701_3372705_neg2_crop2095.png,500,149,0
8615984_3312166_neg0_crop2096.png,305,468,0
8615984_3312166_neg1_crop2097.png,427,314,0
8615984_3312166_neg2_crop2098.png,320,166,0
8626991_3353442_neg0_crop2099.png,507,406,0
8626991_3353442_neg1_crop2100.png,243,178,0
8626991_3353442_neg2_crop2101.png,413,425,0
8560949_3281897_neg0_crop2102.png,363,182,0
8560949_3281897_neg1_crop2103.png,273,290,0
8560949_3281897_neg2_crop2104.png,227,347,0
8640749_3328677_neg0_crop2105.png,184,150,0
8640749_3328677_neg1_crop2106.png,362,422,0
8640749_3328677_neg2_crop2107.png,401,358,0
8596722_3342435_neg0_crop2108.png,196,177,0
8596722_3342435_neg1_crop2109.png,418,159,0
8596722_3342435_neg2_crop2110.png,419,253,0
8632494_3336932_neg0_crop2111.png,318,154,0
8632494_3336932_neg1_crop2112.png,390,230,0
8632494_3336932_neg2_crop2113.png,285,322,0
8613232_3369953_neg0_crop2114.png,202,153,0
8613232_3369953_neg1_crop2115.png,301,485,0
8613232_3369953_neg2_crop2116.png,183,446,0
8585715_3334180_neg0_crop2117.png,285,374,0
8585715_3334180_neg1_crop2118.png,211,323,0
8585715_3334180_neg2_crop2119.png,205,160,0
8604977_3339684_neg0_crop2120.png,249,339,0
8604977_3339684_neg1_crop2121.png,415,367,0
8604977_3339684_neg2_crop2122.png,432,430,0
8615984_3306663_neg0_crop2123.png,230,352,0
8615984_3306663_neg1_crop2124.png,482,201,0
8615984_3306663_neg2_crop2125.png,373,319,0
8591218_3284649_neg0_crop2126.png,232,275,0
8591218_3284649_neg1_crop2127.png,232,290,0
8591218_3284649_neg2_crop2128.png,343,481,0
8574708_3287401_neg0_crop2129.png,186,490,0
8574708_3287401_neg1_crop2130.png,176,455,0
8574708_3287401_neg2_crop2131.png,449,161,0
8596722_3367201_neg0_crop2132.png,195,433,0
8596722_3367201_neg1_crop2133.png,352,402,0
8596722_3367201_neg2_crop2134.png,400,353,0
8593970_3303911_neg0_crop2135.png,145,449,0
8593970_3303911_neg1_crop2136.png,400,272,0
8593970_3303911_neg2_crop2137.png,425,240,0
8580211_3279146_neg0_crop2138.png,143,214,0
8580211_3279146_neg1_crop2139.png,147,399,0
8580211_3279146_neg2_crop2140.png,488,320,0
8610480_3325925_neg0_crop2141.png,510,150,0
8610480_3325925_neg1_crop2142.png,442,171,0
8610480_3325925_neg2_crop2143.png,481,219,0
8624239_3334180_neg0_crop2144.png,164,384,0
8624239_3334180_neg1_crop2145.png,328,380,0
8624239_3334180_neg2_crop2146.png,397,450,0
8585715_3295656_neg0_crop2147.png,266,371,0
8585715_3295656_neg1_crop2148.png,136,235,0
8585715_3295656_neg2_crop2149.png,449,445,0
8618735_3284649_neg0_crop2150.png,483,443,0
8618735_3284649_neg1_crop2151.png,410,265,0
8618735_3284649_neg2_crop2152.png,365,511,0
8585715_3361698_neg0_crop2153.png,424,408,0
8585715_3361698_neg1_crop2154.png,488,170,0
8585715_3361698_neg2_crop2155.png,503,284,0
8596722_3331429_neg0_crop2156.png,410,163,0
8596722_3331429_neg1_crop2157.png,156,493,0
8596722_3331429_neg2_crop2158.png,204,389,0
8566453_3331429_neg0_crop2159.png,192,187,0
8566453_3331429_neg1_crop2160.png,493,263,0
8566453_3331429_neg2_crop2161.png,414,229,0
8618735_3309415_neg0_crop2162.png,213,155,0
8618735_3309415_neg1_crop2163.png,177,494,0
8618735_3309415_neg2_crop2164.png,217,295,0
8624239_3312166_neg0_crop2165.png,461,289,0
8624239_3312166_neg1_crop2166.png,449,480,0
8624239_3312166_neg2_crop2167.png,236,149,0
8588466_3364449_neg0_crop2168.png,235,476,0
8588466_3364449_neg1_crop2169.png,135,402,0
8588466_3364449_neg2_crop2170.png,470,243,0
8580211_3364449_neg0_crop2171.png,358,310,0
8580211_3364449_neg1_crop2172.png,499,348,0
8580211_3364449_neg2_crop2173.png,447,446,0
8607729_3314918_neg0_crop2174.png,481,347,0
8607729_3314918_neg1_crop2175.png,372,238,0
8607729_3314918_neg2_crop2176.png,228,166,0
8607729_3369953_neg0_crop2177.png,236,385,0
8607729_3369953_neg1_crop2178.png,287,164,0
8607729_3369953_neg2_crop2179.png,383,360,0
8566453_3298408_neg0_crop2180.png,338,511,0
8566453_3298408_neg1_crop2181.png,268,286,0
8566453_3298408_neg2_crop2182.png,285,138,0
8558197_3303911_neg0_crop2183.png,327,330,0
8558197_3303911_neg1_crop2184.png,266,511,0
8558197_3303911_neg2_crop2185.png,229,230,0
8582963_3317670_neg0_crop2186.png,241,326,0
8582963_3317670_neg1_crop2187.png,290,374,0
8582963_3317670_neg2_crop2188.png,496,227,0
8624239_3290153_neg0_crop2189.png,395,238,0
8624239_3290153_neg1_crop2190.png,254,450,0
8624239_3290153_neg2_crop2191.png,489,263,0
8632494_3364449_neg0_crop2192.png,241,274,0
8632494_3364449_neg1_crop2193.png,451,282,0
8632494_3364449_neg2_crop2194.png,460,442,0
8591218_3279146_neg0_crop2195.png,194,197,0
8591218_3279146_neg1_crop2196.png,187,488,0
8591218_3279146_neg2_crop2197.png,178,293,0
8637998_3367201_neg0_crop2198.png,167,193,0
8637998_3367201_neg1_crop2199.png,324,326,0
8637998_3367201_neg2_crop2200.png,172,187,0
8588466_3290153_neg0_crop2201.png,281,278,0
8588466_3290153_neg1_crop2202.png,319,490,0
8588466_3290153_neg2_crop2203.png,498,415,0
8613232_3320422_neg0_crop2204.png,155,400,0
8613232_3320422_neg1_crop2205.png,362,469,0
8613232_3320422_neg2_crop2206.png,480,155,0
8574708_3306663_neg0_crop2207.png,196,150,0
8574708_3306663_neg1_crop2208.png,437,463,0
8574708_3306663_neg2_crop2209.png,233,144,0
8591218_3353442_neg0_crop2210.png,445,152,0
8591218_3353442_neg1_crop2211.png,308,244,0
8591218_3353442_neg2_crop2212.png,157,280,0
8580211_3331429_neg0_crop2213.png,236,142,0
8580211_3331429_neg1_crop2214.png,431,344,0
8580211_3331429_neg2_crop2215.png,415,480,0
8637998_3287401_neg0_crop2216.png,424,292,0
8637998_3287401_neg1_crop2217.png,163,494,0
8637998_3287401_neg2_crop2218.png,430,493,0
8610480_3303911_neg0_crop2219.png,168,162,0
8610480_3303911_neg1_crop2220.png,298,151,0
8610480_3303911_neg2_crop2221.png,326,331,0
8626991_3350691_neg0_crop2222.png,390,488,0
8626991_3350691_neg1_crop2223.png,431,313,0
8626991_3350691_neg2_crop2224.png,414,407,0
8637998_3342435_neg0_crop2225.png,149,248,0
8637998_3342435_neg1_crop2226.png,372,338,0
8637998_3342435_neg2_crop2227.png,391,419,0
8632494_3312166_neg0_crop2228.png,144,311,0
8632494_3312166_neg1_crop2229.png,163,316,0
8632494_3312166_neg2_crop2230.png,308,456,0
8613232_3325925_neg0_crop2231.png,281,289,0
8613232_3325925_neg1_crop2232.png,431,440,0
8613232_3325925_neg2_crop2233.png,337,145,0
8577459_3345187_neg0_crop2234.png,147,503,0
8577459_3345187_neg1_crop2235.png,353,154,0
8577459_3345187_neg2_crop2236.png,234,464,0
8596722_3306663_neg0_crop2237.png,161,334,0
8596722_3306663_neg1_crop2238.png,270,236,0
8596722_3306663_neg2_crop2239.png,262,162,0
8574708_3372705_neg0_crop2240.png,274,280,0
8574708_3372705_neg1_crop2241.png,132,299,0
8574708_3372705_neg2_crop2242.png,227,218,0
8621487_3334180_neg0_crop2243.png,420,190,0
8621487_3334180_neg1_crop2244.png,270,509,0
8621487_3334180_neg2_crop2245.png,362,158,0
8626991_3317670_neg0_crop2246.png,466,308,0
8626991_3317670_neg1_crop2247.png,347,373,0
8626991_3317670_neg2_crop2248.png,381,282,0
8591218_3372705_neg0_crop2249.png,305,486,0
8591218_3372705_neg1_crop2250.png,428,388,0
8591218_3372705_neg2_crop2251.png,149,466,0
8591218_3309415_neg0_crop2252.png,355,344,0
8591218_3309415_neg1_crop2253.png,374,145,0
8591218_3309415_neg2_crop2254.png,423,172,0
8596722_3347939_neg0_crop2255.png,305,383,0
8596722_3347939_neg1_crop2256.png,501,230,0
8596722_3347939_neg2_crop2257.png,282,281,0
8621487_3325925_neg0_crop2258.png,205,299,0
8621487_3325925_neg1_crop2259.png,330,411,0
8621487_3325925_neg2_crop2260.png,436,509,0
8629742_3287401_neg0_crop2261.png,277,385,0
8629742_3287401_neg1_crop2262.png,471,183,0
8629742_3287401_neg2_crop2263.png,359,502,0
8571956_3317670_neg0_crop2264.png,341,453,0
8571956_3317670_neg1_crop2265.png,208,193,0
8571956_3317670_neg2_crop2266.png,142,205,0
8637998_3350691_neg0_crop2267.png,288,398,0
8637998_3350691_neg1_crop2268.png,280,484,0
8637998_3350691_neg2_crop2269.png,134,187,0
8640749_3287401_neg0_crop2270.png,206,413,0
8640749_3287401_neg1_crop2271.png,281,268,0
8640749_3287401_neg2_crop2272.png,381,160,0
8640749_3358946_neg0_crop2273.png,139,342,0
8640749_3358946_neg1_crop2274.png,497,174,0
8640749_3358946_neg2_crop2275.png,145,415,0
8571956_3367201_neg0_crop2276.png,272,362,0
8571956_3367201_neg1_crop2277.png,386,421,0
8571956_3367201_neg2_crop2278.png,479,186,0
8613232_3323173_neg0_crop2279.png,404,445,0
8613232_3323173_neg1_crop2280.png,438,135,0
8613232_3323173_neg2_crop2281.png,156,236,0
8563701_3292904_neg0_crop2282.png,494,278,0
8563701_3292904_neg1_crop2283.png,381,358,0
8563701_3292904_neg2_crop2284.png,443,384,0
8571956_3372705_neg0_crop2285.png,181,361,0
8571956_3372705_neg1_crop2286.png,411,475,0
8571956_3372705_neg2_crop2287.png,410,503,0
8588466_3328677_neg0_crop2288.png,294,283,0
8588466_3328677_neg1_crop2289.png,510,496,0
8588466_3328677_neg2_crop2290.png,365,430,0
8558197_3320422_neg0_crop2291.png,367,373,0
8558197_3320422_neg1_crop2292.png,420,286,0
8558197_3320422_neg2_crop2293.png,478,255,0
8588466_3309415_neg0_crop2294.png,428,134,0
8588466_3309415_neg1_crop2295.png,152,334,0
8588466_3309415_neg2_crop2296.png,216,461,0
8596722_3358946_neg0_crop2297.png,469,253,0
8596722_3358946_neg1_crop2298.png,334,266,0
8596722_3358946_neg2_crop2299.png,368,211,0
8582963_3356194_neg0_crop2300.png,195,215,0
8582963_3356194_neg1_crop2301.png,448,406,0
8582963_3356194_neg2_crop2302.png,350,416,0
8569204_3309415_neg0_crop2303.png,326,294,0
8569204_3309415_neg1_crop2304.png,240,438,0
8569204_3309415_neg2_crop2305.png,174,483,0
8577459_3334180_neg0_crop2306.png,370,286,0
8577459_3334180_neg1_crop2307.png,492,463,0
8577459_3334180_neg2_crop2308.png,180,462,0
8585715_3358946_neg0_crop2309.png,366,410,0
8585715_3358946_neg1_crop2310.png,141,347,0
8585715_3358946_neg2_crop2311.png,266,498,0
8626991_3301159_neg0_crop2312.png,271,403,0
8626991_3301159_neg1_crop2313.png,455,401,0
8626991_3301159_neg2_crop2314.png,353,467,0
8599473_3317670_neg0_crop2315.png,420,338,0
8599473_3317670_neg1_crop2316.png,505,147,0
8599473_3317670_neg2_crop2317.png,473,284,0
8591218_3281897_neg0_crop2318.png,351,439,0
8591218_3281897_neg1_crop2319.png,232,322,0
8591218_3281897_neg2_crop2320.png,329,477,0
8635246_3312166_neg0_crop2321.png,136,374,0
8635246_3312166_neg1_crop2322.png,495,199,0
8635246_3312166_neg2_crop2323.png,470,167,0
8577459_3309415_neg0_crop2324.png,259,243,0
8577459_3309415_neg1_crop2325.png,404,425,0
8577459_3309415_neg2_crop2326.png,199,325,0
8563701_3323173_neg0_crop2327.png,288,220,0
8563701_3323173_neg1_crop2328.png,338,235,0
8563701_3323173_neg2_crop2329.png,306,476,0
8626991_3372705_neg0_crop2330.png,196,373,0
8626991_3372705_neg1_crop2331.png,437,349,0
8626991_3372705_neg2_crop2332.png,448,276,0
8624239_3328677_neg0_crop2333.png,484,275,0
8624239_3328677_neg1_crop2334.png,249,140,0
8624239_3328677_neg2_crop2335.png,138,409,0
8626991_3323173_neg0_crop2336.png,273,273,0
8626991_3323173_neg1_crop2337.png,439,359,0
8626991_3323173_neg2_crop2338.png,284,429,0
8560949_3347939_neg0_crop2339.png,174,217,0
8560949_3347939_neg1_crop2340.png,165,196,0
8560949_3347939_neg2_crop2341.png,317,149,0
8635246_3317670_neg0_crop2342.png,312,152,0
8635246_3317670_neg1_crop2343.png,374,488,0
8635246_3317670_neg2_crop2344.png,363,301,0
8571956_3328677_neg0_crop2345.png,442,284,0
8571956_3328677_neg1_crop2346.png,403,490,0
8571956_3328677_neg2_crop2347.png,191,371,0
8596722_3284649_neg0_crop2348.png,326,224,0
8596722_3284649_neg1_crop2349.png,322,142,0
8596722_3284649_neg2_crop2350.png,458,301,0
8566453_3295656_neg0_crop2351.png,347,151,0
8566453_3295656_neg1_crop2352.png,337,208,0
8566453_3295656_neg2_crop2353.png,294,145,0
8558197_3284649_neg0_crop2354.png,248,422,0
8558197_3284649_neg1_crop2355.png,506,384,0
8558197_3284649_neg2_crop2356.png,326,421,0
8626991_3334180_neg0_crop2357.png,435,279,0
8626991_3334180_neg1_crop2358.png,261,437,0
8626991_3334180_neg2_crop2359.png,320,147,0
8629742_3303911_neg0_crop2360.png,496,280,0
8629742_3303911_neg1_crop2361.png,253,319,0
8629742_3303911_neg2_crop2362.png,415,369,0
8626991_3361698_neg0_crop2363.png,215,153,0
8626991_3361698_neg1_crop2364.png,380,229,0
8626991_3361698_neg2_crop2365.png,385,157,0
8577459_3279146_neg0_crop2366.png,265,207,0
8577459_3279146_neg1_crop2367.png,314,308,0
8577459_3279146_neg2_crop2368.png,182,453,0
8635246_3331429_neg0_crop2369.png,303,382,0
8635246_3331429_neg1_crop2370.png,355,435,0
8635246_3331429_neg2_crop2371.png,147,160,0
8621487_3309415_neg0_crop2372.png,407,276,0
8621487_3309415_neg1_crop2373.png,472,430,0
8621487_3309415_neg2_crop2374.png,319,200,0
8558197_3309415_neg0_crop2375.png,280,356,0
8558197_3309415_neg1_crop2376.png,204,314,0
8558197_3309415_neg2_crop2377.png,500,150,0
8580211_3347939_neg0_crop2378.png,375,272,0
8580211_3347939_neg1_crop2379.png,204,356,0
8580211_3347939_neg2_crop2380.png,279,474,0
8593970_3331429_neg0_crop2381.png,475,460,0
8593970_3331429_neg1_crop2382.png,335,346,0
8593970_3331429_neg2_crop2383.png,274,338,0
8624239_3367201_neg0_crop2384.png,503,486,0
8624239_3367201_neg1_crop2385.png,316,311,0
8624239_3367201_neg2_crop2386.png,340,234,0
8629742_3298408_neg0_crop2387.png,327,309,0
8629742_3298408_neg1_crop2388.png,365,386,0
8629742_3298408_neg2_crop2389.png,283,394,0
8566453_3334180_neg0_crop2390.png,273,391,0
8566453_3334180_neg1_crop2391.png,400,188,0
8566453_3334180_neg2_crop2392.png,250,482,0
8596722_3364449_neg0_crop2393.png,509,153,0
8596722_3364449_neg1_crop2394.png,478,476,0
8596722_3364449_neg2_crop2395.png,415,164,0
8588466_3347939_neg0_crop2396.png,458,489,0
8588466_3347939_neg1_crop2397.png,180,259,0
8588466_3347939_neg2_crop2398.png,179,274,0
8599473_3353442_neg0_crop2399.png,246,402,0
8599473_3353442_neg1_crop2400.png,369,223,0
8599473_3353442_neg2_crop2401.png,339,321,0
8591218_3323173_neg0_crop2402.png,146,203,0
8591218_3323173_neg1_crop2403.png,399,255,0
8591218_3323173_neg2_crop2404.png,164,255,0
8580211_3295656_neg0_crop2405.png,161,229,0
8580211_3295656_neg1_crop2406.png,149,372,0
8580211_3295656_neg2_crop2407.png,377,162,0
8585715_3317670_neg0_crop2408.png,365,314,0
8585715_3317670_neg1_crop2409.png,470,427,0
8585715_3317670_neg2_crop2410.png,359,269,0
8580211_3345187_neg0_crop2411.png,446,221,0
8580211_3345187_neg1_crop2412.png,290,187,0
8580211_3345187_neg2_crop2413.png,432,151,0
8599473_3301159_neg0_crop2414.png,476,447,0
8599473_3301159_neg1_crop2415.png,457,167,0
8599473_3301159_neg2_crop2416.png,129,368,0
8569204_3292904_neg0_crop2417.png,247,268,0
8569204_3292904_neg1_crop2418.png,466,226,0
8569204_3292904_neg2_crop2419.png,280,402,0
8637998_3372705_neg0_crop2420.png,356,512,0
8637998_3372705_neg1_crop2421.png,469,273,0
8637998_3372705_neg2_crop2422.png,414,351,0
8640749_3295656_neg0_crop2423.png,196,241,0
8640749_3295656_neg1_crop2424.png,147,278,0
8640749_3295656_neg2_crop2425.png,262,340,0
8637998_3339684_neg0_crop2426.png,443,340,0
8637998_3339684_neg1_crop2427.png,454,427,0
8637998_3339684_neg2_crop2428.png,360,222,0
8615984_3320422_neg0_crop2429.png,266,234,0
8615984_3320422_neg1_crop2430.png,418,256,0
8615984_3320422_neg2_crop2431.png,154,510,0
8571956_3323173_neg0_crop2432.png,225,486,0
8571956_3323173_neg1_crop2433.png,369,281,0
8571956_3323173_neg2_crop2434.png,474,193,0
8610480_3317670_neg0_crop2435.png,504,143,0
8610480_3317670_neg1_crop2436.png,320,498,0
8610480_3317670_neg2_crop2437.png,329,169,0
8632494_3320422_neg0_crop2438.png,197,294,0
8632494_3320422_neg1_crop2439.png,373,339,0
8632494_3320422_neg2_crop2440.png,411,179,0
8580211_3287401_neg0_crop2441.png,270,326,0
8580211_3287401_neg1_crop2442.png,311,229,0
8580211_3287401_neg2_crop2443.png,148,238,0
8577459_3347939_neg0_crop2444.png,450,248,0
8577459_3347939_neg1_crop2445.png,495,197,0
8577459_3347939_neg2_crop2446.png,268,360,0
8599473_3284649_neg0_crop2447.png,199,391,0
8599473_3284649_neg1_crop2448.png,475,301,0
8599473_3284649_neg2_crop2449.png,429,498,0
8569204_3358946_neg0_crop2450.png,171,215,0
8569204_3358946_neg1_crop2451.png,188,403,0
8569204_3358946_neg2_crop2452.png,167,389,0
8626991_3279146_neg0_crop2453.png,167,443,0
8626991_3279146_neg1_crop2454.png,201,331,0
8626991_3279146_neg2_crop2455.png,146,299,0
8637998_3323173_neg0_crop2456.png,327,292,0
8637998_3323173_neg1_crop2457.png,159,271,0
8637998_3323173_neg2_crop2458.png,193,422,0
8604977_3331429_neg0_crop2459.png,428,318,0
8604977_3331429_neg1_crop2460.png,226,249,0
8604977_3331429_neg2_crop2461.png,452,359,0
8593970_3367201_neg0_crop2462.png,405,211,0
8593970_3367201_neg1_crop2463.png,486,165,0
8593970_3367201_neg2_crop2464.png,435,378,0
8621487_3364449_neg0_crop2465.png,148,182,0
8621487_3364449_neg1_crop2466.png,128,137,0
8621487_3364449_neg2_crop2467.png,274,393,0
8640749_3369953_neg0_crop2468.png,230,464,0
8640749_3369953_neg1_crop2469.png,218,243,0
8640749_3369953_neg2_crop2470.png,418,165,0
8599473_3331429_neg0_crop2471.png,465,437,0
8599473_3331429_neg1_crop2472.png,492,447,0
8599473_3331429_neg2_crop2473.png,448,219,0
8640749_3317670_neg0_crop2474.png,250,451,0
8640749_3317670_neg1_crop2475.png,500,149,0
8640749_3317670_neg2_crop2476.png,473,221,0
8629742_3361698_neg0_crop2477.png,478,311,0
8629742_3361698_neg1_crop2478.png,215,164,0
8629742_3361698_neg2_crop2479.png,496,417,0
8602225_3292904_neg0_crop2480.png,327,355,0
8602225_3292904_neg1_crop2481.png,299,237,0
8602225_3292904_neg2_crop2482.png,326,353,0
8571956_3361698_neg0_crop2483.png,229,325,0
8571956_3361698_neg1_crop2484.png,180,396,0
8571956_3361698_neg2_crop2485.png,427,421,0
8571956_3279146_neg0_crop2486.png,386,315,0
8571956_3279146_neg1_crop2487.png,333,169,0
8571956_3279146_neg2_crop2488.png,398,396,0
8571956_3306663_neg0_crop2489.png,255,512,0
8571956_3306663_neg1_crop2490.png,182,341,0
8571956_3306663_neg2_crop2491.png,487,292,0
8599473_3345187_neg0_crop2492.png,389,134,0
8599473_3345187_neg1_crop2493.png,433,333,0
8599473_3345187_neg2_crop2494.png,475,463,0
8585715_3301159_neg0_crop2495.png,361,467,0
8585715_3301159_neg1_crop2496.png,410,324,0
8585715_3301159_neg2_crop2497.png,173,155,0
8596722_3279146_neg0_crop2498.png,134,331,0
8596722_3279146_neg1_crop2499.png,268,176,0
8596722_3279146_neg2_crop2500.png,311,428,0
8571956_3303911_neg0_crop2501.png,268,420,0
8571956_3303911_neg1_crop2502.png,336,495,0
8571956_3303911_neg2_crop2503.png,394,497,0
8604977_3287401_neg0_crop2504.png,246,508,0
8604977_3287401_neg1_crop2505.png,356,295,0
8604977_3287401_neg2_crop2506.png,140,157,0
8588466_3303911_neg0_crop2507.png,502,347,0
8588466_3303911_neg1_crop2508.png,331,153,0
8588466_3303911_neg2_crop2509.png,181,429,0
8618735_3312166_neg0_crop2510.png,390,380,0
8618735_3312166_neg1_crop2511.png,412,415,0
8618735_3312166_neg2_crop2512.png,251,236,0
8591218_3276394_neg0_crop2513.png,467,292,0
8591218_3276394_neg1_crop2514.png,414,426,0
8591218_3276394_neg2_crop2515.png,253,464,0
8615984_3317670_neg0_crop2516.png,171,419,0
8615984_3317670_neg1_crop2517.png,175,175,0
8615984_3317670_neg2_crop2518.png,218,274,0
8569204_3325925_neg0_crop2519.png,181,298,0
8569204_3325925_neg1_crop2520.png,129,332,0
8569204_3325925_neg2_crop2521.png,184,429,0
8566453_3336932_neg0_crop2522.png,177,376,0
8566453_3336932_neg1_crop2523.png,450,438,0
8566453_3336932_neg2_crop2524.png,474,426,0
8593970_3276394_neg0_crop2525.png,246,436,0
8593970_3276394_neg1_crop2526.png,450,435,0
8593970_3276394_neg2_crop2527.png,160,265,0
8566453_3312166_neg0_crop2528.png,270,351,0
8566453_3312166_neg1_crop2529.png,412,152,0
8566453_3312166_neg2_crop2530.png,363,367,0
8569204_3317670_neg0_crop2531.png,466,378,0
8569204_3317670_neg1_crop2532.png,300,358,0
8569204_3317670_neg2_crop2533.png,156,288,0
8574708_3336932_neg0_crop2534.png,384,284,0
8574708_3336932_neg1_crop2535.png,184,150,0
8574708_3336932_neg2_crop2536.png,312,186,0
8569204_3369953_neg0_crop2537.png,483,334,0
8569204_3369953_neg1_crop2538.png,278,163,0
8569204_3369953_neg2_crop2539.png,218,232,0
8585715_3298408_neg0_crop2540.png,213,235,0
8585715_3298408_neg1_crop2541.png,211,460,0
8585715_3298408_neg2_crop2542.png,287,442,0
8607729_3301159_neg0_crop2543.png,229,171,0
8607729_3301159_neg1_crop2544.png,496,360,0
8607729_3301159_neg2_crop2545.png,223,378,0
8626991_3287401_neg0_crop2546.png,250,259,0
8626991_3287401_neg1_crop2547.png,174,373,0
8626991_3287401_neg2_crop2548.png,399,298,0
8560949_3290153_neg0_crop2549.png,267,141,0
8560949_3290153_neg1_crop2550.png,234,336,0
8560949_3290153_neg2_crop2551.png,272,144,0
8626991_3345187_neg0_crop2552.png,472,329,0
8626991_3345187_neg1_crop2553.png,367,281,0
8626991_3345187_neg2_crop2554.png,289,362,0
8618735_3298408_neg0_crop2555.png,132,284,0
8618735_3298408_neg1_crop2556.png,378,415,0
8618735_3298408_neg2_crop2557.png,439,463,0
8629742_3320422_neg0_crop2558.png,323,425,0
8629742_3320422_neg1_crop2559.png,183,489,0
8629742_3320422_neg2_crop2560.png,204,145,0
8629742_3334180_neg0_crop2561.png,212,342,0
8629742_3334180_neg1_crop2562.png,386,217,0
8629742_3334180_neg2_crop2563.png,418,299,0
8632494_3309415_neg0_crop2564.png,188,225,0
8632494_3309415_neg1_crop2565.png,349,288,0
8632494_3309415_neg2_crop2566.png,270,284,0
8566453_3367201_neg0_crop2567.png,386,478,0
8566453_3367201_neg1_crop2568.png,304,266,0
8566453_3367201_neg2_crop2569.png,330,197,0
8596722_3323173_neg0_crop2570.png,248,456,0
8596722_3323173_neg1_crop2571.png,290,374,0
8596722_3323173_neg2_crop2572.png,195,216,0
8593970_3317670_neg0_crop2573.png,399,289,0
8593970_3317670_neg1_crop2574.png,155,238,0
8593970_3317670_neg2_crop2575.png,496,487,0
8635246_3353442_neg0_crop2576.png,185,407,0
8635246_3353442_neg1_crop2577.png,318,347,0
8635246_3353442_neg2_crop2578.png,272,137,0
8569204_3334180_neg0_crop2579.png,470,365,0
8569204_3334180_neg1_crop2580.png,379,373,0
8569204_3334180_neg2_crop2581.png,366,266,0
8558197_3290153_neg0_crop2582.png,135,295,0
8558197_3290153_neg1_crop2583.png,380,228,0
8558197_3290153_neg2_crop2584.png,466,278,0
8602225_3369953_neg0_crop2585.png,273,495,0
8602225_3369953_neg1_crop2586.png,363,174,0
8602225_3369953_neg2_crop2587.png,250,305,0
8585715_3328677_neg0_crop2588.png,465,269,0
8585715_3328677_neg1_crop2589.png,164,216,0
8585715_3328677_neg2_crop2590.png,477,435,0
8588466_3342435_neg0_crop2591.png,192,354,0
8588466_3342435_neg1_crop2592.png,210,224,0
8588466_3342435_neg2_crop2593.png,415,199,0
8624239_3361698_neg0_crop2594.png,427,383,0
8624239_3361698_neg1_crop2595.png,387,193,0
8624239_3361698_neg2_crop2596.png,218,273,0
8569204_3312166_neg0_crop2597.png,200,310,0
8569204_3312166_neg1_crop2598.png,387,382,0
8569204_3312166_neg2_crop2599.png,421,443,0
8560949_3276394_neg0_crop2600.png,173,484,0
8560949_3276394_neg1_crop2601.png,460,292,0
8560949_3276394_neg2_crop2602.png,291,168,0
8604977_3336932_neg0_crop2603.png,189,503,0
8604977_3336932_neg1_crop2604.png,222,479,0
8604977_3336932_neg2_crop2605.png,207,244,0
8582963_3361698_neg0_crop2606.png,442,331,0
8582963_3361698_neg1_crop2607.png,296,343,0
8582963_3361698_neg2_crop2608.png,445,431,0
8607729_3284649_neg0_crop2609.png,280,482,0
8607729_3284649_neg1_crop2610.png,208,459,0
8607729_3284649_neg2_crop2611.png,456,353,0
8624239_3279146_neg0_crop2612.png,232,388,0
8624239_3279146_neg1_crop2613.png,408,353,0
8624239_3279146_neg2_crop2614.png,455,152,0
8588466_3358946_neg0_crop2615.png,179,298,0
8588466_3358946_neg1_crop2616.png,252,370,0
8588466_3358946_neg2_crop2617.png,452,131,0
8615984_3353442_neg0_crop2618.png,437,246,0
8615984_3353442_neg1_crop2619.png,240,193,0
8615984_3353442_neg2_crop2620.png,459,472,0
8618735_3325925_neg0_crop2621.png,326,228,0
8618735_3325925_neg1_crop2622.png,455,456,0
8618735_3325925_neg2_crop2623.png,483,131,0
8563701_3328677_neg0_crop2624.png,445,445,0
8563701_3328677_neg1_crop2625.png,309,196,0
8563701_3328677_neg2_crop2626.png,223,429,0
8582963_3306663_neg0_crop2627.png,361,384,0
8582963_3306663_neg1_crop2628.png,222,389,0
8582963_3306663_neg2_crop2629.png,288,145,0
8632494_3345187_neg0_crop2630.png,181,202,0
8632494_3345187_neg1_crop2631.png,142,146,0
8632494_3345187_neg2_crop2632.png,169,458,0
8599473_3328677_neg0_crop2633.png,153,145,0
8599473_3328677_neg1_crop2634.png,239,159,0
8599473_3328677_neg2_crop2635.png,478,230,0
8596722_3350691_neg0_crop2636.png,404,197,0
8596722_3350691_neg1_crop2637.png,392,358,0
8596722_3350691_neg2_crop2638.png,452,318,0
8585715_3339684_neg0_crop2639.png,198,180,0
8585715_3339684_neg1_crop2640.png,374,499,0
8585715_3339684_neg2_crop2641.png,270,320,0
8563701_3306663_neg0_crop2642.png,285,389,0
8563701_3306663_neg1_crop2643.png,158,164,0
8563701_3306663_neg2_crop2644.png,137,489,0
8624239_3372705_neg0_crop2645.png,313,353,0
8624239_3372705_neg1_crop2646.png,139,484,0
8624239_3372705_neg2_crop2647.png,482,512,0
8604977_3314918_neg0_crop2648.png,150,336,0
8604977_3314918_neg1_crop2649.png,368,486,0
8604977_3314918_neg2_crop2650.png,354,237,0
8635246_3276394_neg0_crop2651.png,152,134,0
8635246_3276394_neg1_crop2652.png,230,389,0
8635246_3276394_neg2_crop2653.png,273,291,0
8569204_3336932_neg0_crop2654.png,201,252,0
8569204_3336932_neg1_crop2655.png,128,378,0
8569204_3336932_neg2_crop2656.png,456,229,0
8610480_3334180_neg0_crop2657.png,170,333,0
8610480_3334180_neg1_crop2658.png,331,179,0
8610480_3334180_neg2_crop2659.png,245,499,0
8640749_3367201_neg0_crop2660.png,296,439,0
8640749_3367201_neg1_crop2661.png,249,241,0
8640749_3367201_neg2_crop2662.png,337,259,0
8577459_3281897_neg0_crop2663.png,208,281,0
8577459_3281897_neg1_crop2664.png,177,429,0
8577459_3281897_neg2_crop2665.png,255,384,0
8640749_3353442_neg0_crop2666.png,375,326,0
8640749_3353442_neg1_crop2667.png,387,502,0
8640749_3353442_neg2_crop2668.png,493,152,0
8571956_3342435_neg0_crop2669.png,504,383,0
8571956_3342435_neg1_crop2670.png,257,180,0
8571956_3342435_neg2_crop2671.png,143,159,0
8585715_3367201_neg0_crop2672.png,464,300,0
8585715_3367201_neg1_crop2673.png,256,487,0
8585715_3367201_neg2_crop2674.png,273,494,0
8585715_3356194_neg0_crop2675.png,467,296,0
8585715_3356194_neg1_crop2676.png,332,165,0
8585715_3356194_neg2_crop2677.png,208,365,0
8574708_3295656_neg0_crop2678.png,259,338,0
8574708_3295656_neg1_crop2679.png,314,497,0
8574708_3295656_neg2_crop2680.png,467,160,0
8580211_3301159_neg0_crop2681.png,507,426,0
8580211_3301159_neg1_crop2682.png,184,161,0
8580211_3301159_neg2_crop2683.png,427,198,0
8635246_3361698_neg0_crop2684.png,421,229,0
8635246_3361698_neg1_crop2685.png,330,320,0
8635246_3361698_neg2_crop2686.png,408,312,0
8588466_3323173_neg0_crop2687.png,269,505,0
8588466_3323173_neg1_crop2688.png,251,341,0
8588466_3323173_neg2_crop2689.png,173,400,0
8637998_3312166_neg0_crop2690.png,323,458,0
8637998_3312166_neg1_crop2691.png,250,452,0
8637998_3312166_neg2_crop2692.png,252,235,0
8604977_3298408_neg0_crop2693.png,446,450,0
8604977_3298408_neg1_crop2694.png,312,270,0
8604977_3298408_neg2_crop2695.png,457,367,0
8607729_3323173_neg0_crop2696.png,210,353,0
8607729_3323173_neg1_crop2697.png,311,211,0
8607729_3323173_neg2_crop2698.png,146,235,0
8569204_3290153_neg0_crop2699.png,331,480,0
8569204_3290153_neg1_crop2700.png,446,495,0
8569204_3290153_neg2_crop2701.png,136,181,0
8632494_3287401_neg0_crop2702.png,318,164,0
8632494_3287401_neg1_crop2703.png,316,266,0
8632494_3287401_neg2_crop2704.png,495,356,0
8593970_3336932_neg0_crop2705.png,183,185,0
8593970_3336932_neg1_crop2706.png,498,325,0
8593970_3336932_neg2_crop2707.png,169,403,0
8560949_3303911_neg0_crop2708.png,171,151,0
8560949_3303911_neg1_crop2709.png,465,488,0
8560949_3303911_neg2_crop2710.png,452,162,0
8585715_3306663_neg0_crop2711.png,164,439,0
8585715_3306663_neg1_crop2712.png,262,138,0
8585715_3306663_neg2_crop2713.png,178,237,0
8632494_3301159_neg0_crop2714.png,165,379,0
8632494_3301159_neg1_crop2715.png,361,377,0
8632494_3301159_neg2_crop2716.png,362,375,0
8602225_3301159_neg0_crop2717.png,223,258,0
8602225_3301159_neg1_crop2718.png,365,306,0
8602225_3301159_neg2_crop2719.png,174,344,0
8624239_3295656_neg0_crop2720.png,211,218,0
8624239_3295656_neg1_crop2721.png,218,261,0
8624239_3295656_neg2_crop2722.png,227,155,0
8624239_3314918_neg0_crop2723.png,450,439,0
8624239_3314918_neg1_crop2724.png,346,186,0
8624239_3314918_neg2_crop2725.png,402,277,0
8591218_3345187_neg0_crop2726.png,130,171,0
8591218_3345187_neg1_crop2727.png,507,512,0
8591218_3345187_neg2_crop2728.png,385,156,0
8580211_3350691_neg0_crop2729.png,280,201,0
8580211_3350691_neg1_crop2730.png,195,476,0
8580211_3350691_neg2_crop2731.png,295,222,0
8566453_3303911_neg0_crop2732.png,295,511,0
8566453_3303911_neg1_crop2733.png,437,272,0
8566453_3303911_neg2_crop2734.png,352,477,0
8618735_3306663_neg0_crop2735.png,190,130,0
8618735_3306663_neg1_crop2736.png,255,297,0
8618735_3306663_neg2_crop2737.png,319,304,0
8577459_3290153_neg0_crop2738.png,493,174,0
8577459_3290153_neg1_crop2739.png,199,451,0
8577459_3290153_neg2_crop2740.png,134,178,0
8632494_3325925_neg0_crop2741.png,165,290,0
8632494_3325925_neg1_crop2742.png,308,418,0
8632494_3325925_neg2_crop2743.png,186,323,0
8582963_3309415_neg0_crop2744.png,301,297,0
8582963_3309415_neg1_crop2745.png,144,205,0
8582963_3309415_neg2_crop2746.png,199,456,0
8632494_3328677_neg0_crop2747.png,318,351,0
8632494_3328677_neg1_crop2748.png,280,474,0
8632494_3328677_neg2_crop2749.png,251,227,0
8574708_3279146_neg0_crop2750.png,163,394,0
8574708_3279146_neg1_crop2751.png,147,147,0
8574708_3279146_neg2_crop2752.png,338,442,0
8580211_3284649_neg0_crop2753.png,316,311,0
8580211_3284649_neg1_crop2754.png,233,441,0
8580211_3284649_neg2_crop2755.png,311,209,0
8580211_3303911_neg0_crop2756.png,335,352,0
8580211_3303911_neg1_crop2757.png,386,492,0
8580211_3303911_neg2_crop2758.png,153,442,0
8588466_3339684_neg0_crop2759.png,405,272,0
8588466_3339684_neg1_crop2760.png,268,373,0
8588466_3339684_neg2_crop2761.png,482,293,0
8593970_3301159_neg0_crop2762.png,354,238,0
8593970_3301159_neg1_crop2763.png,480,499,0
8593970_3301159_neg2_crop2764.png,272,299,0
8582963_3325925_neg0_crop2765.png,229,198,0
8582963_3325925_neg1_crop2766.png,316,311,0
8582963_3325925_neg2_crop2767.png,266,245,0
8566453_3287401_neg0_crop2768.png,163,437,0
8566453_3287401_neg1_crop2769.png,307,278,0
8566453_3287401_neg2_crop2770.png,368,191,0
8574708_3317670_neg0_crop2771.png,228,311,0
8574708_3317670_neg1_crop2772.png,351,419,0
8574708_3317670_neg2_crop2773.png,486,128,0
8582963_3312166_neg0_crop2774.png,436,264,0
8582963_3312166_neg1_crop2775.png,241,436,0
8582963_3312166_neg2_crop2776.png,438,418,0
8632494_3290153_neg0_crop2777.png,268,248,0
8632494_3290153_neg1_crop2778.png,424,170,0
8632494_3290153_neg2_crop2779.png,485,481,0
8588466_3345187_neg0_crop2780.png,412,476,0
8588466_3345187_neg1_crop2781.png,433,297,0
8588466_3345187_neg2_crop2782.png,204,296,0
8563701_3287401_neg0_crop2783.png,137,391,0
8563701_3287401_neg1_crop2784.png,487,350,0
8563701_3287401_neg2_crop2785.png,356,168,0
8574708_3342435_neg0_crop2786.png,276,384,0
8574708_3342435_neg1_crop2787.png,221,346,0
8574708_3342435_neg2_crop2788.png,178,350,0
8588466_3276394_neg0_crop2789.png,466,220,0
8588466_3276394_neg1_crop2790.png,440,319,0
8588466_3276394_neg2_crop2791.png,366,422,0
8571956_3312166_neg0_crop2792.png,381,152,0
8571956_3312166_neg1_crop2793.png,261,195,0
8571956_3312166_neg2_crop2794.png,224,414,0
8596722_3336932_neg0_crop2795.png,257,423,0
8596722_3336932_neg1_crop2796.png,218,490,0
8596722_3336932_neg2_crop2797.png,252,347,0
8588466_3281897_neg0_crop2798.png,383,288,0
8588466_3281897_neg1_crop2799.png,196,386,0
8588466_3281897_neg2_crop2800.png,418,210,0
8574708_3276394_neg0_crop2801.png,375,317,0
8574708_3276394_neg1_crop2802.png,247,163,0
8574708_3276394_neg2_crop2803.png,424,282,0
8602225_3317670_neg0_crop2804.png,316,483,0
8602225_3317670_neg1_crop2805.png,386,194,0
8602225_3317670_neg2_crop2806.png,338,340,0
8560949_3309415_neg0_crop2807.png,162,492,0
8560949_3309415_neg1_crop2808.png,448,461,0
8560949_3309415_neg2_crop2809.png,439,211,0
8610480_3295656_neg0_crop2810.png,308,304,0
8610480_3295656_neg1_crop2811.png,242,468,0
8610480_3295656_neg2_crop2812.png,280,140,0
8613232_3314918_neg0_crop2813.png,429,459,0
8613232_3314918_neg1_crop2814.png,240,487,0
8613232_3314918_neg2_crop2815.png,184,358,0
8618735_3292904_neg0_crop2816.png,217,272,0
8618735_3292904_neg1_crop2817.png,195,157,0
8618735_3292904_neg2_crop2818.png,309,209,0
8613232_3336932_neg0_crop2819.png,438,495,0
8613232_3336932_neg1_crop2820.png,460,144,0
8613232_3336932_neg2_crop2821.png,225,188,0
8615984_3339684_neg0_crop2822.png,204,436,0
8615984_3339684_neg1_crop2823.png,215,271,0
8615984_3339684_neg2_crop2824.png,167,393,0
8566453_3314918_neg0_crop2825.png,312,271,0
8566453_3314918_neg1_crop2826.png,443,388,0
8566453_3314918_neg2_crop2827.png,376,175,0
8610480_3301159_neg0_crop2828.png,496,337,0
8610480_3301159_neg1_crop2829.png,422,209,0
8610480_3301159_neg2_crop2830.png,408,380,0
8585715_3342435_neg0_crop2831.png,403,389,0
8585715_3342435_neg1_crop2832.png,298,445,0
8585715_3342435_neg2_crop2833.png,456,444,0
8560949_3295656_neg0_crop2834.png,244,249,0
8560949_3295656_neg1_crop2835.png,217,424,0
8560949_3295656_neg2_crop2836.png,287,296,0
8610480_3298408_neg0_crop2837.png,453,269,0
8610480_3298408_neg1_crop2838.png,230,457,0
8610480_3298408_neg2_crop2839.png,285,247,0
8582963_3364449_neg0_crop2840.png,281,159,0
8582963_3364449_neg1_crop2841.png,390,218,0
8582963_3364449_neg2_crop2842.png,319,238,0
8626991_3298408_neg0_crop2843.png,424,399,0
8626991_3298408_neg1_crop2844.png,212,401,0
8626991_3298408_neg2_crop2845.png,391,132,0
8602225_3342435_neg0_crop2846.png,279,376,0
8602225_3342435_neg1_crop2847.png,470,289,0
8602225_3342435_neg2_crop2848.png,502,350,0
8569204_3342435_neg0_crop2849.png,243,435,0
8569204_3342435_neg1_crop2850.png,239,442,0
8569204_3342435_neg2_crop2851.png,201,359,0
8560949_3320422_neg0_crop2852.png,170,309,0
8560949_3320422_neg1_crop2853.png,215,167,0
8560949_3320422_neg2_crop2854.png,442,311,0
8593970_3295656_neg0_crop2855.png,477,481,0
8593970_3295656_neg1_crop2856.png,314,248,0
8593970_3295656_neg2_crop2857.png,274,380,0
8563701_3336932_neg0_crop2858.png,451,363,0
8563701_3336932_neg1_crop2859.png,362,489,0
8563701_3336932_neg2_crop2860.png,422,158,0
8596722_3281897_neg0_crop2861.png,152,275,0
8596722_3281897_neg1_crop2862.png,301,131,0
8596722_3281897_neg2_crop2863.png,309,304,0
8640749_3372705_neg0_crop2864.png,317,302,0
8640749_3372705_neg1_crop2865.png,155,254,0
8640749_3372705_neg2_crop2866.png,404,403,0
8635246_3342435_neg0_crop2867.png,290,468,0
8635246_3342435_neg1_crop2868.png,430,161,0
8635246_3342435_neg2_crop2869.png,451,128,0
8632494_3317670_neg0_crop2870.png,156,474,0
8632494_3317670_neg1_crop2871.png,241,311,0
8632494_3317670_neg2_crop2872.png,465,439,0
8580211_3292904_neg0_crop2873.png,293,215,0
8580211_3292904_neg1_crop2874.png,364,403,0
8580211_3292904_neg2_crop2875.png,293,249,0
8637998_3279146_neg0_crop2876.png,264,136,0
8637998_3279146_neg1_crop2877.png,468,339,0
8637998_3279146_neg2_crop2878.png,304,211,0
8602225_3325925_neg0_crop2879.png,187,133,0
8602225_3325925_neg1_crop2880.png,448,410,0
8602225_3325925_neg2_crop2881.png,384,367,0
8585715_3309415_neg0_crop2882.png,406,506,0
8585715_3309415_neg1_crop2883.png,310,205,0
8585715_3309415_neg2_crop2884.png,497,275,0
8596722_3287401_neg0_crop2885.png,281,503,0
8596722_3287401_neg1_crop2886.png,386,264,0
8596722_3287401_neg2_crop2887.png,363,464,0
8610480_3353442_neg0_crop2888.png,250,330,0
8610480_3353442_neg1_crop2889.png,180,321,0
8610480_3353442_neg2_crop2890.png,189,161,0
8569204_3279146_neg0_crop2891.png,204,263,0
8569204_3279146_neg1_crop2892.png,494,427,0
8569204_3279146_neg2_crop2893.png,468,440,0
8569204_3345187_neg0_crop2894.png,430,194,0
8569204_3345187_neg1_crop2895.png,461,192,0
8569204_3345187_neg2_crop2896.png,214,265,0
8596722_3290153_neg0_crop2897.png,228,201,0
8596722_3290153_neg1_crop2898.png,441,249,0
8596722_3290153_neg2_crop2899.png,351,388,0
8569204_3295656_neg0_crop2900.png,323,254,0
8569204_3295656_neg1_crop2901.png,373,326,0
8569204_3295656_neg2_crop2902.png,282,423,0
8615984_3314918_neg0_crop2903.png,334,401,0
8615984_3314918_neg1_crop2904.png,371,479,0
8615984_3314918_neg2_crop2905.png,512,471,0
8604977_3309415_neg0_crop2906.png,301,154,0
8604977_3309415_neg1_crop2907.png,194,497,0
8604977_3309415_neg2_crop2908.png,327,339,0
8624239_3345187_neg0_crop2909.png,305,257,0
8624239_3345187_neg1_crop2910.png,387,425,0
8624239_3345187_neg2_crop2911.png,233,157,0
8588466_3279146_neg0_crop2912.png,355,261,0
8588466_3279146_neg1_crop2913.png,345,289,0
8588466_3279146_neg2_crop2914.png,421,485,0
8599473_3314918_neg0_crop2915.png,235,473,0
8599473_3314918_neg1_crop2916.png,237,245,0
8599473_3314918_neg2_crop2917.png,214,504,0
8607729_3328677_neg0_crop2918.png,271,261,0
8607729_3328677_neg1_crop2919.png,411,390,0
8607729_3328677_neg2_crop2920.png,143,222,0
8629742_3290153_neg0_crop2921.png,213,225,0
8629742_3290153_neg1_crop2922.png,279,447,0
8629742_3290153_neg2_crop2923.png,221,448,0
8566453_3339684_neg0_crop2924.png,326,203,0
8566453_3339684_neg1_crop2925.png,257,266,0
8566453_3339684_neg2_crop2926.png,287,299,0
8558197_3276394_neg0_crop2927.png,136,305,0
8558197_3276394_neg1_crop2928.png,269,268,0
8558197_3276394_neg2_crop2929.png,345,466,0
8574708_3290153_neg0_crop2930.png,456,417,0
8574708_3290153_neg1_crop2931.png,382,178,0
8574708_3290153_neg2_crop2932.png,468,396,0
8640749_3303911_neg0_crop2933.png,373,289,0
8640749_3303911_neg1_crop2934.png,130,403,0
8640749_3303911_neg2_crop2935.png,253,475,0
8574708_3334180_neg0_crop2936.png,240,396,0
8574708_3334180_neg1_crop2937.png,388,257,0
8574708_3334180_neg2_crop2938.png,342,219,0
8624239_3303911_neg0_crop2939.png,226,405,0
8624239_3303911_neg1_crop2940.png,365,132,0
8624239_3303911_neg2_crop2941.png,216,168,0
8569204_3306663_neg0_crop2942.png,197,403,0
8569204_3306663_neg1_crop2943.png,278,244,0
8569204_3306663_neg2_crop2944.png,294,478,0
8604977_3317670_neg0_crop2945.png,300,459,0
8604977_3317670_neg1_crop2946.png,173,429,0
8604977_3317670_neg2_crop2947.png,357,241,0
8563701_3284649_neg0_crop2948.png,356,352,0
8563701_3284649_neg1_crop2949.png,384,342,0
8563701_3284649_neg2_crop2950.png,248,483,0
8588466_3284649_neg0_crop2951.png,399,232,0
8588466_3284649_neg1_crop2952.png,255,238,0
8588466_3284649_neg2_crop2953.png,157,188,0
8593970_3334180_neg0_crop2954.png,225,279,0
8593970_3334180_neg1_crop2955.png,385,489,0
8593970_3334180_neg2_crop2956.png,484,266,0
8593970_3347939_neg0_crop2957.png,201,359,0
8593970_3347939_neg1_crop2958.png,342,347,0
8593970_3347939_neg2_crop2959.png,395,387,0
8604977_3345187_neg0_crop2960.png,194,289,0
8604977_3345187_neg1_crop2961.png,425,473,0
8604977_3345187_neg2_crop2962.png,361,511,0
8599473_3312166_neg0_crop2963.png,187,247,0
8599473_3312166_neg1_crop2964.png,463,372,0
8599473_3312166_neg2_crop2965.png,292,201,0
8593970_3364449_neg0_crop2966.png,226,364,0
8593970_3364449_neg1_crop2967.png,272,441,0
8593970_3364449_neg2_crop2968.png,228,249,0
8618735_3317670_neg0_crop2969.png,418,218,0
8618735_3317670_neg1_crop2970.png,175,367,0
8618735_3317670_neg2_crop2971.png,362,299,0
8613232_3334180_neg0_crop2972.png,413,512,0
8613232_3334180_neg1_crop2973.png,275,472,0
8613232_3334180_neg2_crop2974.png,301,438,0
8626991_3367201_neg0_crop2975.png,284,189,0
8626991_3367201_neg1_crop2976.png,434,485,0
8626991_3367201_neg2_crop2977.png,320,501,0
8580211_3339684_neg0_crop2978.png,384,391,0
8580211_3339684_neg1_crop2979.png,209,255,0
8580211_3339684_neg2_crop2980.png,324,250,0
8574708_3281897_neg0_crop2981.png,210,241,0
8574708_3281897_neg1_crop2982.png,299,211,0
8574708_3281897_neg2_crop2983.png,509,192,0
8585715_3345187_neg0_crop2984.png,197,506,0
8585715_3345187_neg1_crop2985.png,142,387,0
8585715_3345187_neg2_crop2986.png,409,342,0
8635246_3303911_neg0_crop2987.png,284,502,0
8635246_3303911_neg1_crop2988.png,470,410,0
8635246_3303911_neg2_crop2989.png,291,183,0
8604977_3320422_neg0_crop2990.png,145,285,0
8604977_3320422_neg1_crop2991.png,466,182,0
8604977_3320422_neg2_crop2992.png,435,444,0
8602225_3331429_neg0_crop2993.png,243,468,0
8602225_3331429_neg1_crop2994.png,182,284,0
8602225_3331429_neg2_crop2995.png,454,400,0
8607729_3298408_neg0_crop2996.png,431,465,0
8607729_3298408_neg1_crop2997.png,145,462,0
8607729_3298408_neg2_crop2998.png,187,221,0
8602225_3295656_neg0_crop2999.png,303,383,0
8602225_3295656_neg1_crop3000.png,148,325,0
8602225_3295656_neg2_crop3001.png,350,271,0
8610480_3323173_neg0_crop3002.png,188,479,0
8610480_3323173_neg1_crop3003.png,128,220,0
8610480_3323173_neg2_crop3004.png,211,255,0
8558197_3345187_neg0_crop3005.png,491,190,0
8558197_3345187_neg1_crop3006.png,267,340,0
8558197_3345187_neg2_crop3007.png,258,295,0
8599473_3295656_neg0_crop3008.png,215,309,0
8599473_3295656_neg1_crop3009.png,180,461,0
8599473_3295656_neg2_crop3010.png,262,277,0
8566453_3372705_neg0_crop3011.png,341,216,0
8566453_3372705_neg1_crop3012.png,249,299,0
8566453_3372705_neg2_crop3013.png,285,407,0
8563701_3317670_neg0_crop3014.png,458,417,0
8563701_3317670_neg1_crop3015.png,441,151,0
8563701_3317670_neg2_crop3016.png,363,348,0
8588466_3331429_neg0_crop3017.png,466,360,0
8588466_3331429_neg1_crop3018.png,434,330,0
8588466_3331429_neg2_crop3019.png,472,407,0
8618735_3331429_neg0_crop3020.png,395,195,0
8618735_3331429_neg1_crop3021.png,379,378,0
8618735_3331429_neg2_crop3022.png,465,188,0
8602225_3298408_neg0_crop3023.png,482,295,0
8602225_3298408_neg1_crop3024.png,315,269,0
8602225_3298408_neg2_crop3025.png,445,353,0
8626991_3314918_neg0_crop3026.png,139,402,0
8626991_3314918_neg1_crop3027.png,363,174,0
8626991_3314918_neg2_crop3028.png,358,255,0
8640749_3312166_neg0_crop3029.png,477,388,0
8640749_3312166_neg1_crop3030.png,350,329,0
8640749_3312166_neg2_crop3031.png,353,229,0
8591218_3298408_neg0_crop3032.png,424,479,0
8591218_3298408_neg1_crop3033.png,142,281,0
8591218_3298408_neg2_crop3034.png,289,315,0
8596722_3356194_neg0_crop3035.png,325,192,0
8596722_3356194_neg1_crop3036.png,204,378,0
8596722_3356194_neg2_crop3037.png,137,488,0
8593970_3292904_neg0_crop3038.png,297,219,0
8593970_3292904_neg1_crop3039.png,241,340,0
8593970_3292904_neg2_crop3040.png,155,185,0
8632494_3281897_neg0_crop3041.png,453,306,0
8632494_3281897_neg1_crop3042.png,256,144,0
8632494_3281897_neg2_crop3043.png,148,311,0
8624239_3281897_neg0_crop3044.png,153,417,0
8624239_3281897_neg1_crop3045.png,354,356,0
8624239_3281897_neg2_crop3046.png,141,199,0
8588466_3317670_neg0_crop3047.png,170,472,0
8588466_3317670_neg1_crop3048.png,224,166,0
8588466_3317670_neg2_crop3049.png,410,370,0
8637998_3353442_neg0_crop3050.png,448,253,0
8637998_3353442_neg1_crop3051.png,381,242,0
8637998_3353442_neg2_crop3052.png,281,280,0
8610480_3367201_neg0_crop3053.png,211,506,0
8610480_3367201_neg1_crop3054.png,214,230,0
8610480_3367201_neg2_crop3055.png,207,243,0
8624239_3317670_neg0_crop3056.png,135,502,0
8624239_3317670_neg1_crop3057.png,256,303,0
8624239_3317670_neg2_crop3058.png,393,130,0
8563701_3312166_neg0_crop3059.png,489,210,0
8563701_3312166_neg1_crop3060.png,212,408,0
8563701_3312166_neg2_crop3061.png,446,495,0
8640749_3279146_neg0_crop3062.png,194,501,0
8640749_3279146_neg1_crop3063.png,398,488,0
8640749_3279146_neg2_crop3064.png,424,294,0
8596722_3292904_neg0_crop3065.png,391,235,0
8596722_3292904_neg1_crop3066.png,510,486,0
8596722_3292904_neg2_crop3067.png,413,490,0
8566453_3361698_neg0_crop3068.png,164,500,0
8566453_3361698_neg1_crop3069.png,356,293,0
8566453_3361698_neg2_crop3070.png,336,240,0
8635246_3287401_neg0_crop3071.png,144,458,0
8635246_3287401_neg1_crop3072.png,209,295,0
8635246_3287401_neg2_crop3073.png,451,431,0
8604977_3334180_neg0_crop3074.png,290,494,0
8604977_3334180_neg1_crop3075.png,276,209,0
8604977_3334180_neg2_crop3076.png,148,387,0
8610480_3364449_neg0_crop3077.png,189,507,0
8610480_3364449_neg1_crop3078.png,252,301,0
8610480_3364449_neg2_crop3079.png,343,489,0
8610480_3290153_neg0_crop3080.png,172,275,0
8610480_3290153_neg1_crop3081.png,257,211,0
8610480_3290153_neg2_crop3082.png,174,470,0
8602225_3336932_neg0_crop3083.png,245,153,0
8602225_3336932_neg1_crop3084.png,336,352,0
8602225_3336932_neg2_crop3085.png,430,137,0
8571956_3369953_neg0_crop3086.png,284,238,0
8571956_3369953_neg1_crop3087.png,176,481,0
8571956_3369953_neg2_crop3088.png,442,306,0
8580211_3336932_neg0_crop3089.png,177,467,0
8580211_3336932_neg1_crop3090.png,148,340,0
8580211_3336932_neg2_crop3091.png,174,303,0
8596722_3314918_neg0_crop3092.png,353,273,0
8596722_3314918_neg1_crop3093.png,509,235,0
8596722_3314918_neg2_crop3094.png,131,420,0
8585715_3276394_neg0_crop3095.png,231,284,0
8585715_3276394_neg1_crop3096.png,263,391,0
8585715_3276394_neg2_crop3097.png,360,207,0
8593970_3350691_neg0_crop3098.png,169,178,0
8593970_3350691_neg1_crop3099.png,509,396,0
8593970_3350691_neg2_crop3100.png,334,191,0
8635246_3309415_neg0_crop3101.png,155,429,0
8635246_3309415_neg1_crop3102.png,487,397,0
8635246_3309415_neg2_crop3103.png,236,345,0
8580211_3325925_neg0_crop3104.png,315,197,0
8580211_3325925_neg1_crop3105.png,153,415,0
8580211_3325925_neg2_crop3106.png,219,365,0
8635246_3279146_neg0_crop3107.png,306,189,0
8635246_3279146_neg1_crop3108.png,136,319,0
8635246_3279146_neg2_crop3109.png,238,148,0
8637998_3281897_neg0_crop3110.png,232,224,0
8637998_3281897_neg1_crop3111.png,437,199,0
8637998_3281897_neg2_crop3112.png,298,444,0
8577459_3331429_neg0_crop3113.png,380,485,0
8577459_3331429_neg1_crop3114.png,358,492,0
8577459_3331429_neg2_crop3115.png,327,201,0
8626991_3325925_neg0_crop3116.png,443,355,0
8626991_3325925_neg1_crop3117.png,477,397,0
8626991_3325925_neg2_crop3118.png,393,436,0
8588466_3312166_neg0_crop3119.png,484,314,0
8588466_3312166_neg1_crop3120.png,494,397,0
8588466_3312166_neg2_crop3121.png,181,463,0
8629742_3372705_neg0_crop3122.png,367,298,0
8629742_3372705_neg1_crop3123.png,162,247,0
8629742_3372705_neg2_crop3124.png,327,346,0
8591218_3364449_neg0_crop3125.png,174,476,0
8591218_3364449_neg1_crop3126.png,311,264,0
8591218_3364449_neg2_crop3127.png,198,153,0
8593970_3328677_neg0_crop3128.png,384,433,0
8593970_3328677_neg1_crop3129.png,186,486,0
8593970_3328677_neg2_crop3130.png,146,204,0
8566453_3323173_neg0_crop3131.png,305,271,0
8566453_3323173_neg1_crop3132.png,337,480,0
8566453_3323173_neg2_crop3133.png,454,409,0
8588466_3350691_neg0_crop3134.png,183,278,0
8588466_3350691_neg1_crop3135.png,128,305,0
8588466_3350691_neg2_crop3136.png,229,193,0
8607729_3356194_neg0_crop3137.png,245,478,0
8607729_3356194_neg1_crop3138.png,308,269,0
8607729_3356194_neg2_crop3139.png,146,153,0
8566453_3325925_neg0_crop3140.png,395,214,0
8566453_3325925_neg1_crop3141.png,490,254,0
8566453_3325925_neg2_crop3142.png,451,361,0
8602225_3309415_neg0_crop3143.png,165,456,0
8602225_3309415_neg1_crop3144.png,507,134,0
8602225_3309415_neg2_crop3145.png,431,199,0
8560949_3287401_neg0_crop3146.png,476,371,0
8560949_3287401_neg1_crop3147.png,154,361,0
8560949_3287401_neg2_crop3148.png,316,317,0
8599473_3290153_neg0_crop3149.png,481,260,0
8599473_3290153_neg1_crop3150.png,128,147,0
8599473_3290153_neg2_crop3151.png,330,452,0
8582963_3279146_neg0_crop3152.png,315,433,0
8582963_3279146_neg1_crop3153.png,406,481,0
8582963_3279146_neg2_crop3154.png,154,271,0
8618735_3301159_neg0_crop3155.png,406,188,0
8618735_3301159_neg1_crop3156.png,498,237,0
8618735_3301159_neg2_crop3157.png,484,281,0
8629742_3312166_neg0_crop3158.png,497,453,0
8629742_3312166_neg1_crop3159.png,294,386,0
8629742_3312166_neg2_crop3160.png,145,422,0
8618735_3361698_neg0_crop3161.png,265,256,0
8618735_3361698_neg1_crop3162.png,337,396,0
8618735_3361698_neg2_crop3163.png,462,142,0
8560949_3361698_neg0_crop3164.png,488,147,0
8560949_3361698_neg1_crop3165.png,161,512,0
8560949_3361698_neg2_crop3166.png,316,154,0
8629742_3367201_neg0_crop3167.png,321,426,0
8629742_3367201_neg1_crop3168.png,333,333,0
8629742_3367201_neg2_crop3169.png,235,501,0
8582963_3369953_neg0_crop3170.png,352,333,0
8582963_3369953_neg1_crop3171.png,232,489,0
8582963_3369953_neg2_crop3172.png,431,407,0
8577459_3336932_neg0_crop3173.png,380,321,0
8577459_3336932_neg1_crop3174.png,459,190,0
8577459_3336932_neg2_crop3175.png,247,469,0
8569204_3284649_neg0_crop3176.png,511,327,0
8569204_3284649_neg1_crop3177.png,138,262,0
8569204_3284649_neg2_crop3178.png,219,203,0
8588466_3361698_neg0_crop3179.png,330,394,0
8588466_3361698_neg1_crop3180.png,144,191,0
8588466_3361698_neg2_crop3181.png,161,387,0
8591218_3342435_neg0_crop3182.png,363,334,0
8591218_3342435_neg1_crop3183.png,500,144,0
8591218_3342435_neg2_crop3184.png,221,292,0
8602225_3303911_neg0_crop3185.png,191,409,0
8602225_3303911_neg1_crop3186.png,425,136,0
8602225_3303911_neg2_crop3187.png,286,317,0
8596722_3309415_neg0_crop3188.png,316,137,0
8596722_3309415_neg1_crop3189.png,411,425,0
8596722_3309415_neg2_crop3190.png,443,195,0
8563701_3290153_neg0_crop3191.png,189,437,0
8563701_3290153_neg1_crop3192.png,269,320,0
8563701_3290153_neg2_crop3193.png,238,248,0
8560949_3314918_neg0_crop3194.png,467,315,0
8560949_3314918_neg1_crop3195.png,419,304,0
8560949_3314918_neg2_crop3196.png,151,370,0
8593970_3345187_neg0_crop3197.png,172,196,0
8593970_3345187_neg1_crop3198.png,412,137,0
8593970_3345187_neg2_crop3199.png,300,355,0
8574708_3323173_neg0_crop3200.png,473,217,0
8574708_3323173_neg1_crop3201.png,259,358,0
8574708_3323173_neg2_crop3202.png,231,308,0
8588466_3334180_neg0_crop3203.png,161,237,0
8588466_3334180_neg1_crop3204.png,401,476,0
8588466_3334180_neg2_crop3205.png,216,170,0
8577459_3342435_neg0_crop3206.png,213,186,0
8577459_3342435_neg1_crop3207.png,189,503,0
8577459_3342435_neg2_crop3208.png,187,301,0
8580211_3358946_neg0_crop3209.png,233,437,0
8580211_3358946_neg1_crop3210.png,427,460,0
8580211_3358946_neg2_crop3211.png,467,167,0
8563701_3281897_neg0_crop3212.png,390,366,0
8563701_3281897_neg1_crop3213.png,446,202,0
8563701_3281897_neg2_crop3214.png,403,506,0
8602225_3320422_neg0_crop3215.png,354,128,0
8602225_3320422_neg1_crop3216.png,460,192,0
8602225_3320422_neg2_crop3217.png,382,325,0
8563701_3331429_neg0_crop3218.png,447,278,0
8563701_3331429_neg1_crop3219.png,423,462,0
8563701_3331429_neg2_crop3220.png,266,263,0
8560949_3312166_neg0_crop3221.png,302,399,0
8560949_3312166_neg1_crop3222.png,159,446,0
8560949_3312166_neg2_crop3223.png,338,493,0
8577459_3320422_neg0_crop3224.png,321,310,0
8577459_3320422_neg1_crop3225.png,414,376,0
8577459_3320422_neg2_crop3226.png,211,260,0
8577459_3306663_neg0_crop3227.png,339,266,0
8577459_3306663_neg1_crop3228.png,503,233,0
8577459_3306663_neg2_crop3229.png,387,296,0
8585715_3369953_neg0_crop3230.png,502,209,0
8585715_3369953_neg1_crop3231.png,507,271,0
8585715_3369953_neg2_crop3232.png,164,166,0
8566453_3290153_neg0_crop3233.png,483,441,0
8566453_3290153_neg1_crop3234.png,464,261,0
8566453_3290153_neg2_crop3235.png,248,363,0
8599473_3339684_neg0_crop3236.png,385,322,0
8599473_3339684_neg1_crop3237.png,184,248,0
8599473_3339684_neg2_crop3238.png,396,406,0
8596722_3303911_neg0_crop3239.png,386,246,0
8596722_3303911_neg1_crop3240.png,341,393,0
8596722_3303911_neg2_crop3241.png,229,427,0
8593970_3306663_neg0_crop3242.png,247,250,0
8593970_3306663_neg1_crop3243.png,361,477,0
8593970_3306663_neg2_crop3244.png,449,191,0
8635246_3334180_neg0_crop3245.png,240,283,0
8635246_3334180_neg1_crop3246.png,463,477,0
8635246_3334180_neg2_crop3247.png,173,152,0
8602225_3323173_neg0_crop3248.png,249,190,0
8602225_3323173_neg1_crop3249.png,372,136,0
8602225_3323173_neg2_crop3250.png,145,178,0
8563701_3298408_neg0_crop3251.png,337,305,0
8563701_3298408_neg1_crop3252.png,272,495,0
8563701_3298408_neg2_crop3253.png,343,372,0
8621487_3323173_neg0_crop3254.png,291,171,0
8621487_3323173_neg1_crop3255.png,369,229,0
8621487_3323173_neg2_crop3256.png,213,401,0
8569204_3320422_neg0_crop3257.png,234,171,0
8569204_3320422_neg1_crop3258.png,452,346,0
8569204_3320422_neg2_crop3259.png,499,396,0
8585715_3372705_neg0_crop3260.png,236,137,0
8585715_3372705_neg1_crop3261.png,219,292,0
8585715_3372705_neg2_crop3262.png,256,173,0
8569204_3301159_neg0_crop3263.png,210,472,0
8569204_3301159_neg1_crop3264.png,343,297,0
8569204_3301159_neg2_crop3265.png,420,172,0
8621487_3298408_neg0_crop3266.png,136,390,0
8621487_3298408_neg1_crop3267.png,398,384,0
8621487_3298408_neg2_crop3268.png,211,421,0
8574708_3331429_neg0_crop3269.png,237,501,0
8574708_3331429_neg1_crop3270.png,135,176,0
8574708_3331429_neg2_crop3271.png,366,190,0
8582963_3281897_neg0_crop3272.png,367,227,0
8582963_3281897_neg1_crop3273.png,386,182,0
8582963_3281897_neg2_crop3274.png,470,305,0
8585715_3325925_neg0_crop3275.png,338,214,0
8585715_3325925_neg1_crop3276.png,152,339,0
8585715_3325925_neg2_crop3277.png,193,130,0
8588466_3306663_neg0_crop3278.png,384,141,0
8588466_3306663_neg1_crop3279.png,331,344,0
8588466_3306663_neg2_crop3280.png,463,362,0
8599473_3347939_neg0_crop3281.png,269,275,0
8599473_3347939_neg1_crop3282.png,364,371,0
8599473_3347939_neg2_crop3283.png,146,360,0
8563701_3358946_neg0_crop3284.png,349,474,0
8563701_3358946_neg1_crop3285.png,300,481,0
8563701_3358946_neg2_crop3286.png,317,174,0
8624239_3276394_neg0_crop3287.png,485,426,0
8624239_3276394_neg1_crop3288.png,338,186,0
8624239_3276394_neg2_crop3289.png,336,263,0
8574708_3347939_neg0_crop3290.png,354,298,0
8574708_3347939_neg1_crop3291.png,411,463,0
8574708_3347939_neg2_crop3292.png,271,254,0
8637998_3331429_neg0_crop3293.png,186,491,0
8637998_3331429_neg1_crop3294.png,218,248,0
8637998_3331429_neg2_crop3295.png,240,161,0
8582963_3334180_neg0_crop3296.png,270,470,0
8582963_3334180_neg1_crop3297.png,312,485,0
8582963_3334180_neg2_crop3298.png,243,469,0
8558197_3279146_neg0_crop3299.png,176,489,0
8558197_3279146_neg1_crop3300.png,307,313,0
8558197_3279146_neg2_crop3301.png,487,457,0
8624239_3353442_neg0_crop3302.png,296,202,0
8624239_3353442_neg1_crop3303.png,391,359,0
8624239_3353442_neg2_crop3304.png,469,140,0
8593970_3339684_neg0_crop3305.png,215,196,0
8593970_3339684_neg1_crop3306.png,274,290,0
8593970_3339684_neg2_crop3307.png,136,494,0
8602225_3350691_neg0_crop3308.png,344,495,0
8602225_3350691_neg1_crop3309.png,152,331,0
8602225_3350691_neg2_crop3310.png,342,478,0
8577459_3369953_neg0_crop3311.png,477,509,0
8577459_3369953_neg1_crop3312.png,482,363,0
8577459_3369953_neg2_crop3313.png,192,389,0
8640749_3320422_neg0_crop3314.png,360,242,0
8640749_3320422_neg1_crop3315.png,416,283,0
8640749_3320422_neg2_crop3316.png,293,491,0
8558197_3298408_neg0_crop3317.png,357,339,0
8558197_3298408_neg1_crop3318.png,339,165,0
8558197_3298408_neg2_crop3319.png,328,147,0
8593970_3323173_neg0_crop3320.png,474,480,0
8593970_3323173_neg1_crop3321.png,387,177,0
8593970_3323173_neg2_crop3322.png,456,252,0
8566453_3306663_neg0_crop3323.png,222,495,0
8566453_3306663_neg1_crop3324.png,203,492,0
8566453_3306663_neg2_crop3325.png,214,330,0
8607729_3361698_neg0_crop3326.png,183,147,0
8607729_3361698_neg1_crop3327.png,145,438,0
8607729_3361698_neg2_crop3328.png,373,256,0
8610480_3306663_neg0_crop3329.png,431,274,0
8610480_3306663_neg1_crop3330.png,469,238,0
8610480_3306663_neg2_crop3331.png,501,254,0
8615984_3303911_neg0_crop3332.png,406,300,0
8615984_3303911_neg1_crop3333.png,500,483,0
8615984_3303911_neg2_crop3334.png,298,484,0
8577459_3312166_neg0_crop3335.png,206,274,0
8577459_3312166_neg1_crop3336.png,388,453,0
8577459_3312166_neg2_crop3337.png,310,169,0
8574708_3314918_neg0_crop3338.png,234,231,0
8574708_3314918_neg1_crop3339.png,382,483,0
8574708_3314918_neg2_crop3340.png,166,363,0
8582963_3336932_neg0_crop3341.png,231,394,0
8582963_3336932_neg1_crop3342.png,423,502,0
8582963_3336932_neg2_crop3343.png,432,444,0
8621487_3303911_neg0_crop3344.png,402,472,0
8621487_3303911_neg1_crop3345.png,153,441,0
8621487_3303911_neg2_crop3346.png,445,190,0
8566453_3342435_neg0_crop3347.png,448,428,0
8566453_3342435_neg1_crop3348.png,378,212,0
8566453_3342435_neg2_crop3349.png,390,140,0
8558197_3347939_neg0_crop3350.png,242,176,0
8558197_3347939_neg1_crop3351.png,258,388,0
8558197_3347939_neg2_crop3352.png,356,470,0
8610480_3331429_neg0_crop3353.png,175,503,0
8610480_3331429_neg1_crop3354.png,438,273,0
8610480_3331429_neg2_crop3355.png,337,268,0
8593970_3287401_neg0_crop3356.png,348,140,0
8593970_3287401_neg1_crop3357.png,133,484,0
8593970_3287401_neg2_crop3358.png,202,256,0
8640749_3284649_neg0_crop3359.png,412,277,0
8640749_3284649_neg1_crop3360.png,172,165,0
8640749_3284649_neg2_crop3361.png,427,278,0
8640749_3331429_neg0_crop3362.png,192,172,0
8640749_3331429_neg1_crop3363.png,422,505,0
8640749_3331429_neg2_crop3364.png,205,500,0
8591218_3367201_neg0_crop3365.png,262,212,0
8591218_3367201_neg1_crop3366.png,253,463,0
8591218_3367201_neg2_crop3367.png,507,415,0
8637998_3284649_neg0_crop3368.png,435,450,0
8637998_3284649_neg1_crop3369.png,471,493,0
8637998_3284649_neg2_crop3370.png,132,464,0
8626991_3312166_neg0_crop3371.png,359,326,0
8626991_3312166_neg1_crop3372.png,421,248,0
8626991_3312166_neg2_crop3373.png,332,355,0
8571956_3345187_neg0_crop3374.png,286,365,0
8571956_3345187_neg1_crop3375.png,423,243,0
8571956_3345187_neg2_crop3376.png,193,248,0
8563701_3301159_neg0_crop3377.png,206,409,0
8563701_3301159_neg1_crop3378.png,266,154,0
8563701_3301159_neg2_crop3379.png,225,327,0
8571956_3292904_neg0_crop3380.png,158,481,0
8571956_3292904_neg1_crop3381.png,258,274,0
8571956_3292904_neg2_crop3382.png,393,303,0
8591218_3339684_neg0_crop3383.png,356,129,0
8591218_3339684_neg1_crop3384.png,342,280,0
8591218_3339684_neg2_crop3385.png,419,138,0
8571956_3320422_neg0_crop3386.png,433,333,0
8571956_3320422_neg1_crop3387.png,467,486,0
8571956_3320422_neg2_crop3388.png,143,364,0
8624239_3298408_neg0_crop3389.png,503,317,0
8624239_3298408_neg1_crop3390.png,245,375,0
8624239_3298408_neg2_crop3391.png,372,474,0
8558197_3331429_neg0_crop3392.png,272,255,0
8558197_3331429_neg1_crop3393.png,157,384,0
8558197_3331429_neg2_crop3394.png,448,304,0
8626991_3342435_neg0_crop3395.png,434,308,0
8626991_3342435_neg1_crop3396.png,348,438,0
8626991_3342435_neg2_crop3397.png,331,428,0
8607729_3303911_neg0_crop3398.png,230,511,0
8607729_3303911_neg1_crop3399.png,138,208,0
8607729_3303911_neg2_crop3400.png,489,473,0
8582963_3320422_neg0_crop3401.png,414,458,0
8582963_3320422_neg1_crop3402.png,300,508,0
8582963_3320422_neg2_crop3403.png,446,332,0
8602225_3328677_neg0_crop3404.png,302,352,0
8602225_3328677_neg1_crop3405.png,423,159,0
8602225_3328677_neg2_crop3406.png,273,216,0
8574708_3298408_neg0_crop3407.png,178,328,0
8574708_3298408_neg1_crop3408.png,255,430,0
8574708_3298408_neg2_crop3409.png,321,135,0
8626991_3320422_neg0_crop3410.png,283,405,0
8626991_3320422_neg1_crop3411.png,166,367,0
8626991_3320422_neg2_crop3412.png,203,229,0
8582963_3292904_neg0_crop3413.png,314,435,0
8582963_3292904_neg1_crop3414.png,425,432,0
8582963_3292904_neg2_crop3415.png,201,147,0
8615984_3334180_neg0_crop3416.png,477,247,0
8615984_3334180_neg1_crop3417.png,282,227,0
8615984_3334180_neg2_crop3418.png,388,458,0
8629742_3292904_neg0_crop3419.png,426,297,0
8629742_3292904_neg1_crop3420.png,397,475,0
8629742_3292904_neg2_crop3421.png,463,356,0
8585715_3320422_neg0_crop3422.png,298,206,0
8585715_3320422_neg1_crop3423.png,206,172,0
8585715_3320422_neg2_crop3424.png,157,405,0
8626991_3276394_neg0_crop3425.png,342,509,0
8626991_3276394_neg1_crop3426.png,394,337,0
8626991_3276394_neg2_crop3427.png,498,481,0
8599473_3358946_neg0_crop3428.png,293,278,0
8599473_3358946_neg1_crop3429.png,447,432,0
8599473_3358946_neg2_crop3430.png,323,441,0
8618735_3314918_neg0_crop3431.png,147,142,0
8618735_3314918_neg1_crop3432.png,355,483,0
8618735_3314918_neg2_crop3433.png,474,322,0
8593970_3320422_neg0_crop3434.png,256,485,0
8593970_3320422_neg1_crop3435.png,378,403,0
8593970_3320422_neg2_crop3436.png,417,172,0
8604977_3281897_neg0_crop3437.png,176,345,0
8604977_3281897_neg1_crop3438.png,499,419,0
8604977_3281897_neg2_crop3439.png,463,339,0
8610480_3292904_neg0_crop3440.png,337,251,0
8610480_3292904_neg1_crop3441.png,488,352,0
8610480_3292904_neg2_crop3442.png,244,251,0
8588466_3353442_neg0_crop3443.png,129,220,0
8588466_3353442_neg1_crop3444.png,396,234,0
8588466_3353442_neg2_crop3445.png,353,279,0
8571956_3290153_neg0_crop3446.png,453,260,0
8571956_3290153_neg1_crop3447.png,189,383,0
8571956_3290153_neg2_crop3448.png,395,167,0
8571956_3358946_neg0_crop3449.png,261,446,0
8571956_3358946_neg1_crop3450.png,264,148,0
8571956_3358946_neg2_crop3451.png,439,426,0
8607729_3325925_neg0_crop3452.png,367,349,0
8607729_3325925_neg1_crop3453.png,329,226,0
8607729_3325925_neg2_crop3454.png,128,204,0
8569204_3276394_neg0_crop3455.png,474,317,0
8569204_3276394_neg1_crop3456.png,396,147,0
8569204_3276394_neg2_crop3457.png,150,351,0
8593970_3312166_neg0_crop3458.png,220,147,0
8593970_3312166_neg1_crop3459.png,226,505,0
8593970_3312166_neg2_crop3460.png,346,394,0
8569204_3350691_neg0_crop3461.png,415,264,0
8569204_3350691_neg1_crop3462.png,436,464,0
8569204_3350691_neg2_crop3463.png,157,331,0
8577459_3372705_neg0_crop3464.png,453,460,0
8577459_3372705_neg1_crop3465.png,447,448,0
8577459_3372705_neg2_crop3466.png,320,282,0
8571956_3301159_neg0_crop3467.png,363,342,0
8571956_3301159_neg1_crop3468.png,348,185,0
8571956_3301159_neg2_crop3469.png,383,507,0
8569204_3331429_neg0_crop3470.png,375,185,0
8569204_3331429_neg1_crop3471.png,132,445,0
8569204_3331429_neg2_crop3472.png,403,278,0
8635246_3358946_neg0_crop3473.png,143,302,0
8635246_3358946_neg1_crop3474.png,305,372,0
8635246_3358946_neg2_crop3475.png,396,375,0
8610480_3284649_neg0_crop3476.png,160,414,0
8610480_3284649_neg1_crop3477.png,399,501,0
8610480_3284649_neg2_crop3478.png,190,476,0
8635246_3323173_neg0_crop3479.png,153,499,0
8635246_3323173_neg1_crop3480.png,470,153,0
8635246_3323173_neg2_crop3481.png,266,299,0
8593970_3372705_neg0_crop3482.png,276,204,0
8593970_3372705_neg1_crop3483.png,434,390,0
8593970_3372705_neg2_crop3484.png,340,405,0
8577459_3353442_neg0_crop3485.png,289,177,0
8577459_3353442_neg1_crop3486.png,189,140,0
8577459_3353442_neg2_crop3487.png,314,208,0
8629742_3325925_neg0_crop3488.png,394,508,0
8629742_3325925_neg1_crop3489.png,288,483,0
8629742_3325925_neg2_crop3490.png,266,147,0
8585715_3287401_neg0_crop3491.png,321,302,0
8585715_3287401_neg1_crop3492.png,273,397,0
8585715_3287401_neg2_crop3493.png,349,178,0
8599473_3306663_neg0_crop3494.png,425,442,0
8599473_3306663_neg1_crop3495.png,237,372,0
8599473_3306663_neg2_crop3496.png,464,445,0
8618735_3328677_neg0_crop3497.png,387,506,0
8618735_3328677_neg1_crop3498.png,296,493,0
8618735_3328677_neg2_crop3499.png,474,176,0
8588466_3372705_neg0_crop3500.png,133,474,0
8588466_3372705_neg1_crop3501.png,337,235,0
8588466_3372705_neg2_crop3502.png,483,465,0
8593970_3369953_neg0_crop3503.png,321,262,0
8593970_3369953_neg1_crop3504.png,225,399,0
8593970_3369953_neg2_crop3505.png,189,143,0
8599473_3323173_neg0_crop3506.png,204,387,0
8599473_3323173_neg1_crop3507.png,510,249,0
8599473_3323173_neg2_crop3508.png,201,299,0
8607729_3336932_neg0_crop3509.png,372,233,0
8607729_3336932_neg1_crop3510.png,267,507,0
8607729_3336932_neg2_crop3511.png,143,209,0
8596722_3298408_neg0_crop3512.png,199,360,0
8596722_3298408_neg1_crop3513.png,456,285,0
8596722_3298408_neg2_crop3514.png,355,420,0
8626991_3292904_neg0_crop3515.png,348,272,0
8626991_3292904_neg1_crop3516.png,312,246,0
8626991_3292904_neg2_crop3517.png,357,299,0
8635246_3314918_neg0_crop3518.png,203,428,0
8635246_3314918_neg1_crop3519.png,424,253,0
8635246_3314918_neg2_crop3520.png,261,489,0
8558197_3317670_neg0_crop3521.png,246,503,0
8558197_3317670_neg1_crop3522.png,334,333,0
8558197_3317670_neg2_crop3523.png,332,440,0
8624239_3369953_neg0_crop3524.png,412,239,0
8624239_3369953_neg1_crop3525.png,342,223,0
8624239_3369953_neg2_crop3526.png,280,471,0
8585715_3314918_neg0_crop3527.png,129,377,0
8585715_3314918_neg1_crop3528.png,238,490,0
8585715_3314918_neg2_crop3529.png,326,173,0
8593970_3356194_neg0_crop3530.png,346,467,0
8593970_3356194_neg1_crop3531.png,224,512,0
8593970_3356194_neg2_crop3532.png,308,329,0
8574708_3301159_neg0_crop3533.png,252,145,0
8574708_3301159_neg1_crop3534.png,226,286,0
8574708_3301159_neg2_crop3535.png,187,287,0
8635246_3369953_neg0_crop3536.png,214,199,0
8635246_3369953_neg1_crop3537.png,191,418,0
8635246_3369953_neg2_crop3538.png,410,160,0
8621487_3295656_neg0_crop3539.png,325,496,0
8621487_3295656_neg1_crop3540.png,242,241,0
8621487_3295656_neg2_crop3541.png,438,214,0
8629742_3369953_neg0_crop3542.png,487,361,0
8629742_3369953_neg1_crop3543.png,172,414,0
8629742_3369953_neg2_crop3544.png,370,316,0
8585715_3347939_neg0_crop3545.png,141,359,0
8585715_3347939_neg1_crop3546.png,263,145,0
8585715_3347939_neg2_crop3547.png,182,171,0
8626991_3331429_neg0_crop3548.png,222,309,0
8626991_3331429_neg1_crop3549.png,134,147,0
8626991_3331429_neg2_crop3550.png,505,365,0
8629742_3281897_neg0_crop3551.png,331,420,0
8629742_3281897_neg1_crop3552.png,417,488,0
8629742_3281897_neg2_crop3553.png,499,215,0
8582963_3303911_neg0_crop3554.png,285,155,0
8582963_3303911_neg1_crop3555.png,313,199,0
8582963_3303911_neg2_crop3556.png,267,196,0
8635246_3328677_neg0_crop3557.png,243,199,0
8635246_3328677_neg1_crop3558.png,322,128,0
8635246_3328677_neg2_crop3559.png,303,270,0
8574708_3367201_neg0_crop3560.png,478,494,0
8574708_3367201_neg1_crop3561.png,385,394,0
8574708_3367201_neg2_crop3562.png,220,463,0
8582963_3372705_neg0_crop3563.png,207,135,0
8582963_3372705_neg1_crop3564.png,300,155,0
8582963_3372705_neg2_crop3565.png,474,331,0
8621487_3314918_neg0_crop3566.png,175,154,0
8621487_3314918_neg1_crop3567.png,154,382,0
8621487_3314918_neg2_crop3568.png,321,151,0
8613232_3372705_neg0_crop3569.png,239,206,0
8613232_3372705_neg1_crop3570.png,179,264,0
8613232_3372705_neg2_crop3571.png,293,505,0
8558197_3339684_neg0_crop3572.png,440,192,0
8558197_3339684_neg1_crop3573.png,209,155,0
8558197_3339684_neg2_crop3574.png,130,206,0
