filename,x,y,image_id
9007647_3118628_x0_y0_crop0.png,0,0,9007647_3118628
9007647_3118628_x128_y0_crop1.png,128,0,9007647_3118628
9007647_3118628_x256_y0_crop2.png,256,0,9007647_3118628
9007647_3118628_x384_y0_crop3.png,384,0,9007647_3118628
9007647_3118628_x0_y128_crop4.png,0,128,9007647_3118628
9007647_3118628_x128_y128_crop5.png,128,128,9007647_3118628
9007647_3118628_x256_y128_crop6.png,256,128,9007647_3118628
9007647_3118628_x384_y128_crop7.png,384,128,9007647_3118628
9007647_3118628_x0_y256_crop8.png,0,256,9007647_3118628
9007647_3118628_x128_y256_crop9.png,128,256,9007647_3118628
9007647_3118628_x256_y256_crop10.png,256,256,9007647_3118628
9007647_3118628_x384_y256_crop11.png,384,256,9007647_3118628
9007647_3118628_x0_y384_crop12.png,0,384,9007647_3118628
9007647_3118628_x128_y384_crop13.png,128,384,9007647_3118628
9007647_3118628_x256_y384_crop14.png,256,384,9007647_3118628
9007647_3118628_x384_y384_crop15.png,384,384,9007647_3118628
9032413_3132387_x0_y0_crop16.png,0,0,9032413_3132387
9032413_3132387_x128_y0_crop17.png,128,0,9032413_3132387
9032413_3132387_x256_y0_crop18.png,256,0,9032413_3132387
9032413_3132387_x384_y0_crop19.png,384,0,9032413_3132387
9032413_3132387_x0_y128_crop20.png,0,128,9032413_3132387
9032413_3132387_x128_y128_crop21.png,128,128,9032413_3132387
9032413_3132387_x256_y128_crop22.png,256,128,9032413_3132387
9032413_3132387_x384_y128_crop23.png,384,128,9032413_3132387
9032413_3132387_x0_y256_crop24.png,0,256,9032413_3132387
9032413_3132387_x128_y256_crop25.png,128,256,9032413_3132387
9032413_3132387_x256_y256_crop26.png,256,256,9032413_3132387
9032413_3132387_x384_y256_crop27.png,384,256,9032413_3132387
9032413_3132387_x0_y384_crop28.png,0,384,9032413_3132387
9032413_3132387_x128_y384_crop29.png,128,384,9032413_3132387
9032413_3132387_x256_y384_crop30.png,256,384,9032413_3132387
9032413_3132387_x384_y384_crop31.png,384,384,9032413_3132387
9037916_3080104_x0_y0_crop32.png,0,0,9037916_3080104
9037916_3080104_x128_y0_crop33.png,128,0,9037916_3080104
9037916_3080104_x256_y0_crop34.png,256,0,9037916_3080104
9037916_3080104_x384_y0_crop35.png,384,0,9037916_3080104
9037916_3080104_x0_y128_crop36.png,0,128,9037916_3080104
9037916_3080104_x128_y128_crop37.png,128,128,9037916_3080104
9037916_3080104_x256_y128_crop38.png,256,128,9037916_3080104
9037916_3080104_x384_y128_crop39.png,384,128,9037916_3080104
9037916_3080104_x0_y256_crop40.png,0,256,9037916_3080104
9037916_3080104_x128_y256_crop41.png,128,256,9037916_3080104
9037916_3080104_x256_y256_crop42.png,256,256,9037916_3080104
9037916_3080104_x384_y256_crop43.png,384,256,9037916_3080104
9037916_3080104_x0_y384_crop44.png,0,384,9037916_3080104
9037916_3080104_x128_y384_crop45.png,128,384,9037916_3080104
9037916_3080104_x256_y384_crop46.png,256,384,9037916_3080104
9037916_3080104_x384_y384_crop47.png,384,384,9037916_3080104
9021406_3115876_x0_y0_crop48.png,0,0,9021406_3115876
9021406_3115876_x128_y0_crop49.png,128,0,9021406_3115876
9021406_3115876_x256_y0_crop50.png,256,0,9021406_3115876
9021406_3115876_x384_y0_crop51.png,384,0,9021406_3115876
9021406_3115876_x0_y128_crop52.png,0,128,9021406_3115876
9021406_3115876_x128_y128_crop53.png,128,128,9021406_3115876
9021406_3115876_x256_y128_crop54.png,256,128,9021406_3115876
9021406_3115876_x384_y128_crop55.png,384,128,9021406_3115876
9021406_3115876_x0_y256_crop56.png,0,256,9021406_3115876
9021406_3115876_x128_y256_crop57.png,128,256,9021406_3115876
9021406_3115876_x256_y256_crop58.png,256,256,9021406_3115876
9021406_3115876_x384_y256_crop59.png,384,256,9021406_3115876
9021406_3115876_x0_y384_crop60.png,0,384,9021406_3115876
9021406_3115876_x128_y384_crop61.png,128,384,9021406_3115876
9021406_3115876_x256_y384_crop62.png,256,384,9021406_3115876
9021406_3115876_x384_y384_crop63.png,384,384,9021406_3115876
9018654_3132387_x0_y0_crop64.png,0,0,9018654_3132387
9018654_3132387_x128_y0_crop65.png,128,0,9018654_3132387
9018654_3132387_x256_y0_crop66.png,256,0,9018654_3132387
9018654_3132387_x384_y0_crop67.png,384,0,9018654_3132387
9018654_3132387_x0_y128_crop68.png,0,128,9018654_3132387
9018654_3132387_x128_y128_crop69.png,128,128,9018654_3132387
9018654_3132387_x256_y128_crop70.png,256,128,9018654_3132387
9018654_3132387_x384_y128_crop71.png,384,128,9018654_3132387
9018654_3132387_x0_y256_crop72.png,0,256,9018654_3132387
9018654_3132387_x128_y256_crop73.png,128,256,9018654_3132387
9018654_3132387_x256_y256_crop74.png,256,256,9018654_3132387
9018654_3132387_x384_y256_crop75.png,384,256,9018654_3132387
9018654_3132387_x0_y384_crop76.png,0,384,9018654_3132387
9018654_3132387_x128_y384_crop77.png,128,384,9018654_3132387
9018654_3132387_x256_y384_crop78.png,256,384,9018654_3132387
9018654_3132387_x384_y384_crop79.png,384,384,9018654_3132387
9018654_3077352_x0_y0_crop80.png,0,0,9018654_3077352
9018654_3077352_x128_y0_crop81.png,128,0,9018654_3077352
9018654_3077352_x256_y0_crop82.png,256,0,9018654_3077352
9018654_3077352_x384_y0_crop83.png,384,0,9018654_3077352
9018654_3077352_x0_y128_crop84.png,0,128,9018654_3077352
9018654_3077352_x128_y128_crop85.png,128,128,9018654_3077352
9018654_3077352_x256_y128_crop86.png,256,128,9018654_3077352
9018654_3077352_x384_y128_crop87.png,384,128,9018654_3077352
9018654_3077352_x0_y256_crop88.png,0,256,9018654_3077352
9018654_3077352_x128_y256_crop89.png,128,256,9018654_3077352
9018654_3077352_x256_y256_crop90.png,256,256,9018654_3077352
9018654_3077352_x384_y256_crop91.png,384,256,9018654_3077352
9018654_3077352_x0_y384_crop92.png,0,384,9018654_3077352
9018654_3077352_x128_y384_crop93.png,128,384,9018654_3077352
9018654_3077352_x256_y384_crop94.png,256,384,9018654_3077352
9018654_3077352_x384_y384_crop95.png,384,384,9018654_3077352
8985633_3115876_x0_y0_crop96.png,0,0,8985633_3115876
8985633_3115876_x128_y0_crop97.png,128,0,8985633_3115876
8985633_3115876_x256_y0_crop98.png,256,0,8985633_3115876
8985633_3115876_x384_y0_crop99.png,384,0,8985633_3115876
8985633_3115876_x0_y128_crop100.png,0,128,8985633_3115876
8985633_3115876_x128_y128_crop101.png,128,128,8985633_3115876
8985633_3115876_x256_y128_crop102.png,256,128,8985633_3115876
8985633_3115876_x384_y128_crop103.png,384,128,8985633_3115876
8985633_3115876_x0_y256_crop104.png,0,256,8985633_3115876
8985633_3115876_x128_y256_crop105.png,128,256,8985633_3115876
8985633_3115876_x256_y256_crop106.png,256,256,8985633_3115876
8985633_3115876_x384_y256_crop107.png,384,256,8985633_3115876
8985633_3115876_x0_y384_crop108.png,0,384,8985633_3115876
8985633_3115876_x128_y384_crop109.png,128,384,8985633_3115876
8985633_3115876_x256_y384_crop110.png,256,384,8985633_3115876
8985633_3115876_x384_y384_crop111.png,384,384,8985633_3115876
9004895_3099366_x0_y0_crop112.png,0,0,9004895_3099366
9004895_3099366_x128_y0_crop113.png,128,0,9004895_3099366
9004895_3099366_x256_y0_crop114.png,256,0,9004895_3099366
9004895_3099366_x384_y0_crop115.png,384,0,9004895_3099366
9004895_3099366_x0_y128_crop116.png,0,128,9004895_3099366
9004895_3099366_x128_y128_crop117.png,128,128,9004895_3099366
9004895_3099366_x256_y128_crop118.png,256,128,9004895_3099366
9004895_3099366_x384_y128_crop119.png,384,128,9004895_3099366
9004895_3099366_x0_y256_crop120.png,0,256,9004895_3099366
9004895_3099366_x128_y256_crop121.png,128,256,9004895_3099366
9004895_3099366_x256_y256_crop122.png,256,256,9004895_3099366
9004895_3099366_x384_y256_crop123.png,384,256,9004895_3099366
9004895_3099366_x0_y384_crop124.png,0,384,9004895_3099366
9004895_3099366_x128_y384_crop125.png,128,384,9004895_3099366
9004895_3099366_x256_y384_crop126.png,256,384,9004895_3099366
9004895_3099366_x384_y384_crop127.png,384,384,9004895_3099366
9013151_3110373_x0_y0_crop128.png,0,0,9013151_3110373
9013151_3110373_x128_y0_crop129.png,128,0,9013151_3110373
9013151_3110373_x256_y0_crop130.png,256,0,9013151_3110373
9013151_3110373_x384_y0_crop131.png,384,0,9013151_3110373
9013151_3110373_x0_y128_crop132.png,0,128,9013151_3110373
9013151_3110373_x128_y128_crop133.png,128,128,9013151_3110373
9013151_3110373_x256_y128_crop134.png,256,128,9013151_3110373
9013151_3110373_x384_y128_crop135.png,384,128,9013151_3110373
9013151_3110373_x0_y256_crop136.png,0,256,9013151_3110373
9013151_3110373_x128_y256_crop137.png,128,256,9013151_3110373
9013151_3110373_x256_y256_crop138.png,256,256,9013151_3110373
9013151_3110373_x384_y256_crop139.png,384,256,9013151_3110373
9013151_3110373_x0_y384_crop140.png,0,384,9013151_3110373
9013151_3110373_x128_y384_crop141.png,128,384,9013151_3110373
9013151_3110373_x256_y384_crop142.png,256,384,9013151_3110373
9013151_3110373_x384_y384_crop143.png,384,384,9013151_3110373
9032413_3080104_x0_y0_crop144.png,0,0,9032413_3080104
9032413_3080104_x128_y0_crop145.png,128,0,9032413_3080104
9032413_3080104_x256_y0_crop146.png,256,0,9032413_3080104
9032413_3080104_x384_y0_crop147.png,384,0,9032413_3080104
9032413_3080104_x0_y128_crop148.png,0,128,9032413_3080104
9032413_3080104_x128_y128_crop149.png,128,128,9032413_3080104
9032413_3080104_x256_y128_crop150.png,256,128,9032413_3080104
9032413_3080104_x384_y128_crop151.png,384,128,9032413_3080104
9032413_3080104_x0_y256_crop152.png,0,256,9032413_3080104
9032413_3080104_x128_y256_crop153.png,128,256,9032413_3080104
9032413_3080104_x256_y256_crop154.png,256,256,9032413_3080104
9032413_3080104_x384_y256_crop155.png,384,256,9032413_3080104
9032413_3080104_x0_y384_crop156.png,0,384,9032413_3080104
9032413_3080104_x128_y384_crop157.png,128,384,9032413_3080104
9032413_3080104_x256_y384_crop158.png,256,384,9032413_3080104
9032413_3080104_x384_y384_crop159.png,384,384,9032413_3080104
9032413_3085607_x0_y0_crop160.png,0,0,9032413_3085607
9032413_3085607_x128_y0_crop161.png,128,0,9032413_3085607
9032413_3085607_x256_y0_crop162.png,256,0,9032413_3085607
9032413_3085607_x384_y0_crop163.png,384,0,9032413_3085607
9032413_3085607_x0_y128_crop164.png,0,128,9032413_3085607
9032413_3085607_x128_y128_crop165.png,128,128,9032413_3085607
9032413_3085607_x256_y128_crop166.png,256,128,9032413_3085607
9032413_3085607_x384_y128_crop167.png,384,128,9032413_3085607
9032413_3085607_x0_y256_crop168.png,0,256,9032413_3085607
9032413_3085607_x128_y256_crop169.png,128,256,9032413_3085607
9032413_3085607_x256_y256_crop170.png,256,256,9032413_3085607
9032413_3085607_x384_y256_crop171.png,384,256,9032413_3085607
9032413_3085607_x0_y384_crop172.png,0,384,9032413_3085607
9032413_3085607_x128_y384_crop173.png,128,384,9032413_3085607
9032413_3085607_x256_y384_crop174.png,256,384,9032413_3085607
9032413_3085607_x384_y384_crop175.png,384,384,9032413_3085607
8991137_3088359_x0_y0_crop176.png,0,0,8991137_3088359
8991137_3088359_x128_y0_crop177.png,128,0,8991137_3088359
8991137_3088359_x256_y0_crop178.png,256,0,8991137_3088359
8991137_3088359_x384_y0_crop179.png,384,0,8991137_3088359
8991137_3088359_x0_y128_crop180.png,0,128,8991137_3088359
8991137_3088359_x128_y128_crop181.png,128,128,8991137_3088359
8991137_3088359_x256_y128_crop182.png,256,128,8991137_3088359
8991137_3088359_x384_y128_crop183.png,384,128,8991137_3088359
8991137_3088359_x0_y256_crop184.png,0,256,8991137_3088359
8991137_3088359_x128_y256_crop185.png,128,256,8991137_3088359
8991137_3088359_x256_y256_crop186.png,256,256,8991137_3088359
8991137_3088359_x384_y256_crop187.png,384,256,8991137_3088359
8991137_3088359_x0_y384_crop188.png,0,384,8991137_3088359
8991137_3088359_x128_y384_crop189.png,128,384,8991137_3088359
8991137_3088359_x256_y384_crop190.png,256,384,8991137_3088359
8991137_3088359_x384_y384_crop191.png,384,384,8991137_3088359
9035164_3104869_x0_y0_crop192.png,0,0,9035164_3104869
9035164_3104869_x128_y0_crop193.png,128,0,9035164_3104869
9035164_3104869_x256_y0_crop194.png,256,0,9035164_3104869
9035164_3104869_x384_y0_crop195.png,384,0,9035164_3104869
9035164_3104869_x0_y128_crop196.png,0,128,9035164_3104869
9035164_3104869_x128_y128_crop197.png,128,128,9035164_3104869
9035164_3104869_x256_y128_crop198.png,256,128,9035164_3104869
9035164_3104869_x384_y128_crop199.png,384,128,9035164_3104869
9035164_3104869_x0_y256_crop200.png,0,256,9035164_3104869
9035164_3104869_x128_y256_crop201.png,128,256,9035164_3104869
9035164_3104869_x256_y256_crop202.png,256,256,9035164_3104869
9035164_3104869_x384_y256_crop203.png,384,256,9035164_3104869
9035164_3104869_x0_y384_crop204.png,0,384,9035164_3104869
9035164_3104869_x128_y384_crop205.png,128,384,9035164_3104869
9035164_3104869_x256_y384_crop206.png,256,384,9035164_3104869
9035164_3104869_x384_y384_crop207.png,384,384,9035164_3104869
8988385_3085607_x0_y0_crop208.png,0,0,8988385_3085607
8988385_3085607_x128_y0_crop209.png,128,0,8988385_3085607
8988385_3085607_x256_y0_crop210.png,256,0,8988385_3085607
8988385_3085607_x384_y0_crop211.png,384,0,8988385_3085607
8988385_3085607_x0_y128_crop212.png,0,128,8988385_3085607
8988385_3085607_x128_y128_crop213.png,128,128,8988385_3085607
8988385_3085607_x256_y128_crop214.png,256,128,8988385_3085607
8988385_3085607_x384_y128_crop215.png,384,128,8988385_3085607
8988385_3085607_x0_y256_crop216.png,0,256,8988385_3085607
8988385_3085607_x128_y256_crop217.png,128,256,8988385_3085607
8988385_3085607_x256_y256_crop218.png,256,256,8988385_3085607
8988385_3085607_x384_y256_crop219.png,384,256,8988385_3085607
8988385_3085607_x0_y384_crop220.png,0,384,8988385_3085607
8988385_3085607_x128_y384_crop221.png,128,384,8988385_3085607
8988385_3085607_x256_y384_crop222.png,256,384,8988385_3085607
8988385_3085607_x384_y384_crop223.png,384,384,8988385_3085607
8980130_3096614_x0_y0_crop224.png,0,0,8980130_3096614
8980130_3096614_x128_y0_crop225.png,128,0,8980130_3096614
8980130_3096614_x256_y0_crop226.png,256,0,8980130_3096614
8980130_3096614_x384_y0_crop227.png,384,0,8980130_3096614
8980130_3096614_x0_y128_crop228.png,0,128,8980130_3096614
8980130_3096614_x128_y128_crop229.png,128,128,8980130_3096614
8980130_3096614_x256_y128_crop230.png,256,128,8980130_3096614
8980130_3096614_x384_y128_crop231.png,384,128,8980130_3096614
8980130_3096614_x0_y256_crop232.png,0,256,8980130_3096614
8980130_3096614_x128_y256_crop233.png,128,256,8980130_3096614
8980130_3096614_x256_y256_crop234.png,256,256,8980130_3096614
8980130_3096614_x384_y256_crop235.png,384,256,8980130_3096614
8980130_3096614_x0_y384_crop236.png,0,384,8980130_3096614
8980130_3096614_x128_y384_crop237.png,128,384,8980130_3096614
8980130_3096614_x256_y384_crop238.png,256,384,8980130_3096614
8980130_3096614_x384_y384_crop239.png,384,384,8980130_3096614
9026909_3107621_x0_y0_crop240.png,0,0,9026909_3107621
9026909_3107621_x128_y0_crop241.png,128,0,9026909_3107621
9026909_3107621_x256_y0_crop242.png,256,0,9026909_3107621
9026909_3107621_x384_y0_crop243.png,384,0,9026909_3107621
9026909_3107621_x0_y128_crop244.png,0,128,9026909_3107621
9026909_3107621_x128_y128_crop245.png,128,128,9026909_3107621
9026909_3107621_x256_y128_crop246.png,256,128,9026909_3107621
9026909_3107621_x384_y128_crop247.png,384,128,9026909_3107621
9026909_3107621_x0_y256_crop248.png,0,256,9026909_3107621
9026909_3107621_x128_y256_crop249.png,128,256,9026909_3107621
9026909_3107621_x256_y256_crop250.png,256,256,9026909_3107621
9026909_3107621_x384_y256_crop251.png,384,256,9026909_3107621
9026909_3107621_x0_y384_crop252.png,0,384,9026909_3107621
9026909_3107621_x128_y384_crop253.png,128,384,9026909_3107621
9026909_3107621_x256_y384_crop254.png,256,384,9026909_3107621
9026909_3107621_x384_y384_crop255.png,384,384,9026909_3107621
8999392_3088359_x0_y0_crop256.png,0,0,8999392_3088359
8999392_3088359_x128_y0_crop257.png,128,0,8999392_3088359
8999392_3088359_x256_y0_crop258.png,256,0,8999392_3088359
8999392_3088359_x384_y0_crop259.png,384,0,8999392_3088359
8999392_3088359_x0_y128_crop260.png,0,128,8999392_3088359
8999392_3088359_x128_y128_crop261.png,128,128,8999392_3088359
8999392_3088359_x256_y128_crop262.png,256,128,8999392_3088359
8999392_3088359_x384_y128_crop263.png,384,128,8999392_3088359
8999392_3088359_x0_y256_crop264.png,0,256,8999392_3088359
8999392_3088359_x128_y256_crop265.png,128,256,8999392_3088359
8999392_3088359_x256_y256_crop266.png,256,256,8999392_3088359
8999392_3088359_x384_y256_crop267.png,384,256,8999392_3088359
8999392_3088359_x0_y384_crop268.png,0,384,8999392_3088359
8999392_3088359_x128_y384_crop269.png,128,384,8999392_3088359
8999392_3088359_x256_y384_crop270.png,256,384,8999392_3088359
8999392_3088359_x384_y384_crop271.png,384,384,8999392_3088359
9026909_3124131_x0_y0_crop272.png,0,0,9026909_3124131
9026909_3124131_x128_y0_crop273.png,128,0,9026909_3124131
9026909_3124131_x256_y0_crop274.png,256,0,9026909_3124131
9026909_3124131_x384_y0_crop275.png,384,0,9026909_3124131
9026909_3124131_x0_y128_crop276.png,0,128,9026909_3124131
9026909_3124131_x128_y128_crop277.png,128,128,9026909_3124131
9026909_3124131_x256_y128_crop278.png,256,128,9026909_3124131
9026909_3124131_x384_y128_crop279.png,384,128,9026909_3124131
9026909_3124131_x0_y256_crop280.png,0,256,9026909_3124131
9026909_3124131_x128_y256_crop281.png,128,256,9026909_3124131
9026909_3124131_x256_y256_crop282.png,256,256,9026909_3124131
9026909_3124131_x384_y256_crop283.png,384,256,9026909_3124131
9026909_3124131_x0_y384_crop284.png,0,384,9026909_3124131
9026909_3124131_x128_y384_crop285.png,128,384,9026909_3124131
9026909_3124131_x256_y384_crop286.png,256,384,9026909_3124131
9026909_3124131_x384_y384_crop287.png,384,384,9026909_3124131
8991137_3077352_x0_y0_crop288.png,0,0,8991137_3077352
8991137_3077352_x128_y0_crop289.png,128,0,8991137_3077352
8991137_3077352_x256_y0_crop290.png,256,0,8991137_3077352
8991137_3077352_x384_y0_crop291.png,384,0,8991137_3077352
8991137_3077352_x0_y128_crop292.png,0,128,8991137_3077352
8991137_3077352_x128_y128_crop293.png,128,128,8991137_3077352
8991137_3077352_x256_y128_crop294.png,256,128,8991137_3077352
8991137_3077352_x384_y128_crop295.png,384,128,8991137_3077352
8991137_3077352_x0_y256_crop296.png,0,256,8991137_3077352
8991137_3077352_x128_y256_crop297.png,128,256,8991137_3077352
8991137_3077352_x256_y256_crop298.png,256,256,8991137_3077352
8991137_3077352_x384_y256_crop299.png,384,256,8991137_3077352
8991137_3077352_x0_y384_crop300.png,0,384,8991137_3077352
8991137_3077352_x128_y384_crop301.png,128,384,8991137_3077352
8991137_3077352_x256_y384_crop302.png,256,384,8991137_3077352
8991137_3077352_x384_y384_crop303.png,384,384,8991137_3077352
8988385_3093862_x0_y0_crop304.png,0,0,8988385_3093862
8988385_3093862_x128_y0_crop305.png,128,0,8988385_3093862
8988385_3093862_x256_y0_crop306.png,256,0,8988385_3093862
8988385_3093862_x384_y0_crop307.png,384,0,8988385_3093862
8988385_3093862_x0_y128_crop308.png,0,128,8988385_3093862
8988385_3093862_x128_y128_crop309.png,128,128,8988385_3093862
8988385_3093862_x256_y128_crop310.png,256,128,8988385_3093862
8988385_3093862_x384_y128_crop311.png,384,128,8988385_3093862
8988385_3093862_x0_y256_crop312.png,0,256,8988385_3093862
8988385_3093862_x128_y256_crop313.png,128,256,8988385_3093862
8988385_3093862_x256_y256_crop314.png,256,256,8988385_3093862
8988385_3093862_x384_y256_crop315.png,384,256,8988385_3093862
8988385_3093862_x0_y384_crop316.png,0,384,8988385_3093862
8988385_3093862_x128_y384_crop317.png,128,384,8988385_3093862
8988385_3093862_x256_y384_crop318.png,256,384,8988385_3093862
8988385_3093862_x384_y384_crop319.png,384,384,8988385_3093862
8993888_3082855_x0_y0_crop320.png,0,0,8993888_3082855
8993888_3082855_x128_y0_crop321.png,128,0,8993888_3082855
8993888_3082855_x256_y0_crop322.png,256,0,8993888_3082855
8993888_3082855_x384_y0_crop323.png,384,0,8993888_3082855
8993888_3082855_x0_y128_crop324.png,0,128,8993888_3082855
8993888_3082855_x128_y128_crop325.png,128,128,8993888_3082855
8993888_3082855_x256_y128_crop326.png,256,128,8993888_3082855
8993888_3082855_x384_y128_crop327.png,384,128,8993888_3082855
8993888_3082855_x0_y256_crop328.png,0,256,8993888_3082855
8993888_3082855_x128_y256_crop329.png,128,256,8993888_3082855
8993888_3082855_x256_y256_crop330.png,256,256,8993888_3082855
8993888_3082855_x384_y256_crop331.png,384,256,8993888_3082855
8993888_3082855_x0_y384_crop332.png,0,384,8993888_3082855
8993888_3082855_x128_y384_crop333.png,128,384,8993888_3082855
8993888_3082855_x256_y384_crop334.png,256,384,8993888_3082855
8993888_3082855_x384_y384_crop335.png,384,384,8993888_3082855
8991137_3096614_x0_y0_crop336.png,0,0,8991137_3096614
8991137_3096614_x128_y0_crop337.png,128,0,8991137_3096614
8991137_3096614_x256_y0_crop338.png,256,0,8991137_3096614
8991137_3096614_x384_y0_crop339.png,384,0,8991137_3096614
8991137_3096614_x0_y128_crop340.png,0,128,8991137_3096614
8991137_3096614_x128_y128_crop341.png,128,128,8991137_3096614
8991137_3096614_x256_y128_crop342.png,256,128,8991137_3096614
8991137_3096614_x384_y128_crop343.png,384,128,8991137_3096614
8991137_3096614_x0_y256_crop344.png,0,256,8991137_3096614
8991137_3096614_x128_y256_crop345.png,128,256,8991137_3096614
8991137_3096614_x256_y256_crop346.png,256,256,8991137_3096614
8991137_3096614_x384_y256_crop347.png,384,256,8991137_3096614
8991137_3096614_x0_y384_crop348.png,0,384,8991137_3096614
8991137_3096614_x128_y384_crop349.png,128,384,8991137_3096614
8991137_3096614_x256_y384_crop350.png,256,384,8991137_3096614
8991137_3096614_x384_y384_crop351.png,384,384,8991137_3096614
9010399_3077352_x0_y0_crop352.png,0,0,9010399_3077352
9010399_3077352_x128_y0_crop353.png,128,0,9010399_3077352
9010399_3077352_x256_y0_crop354.png,256,0,9010399_3077352
9010399_3077352_x384_y0_crop355.png,384,0,9010399_3077352
9010399_3077352_x0_y128_crop356.png,0,128,9010399_3077352
9010399_3077352_x128_y128_crop357.png,128,128,9010399_3077352
9010399_3077352_x256_y128_crop358.png,256,128,9010399_3077352
9010399_3077352_x384_y128_crop359.png,384,128,9010399_3077352
9010399_3077352_x0_y256_crop360.png,0,256,9010399_3077352
9010399_3077352_x128_y256_crop361.png,128,256,9010399_3077352
9010399_3077352_x256_y256_crop362.png,256,256,9010399_3077352
9010399_3077352_x384_y256_crop363.png,384,256,9010399_3077352
9010399_3077352_x0_y384_crop364.png,0,384,9010399_3077352
9010399_3077352_x128_y384_crop365.png,128,384,9010399_3077352
9010399_3077352_x256_y384_crop366.png,256,384,9010399_3077352
9010399_3077352_x384_y384_crop367.png,384,384,9010399_3077352
9007647_3093862_x0_y0_crop368.png,0,0,9007647_3093862
9007647_3093862_x128_y0_crop369.png,128,0,9007647_3093862
9007647_3093862_x256_y0_crop370.png,256,0,9007647_3093862
9007647_3093862_x384_y0_crop371.png,384,0,9007647_3093862
9007647_3093862_x0_y128_crop372.png,0,128,9007647_3093862
9007647_3093862_x128_y128_crop373.png,128,128,9007647_3093862
9007647_3093862_x256_y128_crop374.png,256,128,9007647_3093862
9007647_3093862_x384_y128_crop375.png,384,128,9007647_3093862
9007647_3093862_x0_y256_crop376.png,0,256,9007647_3093862
9007647_3093862_x128_y256_crop377.png,128,256,9007647_3093862
9007647_3093862_x256_y256_crop378.png,256,256,9007647_3093862
9007647_3093862_x384_y256_crop379.png,384,256,9007647_3093862
9007647_3093862_x0_y384_crop380.png,0,384,9007647_3093862
9007647_3093862_x128_y384_crop381.png,128,384,9007647_3093862
9007647_3093862_x256_y384_crop382.png,256,384,9007647_3093862
9007647_3093862_x384_y384_crop383.png,384,384,9007647_3093862
8991137_3124131_x0_y0_crop384.png,0,0,8991137_3124131
8991137_3124131_x128_y0_crop385.png,128,0,8991137_3124131
8991137_3124131_x256_y0_crop386.png,256,0,8991137_3124131
8991137_3124131_x384_y0_crop387.png,384,0,8991137_3124131
8991137_3124131_x0_y128_crop388.png,0,128,8991137_3124131
8991137_3124131_x128_y128_crop389.png,128,128,8991137_3124131
8991137_3124131_x256_y128_crop390.png,256,128,8991137_3124131
8991137_3124131_x384_y128_crop391.png,384,128,8991137_3124131
8991137_3124131_x0_y256_crop392.png,0,256,8991137_3124131
8991137_3124131_x128_y256_crop393.png,128,256,8991137_3124131
8991137_3124131_x256_y256_crop394.png,256,256,8991137_3124131
8991137_3124131_x384_y256_crop395.png,384,256,8991137_3124131
8991137_3124131_x0_y384_crop396.png,0,384,8991137_3124131
8991137_3124131_x128_y384_crop397.png,128,384,8991137_3124131
8991137_3124131_x256_y384_crop398.png,256,384,8991137_3124131
8991137_3124131_x384_y384_crop399.png,384,384,8991137_3124131
9032413_3140642_x0_y0_crop400.png,0,0,9032413_3140642
9032413_3140642_x128_y0_crop401.png,128,0,9032413_3140642
9032413_3140642_x256_y0_crop402.png,256,0,9032413_3140642
9032413_3140642_x384_y0_crop403.png,384,0,9032413_3140642
9032413_3140642_x0_y128_crop404.png,0,128,9032413_3140642
9032413_3140642_x128_y128_crop405.png,128,128,9032413_3140642
9032413_3140642_x256_y128_crop406.png,256,128,9032413_3140642
9032413_3140642_x384_y128_crop407.png,384,128,9032413_3140642
9032413_3140642_x0_y256_crop408.png,0,256,9032413_3140642
9032413_3140642_x128_y256_crop409.png,128,256,9032413_3140642
9032413_3140642_x256_y256_crop410.png,256,256,9032413_3140642
9032413_3140642_x384_y256_crop411.png,384,256,9032413_3140642
9032413_3140642_x0_y384_crop412.png,0,384,9032413_3140642
9032413_3140642_x128_y384_crop413.png,128,384,9032413_3140642
9032413_3140642_x256_y384_crop414.png,256,384,9032413_3140642
9032413_3140642_x384_y384_crop415.png,384,384,9032413_3140642
9021406_3093862_x0_y0_crop416.png,0,0,9021406_3093862
9021406_3093862_x128_y0_crop417.png,128,0,9021406_3093862
9021406_3093862_x256_y0_crop418.png,256,0,9021406_3093862
9021406_3093862_x384_y0_crop419.png,384,0,9021406_3093862
9021406_3093862_x0_y128_crop420.png,0,128,9021406_3093862
9021406_3093862_x128_y128_crop421.png,128,128,9021406_3093862
9021406_3093862_x256_y128_crop422.png,256,128,9021406_3093862
9021406_3093862_x384_y128_crop423.png,384,128,9021406_3093862
9021406_3093862_x0_y256_crop424.png,0,256,9021406_3093862
9021406_3093862_x128_y256_crop425.png,128,256,9021406_3093862
9021406_3093862_x256_y256_crop426.png,256,256,9021406_3093862
9021406_3093862_x384_y256_crop427.png,384,256,9021406_3093862
9021406_3093862_x0_y384_crop428.png,0,384,9021406_3093862
9021406_3093862_x128_y384_crop429.png,128,384,9021406_3093862
9021406_3093862_x256_y384_crop430.png,256,384,9021406_3093862
9021406_3093862_x384_y384_crop431.png,384,384,9021406_3093862
9032413_3096614_x0_y0_crop432.png,0,0,9032413_3096614
9032413_3096614_x128_y0_crop433.png,128,0,9032413_3096614
9032413_3096614_x256_y0_crop434.png,256,0,9032413_3096614
9032413_3096614_x384_y0_crop435.png,384,0,9032413_3096614
9032413_3096614_x0_y128_crop436.png,0,128,9032413_3096614
9032413_3096614_x128_y128_crop437.png,128,128,9032413_3096614
9032413_3096614_x256_y128_crop438.png,256,128,9032413_3096614
9032413_3096614_x384_y128_crop439.png,384,128,9032413_3096614
9032413_3096614_x0_y256_crop440.png,0,256,9032413_3096614
9032413_3096614_x128_y256_crop441.png,128,256,9032413_3096614
9032413_3096614_x256_y256_crop442.png,256,256,9032413_3096614
9032413_3096614_x384_y256_crop443.png,384,256,9032413_3096614
9032413_3096614_x0_y384_crop444.png,0,384,9032413_3096614
9032413_3096614_x128_y384_crop445.png,128,384,9032413_3096614
9032413_3096614_x256_y384_crop446.png,256,384,9032413_3096614
9032413_3096614_x384_y384_crop447.png,384,384,9032413_3096614
9007647_3080104_x0_y0_crop448.png,0,0,9007647_3080104
9007647_3080104_x128_y0_crop449.png,128,0,9007647_3080104
9007647_3080104_x256_y0_crop450.png,256,0,9007647_3080104
9007647_3080104_x384_y0_crop451.png,384,0,9007647_3080104
9007647_3080104_x0_y128_crop452.png,0,128,9007647_3080104
9007647_3080104_x128_y128_crop453.png,128,128,9007647_3080104
9007647_3080104_x256_y128_crop454.png,256,128,9007647_3080104
9007647_3080104_x384_y128_crop455.png,384,128,9007647_3080104
9007647_3080104_x0_y256_crop456.png,0,256,9007647_3080104
9007647_3080104_x128_y256_crop457.png,128,256,9007647_3080104
9007647_3080104_x256_y256_crop458.png,256,256,9007647_3080104
9007647_3080104_x384_y256_crop459.png,384,256,9007647_3080104
9007647_3080104_x0_y384_crop460.png,0,384,9007647_3080104
9007647_3080104_x128_y384_crop461.png,128,384,9007647_3080104
9007647_3080104_x256_y384_crop462.png,256,384,9007647_3080104
9007647_3080104_x384_y384_crop463.png,384,384,9007647_3080104
8985633_3146145_x0_y0_crop464.png,0,0,8985633_3146145
8985633_3146145_x128_y0_crop465.png,128,0,8985633_3146145
8985633_3146145_x256_y0_crop466.png,256,0,8985633_3146145
8985633_3146145_x384_y0_crop467.png,384,0,8985633_3146145
8985633_3146145_x0_y128_crop468.png,0,128,8985633_3146145
8985633_3146145_x128_y128_crop469.png,128,128,8985633_3146145
8985633_3146145_x256_y128_crop470.png,256,128,8985633_3146145
8985633_3146145_x384_y128_crop471.png,384,128,8985633_3146145
8985633_3146145_x0_y256_crop472.png,0,256,8985633_3146145
8985633_3146145_x128_y256_crop473.png,128,256,8985633_3146145
8985633_3146145_x256_y256_crop474.png,256,256,8985633_3146145
8985633_3146145_x384_y256_crop475.png,384,256,8985633_3146145
8985633_3146145_x0_y384_crop476.png,0,384,8985633_3146145
8985633_3146145_x128_y384_crop477.png,128,384,8985633_3146145
8985633_3146145_x256_y384_crop478.png,256,384,8985633_3146145
8985633_3146145_x384_y384_crop479.png,384,384,8985633_3146145
8980130_3082855_x0_y0_crop480.png,0,0,8980130_3082855
8980130_3082855_x128_y0_crop481.png,128,0,8980130_3082855
8980130_3082855_x256_y0_crop482.png,256,0,8980130_3082855
8980130_3082855_x384_y0_crop483.png,384,0,8980130_3082855
8980130_3082855_x0_y128_crop484.png,0,128,8980130_3082855
8980130_3082855_x128_y128_crop485.png,128,128,8980130_3082855
8980130_3082855_x256_y128_crop486.png,256,128,8980130_3082855
8980130_3082855_x384_y128_crop487.png,384,128,8980130_3082855
8980130_3082855_x0_y256_crop488.png,0,256,8980130_3082855
8980130_3082855_x128_y256_crop489.png,128,256,8980130_3082855
8980130_3082855_x256_y256_crop490.png,256,256,8980130_3082855
8980130_3082855_x384_y256_crop491.png,384,256,8980130_3082855
8980130_3082855_x0_y384_crop492.png,0,384,8980130_3082855
8980130_3082855_x128_y384_crop493.png,128,384,8980130_3082855
8980130_3082855_x256_y384_crop494.png,256,384,8980130_3082855
8980130_3082855_x384_y384_crop495.png,384,384,8980130_3082855
9004895_3082855_x0_y0_crop496.png,0,0,9004895_3082855
9004895_3082855_x128_y0_crop497.png,128,0,9004895_3082855
9004895_3082855_x256_y0_crop498.png,256,0,9004895_3082855
9004895_3082855_x384_y0_crop499.png,384,0,9004895_3082855
9004895_3082855_x0_y128_crop500.png,0,128,9004895_3082855
9004895_3082855_x128_y128_crop501.png,128,128,9004895_3082855
9004895_3082855_x256_y128_crop502.png,256,128,9004895_3082855
9004895_3082855_x384_y128_crop503.png,384,128,9004895_3082855
9004895_3082855_x0_y256_crop504.png,0,256,9004895_3082855
9004895_3082855_x128_y256_crop505.png,128,256,9004895_3082855
9004895_3082855_x256_y256_crop506.png,256,256,9004895_3082855
9004895_3082855_x384_y256_crop507.png,384,256,9004895_3082855
9004895_3082855_x0_y384_crop508.png,0,384,9004895_3082855
9004895_3082855_x128_y384_crop509.png,128,384,9004895_3082855
9004895_3082855_x256_y384_crop510.png,256,384,9004895_3082855
9004895_3082855_x384_y384_crop511.png,384,384,9004895_3082855
8985633_3085607_x0_y0_crop512.png,0,0,8985633_3085607
8985633_3085607_x128_y0_crop513.png,128,0,8985633_3085607
8985633_3085607_x256_y0_crop514.png,256,0,8985633_3085607
8985633_3085607_x384_y0_crop515.png,384,0,8985633_3085607
8985633_3085607_x0_y128_crop516.png,0,128,8985633_3085607
8985633_3085607_x128_y128_crop517.png,128,128,8985633_3085607
8985633_3085607_x256_y128_crop518.png,256,128,8985633_3085607
8985633_3085607_x384_y128_crop519.png,384,128,8985633_3085607
8985633_3085607_x0_y256_crop520.png,0,256,8985633_3085607
8985633_3085607_x128_y256_crop521.png,128,256,8985633_3085607
8985633_3085607_x256_y256_crop522.png,256,256,8985633_3085607
8985633_3085607_x384_y256_crop523.png,384,256,8985633_3085607
8985633_3085607_x0_y384_crop524.png,0,384,8985633_3085607
8985633_3085607_x128_y384_crop525.png,128,384,8985633_3085607
8985633_3085607_x256_y384_crop526.png,256,384,8985633_3085607
8985633_3085607_x384_y384_crop527.png,384,384,8985633_3085607
8993888_3113124_x0_y0_crop528.png,0,0,8993888_3113124
8993888_3113124_x128_y0_crop529.png,128,0,8993888_3113124
8993888_3113124_x256_y0_crop530.png,256,0,8993888_3113124
8993888_3113124_x384_y0_crop531.png,384,0,8993888_3113124
8993888_3113124_x0_y128_crop532.png,0,128,8993888_3113124
8993888_3113124_x128_y128_crop533.png,128,128,8993888_3113124
8993888_3113124_x256_y128_crop534.png,256,128,8993888_3113124
8993888_3113124_x384_y128_crop535.png,384,128,8993888_3113124
8993888_3113124_x0_y256_crop536.png,0,256,8993888_3113124
8993888_3113124_x128_y256_crop537.png,128,256,8993888_3113124
8993888_3113124_x256_y256_crop538.png,256,256,8993888_3113124
8993888_3113124_x384_y256_crop539.png,384,256,8993888_3113124
8993888_3113124_x0_y384_crop540.png,0,384,8993888_3113124
8993888_3113124_x128_y384_crop541.png,128,384,8993888_3113124
8993888_3113124_x256_y384_crop542.png,256,384,8993888_3113124
8993888_3113124_x384_y384_crop543.png,384,384,8993888_3113124
9040668_3091111_x0_y0_crop544.png,0,0,9040668_3091111
9040668_3091111_x128_y0_crop545.png,128,0,9040668_3091111
9040668_3091111_x256_y0_crop546.png,256,0,9040668_3091111
9040668_3091111_x384_y0_crop547.png,384,0,9040668_3091111
9040668_3091111_x0_y128_crop548.png,0,128,9040668_3091111
9040668_3091111_x128_y128_crop549.png,128,128,9040668_3091111
9040668_3091111_x256_y128_crop550.png,256,128,9040668_3091111
9040668_3091111_x384_y128_crop551.png,384,128,9040668_3091111
9040668_3091111_x0_y256_crop552.png,0,256,9040668_3091111
9040668_3091111_x128_y256_crop553.png,128,256,9040668_3091111
9040668_3091111_x256_y256_crop554.png,256,256,9040668_3091111
9040668_3091111_x384_y256_crop555.png,384,256,9040668_3091111
9040668_3091111_x0_y384_crop556.png,0,384,9040668_3091111
9040668_3091111_x128_y384_crop557.png,128,384,9040668_3091111
9040668_3091111_x256_y384_crop558.png,256,384,9040668_3091111
9040668_3091111_x384_y384_crop559.png,384,384,9040668_3091111
8985633_3091111_x0_y0_crop560.png,0,0,8985633_3091111
8985633_3091111_x128_y0_crop561.png,128,0,8985633_3091111
8985633_3091111_x256_y0_crop562.png,256,0,8985633_3091111
8985633_3091111_x384_y0_crop563.png,384,0,8985633_3091111
8985633_3091111_x0_y128_crop564.png,0,128,8985633_3091111
8985633_3091111_x128_y128_crop565.png,128,128,8985633_3091111
8985633_3091111_x256_y128_crop566.png,256,128,8985633_3091111
8985633_3091111_x384_y128_crop567.png,384,128,8985633_3091111
8985633_3091111_x0_y256_crop568.png,0,256,8985633_3091111
8985633_3091111_x128_y256_crop569.png,128,256,8985633_3091111
8985633_3091111_x256_y256_crop570.png,256,256,8985633_3091111
8985633_3091111_x384_y256_crop571.png,384,256,8985633_3091111
8985633_3091111_x0_y384_crop572.png,0,384,8985633_3091111
8985633_3091111_x128_y384_crop573.png,128,384,8985633_3091111
8985633_3091111_x256_y384_crop574.png,256,384,8985633_3091111
8985633_3091111_x384_y384_crop575.png,384,384,8985633_3091111
9013151_3115876_x0_y0_crop576.png,0,0,9013151_3115876
9013151_3115876_x128_y0_crop577.png,128,0,9013151_3115876
9013151_3115876_x256_y0_crop578.png,256,0,9013151_3115876
9013151_3115876_x384_y0_crop579.png,384,0,9013151_3115876
9013151_3115876_x0_y128_crop580.png,0,128,9013151_3115876
9013151_3115876_x128_y128_crop581.png,128,128,9013151_3115876
9013151_3115876_x256_y128_crop582.png,256,128,9013151_3115876
9013151_3115876_x384_y128_crop583.png,384,128,9013151_3115876
9013151_3115876_x0_y256_crop584.png,0,256,9013151_3115876
9013151_3115876_x128_y256_crop585.png,128,256,9013151_3115876
9013151_3115876_x256_y256_crop586.png,256,256,9013151_3115876
9013151_3115876_x384_y256_crop587.png,384,256,9013151_3115876
9013151_3115876_x0_y384_crop588.png,0,384,9013151_3115876
9013151_3115876_x128_y384_crop589.png,128,384,9013151_3115876
9013151_3115876_x256_y384_crop590.png,256,384,9013151_3115876
9013151_3115876_x384_y384_crop591.png,384,384,9013151_3115876
9029661_3102117_x0_y0_crop592.png,0,0,9029661_3102117
9029661_3102117_x128_y0_crop593.png,128,0,9029661_3102117
9029661_3102117_x256_y0_crop594.png,256,0,9029661_3102117
9029661_3102117_x384_y0_crop595.png,384,0,9029661_3102117
9029661_3102117_x0_y128_crop596.png,0,128,9029661_3102117
9029661_3102117_x128_y128_crop597.png,128,128,9029661_3102117
9029661_3102117_x256_y128_crop598.png,256,128,9029661_3102117
9029661_3102117_x384_y128_crop599.png,384,128,9029661_3102117
9029661_3102117_x0_y256_crop600.png,0,256,9029661_3102117
9029661_3102117_x128_y256_crop601.png,128,256,9029661_3102117
9029661_3102117_x256_y256_crop602.png,256,256,9029661_3102117
9029661_3102117_x384_y256_crop603.png,384,256,9029661_3102117
9029661_3102117_x0_y384_crop604.png,0,384,9029661_3102117
9029661_3102117_x128_y384_crop605.png,128,384,9029661_3102117
9029661_3102117_x256_y384_crop606.png,256,384,9029661_3102117
9029661_3102117_x384_y384_crop607.png,384,384,9029661_3102117
9015902_3096614_x0_y0_crop608.png,0,0,9015902_3096614
9015902_3096614_x128_y0_crop609.png,128,0,9015902_3096614
9015902_3096614_x256_y0_crop610.png,256,0,9015902_3096614
9015902_3096614_x384_y0_crop611.png,384,0,9015902_3096614
9015902_3096614_x0_y128_crop612.png,0,128,9015902_3096614
9015902_3096614_x128_y128_crop613.png,128,128,9015902_3096614
9015902_3096614_x256_y128_crop614.png,256,128,9015902_3096614
9015902_3096614_x384_y128_crop615.png,384,128,9015902_3096614
9015902_3096614_x0_y256_crop616.png,0,256,9015902_3096614
9015902_3096614_x128_y256_crop617.png,128,256,9015902_3096614
9015902_3096614_x256_y256_crop618.png,256,256,9015902_3096614
9015902_3096614_x384_y256_crop619.png,384,256,9015902_3096614
9015902_3096614_x0_y384_crop620.png,0,384,9015902_3096614
9015902_3096614_x128_y384_crop621.png,128,384,9015902_3096614
9015902_3096614_x256_y384_crop622.png,256,384,9015902_3096614
9015902_3096614_x384_y384_crop623.png,384,384,9015902_3096614
9026909_3085607_x0_y0_crop624.png,0,0,9026909_3085607
9026909_3085607_x128_y0_crop625.png,128,0,9026909_3085607
9026909_3085607_x256_y0_crop626.png,256,0,9026909_3085607
9026909_3085607_x384_y0_crop627.png,384,0,9026909_3085607
9026909_3085607_x0_y128_crop628.png,0,128,9026909_3085607
9026909_3085607_x128_y128_crop629.png,128,128,9026909_3085607
9026909_3085607_x256_y128_crop630.png,256,128,9026909_3085607
9026909_3085607_x384_y128_crop631.png,384,128,9026909_3085607
9026909_3085607_x0_y256_crop632.png,0,256,9026909_3085607
9026909_3085607_x128_y256_crop633.png,128,256,9026909_3085607
9026909_3085607_x256_y256_crop634.png,256,256,9026909_3085607
9026909_3085607_x384_y256_crop635.png,384,256,9026909_3085607
9026909_3085607_x0_y384_crop636.png,0,384,9026909_3085607
9026909_3085607_x128_y384_crop637.png,128,384,9026909_3085607
9026909_3085607_x256_y384_crop638.png,256,384,9026909_3085607
9026909_3085607_x384_y384_crop639.png,384,384,9026909_3085607
9007647_3110373_x0_y0_crop640.png,0,0,9007647_3110373
9007647_3110373_x128_y0_crop641.png,128,0,9007647_3110373
9007647_3110373_x256_y0_crop642.png,256,0,9007647_3110373
9007647_3110373_x384_y0_crop643.png,384,0,9007647_3110373
9007647_3110373_x0_y128_crop644.png,0,128,9007647_3110373
9007647_3110373_x128_y128_crop645.png,128,128,9007647_3110373
9007647_3110373_x256_y128_crop646.png,256,128,9007647_3110373
9007647_3110373_x384_y128_crop647.png,384,128,9007647_3110373
9007647_3110373_x0_y256_crop648.png,0,256,9007647_3110373
9007647_3110373_x128_y256_crop649.png,128,256,9007647_3110373
9007647_3110373_x256_y256_crop650.png,256,256,9007647_3110373
9007647_3110373_x384_y256_crop651.png,384,256,9007647_3110373
9007647_3110373_x0_y384_crop652.png,0,384,9007647_3110373
9007647_3110373_x128_y384_crop653.png,128,384,9007647_3110373
9007647_3110373_x256_y384_crop654.png,256,384,9007647_3110373
9007647_3110373_x384_y384_crop655.png,384,384,9007647_3110373
9004895_3126883_x0_y0_crop656.png,0,0,9004895_3126883
9004895_3126883_x128_y0_crop657.png,128,0,9004895_3126883
9004895_3126883_x256_y0_crop658.png,256,0,9004895_3126883
9004895_3126883_x384_y0_crop659.png,384,0,9004895_3126883
9004895_3126883_x0_y128_crop660.png,0,128,9004895_3126883
9004895_3126883_x128_y128_crop661.png,128,128,9004895_3126883
9004895_3126883_x256_y128_crop662.png,256,128,9004895_3126883
9004895_3126883_x384_y128_crop663.png,384,128,9004895_3126883
9004895_3126883_x0_y256_crop664.png,0,256,9004895_3126883
9004895_3126883_x128_y256_crop665.png,128,256,9004895_3126883
9004895_3126883_x256_y256_crop666.png,256,256,9004895_3126883
9004895_3126883_x384_y256_crop667.png,384,256,9004895_3126883
9004895_3126883_x0_y384_crop668.png,0,384,9004895_3126883
9004895_3126883_x128_y384_crop669.png,128,384,9004895_3126883
9004895_3126883_x256_y384_crop670.png,256,384,9004895_3126883
9004895_3126883_x384_y384_crop671.png,384,384,9004895_3126883
9007647_3143393_x0_y0_crop672.png,0,0,9007647_3143393
9007647_3143393_x128_y0_crop673.png,128,0,9007647_3143393
9007647_3143393_x256_y0_crop674.png,256,0,9007647_3143393
9007647_3143393_x384_y0_crop675.png,384,0,9007647_3143393
9007647_3143393_x0_y128_crop676.png,0,128,9007647_3143393
9007647_3143393_x128_y128_crop677.png,128,128,9007647_3143393
9007647_3143393_x256_y128_crop678.png,256,128,9007647_3143393
9007647_3143393_x384_y128_crop679.png,384,128,9007647_3143393
9007647_3143393_x0_y256_crop680.png,0,256,9007647_3143393
9007647_3143393_x128_y256_crop681.png,128,256,9007647_3143393
9007647_3143393_x256_y256_crop682.png,256,256,9007647_3143393
9007647_3143393_x384_y256_crop683.png,384,256,9007647_3143393
9007647_3143393_x0_y384_crop684.png,0,384,9007647_3143393
9007647_3143393_x128_y384_crop685.png,128,384,9007647_3143393
9007647_3143393_x256_y384_crop686.png,256,384,9007647_3143393
9007647_3143393_x384_y384_crop687.png,384,384,9007647_3143393
8988385_3099366_x0_y0_crop688.png,0,0,8988385_3099366
8988385_3099366_x128_y0_crop689.png,128,0,8988385_3099366
8988385_3099366_x256_y0_crop690.png,256,0,8988385_3099366
8988385_3099366_x384_y0_crop691.png,384,0,8988385_3099366
8988385_3099366_x0_y128_crop692.png,0,128,8988385_3099366
8988385_3099366_x128_y128_crop693.png,128,128,8988385_3099366
8988385_3099366_x256_y128_crop694.png,256,128,8988385_3099366
8988385_3099366_x384_y128_crop695.png,384,128,8988385_3099366
8988385_3099366_x0_y256_crop696.png,0,256,8988385_3099366
8988385_3099366_x128_y256_crop697.png,128,256,8988385_3099366
8988385_3099366_x256_y256_crop698.png,256,256,8988385_3099366
8988385_3099366_x384_y256_crop699.png,384,256,8988385_3099366
8988385_3099366_x0_y384_crop700.png,0,384,8988385_3099366
8988385_3099366_x128_y384_crop701.png,128,384,8988385_3099366
8988385_3099366_x256_y384_crop702.png,256,384,8988385_3099366
8988385_3099366_x384_y384_crop703.png,384,384,8988385_3099366
9007647_3091111_x0_y0_crop704.png,0,0,9007647_3091111
9007647_3091111_x128_y0_crop705.png,128,0,9007647_3091111
9007647_3091111_x256_y0_crop706.png,256,0,9007647_3091111
9007647_3091111_x384_y0_crop707.png,384,0,9007647_3091111
9007647_3091111_x0_y128_crop708.png,0,128,9007647_3091111
9007647_3091111_x128_y128_crop709.png,128,128,9007647_3091111
9007647_3091111_x256_y128_crop710.png,256,128,9007647_3091111
9007647_3091111_x384_y128_crop711.png,384,128,9007647_3091111
9007647_3091111_x0_y256_crop712.png,0,256,9007647_3091111
9007647_3091111_x128_y256_crop713.png,128,256,9007647_3091111
9007647_3091111_x256_y256_crop714.png,256,256,9007647_3091111
9007647_3091111_x384_y256_crop715.png,384,256,9007647_3091111
9007647_3091111_x0_y384_crop716.png,0,384,9007647_3091111
9007647_3091111_x128_y384_crop717.png,128,384,9007647_3091111
9007647_3091111_x256_y384_crop718.png,256,384,9007647_3091111
9007647_3091111_x384_y384_crop719.png,384,384,9007647_3091111
8982881_3126883_x0_y0_crop720.png,0,0,8982881_3126883
8982881_3126883_x128_y0_crop721.png,128,0,8982881_3126883
8982881_3126883_x256_y0_crop722.png,256,0,8982881_3126883
8982881_3126883_x384_y0_crop723.png,384,0,8982881_3126883
8982881_3126883_x0_y128_crop724.png,0,128,8982881_3126883
8982881_3126883_x128_y128_crop725.png,128,128,8982881_3126883
8982881_3126883_x256_y128_crop726.png,256,128,8982881_3126883
8982881_3126883_x384_y128_crop727.png,384,128,8982881_3126883
8982881_3126883_x0_y256_crop728.png,0,256,8982881_3126883
8982881_3126883_x128_y256_crop729.png,128,256,8982881_3126883
8982881_3126883_x256_y256_crop730.png,256,256,8982881_3126883
8982881_3126883_x384_y256_crop731.png,384,256,8982881_3126883
8982881_3126883_x0_y384_crop732.png,0,384,8982881_3126883
8982881_3126883_x128_y384_crop733.png,128,384,8982881_3126883
8982881_3126883_x256_y384_crop734.png,256,384,8982881_3126883
8982881_3126883_x384_y384_crop735.png,384,384,8982881_3126883
9035164_3126883_x0_y0_crop736.png,0,0,9035164_3126883
9035164_3126883_x128_y0_crop737.png,128,0,9035164_3126883
9035164_3126883_x256_y0_crop738.png,256,0,9035164_3126883
9035164_3126883_x384_y0_crop739.png,384,0,9035164_3126883
9035164_3126883_x0_y128_crop740.png,0,128,9035164_3126883
9035164_3126883_x128_y128_crop741.png,128,128,9035164_3126883
9035164_3126883_x256_y128_crop742.png,256,128,9035164_3126883
9035164_3126883_x384_y128_crop743.png,384,128,9035164_3126883
9035164_3126883_x0_y256_crop744.png,0,256,9035164_3126883
9035164_3126883_x128_y256_crop745.png,128,256,9035164_3126883
9035164_3126883_x256_y256_crop746.png,256,256,9035164_3126883
9035164_3126883_x384_y256_crop747.png,384,256,9035164_3126883
9035164_3126883_x0_y384_crop748.png,0,384,9035164_3126883
9035164_3126883_x128_y384_crop749.png,128,384,9035164_3126883
9035164_3126883_x256_y384_crop750.png,256,384,9035164_3126883
9035164_3126883_x384_y384_crop751.png,384,384,9035164_3126883
8985633_3121380_x0_y0_crop752.png,0,0,8985633_3121380
8985633_3121380_x128_y0_crop753.png,128,0,8985633_3121380
8985633_3121380_x256_y0_crop754.png,256,0,8985633_3121380
8985633_3121380_x384_y0_crop755.png,384,0,8985633_3121380
8985633_3121380_x0_y128_crop756.png,0,128,8985633_3121380
8985633_3121380_x128_y128_crop757.png,128,128,8985633_3121380
8985633_3121380_x256_y128_crop758.png,256,128,8985633_3121380
8985633_3121380_x384_y128_crop759.png,384,128,8985633_3121380
8985633_3121380_x0_y256_crop760.png,0,256,8985633_3121380
8985633_3121380_x128_y256_crop761.png,128,256,8985633_3121380
8985633_3121380_x256_y256_crop762.png,256,256,8985633_3121380
8985633_3121380_x384_y256_crop763.png,384,256,8985633_3121380
8985633_3121380_x0_y384_crop764.png,0,384,8985633_3121380
8985633_3121380_x128_y384_crop765.png,128,384,8985633_3121380
8985633_3121380_x256_y384_crop766.png,256,384,8985633_3121380
8985633_3121380_x384_y384_crop767.png,384,384,8985633_3121380
9010399_3118628_x0_y0_crop768.png,0,0,9010399_3118628
9010399_3118628_x128_y0_crop769.png,128,0,9010399_3118628
9010399_3118628_x256_y0_crop770.png,256,0,9010399_3118628
9010399_3118628_x384_y0_crop771.png,384,0,9010399_3118628
9010399_3118628_x0_y128_crop772.png,0,128,9010399_3118628
9010399_3118628_x128_y128_crop773.png,128,128,9010399_3118628
9010399_3118628_x256_y128_crop774.png,256,128,9010399_3118628
9010399_3118628_x384_y128_crop775.png,384,128,9010399_3118628
9010399_3118628_x0_y256_crop776.png,0,256,9010399_3118628
9010399_3118628_x128_y256_crop777.png,128,256,9010399_3118628
9010399_3118628_x256_y256_crop778.png,256,256,9010399_3118628
9010399_3118628_x384_y256_crop779.png,384,256,9010399_3118628
9010399_3118628_x0_y384_crop780.png,0,384,9010399_3118628
9010399_3118628_x128_y384_crop781.png,128,384,9010399_3118628
9010399_3118628_x256_y384_crop782.png,256,384,9010399_3118628
9010399_3118628_x384_y384_crop783.png,384,384,9010399_3118628
8993888_3099366_x0_y0_crop784.png,0,0,8993888_3099366
8993888_3099366_x128_y0_crop785.png,128,0,8993888_3099366
8993888_3099366_x256_y0_crop786.png,256,0,8993888_3099366
8993888_3099366_x384_y0_crop787.png,384,0,8993888_3099366
8993888_3099366_x0_y128_crop788.png,0,128,8993888_3099366
8993888_3099366_x128_y128_crop789.png,128,128,8993888_3099366
8993888_3099366_x256_y128_crop790.png,256,128,8993888_3099366
8993888_3099366_x384_y128_crop791.png,384,128,8993888_3099366
8993888_3099366_x0_y256_crop792.png,0,256,8993888_3099366
8993888_3099366_x128_y256_crop793.png,128,256,8993888_3099366
8993888_3099366_x256_y256_crop794.png,256,256,8993888_3099366
8993888_3099366_x384_y256_crop795.png,384,256,8993888_3099366
8993888_3099366_x0_y384_crop796.png,0,384,8993888_3099366
8993888_3099366_x128_y384_crop797.png,128,384,8993888_3099366
8993888_3099366_x256_y384_crop798.png,256,384,8993888_3099366
8993888_3099366_x384_y384_crop799.png,384,384,8993888_3099366
9040668_3115876_x0_y0_crop800.png,0,0,9040668_3115876
9040668_3115876_x128_y0_crop801.png,128,0,9040668_3115876
9040668_3115876_x256_y0_crop802.png,256,0,9040668_3115876
9040668_3115876_x384_y0_crop803.png,384,0,9040668_3115876
9040668_3115876_x0_y128_crop804.png,0,128,9040668_3115876
9040668_3115876_x128_y128_crop805.png,128,128,9040668_3115876
9040668_3115876_x256_y128_crop806.png,256,128,9040668_3115876
9040668_3115876_x384_y128_crop807.png,384,128,9040668_3115876
9040668_3115876_x0_y256_crop808.png,0,256,9040668_3115876
9040668_3115876_x128_y256_crop809.png,128,256,9040668_3115876
9040668_3115876_x256_y256_crop810.png,256,256,9040668_3115876
9040668_3115876_x384_y256_crop811.png,384,256,9040668_3115876
9040668_3115876_x0_y384_crop812.png,0,384,9040668_3115876
9040668_3115876_x128_y384_crop813.png,128,384,9040668_3115876
9040668_3115876_x256_y384_crop814.png,256,384,9040668_3115876
9040668_3115876_x384_y384_crop815.png,384,384,9040668_3115876
9015902_3146145_x0_y0_crop816.png,0,0,9015902_3146145
9015902_3146145_x128_y0_crop817.png,128,0,9015902_3146145
9015902_3146145_x256_y0_crop818.png,256,0,9015902_3146145
9015902_3146145_x384_y0_crop819.png,384,0,9015902_3146145
9015902_3146145_x0_y128_crop820.png,0,128,9015902_3146145
9015902_3146145_x128_y128_crop821.png,128,128,9015902_3146145
9015902_3146145_x256_y128_crop822.png,256,128,9015902_3146145
9015902_3146145_x384_y128_crop823.png,384,128,9015902_3146145
9015902_3146145_x0_y256_crop824.png,0,256,9015902_3146145
9015902_3146145_x128_y256_crop825.png,128,256,9015902_3146145
9015902_3146145_x256_y256_crop826.png,256,256,9015902_3146145
9015902_3146145_x384_y256_crop827.png,384,256,9015902_3146145
9015902_3146145_x0_y384_crop828.png,0,384,9015902_3146145
9015902_3146145_x128_y384_crop829.png,128,384,9015902_3146145
9015902_3146145_x256_y384_crop830.png,256,384,9015902_3146145
9015902_3146145_x384_y384_crop831.png,384,384,9015902_3146145
8988385_3077352_x0_y0_crop832.png,0,0,8988385_3077352
8988385_3077352_x128_y0_crop833.png,128,0,8988385_3077352
8988385_3077352_x256_y0_crop834.png,256,0,8988385_3077352
8988385_3077352_x384_y0_crop835.png,384,0,8988385_3077352
8988385_3077352_x0_y128_crop836.png,0,128,8988385_3077352
8988385_3077352_x128_y128_crop837.png,128,128,8988385_3077352
8988385_3077352_x256_y128_crop838.png,256,128,8988385_3077352
8988385_3077352_x384_y128_crop839.png,384,128,8988385_3077352
8988385_3077352_x0_y256_crop840.png,0,256,8988385_3077352
8988385_3077352_x128_y256_crop841.png,128,256,8988385_3077352
8988385_3077352_x256_y256_crop842.png,256,256,8988385_3077352
8988385_3077352_x384_y256_crop843.png,384,256,8988385_3077352
8988385_3077352_x0_y384_crop844.png,0,384,8988385_3077352
8988385_3077352_x128_y384_crop845.png,128,384,8988385_3077352
8988385_3077352_x256_y384_crop846.png,256,384,8988385_3077352
8988385_3077352_x384_y384_crop847.png,384,384,8988385_3077352
9029661_3107621_x0_y0_crop848.png,0,0,9029661_3107621
9029661_3107621_x128_y0_crop849.png,128,0,9029661_3107621
9029661_3107621_x256_y0_crop850.png,256,0,9029661_3107621
9029661_3107621_x384_y0_crop851.png,384,0,9029661_3107621
9029661_3107621_x0_y128_crop852.png,0,128,9029661_3107621
9029661_3107621_x128_y128_crop853.png,128,128,9029661_3107621
9029661_3107621_x256_y128_crop854.png,256,128,9029661_3107621
9029661_3107621_x384_y128_crop855.png,384,128,9029661_3107621
9029661_3107621_x0_y256_crop856.png,0,256,9029661_3107621
9029661_3107621_x128_y256_crop857.png,128,256,9029661_3107621
9029661_3107621_x256_y256_crop858.png,256,256,9029661_3107621
9029661_3107621_x384_y256_crop859.png,384,256,9029661_3107621
9029661_3107621_x0_y384_crop860.png,0,384,9029661_3107621
9029661_3107621_x128_y384_crop861.png,128,384,9029661_3107621
9029661_3107621_x256_y384_crop862.png,256,384,9029661_3107621
9029661_3107621_x384_y384_crop863.png,384,384,9029661_3107621
9035164_3088359_x0_y0_crop864.png,0,0,9035164_3088359
9035164_3088359_x128_y0_crop865.png,128,0,9035164_3088359
9035164_3088359_x256_y0_crop866.png,256,0,9035164_3088359
9035164_3088359_x384_y0_crop867.png,384,0,9035164_3088359
9035164_3088359_x0_y128_crop868.png,0,128,9035164_3088359
9035164_3088359_x128_y128_crop869.png,128,128,9035164_3088359
9035164_3088359_x256_y128_crop870.png,256,128,9035164_3088359
9035164_3088359_x384_y128_crop871.png,384,128,9035164_3088359
9035164_3088359_x0_y256_crop872.png,0,256,9035164_3088359
9035164_3088359_x128_y256_crop873.png,128,256,9035164_3088359
9035164_3088359_x256_y256_crop874.png,256,256,9035164_3088359
9035164_3088359_x384_y256_crop875.png,384,256,9035164_3088359
9035164_3088359_x0_y384_crop876.png,0,384,9035164_3088359
9035164_3088359_x128_y384_crop877.png,128,384,9035164_3088359
9035164_3088359_x256_y384_crop878.png,256,384,9035164_3088359
9035164_3088359_x384_y384_crop879.png,384,384,9035164_3088359
8988385_3146145_x0_y0_crop880.png,0,0,8988385_3146145
8988385_3146145_x128_y0_crop881.png,128,0,8988385_3146145
8988385_3146145_x256_y0_crop882.png,256,0,8988385_3146145
8988385_3146145_x384_y0_crop883.png,384,0,8988385_3146145
8988385_3146145_x0_y128_crop884.png,0,128,8988385_3146145
8988385_3146145_x128_y128_crop885.png,128,128,8988385_3146145
8988385_3146145_x256_y128_crop886.png,256,128,8988385_3146145
8988385_3146145_x384_y128_crop887.png,384,128,8988385_3146145
8988385_3146145_x0_y256_crop888.png,0,256,8988385_3146145
8988385_3146145_x128_y256_crop889.png,128,256,8988385_3146145
8988385_3146145_x256_y256_crop890.png,256,256,8988385_3146145
8988385_3146145_x384_y256_crop891.png,384,256,8988385_3146145
8988385_3146145_x0_y384_crop892.png,0,384,8988385_3146145
8988385_3146145_x128_y384_crop893.png,128,384,8988385_3146145
8988385_3146145_x256_y384_crop894.png,256,384,8988385_3146145
8988385_3146145_x384_y384_crop895.png,384,384,8988385_3146145
9032413_3110373_x0_y0_crop896.png,0,0,9032413_3110373
9032413_3110373_x128_y0_crop897.png,128,0,9032413_3110373
9032413_3110373_x256_y0_crop898.png,256,0,9032413_3110373
9032413_3110373_x384_y0_crop899.png,384,0,9032413_3110373
9032413_3110373_x0_y128_crop900.png,0,128,9032413_3110373
9032413_3110373_x128_y128_crop901.png,128,128,9032413_3110373
9032413_3110373_x256_y128_crop902.png,256,128,9032413_3110373
9032413_3110373_x384_y128_crop903.png,384,128,9032413_3110373
9032413_3110373_x0_y256_crop904.png,0,256,9032413_3110373
9032413_3110373_x128_y256_crop905.png,128,256,9032413_3110373
9032413_3110373_x256_y256_crop906.png,256,256,9032413_3110373
9032413_3110373_x384_y256_crop907.png,384,256,9032413_3110373
9032413_3110373_x0_y384_crop908.png,0,384,9032413_3110373
9032413_3110373_x128_y384_crop909.png,128,384,9032413_3110373
9032413_3110373_x256_y384_crop910.png,256,384,9032413_3110373
9032413_3110373_x384_y384_crop911.png,384,384,9032413_3110373
9015902_3107621_x0_y0_crop912.png,0,0,9015902_3107621
9015902_3107621_x128_y0_crop913.png,128,0,9015902_3107621
9015902_3107621_x256_y0_crop914.png,256,0,9015902_3107621
9015902_3107621_x384_y0_crop915.png,384,0,9015902_3107621
9015902_3107621_x0_y128_crop916.png,0,128,9015902_3107621
9015902_3107621_x128_y128_crop917.png,128,128,9015902_3107621
9015902_3107621_x256_y128_crop918.png,256,128,9015902_3107621
9015902_3107621_x384_y128_crop919.png,384,128,9015902_3107621
9015902_3107621_x0_y256_crop920.png,0,256,9015902_3107621
9015902_3107621_x128_y256_crop921.png,128,256,9015902_3107621
9015902_3107621_x256_y256_crop922.png,256,256,9015902_3107621
9015902_3107621_x384_y256_crop923.png,384,256,9015902_3107621
9015902_3107621_x0_y384_crop924.png,0,384,9015902_3107621
9015902_3107621_x128_y384_crop925.png,128,384,9015902_3107621
9015902_3107621_x256_y384_crop926.png,256,384,9015902_3107621
9015902_3107621_x384_y384_crop927.png,384,384,9015902_3107621
8982881_3143393_x0_y0_crop928.png,0,0,8982881_3143393
8982881_3143393_x128_y0_crop929.png,128,0,8982881_3143393
8982881_3143393_x256_y0_crop930.png,256,0,8982881_3143393
8982881_3143393_x384_y0_crop931.png,384,0,8982881_3143393
8982881_3143393_x0_y128_crop932.png,0,128,8982881_3143393
8982881_3143393_x128_y128_crop933.png,128,128,8982881_3143393
8982881_3143393_x256_y128_crop934.png,256,128,8982881_3143393
8982881_3143393_x384_y128_crop935.png,384,128,8982881_3143393
8982881_3143393_x0_y256_crop936.png,0,256,8982881_3143393
8982881_3143393_x128_y256_crop937.png,128,256,8982881_3143393
8982881_3143393_x256_y256_crop938.png,256,256,8982881_3143393
8982881_3143393_x384_y256_crop939.png,384,256,8982881_3143393
8982881_3143393_x0_y384_crop940.png,0,384,8982881_3143393
8982881_3143393_x128_y384_crop941.png,128,384,8982881_3143393
8982881_3143393_x256_y384_crop942.png,256,384,8982881_3143393
8982881_3143393_x384_y384_crop943.png,384,384,8982881_3143393
9018654_3080104_x0_y0_crop944.png,0,0,9018654_3080104
9018654_3080104_x128_y0_crop945.png,128,0,9018654_3080104
9018654_3080104_x256_y0_crop946.png,256,0,9018654_3080104
9018654_3080104_x384_y0_crop947.png,384,0,9018654_3080104
9018654_3080104_x0_y128_crop948.png,0,128,9018654_3080104
9018654_3080104_x128_y128_crop949.png,128,128,9018654_3080104
9018654_3080104_x256_y128_crop950.png,256,128,9018654_3080104
9018654_3080104_x384_y128_crop951.png,384,128,9018654_3080104
9018654_3080104_x0_y256_crop952.png,0,256,9018654_3080104
9018654_3080104_x128_y256_crop953.png,128,256,9018654_3080104
9018654_3080104_x256_y256_crop954.png,256,256,9018654_3080104
9018654_3080104_x384_y256_crop955.png,384,256,9018654_3080104
9018654_3080104_x0_y384_crop956.png,0,384,9018654_3080104
9018654_3080104_x128_y384_crop957.png,128,384,9018654_3080104
9018654_3080104_x256_y384_crop958.png,256,384,9018654_3080104
9018654_3080104_x384_y384_crop959.png,384,384,9018654_3080104
8996640_3115876_x0_y0_crop960.png,0,0,8996640_3115876
8996640_3115876_x128_y0_crop961.png,128,0,8996640_3115876
8996640_3115876_x256_y0_crop962.png,256,0,8996640_3115876
8996640_3115876_x384_y0_crop963.png,384,0,8996640_3115876
8996640_3115876_x0_y128_crop964.png,0,128,8996640_3115876
8996640_3115876_x128_y128_crop965.png,128,128,8996640_3115876
8996640_3115876_x256_y128_crop966.png,256,128,8996640_3115876
8996640_3115876_x384_y128_crop967.png,384,128,8996640_3115876
8996640_3115876_x0_y256_crop968.png,0,256,8996640_3115876
8996640_3115876_x128_y256_crop969.png,128,256,8996640_3115876
8996640_3115876_x256_y256_crop970.png,256,256,8996640_3115876
8996640_3115876_x384_y256_crop971.png,384,256,8996640_3115876
8996640_3115876_x0_y384_crop972.png,0,384,8996640_3115876
8996640_3115876_x128_y384_crop973.png,128,384,8996640_3115876
8996640_3115876_x256_y384_crop974.png,256,384,8996640_3115876
8996640_3115876_x384_y384_crop975.png,384,384,8996640_3115876
9035164_3146145_x0_y0_crop976.png,0,0,9035164_3146145
9035164_3146145_x128_y0_crop977.png,128,0,9035164_3146145
9035164_3146145_x256_y0_crop978.png,256,0,9035164_3146145
9035164_3146145_x384_y0_crop979.png,384,0,9035164_3146145
9035164_3146145_x0_y128_crop980.png,0,128,9035164_3146145
9035164_3146145_x128_y128_crop981.png,128,128,9035164_3146145
9035164_3146145_x256_y128_crop982.png,256,128,9035164_3146145
9035164_3146145_x384_y128_crop983.png,384,128,9035164_3146145
9035164_3146145_x0_y256_crop984.png,0,256,9035164_3146145
9035164_3146145_x128_y256_crop985.png,128,256,9035164_3146145
9035164_3146145_x256_y256_crop986.png,256,256,9035164_3146145
9035164_3146145_x384_y256_crop987.png,384,256,9035164_3146145
9035164_3146145_x0_y384_crop988.png,0,384,9035164_3146145
9035164_3146145_x128_y384_crop989.png,128,384,9035164_3146145
9035164_3146145_x256_y384_crop990.png,256,384,9035164_3146145
9035164_3146145_x384_y384_crop991.png,384,384,9035164_3146145
9024157_3135138_x0_y0_crop992.png,0,0,9024157_3135138
9024157_3135138_x128_y0_crop993.png,128,0,9024157_3135138
9024157_3135138_x256_y0_crop994.png,256,0,9024157_3135138
9024157_3135138_x384_y0_crop995.png,384,0,9024157_3135138
9024157_3135138_x0_y128_crop996.png,0,128,9024157_3135138
9024157_3135138_x128_y128_crop997.png,128,128,9024157_3135138
9024157_3135138_x256_y128_crop998.png,256,128,9024157_3135138
9024157_3135138_x384_y128_crop999.png,384,128,9024157_3135138
9024157_3135138_x0_y256_crop1000.png,0,256,9024157_3135138
9024157_3135138_x128_y256_crop1001.png,128,256,9024157_3135138
9024157_3135138_x256_y256_crop1002.png,256,256,9024157_3135138
9024157_3135138_x384_y256_crop1003.png,384,256,9024157_3135138
9024157_3135138_x0_y384_crop1004.png,0,384,9024157_3135138
9024157_3135138_x128_y384_crop1005.png,128,384,9024157_3135138
9024157_3135138_x256_y384_crop1006.png,256,384,9024157_3135138
9024157_3135138_x384_y384_crop1007.png,384,384,9024157_3135138
8982881_3082855_x0_y0_crop1008.png,0,0,8982881_3082855
8982881_3082855_x128_y0_crop1009.png,128,0,8982881_3082855
8982881_3082855_x256_y0_crop1010.png,256,0,8982881_3082855
8982881_3082855_x384_y0_crop1011.png,384,0,8982881_3082855
8982881_3082855_x0_y128_crop1012.png,0,128,8982881_3082855
8982881_3082855_x128_y128_crop1013.png,128,128,8982881_3082855
8982881_3082855_x256_y128_crop1014.png,256,128,8982881_3082855
8982881_3082855_x384_y128_crop1015.png,384,128,8982881_3082855
8982881_3082855_x0_y256_crop1016.png,0,256,8982881_3082855
8982881_3082855_x128_y256_crop1017.png,128,256,8982881_3082855
8982881_3082855_x256_y256_crop1018.png,256,256,8982881_3082855
8982881_3082855_x384_y256_crop1019.png,384,256,8982881_3082855
8982881_3082855_x0_y384_crop1020.png,0,384,8982881_3082855
8982881_3082855_x128_y384_crop1021.png,128,384,8982881_3082855
8982881_3082855_x256_y384_crop1022.png,256,384,8982881_3082855
8982881_3082855_x384_y384_crop1023.png,384,384,8982881_3082855
8988385_3115876_x0_y0_crop1024.png,0,0,8988385_3115876
8988385_3115876_x128_y0_crop1025.png,128,0,8988385_3115876
8988385_3115876_x256_y0_crop1026.png,256,0,8988385_3115876
8988385_3115876_x384_y0_crop1027.png,384,0,8988385_3115876
8988385_3115876_x0_y128_crop1028.png,0,128,8988385_3115876
8988385_3115876_x128_y128_crop1029.png,128,128,8988385_3115876
8988385_3115876_x256_y128_crop1030.png,256,128,8988385_3115876
8988385_3115876_x384_y128_crop1031.png,384,128,8988385_3115876
8988385_3115876_x0_y256_crop1032.png,0,256,8988385_3115876
8988385_3115876_x128_y256_crop1033.png,128,256,8988385_3115876
8988385_3115876_x256_y256_crop1034.png,256,256,8988385_3115876
8988385_3115876_x384_y256_crop1035.png,384,256,8988385_3115876
8988385_3115876_x0_y384_crop1036.png,0,384,8988385_3115876
8988385_3115876_x128_y384_crop1037.png,128,384,8988385_3115876
8988385_3115876_x256_y384_crop1038.png,256,384,8988385_3115876
8988385_3115876_x384_y384_crop1039.png,384,384,8988385_3115876
9021406_3104869_x0_y0_crop1040.png,0,0,9021406_3104869
9021406_3104869_x128_y0_crop1041.png,128,0,9021406_3104869
9021406_3104869_x256_y0_crop1042.png,256,0,9021406_3104869
9021406_3104869_x384_y0_crop1043.png,384,0,9021406_3104869
9021406_3104869_x0_y128_crop1044.png,0,128,9021406_3104869
9021406_3104869_x128_y128_crop1045.png,128,128,9021406_3104869
9021406_3104869_x256_y128_crop1046.png,256,128,9021406_3104869
9021406_3104869_x384_y128_crop1047.png,384,128,9021406_3104869
9021406_3104869_x0_y256_crop1048.png,0,256,9021406_3104869
9021406_3104869_x128_y256_crop1049.png,128,256,9021406_3104869
9021406_3104869_x256_y256_crop1050.png,256,256,9021406_3104869
9021406_3104869_x384_y256_crop1051.png,384,256,9021406_3104869
9021406_3104869_x0_y384_crop1052.png,0,384,9021406_3104869
9021406_3104869_x128_y384_crop1053.png,128,384,9021406_3104869
9021406_3104869_x256_y384_crop1054.png,256,384,9021406_3104869
9021406_3104869_x384_y384_crop1055.png,384,384,9021406_3104869
9035164_3096614_x0_y0_crop1056.png,0,0,9035164_3096614
9035164_3096614_x128_y0_crop1057.png,128,0,9035164_3096614
9035164_3096614_x256_y0_crop1058.png,256,0,9035164_3096614
9035164_3096614_x384_y0_crop1059.png,384,0,9035164_3096614
9035164_3096614_x0_y128_crop1060.png,0,128,9035164_3096614
9035164_3096614_x128_y128_crop1061.png,128,128,9035164_3096614
9035164_3096614_x256_y128_crop1062.png,256,128,9035164_3096614
9035164_3096614_x384_y128_crop1063.png,384,128,9035164_3096614
9035164_3096614_x0_y256_crop1064.png,0,256,9035164_3096614
9035164_3096614_x128_y256_crop1065.png,128,256,9035164_3096614
9035164_3096614_x256_y256_crop1066.png,256,256,9035164_3096614
9035164_3096614_x384_y256_crop1067.png,384,256,9035164_3096614
9035164_3096614_x0_y384_crop1068.png,0,384,9035164_3096614
9035164_3096614_x128_y384_crop1069.png,128,384,9035164_3096614
9035164_3096614_x256_y384_crop1070.png,256,384,9035164_3096614
9035164_3096614_x384_y384_crop1071.png,384,384,9035164_3096614
9010399_3115876_x0_y0_crop1072.png,0,0,9010399_3115876
9010399_3115876_x128_y0_crop1073.png,128,0,9010399_3115876
9010399_3115876_x256_y0_crop1074.png,256,0,9010399_3115876
9010399_3115876_x384_y0_crop1075.png,384,0,9010399_3115876
9010399_3115876_x0_y128_crop1076.png,0,128,9010399_3115876
9010399_3115876_x128_y128_crop1077.png,128,128,9010399_3115876
9010399_3115876_x256_y128_crop1078.png,256,128,9010399_3115876
9010399_3115876_x384_y128_crop1079.png,384,128,9010399_3115876
9010399_3115876_x0_y256_crop1080.png,0,256,9010399_3115876
9010399_3115876_x128_y256_crop1081.png,128,256,9010399_3115876
9010399_3115876_x256_y256_crop1082.png,256,256,9010399_3115876
9010399_3115876_x384_y256_crop1083.png,384,256,9010399_3115876
9010399_3115876_x0_y384_crop1084.png,0,384,9010399_3115876
9010399_3115876_x128_y384_crop1085.png,128,384,9010399_3115876
9010399_3115876_x256_y384_crop1086.png,256,384,9010399_3115876
9010399_3115876_x384_y384_crop1087.png,384,384,9010399_3115876
9029661_3099366_x0_y0_crop1088.png,0,0,9029661_3099366
9029661_3099366_x128_y0_crop1089.png,128,0,9029661_3099366
9029661_3099366_x256_y0_crop1090.png,256,0,9029661_3099366
9029661_3099366_x384_y0_crop1091.png,384,0,9029661_3099366
9029661_3099366_x0_y128_crop1092.png,0,128,9029661_3099366
9029661_3099366_x128_y128_crop1093.png,128,128,9029661_3099366
9029661_3099366_x256_y128_crop1094.png,256,128,9029661_3099366
9029661_3099366_x384_y128_crop1095.png,384,128,9029661_3099366
9029661_3099366_x0_y256_crop1096.png,0,256,9029661_3099366
9029661_3099366_x128_y256_crop1097.png,128,256,9029661_3099366
9029661_3099366_x256_y256_crop1098.png,256,256,9029661_3099366
9029661_3099366_x384_y256_crop1099.png,384,256,9029661_3099366
9029661_3099366_x0_y384_crop1100.png,0,384,9029661_3099366
9029661_3099366_x128_y384_crop1101.png,128,384,9029661_3099366
9029661_3099366_x256_y384_crop1102.png,256,384,9029661_3099366
9029661_3099366_x384_y384_crop1103.png,384,384,9029661_3099366
8991137_3132387_x0_y0_crop1104.png,0,0,8991137_3132387
8991137_3132387_x128_y0_crop1105.png,128,0,8991137_3132387
8991137_3132387_x256_y0_crop1106.png,256,0,8991137_3132387
8991137_3132387_x384_y0_crop1107.png,384,0,8991137_3132387
8991137_3132387_x0_y128_crop1108.png,0,128,8991137_3132387
8991137_3132387_x128_y128_crop1109.png,128,128,8991137_3132387
8991137_3132387_x256_y128_crop1110.png,256,128,8991137_3132387
8991137_3132387_x384_y128_crop1111.png,384,128,8991137_3132387
8991137_3132387_x0_y256_crop1112.png,0,256,8991137_3132387
8991137_3132387_x128_y256_crop1113.png,128,256,8991137_3132387
8991137_3132387_x256_y256_crop1114.png,256,256,8991137_3132387
8991137_3132387_x384_y256_crop1115.png,384,256,8991137_3132387
8991137_3132387_x0_y384_crop1116.png,0,384,8991137_3132387
8991137_3132387_x128_y384_crop1117.png,128,384,8991137_3132387
8991137_3132387_x256_y384_crop1118.png,256,384,8991137_3132387
8991137_3132387_x384_y384_crop1119.png,384,384,8991137_3132387
8980130_3118628_x0_y0_crop1120.png,0,0,8980130_3118628
8980130_3118628_x128_y0_crop1121.png,128,0,8980130_3118628
8980130_3118628_x256_y0_crop1122.png,256,0,8980130_3118628
8980130_3118628_x384_y0_crop1123.png,384,0,8980130_3118628
8980130_3118628_x0_y128_crop1124.png,0,128,8980130_3118628
8980130_3118628_x128_y128_crop1125.png,128,128,8980130_3118628
8980130_3118628_x256_y128_crop1126.png,256,128,8980130_3118628
8980130_3118628_x384_y128_crop1127.png,384,128,8980130_3118628
8980130_3118628_x0_y256_crop1128.png,0,256,8980130_3118628
8980130_3118628_x128_y256_crop1129.png,128,256,8980130_3118628
8980130_3118628_x256_y256_crop1130.png,256,256,8980130_3118628
8980130_3118628_x384_y256_crop1131.png,384,256,8980130_3118628
8980130_3118628_x0_y384_crop1132.png,0,384,8980130_3118628
8980130_3118628_x128_y384_crop1133.png,128,384,8980130_3118628
8980130_3118628_x256_y384_crop1134.png,256,384,8980130_3118628
8980130_3118628_x384_y384_crop1135.png,384,384,8980130_3118628
9015902_3099366_x0_y0_crop1136.png,0,0,9015902_3099366
9015902_3099366_x128_y0_crop1137.png,128,0,9015902_3099366
9015902_3099366_x256_y0_crop1138.png,256,0,9015902_3099366
9015902_3099366_x384_y0_crop1139.png,384,0,9015902_3099366
9015902_3099366_x0_y128_crop1140.png,0,128,9015902_3099366
9015902_3099366_x128_y128_crop1141.png,128,128,9015902_3099366
9015902_3099366_x256_y128_crop1142.png,256,128,9015902_3099366
9015902_3099366_x384_y128_crop1143.png,384,128,9015902_3099366
9015902_3099366_x0_y256_crop1144.png,0,256,9015902_3099366
9015902_3099366_x128_y256_crop1145.png,128,256,9015902_3099366
9015902_3099366_x256_y256_crop1146.png,256,256,9015902_3099366
9015902_3099366_x384_y256_crop1147.png,384,256,9015902_3099366
9015902_3099366_x0_y384_crop1148.png,0,384,9015902_3099366
9015902_3099366_x128_y384_crop1149.png,128,384,9015902_3099366
9015902_3099366_x256_y384_crop1150.png,256,384,9015902_3099366
9015902_3099366_x384_y384_crop1151.png,384,384,9015902_3099366
9032413_3129635_x0_y0_crop1152.png,0,0,9032413_3129635
9032413_3129635_x128_y0_crop1153.png,128,0,9032413_3129635
9032413_3129635_x256_y0_crop1154.png,256,0,9032413_3129635
9032413_3129635_x384_y0_crop1155.png,384,0,9032413_3129635
9032413_3129635_x0_y128_crop1156.png,0,128,9032413_3129635
9032413_3129635_x128_y128_crop1157.png,128,128,9032413_3129635
9032413_3129635_x256_y128_crop1158.png,256,128,9032413_3129635
9032413_3129635_x384_y128_crop1159.png,384,128,9032413_3129635
9032413_3129635_x0_y256_crop1160.png,0,256,9032413_3129635
9032413_3129635_x128_y256_crop1161.png,128,256,9032413_3129635
9032413_3129635_x256_y256_crop1162.png,256,256,9032413_3129635
9032413_3129635_x384_y256_crop1163.png,384,256,9032413_3129635
9032413_3129635_x0_y384_crop1164.png,0,384,9032413_3129635
9032413_3129635_x128_y384_crop1165.png,128,384,9032413_3129635
9032413_3129635_x256_y384_crop1166.png,256,384,9032413_3129635
9032413_3129635_x384_y384_crop1167.png,384,384,9032413_3129635
9037916_3135138_x0_y0_crop1168.png,0,0,9037916_3135138
9037916_3135138_x128_y0_crop1169.png,128,0,9037916_3135138
9037916_3135138_x256_y0_crop1170.png,256,0,9037916_3135138
9037916_3135138_x384_y0_crop1171.png,384,0,9037916_3135138
9037916_3135138_x0_y128_crop1172.png,0,128,9037916_3135138
9037916_3135138_x128_y128_crop1173.png,128,128,9037916_3135138
9037916_3135138_x256_y128_crop1174.png,256,128,9037916_3135138
9037916_3135138_x384_y128_crop1175.png,384,128,9037916_3135138
9037916_3135138_x0_y256_crop1176.png,0,256,9037916_3135138
9037916_3135138_x128_y256_crop1177.png,128,256,9037916_3135138
9037916_3135138_x256_y256_crop1178.png,256,256,9037916_3135138
9037916_3135138_x384_y256_crop1179.png,384,256,9037916_3135138
9037916_3135138_x0_y384_crop1180.png,0,384,9037916_3135138
9037916_3135138_x128_y384_crop1181.png,128,384,9037916_3135138
9037916_3135138_x256_y384_crop1182.png,256,384,9037916_3135138
9037916_3135138_x384_y384_crop1183.png,384,384,9037916_3135138
9029661_3129635_x0_y0_crop1184.png,0,0,9029661_3129635
9029661_3129635_x128_y0_crop1185.png,128,0,9029661_3129635
9029661_3129635_x256_y0_crop1186.png,256,0,9029661_3129635
9029661_3129635_x384_y0_crop1187.png,384,0,9029661_3129635
9029661_3129635_x0_y128_crop1188.png,0,128,9029661_3129635
9029661_3129635_x128_y128_crop1189.png,128,128,9029661_3129635
9029661_3129635_x256_y128_crop1190.png,256,128,9029661_3129635
9029661_3129635_x384_y128_crop1191.png,384,128,9029661_3129635
9029661_3129635_x0_y256_crop1192.png,0,256,9029661_3129635
9029661_3129635_x128_y256_crop1193.png,128,256,9029661_3129635
9029661_3129635_x256_y256_crop1194.png,256,256,9029661_3129635
9029661_3129635_x384_y256_crop1195.png,384,256,9029661_3129635
9029661_3129635_x0_y384_crop1196.png,0,384,9029661_3129635
9029661_3129635_x128_y384_crop1197.png,128,384,9029661_3129635
9029661_3129635_x256_y384_crop1198.png,256,384,9029661_3129635
9029661_3129635_x384_y384_crop1199.png,384,384,9029661_3129635
9004895_3077352_x0_y0_crop1200.png,0,0,9004895_3077352
9004895_3077352_x128_y0_crop1201.png,128,0,9004895_3077352
9004895_3077352_x256_y0_crop1202.png,256,0,9004895_3077352
9004895_3077352_x384_y0_crop1203.png,384,0,9004895_3077352
9004895_3077352_x0_y128_crop1204.png,0,128,9004895_3077352
9004895_3077352_x128_y128_crop1205.png,128,128,9004895_3077352
9004895_3077352_x256_y128_crop1206.png,256,128,9004895_3077352
9004895_3077352_x384_y128_crop1207.png,384,128,9004895_3077352
9004895_3077352_x0_y256_crop1208.png,0,256,9004895_3077352
9004895_3077352_x128_y256_crop1209.png,128,256,9004895_3077352
9004895_3077352_x256_y256_crop1210.png,256,256,9004895_3077352
9004895_3077352_x384_y256_crop1211.png,384,256,9004895_3077352
9004895_3077352_x0_y384_crop1212.png,0,384,9004895_3077352
9004895_3077352_x128_y384_crop1213.png,128,384,9004895_3077352
9004895_3077352_x256_y384_crop1214.png,256,384,9004895_3077352
9004895_3077352_x384_y384_crop1215.png,384,384,9004895_3077352
8980130_3104869_x0_y0_crop1216.png,0,0,8980130_3104869
8980130_3104869_x128_y0_crop1217.png,128,0,8980130_3104869
8980130_3104869_x256_y0_crop1218.png,256,0,8980130_3104869
8980130_3104869_x384_y0_crop1219.png,384,0,8980130_3104869
8980130_3104869_x0_y128_crop1220.png,0,128,8980130_3104869
8980130_3104869_x128_y128_crop1221.png,128,128,8980130_3104869
8980130_3104869_x256_y128_crop1222.png,256,128,8980130_3104869
8980130_3104869_x384_y128_crop1223.png,384,128,8980130_3104869
8980130_3104869_x0_y256_crop1224.png,0,256,8980130_3104869
8980130_3104869_x128_y256_crop1225.png,128,256,8980130_3104869
8980130_3104869_x256_y256_crop1226.png,256,256,8980130_3104869
8980130_3104869_x384_y256_crop1227.png,384,256,8980130_3104869
8980130_3104869_x0_y384_crop1228.png,0,384,8980130_3104869
8980130_3104869_x128_y384_crop1229.png,128,384,8980130_3104869
8980130_3104869_x256_y384_crop1230.png,256,384,8980130_3104869
8980130_3104869_x384_y384_crop1231.png,384,384,8980130_3104869
8991137_3080104_x0_y0_crop1232.png,0,0,8991137_3080104
8991137_3080104_x128_y0_crop1233.png,128,0,8991137_3080104
8991137_3080104_x256_y0_crop1234.png,256,0,8991137_3080104
8991137_3080104_x384_y0_crop1235.png,384,0,8991137_3080104
8991137_3080104_x0_y128_crop1236.png,0,128,8991137_3080104
8991137_3080104_x128_y128_crop1237.png,128,128,8991137_3080104
8991137_3080104_x256_y128_crop1238.png,256,128,8991137_3080104
8991137_3080104_x384_y128_crop1239.png,384,128,8991137_3080104
8991137_3080104_x0_y256_crop1240.png,0,256,8991137_3080104
8991137_3080104_x128_y256_crop1241.png,128,256,8991137_3080104
8991137_3080104_x256_y256_crop1242.png,256,256,8991137_3080104
8991137_3080104_x384_y256_crop1243.png,384,256,8991137_3080104
8991137_3080104_x0_y384_crop1244.png,0,384,8991137_3080104
8991137_3080104_x128_y384_crop1245.png,128,384,8991137_3080104
8991137_3080104_x256_y384_crop1246.png,256,384,8991137_3080104
8991137_3080104_x384_y384_crop1247.png,384,384,8991137_3080104
9015902_3118628_x0_y0_crop1248.png,0,0,9015902_3118628
9015902_3118628_x128_y0_crop1249.png,128,0,9015902_3118628
9015902_3118628_x256_y0_crop1250.png,256,0,9015902_3118628
9015902_3118628_x384_y0_crop1251.png,384,0,9015902_3118628
9015902_3118628_x0_y128_crop1252.png,0,128,9015902_3118628
9015902_3118628_x128_y128_crop1253.png,128,128,9015902_3118628
9015902_3118628_x256_y128_crop1254.png,256,128,9015902_3118628
9015902_3118628_x384_y128_crop1255.png,384,128,9015902_3118628
9015902_3118628_x0_y256_crop1256.png,0,256,9015902_3118628
9015902_3118628_x128_y256_crop1257.png,128,256,9015902_3118628
9015902_3118628_x256_y256_crop1258.png,256,256,9015902_3118628
9015902_3118628_x384_y256_crop1259.png,384,256,9015902_3118628
9015902_3118628_x0_y384_crop1260.png,0,384,9015902_3118628
9015902_3118628_x128_y384_crop1261.png,128,384,9015902_3118628
9015902_3118628_x256_y384_crop1262.png,256,384,9015902_3118628
9015902_3118628_x384_y384_crop1263.png,384,384,9015902_3118628
9015902_3077352_x0_y0_crop1264.png,0,0,9015902_3077352
9015902_3077352_x128_y0_crop1265.png,128,0,9015902_3077352
9015902_3077352_x256_y0_crop1266.png,256,0,9015902_3077352
9015902_3077352_x384_y0_crop1267.png,384,0,9015902_3077352
9015902_3077352_x0_y128_crop1268.png,0,128,9015902_3077352
9015902_3077352_x128_y128_crop1269.png,128,128,9015902_3077352
9015902_3077352_x256_y128_crop1270.png,256,128,9015902_3077352
9015902_3077352_x384_y128_crop1271.png,384,128,9015902_3077352
9015902_3077352_x0_y256_crop1272.png,0,256,9015902_3077352
9015902_3077352_x128_y256_crop1273.png,128,256,9015902_3077352
9015902_3077352_x256_y256_crop1274.png,256,256,9015902_3077352
9015902_3077352_x384_y256_crop1275.png,384,256,9015902_3077352
9015902_3077352_x0_y384_crop1276.png,0,384,9015902_3077352
9015902_3077352_x128_y384_crop1277.png,128,384,9015902_3077352
9015902_3077352_x256_y384_crop1278.png,256,384,9015902_3077352
9015902_3077352_x384_y384_crop1279.png,384,384,9015902_3077352
9007647_3077352_x0_y0_crop1280.png,0,0,9007647_3077352
9007647_3077352_x128_y0_crop1281.png,128,0,9007647_3077352
9007647_3077352_x256_y0_crop1282.png,256,0,9007647_3077352
9007647_3077352_x384_y0_crop1283.png,384,0,9007647_3077352
9007647_3077352_x0_y128_crop1284.png,0,128,9007647_3077352
9007647_3077352_x128_y128_crop1285.png,128,128,9007647_3077352
9007647_3077352_x256_y128_crop1286.png,256,128,9007647_3077352
9007647_3077352_x384_y128_crop1287.png,384,128,9007647_3077352
9007647_3077352_x0_y256_crop1288.png,0,256,9007647_3077352
9007647_3077352_x128_y256_crop1289.png,128,256,9007647_3077352
9007647_3077352_x256_y256_crop1290.png,256,256,9007647_3077352
9007647_3077352_x384_y256_crop1291.png,384,256,9007647_3077352
9007647_3077352_x0_y384_crop1292.png,0,384,9007647_3077352
9007647_3077352_x128_y384_crop1293.png,128,384,9007647_3077352
9007647_3077352_x256_y384_crop1294.png,256,384,9007647_3077352
9007647_3077352_x384_y384_crop1295.png,384,384,9007647_3077352
8988385_3132387_x0_y0_crop1296.png,0,0,8988385_3132387
8988385_3132387_x128_y0_crop1297.png,128,0,8988385_3132387
8988385_3132387_x256_y0_crop1298.png,256,0,8988385_3132387
8988385_3132387_x384_y0_crop1299.png,384,0,8988385_3132387
8988385_3132387_x0_y128_crop1300.png,0,128,8988385_3132387
8988385_3132387_x128_y128_crop1301.png,128,128,8988385_3132387
8988385_3132387_x256_y128_crop1302.png,256,128,8988385_3132387
8988385_3132387_x384_y128_crop1303.png,384,128,8988385_3132387
8988385_3132387_x0_y256_crop1304.png,0,256,8988385_3132387
8988385_3132387_x128_y256_crop1305.png,128,256,8988385_3132387
8988385_3132387_x256_y256_crop1306.png,256,256,8988385_3132387
8988385_3132387_x384_y256_crop1307.png,384,256,8988385_3132387
8988385_3132387_x0_y384_crop1308.png,0,384,8988385_3132387
8988385_3132387_x128_y384_crop1309.png,128,384,8988385_3132387
8988385_3132387_x256_y384_crop1310.png,256,384,8988385_3132387
8988385_3132387_x384_y384_crop1311.png,384,384,8988385_3132387
9040668_3110373_x0_y0_crop1312.png,0,0,9040668_3110373
9040668_3110373_x128_y0_crop1313.png,128,0,9040668_3110373
9040668_3110373_x256_y0_crop1314.png,256,0,9040668_3110373
9040668_3110373_x384_y0_crop1315.png,384,0,9040668_3110373
9040668_3110373_x0_y128_crop1316.png,0,128,9040668_3110373
9040668_3110373_x128_y128_crop1317.png,128,128,9040668_3110373
9040668_3110373_x256_y128_crop1318.png,256,128,9040668_3110373
9040668_3110373_x384_y128_crop1319.png,384,128,9040668_3110373
9040668_3110373_x0_y256_crop1320.png,0,256,9040668_3110373
9040668_3110373_x128_y256_crop1321.png,128,256,9040668_3110373
9040668_3110373_x256_y256_crop1322.png,256,256,9040668_3110373
9040668_3110373_x384_y256_crop1323.png,384,256,9040668_3110373
9040668_3110373_x0_y384_crop1324.png,0,384,9040668_3110373
9040668_3110373_x128_y384_crop1325.png,128,384,9040668_3110373
9040668_3110373_x256_y384_crop1326.png,256,384,9040668_3110373
9040668_3110373_x384_y384_crop1327.png,384,384,9040668_3110373
9004895_3132387_x0_y0_crop1328.png,0,0,9004895_3132387
9004895_3132387_x128_y0_crop1329.png,128,0,9004895_3132387
9004895_3132387_x256_y0_crop1330.png,256,0,9004895_3132387
9004895_3132387_x384_y0_crop1331.png,384,0,9004895_3132387
9004895_3132387_x0_y128_crop1332.png,0,128,9004895_3132387
9004895_3132387_x128_y128_crop1333.png,128,128,9004895_3132387
9004895_3132387_x256_y128_crop1334.png,256,128,9004895_3132387
9004895_3132387_x384_y128_crop1335.png,384,128,9004895_3132387
9004895_3132387_x0_y256_crop1336.png,0,256,9004895_3132387
9004895_3132387_x128_y256_crop1337.png,128,256,9004895_3132387
9004895_3132387_x256_y256_crop1338.png,256,256,9004895_3132387
9004895_3132387_x384_y256_crop1339.png,384,256,9004895_3132387
9004895_3132387_x0_y384_crop1340.png,0,384,9004895_3132387
9004895_3132387_x128_y384_crop1341.png,128,384,9004895_3132387
9004895_3132387_x256_y384_crop1342.png,256,384,9004895_3132387
9004895_3132387_x384_y384_crop1343.png,384,384,9004895_3132387
9018654_3118628_x0_y0_crop1344.png,0,0,9018654_3118628
9018654_3118628_x128_y0_crop1345.png,128,0,9018654_3118628
9018654_3118628_x256_y0_crop1346.png,256,0,9018654_3118628
9018654_3118628_x384_y0_crop1347.png,384,0,9018654_3118628
9018654_3118628_x0_y128_crop1348.png,0,128,9018654_3118628
9018654_3118628_x128_y128_crop1349.png,128,128,9018654_3118628
9018654_3118628_x256_y128_crop1350.png,256,128,9018654_3118628
9018654_3118628_x384_y128_crop1351.png,384,128,9018654_3118628
9018654_3118628_x0_y256_crop1352.png,0,256,9018654_3118628
9018654_3118628_x128_y256_crop1353.png,128,256,9018654_3118628
9018654_3118628_x256_y256_crop1354.png,256,256,9018654_3118628
9018654_3118628_x384_y256_crop1355.png,384,256,9018654_3118628
9018654_3118628_x0_y384_crop1356.png,0,384,9018654_3118628
9018654_3118628_x128_y384_crop1357.png,128,384,9018654_3118628
9018654_3118628_x256_y384_crop1358.png,256,384,9018654_3118628
9018654_3118628_x384_y384_crop1359.png,384,384,9018654_3118628
8988385_3113124_x0_y0_crop1360.png,0,0,8988385_3113124
8988385_3113124_x128_y0_crop1361.png,128,0,8988385_3113124
8988385_3113124_x256_y0_crop1362.png,256,0,8988385_3113124
8988385_3113124_x384_y0_crop1363.png,384,0,8988385_3113124
8988385_3113124_x0_y128_crop1364.png,0,128,8988385_3113124
8988385_3113124_x128_y128_crop1365.png,128,128,8988385_3113124
8988385_3113124_x256_y128_crop1366.png,256,128,8988385_3113124
8988385_3113124_x384_y128_crop1367.png,384,128,8988385_3113124
8988385_3113124_x0_y256_crop1368.png,0,256,8988385_3113124
8988385_3113124_x128_y256_crop1369.png,128,256,8988385_3113124
8988385_3113124_x256_y256_crop1370.png,256,256,8988385_3113124
8988385_3113124_x384_y256_crop1371.png,384,256,8988385_3113124
8988385_3113124_x0_y384_crop1372.png,0,384,8988385_3113124
8988385_3113124_x128_y384_crop1373.png,128,384,8988385_3113124
8988385_3113124_x256_y384_crop1374.png,256,384,8988385_3113124
8988385_3113124_x384_y384_crop1375.png,384,384,8988385_3113124
9013151_3129635_x0_y0_crop1376.png,0,0,9013151_3129635
9013151_3129635_x128_y0_crop1377.png,128,0,9013151_3129635
9013151_3129635_x256_y0_crop1378.png,256,0,9013151_3129635
9013151_3129635_x384_y0_crop1379.png,384,0,9013151_3129635
9013151_3129635_x0_y128_crop1380.png,0,128,9013151_3129635
9013151_3129635_x128_y128_crop1381.png,128,128,9013151_3129635
9013151_3129635_x256_y128_crop1382.png,256,128,9013151_3129635
9013151_3129635_x384_y128_crop1383.png,384,128,9013151_3129635
9013151_3129635_x0_y256_crop1384.png,0,256,9013151_3129635
9013151_3129635_x128_y256_crop1385.png,128,256,9013151_3129635
9013151_3129635_x256_y256_crop1386.png,256,256,9013151_3129635
9013151_3129635_x384_y256_crop1387.png,384,256,9013151_3129635
9013151_3129635_x0_y384_crop1388.png,0,384,9013151_3129635
9013151_3129635_x128_y384_crop1389.png,128,384,9013151_3129635
9013151_3129635_x256_y384_crop1390.png,256,384,9013151_3129635
9013151_3129635_x384_y384_crop1391.png,384,384,9013151_3129635
9015902_3132387_x0_y0_crop1392.png,0,0,9015902_3132387
9015902_3132387_x128_y0_crop1393.png,128,0,9015902_3132387
9015902_3132387_x256_y0_crop1394.png,256,0,9015902_3132387
9015902_3132387_x384_y0_crop1395.png,384,0,9015902_3132387
9015902_3132387_x0_y128_crop1396.png,0,128,9015902_3132387
9015902_3132387_x128_y128_crop1397.png,128,128,9015902_3132387
9015902_3132387_x256_y128_crop1398.png,256,128,9015902_3132387
9015902_3132387_x384_y128_crop1399.png,384,128,9015902_3132387
9015902_3132387_x0_y256_crop1400.png,0,256,9015902_3132387
9015902_3132387_x128_y256_crop1401.png,128,256,9015902_3132387
9015902_3132387_x256_y256_crop1402.png,256,256,9015902_3132387
9015902_3132387_x384_y256_crop1403.png,384,256,9015902_3132387
9015902_3132387_x0_y384_crop1404.png,0,384,9015902_3132387
9015902_3132387_x128_y384_crop1405.png,128,384,9015902_3132387
9015902_3132387_x256_y384_crop1406.png,256,384,9015902_3132387
9015902_3132387_x384_y384_crop1407.png,384,384,9015902_3132387
8985633_3118628_x0_y0_crop1408.png,0,0,8985633_3118628
8985633_3118628_x128_y0_crop1409.png,128,0,8985633_3118628
8985633_3118628_x256_y0_crop1410.png,256,0,8985633_3118628
8985633_3118628_x384_y0_crop1411.png,384,0,8985633_3118628
8985633_3118628_x0_y128_crop1412.png,0,128,8985633_3118628
8985633_3118628_x128_y128_crop1413.png,128,128,8985633_3118628
8985633_3118628_x256_y128_crop1414.png,256,128,8985633_3118628
8985633_3118628_x384_y128_crop1415.png,384,128,8985633_3118628
8985633_3118628_x0_y256_crop1416.png,0,256,8985633_3118628
8985633_3118628_x128_y256_crop1417.png,128,256,8985633_3118628
8985633_3118628_x256_y256_crop1418.png,256,256,8985633_3118628
8985633_3118628_x384_y256_crop1419.png,384,256,8985633_3118628
8985633_3118628_x0_y384_crop1420.png,0,384,8985633_3118628
8985633_3118628_x128_y384_crop1421.png,128,384,8985633_3118628
8985633_3118628_x256_y384_crop1422.png,256,384,8985633_3118628
8985633_3118628_x384_y384_crop1423.png,384,384,8985633_3118628
8980130_3091111_x0_y0_crop1424.png,0,0,8980130_3091111
8980130_3091111_x128_y0_crop1425.png,128,0,8980130_3091111
8980130_3091111_x256_y0_crop1426.png,256,0,8980130_3091111
8980130_3091111_x384_y0_crop1427.png,384,0,8980130_3091111
8980130_3091111_x0_y128_crop1428.png,0,128,8980130_3091111
8980130_3091111_x128_y128_crop1429.png,128,128,8980130_3091111
8980130_3091111_x256_y128_crop1430.png,256,128,8980130_3091111
8980130_3091111_x384_y128_crop1431.png,384,128,8980130_3091111
8980130_3091111_x0_y256_crop1432.png,0,256,8980130_3091111
8980130_3091111_x128_y256_crop1433.png,128,256,8980130_3091111
8980130_3091111_x256_y256_crop1434.png,256,256,8980130_3091111
8980130_3091111_x384_y256_crop1435.png,384,256,8980130_3091111
8980130_3091111_x0_y384_crop1436.png,0,384,8980130_3091111
8980130_3091111_x128_y384_crop1437.png,128,384,8980130_3091111
8980130_3091111_x256_y384_crop1438.png,256,384,8980130_3091111
8980130_3091111_x384_y384_crop1439.png,384,384,8980130_3091111
9021406_3124131_x0_y0_crop1440.png,0,0,9021406_3124131
9021406_3124131_x128_y0_crop1441.png,128,0,9021406_3124131
9021406_3124131_x256_y0_crop1442.png,256,0,9021406_3124131
9021406_3124131_x384_y0_crop1443.png,384,0,9021406_3124131
9021406_3124131_x0_y128_crop1444.png,0,128,9021406_3124131
9021406_3124131_x128_y128_crop1445.png,128,128,9021406_3124131
9021406_3124131_x256_y128_crop1446.png,256,128,9021406_3124131
9021406_3124131_x384_y128_crop1447.png,384,128,9021406_3124131
9021406_3124131_x0_y256_crop1448.png,0,256,9021406_3124131
9021406_3124131_x128_y256_crop1449.png,128,256,9021406_3124131
9021406_3124131_x256_y256_crop1450.png,256,256,9021406_3124131
9021406_3124131_x384_y256_crop1451.png,384,256,9021406_3124131
9021406_3124131_x0_y384_crop1452.png,0,384,9021406_3124131
9021406_3124131_x128_y384_crop1453.png,128,384,9021406_3124131
9021406_3124131_x256_y384_crop1454.png,256,384,9021406_3124131
9021406_3124131_x384_y384_crop1455.png,384,384,9021406_3124131
8985633_3135138_x0_y0_crop1456.png,0,0,8985633_3135138
8985633_3135138_x128_y0_crop1457.png,128,0,8985633_3135138
8985633_3135138_x256_y0_crop1458.png,256,0,8985633_3135138
8985633_3135138_x384_y0_crop1459.png,384,0,8985633_3135138
8985633_3135138_x0_y128_crop1460.png,0,128,8985633_3135138
8985633_3135138_x128_y128_crop1461.png,128,128,8985633_3135138
8985633_3135138_x256_y128_crop1462.png,256,128,8985633_3135138
8985633_3135138_x384_y128_crop1463.png,384,128,8985633_3135138
8985633_3135138_x0_y256_crop1464.png,0,256,8985633_3135138
8985633_3135138_x128_y256_crop1465.png,128,256,8985633_3135138
8985633_3135138_x256_y256_crop1466.png,256,256,8985633_3135138
8985633_3135138_x384_y256_crop1467.png,384,256,8985633_3135138
8985633_3135138_x0_y384_crop1468.png,0,384,8985633_3135138
8985633_3135138_x128_y384_crop1469.png,128,384,8985633_3135138
8985633_3135138_x256_y384_crop1470.png,256,384,8985633_3135138
8985633_3135138_x384_y384_crop1471.png,384,384,8985633_3135138
9007647_3107621_x0_y0_crop1472.png,0,0,9007647_3107621
9007647_3107621_x128_y0_crop1473.png,128,0,9007647_3107621
9007647_3107621_x256_y0_crop1474.png,256,0,9007647_3107621
9007647_3107621_x384_y0_crop1475.png,384,0,9007647_3107621
9007647_3107621_x0_y128_crop1476.png,0,128,9007647_3107621
9007647_3107621_x128_y128_crop1477.png,128,128,9007647_3107621
9007647_3107621_x256_y128_crop1478.png,256,128,9007647_3107621
9007647_3107621_x384_y128_crop1479.png,384,128,9007647_3107621
9007647_3107621_x0_y256_crop1480.png,0,256,9007647_3107621
9007647_3107621_x128_y256_crop1481.png,128,256,9007647_3107621
9007647_3107621_x256_y256_crop1482.png,256,256,9007647_3107621
9007647_3107621_x384_y256_crop1483.png,384,256,9007647_3107621
9007647_3107621_x0_y384_crop1484.png,0,384,9007647_3107621
9007647_3107621_x128_y384_crop1485.png,128,384,9007647_3107621
9007647_3107621_x256_y384_crop1486.png,256,384,9007647_3107621
9007647_3107621_x384_y384_crop1487.png,384,384,9007647_3107621
9010399_3143393_x0_y0_crop1488.png,0,0,9010399_3143393
9010399_3143393_x128_y0_crop1489.png,128,0,9010399_3143393
9010399_3143393_x256_y0_crop1490.png,256,0,9010399_3143393
9010399_3143393_x384_y0_crop1491.png,384,0,9010399_3143393
9010399_3143393_x0_y128_crop1492.png,0,128,9010399_3143393
9010399_3143393_x128_y128_crop1493.png,128,128,9010399_3143393
9010399_3143393_x256_y128_crop1494.png,256,128,9010399_3143393
9010399_3143393_x384_y128_crop1495.png,384,128,9010399_3143393
9010399_3143393_x0_y256_crop1496.png,0,256,9010399_3143393
9010399_3143393_x128_y256_crop1497.png,128,256,9010399_3143393
9010399_3143393_x256_y256_crop1498.png,256,256,9010399_3143393
9010399_3143393_x384_y256_crop1499.png,384,256,9010399_3143393
9010399_3143393_x0_y384_crop1500.png,0,384,9010399_3143393
9010399_3143393_x128_y384_crop1501.png,128,384,9010399_3143393
9010399_3143393_x256_y384_crop1502.png,256,384,9010399_3143393
9010399_3143393_x384_y384_crop1503.png,384,384,9010399_3143393
9010399_3093862_x0_y0_crop1504.png,0,0,9010399_3093862
9010399_3093862_x128_y0_crop1505.png,128,0,9010399_3093862
9010399_3093862_x256_y0_crop1506.png,256,0,9010399_3093862
9010399_3093862_x384_y0_crop1507.png,384,0,9010399_3093862
9010399_3093862_x0_y128_crop1508.png,0,128,9010399_3093862
9010399_3093862_x128_y128_crop1509.png,128,128,9010399_3093862
9010399_3093862_x256_y128_crop1510.png,256,128,9010399_3093862
9010399_3093862_x384_y128_crop1511.png,384,128,9010399_3093862
9010399_3093862_x0_y256_crop1512.png,0,256,9010399_3093862
9010399_3093862_x128_y256_crop1513.png,128,256,9010399_3093862
9010399_3093862_x256_y256_crop1514.png,256,256,9010399_3093862
9010399_3093862_x384_y256_crop1515.png,384,256,9010399_3093862
9010399_3093862_x0_y384_crop1516.png,0,384,9010399_3093862
9010399_3093862_x128_y384_crop1517.png,128,384,9010399_3093862
9010399_3093862_x256_y384_crop1518.png,256,384,9010399_3093862
9010399_3093862_x384_y384_crop1519.png,384,384,9010399_3093862
8982881_3146145_x0_y0_crop1520.png,0,0,8982881_3146145
8982881_3146145_x128_y0_crop1521.png,128,0,8982881_3146145
8982881_3146145_x256_y0_crop1522.png,256,0,8982881_3146145
8982881_3146145_x384_y0_crop1523.png,384,0,8982881_3146145
8982881_3146145_x0_y128_crop1524.png,0,128,8982881_3146145
8982881_3146145_x128_y128_crop1525.png,128,128,8982881_3146145
8982881_3146145_x256_y128_crop1526.png,256,128,8982881_3146145
8982881_3146145_x384_y128_crop1527.png,384,128,8982881_3146145
8982881_3146145_x0_y256_crop1528.png,0,256,8982881_3146145
8982881_3146145_x128_y256_crop1529.png,128,256,8982881_3146145
8982881_3146145_x256_y256_crop1530.png,256,256,8982881_3146145
8982881_3146145_x384_y256_crop1531.png,384,256,8982881_3146145
8982881_3146145_x0_y384_crop1532.png,0,384,8982881_3146145
8982881_3146145_x128_y384_crop1533.png,128,384,8982881_3146145
8982881_3146145_x256_y384_crop1534.png,256,384,8982881_3146145
8982881_3146145_x384_y384_crop1535.png,384,384,8982881_3146145
9013151_3121380_x0_y0_crop1536.png,0,0,9013151_3121380
9013151_3121380_x128_y0_crop1537.png,128,0,9013151_3121380
9013151_3121380_x256_y0_crop1538.png,256,0,9013151_3121380
9013151_3121380_x384_y0_crop1539.png,384,0,9013151_3121380
9013151_3121380_x0_y128_crop1540.png,0,128,9013151_3121380
9013151_3121380_x128_y128_crop1541.png,128,128,9013151_3121380
9013151_3121380_x256_y128_crop1542.png,256,128,9013151_3121380
9013151_3121380_x384_y128_crop1543.png,384,128,9013151_3121380
9013151_3121380_x0_y256_crop1544.png,0,256,9013151_3121380
9013151_3121380_x128_y256_crop1545.png,128,256,9013151_3121380
9013151_3121380_x256_y256_crop1546.png,256,256,9013151_3121380
9013151_3121380_x384_y256_crop1547.png,384,256,9013151_3121380
9013151_3121380_x0_y384_crop1548.png,0,384,9013151_3121380
9013151_3121380_x128_y384_crop1549.png,128,384,9013151_3121380
9013151_3121380_x256_y384_crop1550.png,256,384,9013151_3121380
9013151_3121380_x384_y384_crop1551.png,384,384,9013151_3121380
8999392_3110373_x0_y0_crop1552.png,0,0,8999392_3110373
8999392_3110373_x128_y0_crop1553.png,128,0,8999392_3110373
8999392_3110373_x256_y0_crop1554.png,256,0,8999392_3110373
8999392_3110373_x384_y0_crop1555.png,384,0,8999392_3110373
8999392_3110373_x0_y128_crop1556.png,0,128,8999392_3110373
8999392_3110373_x128_y128_crop1557.png,128,128,8999392_3110373
8999392_3110373_x256_y128_crop1558.png,256,128,8999392_3110373
8999392_3110373_x384_y128_crop1559.png,384,128,8999392_3110373
8999392_3110373_x0_y256_crop1560.png,0,256,8999392_3110373
8999392_3110373_x128_y256_crop1561.png,128,256,8999392_3110373
8999392_3110373_x256_y256_crop1562.png,256,256,8999392_3110373
8999392_3110373_x384_y256_crop1563.png,384,256,8999392_3110373
8999392_3110373_x0_y384_crop1564.png,0,384,8999392_3110373
8999392_3110373_x128_y384_crop1565.png,128,384,8999392_3110373
8999392_3110373_x256_y384_crop1566.png,256,384,8999392_3110373
8999392_3110373_x384_y384_crop1567.png,384,384,8999392_3110373
8988385_3143393_x0_y0_crop1568.png,0,0,8988385_3143393
8988385_3143393_x128_y0_crop1569.png,128,0,8988385_3143393
8988385_3143393_x256_y0_crop1570.png,256,0,8988385_3143393
8988385_3143393_x384_y0_crop1571.png,384,0,8988385_3143393
8988385_3143393_x0_y128_crop1572.png,0,128,8988385_3143393
8988385_3143393_x128_y128_crop1573.png,128,128,8988385_3143393
8988385_3143393_x256_y128_crop1574.png,256,128,8988385_3143393
8988385_3143393_x384_y128_crop1575.png,384,128,8988385_3143393
8988385_3143393_x0_y256_crop1576.png,0,256,8988385_3143393
8988385_3143393_x128_y256_crop1577.png,128,256,8988385_3143393
8988385_3143393_x256_y256_crop1578.png,256,256,8988385_3143393
8988385_3143393_x384_y256_crop1579.png,384,256,8988385_3143393
8988385_3143393_x0_y384_crop1580.png,0,384,8988385_3143393
8988385_3143393_x128_y384_crop1581.png,128,384,8988385_3143393
8988385_3143393_x256_y384_crop1582.png,256,384,8988385_3143393
8988385_3143393_x384_y384_crop1583.png,384,384,8988385_3143393
9018654_3124131_x0_y0_crop1584.png,0,0,9018654_3124131
9018654_3124131_x128_y0_crop1585.png,128,0,9018654_3124131
9018654_3124131_x256_y0_crop1586.png,256,0,9018654_3124131
9018654_3124131_x384_y0_crop1587.png,384,0,9018654_3124131
9018654_3124131_x0_y128_crop1588.png,0,128,9018654_3124131
9018654_3124131_x128_y128_crop1589.png,128,128,9018654_3124131
9018654_3124131_x256_y128_crop1590.png,256,128,9018654_3124131
9018654_3124131_x384_y128_crop1591.png,384,128,9018654_3124131
9018654_3124131_x0_y256_crop1592.png,0,256,9018654_3124131
9018654_3124131_x128_y256_crop1593.png,128,256,9018654_3124131
9018654_3124131_x256_y256_crop1594.png,256,256,9018654_3124131
9018654_3124131_x384_y256_crop1595.png,384,256,9018654_3124131
9018654_3124131_x0_y384_crop1596.png,0,384,9018654_3124131
9018654_3124131_x128_y384_crop1597.png,128,384,9018654_3124131
9018654_3124131_x256_y384_crop1598.png,256,384,9018654_3124131
9018654_3124131_x384_y384_crop1599.png,384,384,9018654_3124131
8988385_3118628_x0_y0_crop1600.png,0,0,8988385_3118628
8988385_3118628_x128_y0_crop1601.png,128,0,8988385_3118628
8988385_3118628_x256_y0_crop1602.png,256,0,8988385_3118628
8988385_3118628_x384_y0_crop1603.png,384,0,8988385_3118628
8988385_3118628_x0_y128_crop1604.png,0,128,8988385_3118628
8988385_3118628_x128_y128_crop1605.png,128,128,8988385_3118628
8988385_3118628_x256_y128_crop1606.png,256,128,8988385_3118628
8988385_3118628_x384_y128_crop1607.png,384,128,8988385_3118628
8988385_3118628_x0_y256_crop1608.png,0,256,8988385_3118628
8988385_3118628_x128_y256_crop1609.png,128,256,8988385_3118628
8988385_3118628_x256_y256_crop1610.png,256,256,8988385_3118628
8988385_3118628_x384_y256_crop1611.png,384,256,8988385_3118628
8988385_3118628_x0_y384_crop1612.png,0,384,8988385_3118628
8988385_3118628_x128_y384_crop1613.png,128,384,8988385_3118628
8988385_3118628_x256_y384_crop1614.png,256,384,8988385_3118628
8988385_3118628_x384_y384_crop1615.png,384,384,8988385_3118628
8996640_3085607_x0_y0_crop1616.png,0,0,8996640_3085607
8996640_3085607_x128_y0_crop1617.png,128,0,8996640_3085607
8996640_3085607_x256_y0_crop1618.png,256,0,8996640_3085607
8996640_3085607_x384_y0_crop1619.png,384,0,8996640_3085607
8996640_3085607_x0_y128_crop1620.png,0,128,8996640_3085607
8996640_3085607_x128_y128_crop1621.png,128,128,8996640_3085607
8996640_3085607_x256_y128_crop1622.png,256,128,8996640_3085607
8996640_3085607_x384_y128_crop1623.png,384,128,8996640_3085607
8996640_3085607_x0_y256_crop1624.png,0,256,8996640_3085607
8996640_3085607_x128_y256_crop1625.png,128,256,8996640_3085607
8996640_3085607_x256_y256_crop1626.png,256,256,8996640_3085607
8996640_3085607_x384_y256_crop1627.png,384,256,8996640_3085607
8996640_3085607_x0_y384_crop1628.png,0,384,8996640_3085607
8996640_3085607_x128_y384_crop1629.png,128,384,8996640_3085607
8996640_3085607_x256_y384_crop1630.png,256,384,8996640_3085607
8996640_3085607_x384_y384_crop1631.png,384,384,8996640_3085607
9032413_3091111_x0_y0_crop1632.png,0,0,9032413_3091111
9032413_3091111_x128_y0_crop1633.png,128,0,9032413_3091111
9032413_3091111_x256_y0_crop1634.png,256,0,9032413_3091111
9032413_3091111_x384_y0_crop1635.png,384,0,9032413_3091111
9032413_3091111_x0_y128_crop1636.png,0,128,9032413_3091111
9032413_3091111_x128_y128_crop1637.png,128,128,9032413_3091111
9032413_3091111_x256_y128_crop1638.png,256,128,9032413_3091111
9032413_3091111_x384_y128_crop1639.png,384,128,9032413_3091111
9032413_3091111_x0_y256_crop1640.png,0,256,9032413_3091111
9032413_3091111_x128_y256_crop1641.png,128,256,9032413_3091111
9032413_3091111_x256_y256_crop1642.png,256,256,9032413_3091111
9032413_3091111_x384_y256_crop1643.png,384,256,9032413_3091111
9032413_3091111_x0_y384_crop1644.png,0,384,9032413_3091111
9032413_3091111_x128_y384_crop1645.png,128,384,9032413_3091111
9032413_3091111_x256_y384_crop1646.png,256,384,9032413_3091111
9032413_3091111_x384_y384_crop1647.png,384,384,9032413_3091111
9040668_3118628_x0_y0_crop1648.png,0,0,9040668_3118628
9040668_3118628_x128_y0_crop1649.png,128,0,9040668_3118628
9040668_3118628_x256_y0_crop1650.png,256,0,9040668_3118628
9040668_3118628_x384_y0_crop1651.png,384,0,9040668_3118628
9040668_3118628_x0_y128_crop1652.png,0,128,9040668_3118628
9040668_3118628_x128_y128_crop1653.png,128,128,9040668_3118628
9040668_3118628_x256_y128_crop1654.png,256,128,9040668_3118628
9040668_3118628_x384_y128_crop1655.png,384,128,9040668_3118628
9040668_3118628_x0_y256_crop1656.png,0,256,9040668_3118628
9040668_3118628_x128_y256_crop1657.png,128,256,9040668_3118628
9040668_3118628_x256_y256_crop1658.png,256,256,9040668_3118628
9040668_3118628_x384_y256_crop1659.png,384,256,9040668_3118628
9040668_3118628_x0_y384_crop1660.png,0,384,9040668_3118628
9040668_3118628_x128_y384_crop1661.png,128,384,9040668_3118628
9040668_3118628_x256_y384_crop1662.png,256,384,9040668_3118628
9040668_3118628_x384_y384_crop1663.png,384,384,9040668_3118628
9026909_3093862_x0_y0_crop1664.png,0,0,9026909_3093862
9026909_3093862_x128_y0_crop1665.png,128,0,9026909_3093862
9026909_3093862_x256_y0_crop1666.png,256,0,9026909_3093862
9026909_3093862_x384_y0_crop1667.png,384,0,9026909_3093862
9026909_3093862_x0_y128_crop1668.png,0,128,9026909_3093862
9026909_3093862_x128_y128_crop1669.png,128,128,9026909_3093862
9026909_3093862_x256_y128_crop1670.png,256,128,9026909_3093862
9026909_3093862_x384_y128_crop1671.png,384,128,9026909_3093862
9026909_3093862_x0_y256_crop1672.png,0,256,9026909_3093862
9026909_3093862_x128_y256_crop1673.png,128,256,9026909_3093862
9026909_3093862_x256_y256_crop1674.png,256,256,9026909_3093862
9026909_3093862_x384_y256_crop1675.png,384,256,9026909_3093862
9026909_3093862_x0_y384_crop1676.png,0,384,9026909_3093862
9026909_3093862_x128_y384_crop1677.png,128,384,9026909_3093862
9026909_3093862_x256_y384_crop1678.png,256,384,9026909_3093862
9026909_3093862_x384_y384_crop1679.png,384,384,9026909_3093862
9004895_3137890_x0_y0_crop1680.png,0,0,9004895_3137890
9004895_3137890_x128_y0_crop1681.png,128,0,9004895_3137890
9004895_3137890_x256_y0_crop1682.png,256,0,9004895_3137890
9004895_3137890_x384_y0_crop1683.png,384,0,9004895_3137890
9004895_3137890_x0_y128_crop1684.png,0,128,9004895_3137890
9004895_3137890_x128_y128_crop1685.png,128,128,9004895_3137890
9004895_3137890_x256_y128_crop1686.png,256,128,9004895_3137890
9004895_3137890_x384_y128_crop1687.png,384,128,9004895_3137890
9004895_3137890_x0_y256_crop1688.png,0,256,9004895_3137890
9004895_3137890_x128_y256_crop1689.png,128,256,9004895_3137890
9004895_3137890_x256_y256_crop1690.png,256,256,9004895_3137890
9004895_3137890_x384_y256_crop1691.png,384,256,9004895_3137890
9004895_3137890_x0_y384_crop1692.png,0,384,9004895_3137890
9004895_3137890_x128_y384_crop1693.png,128,384,9004895_3137890
9004895_3137890_x256_y384_crop1694.png,256,384,9004895_3137890
9004895_3137890_x384_y384_crop1695.png,384,384,9004895_3137890
8988385_3107621_x0_y0_crop1696.png,0,0,8988385_3107621
8988385_3107621_x128_y0_crop1697.png,128,0,8988385_3107621
8988385_3107621_x256_y0_crop1698.png,256,0,8988385_3107621
8988385_3107621_x384_y0_crop1699.png,384,0,8988385_3107621
8988385_3107621_x0_y128_crop1700.png,0,128,8988385_3107621
8988385_3107621_x128_y128_crop1701.png,128,128,8988385_3107621
8988385_3107621_x256_y128_crop1702.png,256,128,8988385_3107621
8988385_3107621_x384_y128_crop1703.png,384,128,8988385_3107621
8988385_3107621_x0_y256_crop1704.png,0,256,8988385_3107621
8988385_3107621_x128_y256_crop1705.png,128,256,8988385_3107621
8988385_3107621_x256_y256_crop1706.png,256,256,8988385_3107621
8988385_3107621_x384_y256_crop1707.png,384,256,8988385_3107621
8988385_3107621_x0_y384_crop1708.png,0,384,8988385_3107621
8988385_3107621_x128_y384_crop1709.png,128,384,8988385_3107621
8988385_3107621_x256_y384_crop1710.png,256,384,8988385_3107621
8988385_3107621_x384_y384_crop1711.png,384,384,8988385_3107621
8991137_3137890_x0_y0_crop1712.png,0,0,8991137_3137890
8991137_3137890_x128_y0_crop1713.png,128,0,8991137_3137890
8991137_3137890_x256_y0_crop1714.png,256,0,8991137_3137890
8991137_3137890_x384_y0_crop1715.png,384,0,8991137_3137890
8991137_3137890_x0_y128_crop1716.png,0,128,8991137_3137890
8991137_3137890_x128_y128_crop1717.png,128,128,8991137_3137890
8991137_3137890_x256_y128_crop1718.png,256,128,8991137_3137890
8991137_3137890_x384_y128_crop1719.png,384,128,8991137_3137890
8991137_3137890_x0_y256_crop1720.png,0,256,8991137_3137890
8991137_3137890_x128_y256_crop1721.png,128,256,8991137_3137890
8991137_3137890_x256_y256_crop1722.png,256,256,8991137_3137890
8991137_3137890_x384_y256_crop1723.png,384,256,8991137_3137890
8991137_3137890_x0_y384_crop1724.png,0,384,8991137_3137890
8991137_3137890_x128_y384_crop1725.png,128,384,8991137_3137890
8991137_3137890_x256_y384_crop1726.png,256,384,8991137_3137890
8991137_3137890_x384_y384_crop1727.png,384,384,8991137_3137890
9013151_3080104_x0_y0_crop1728.png,0,0,9013151_3080104
9013151_3080104_x128_y0_crop1729.png,128,0,9013151_3080104
9013151_3080104_x256_y0_crop1730.png,256,0,9013151_3080104
9013151_3080104_x384_y0_crop1731.png,384,0,9013151_3080104
9013151_3080104_x0_y128_crop1732.png,0,128,9013151_3080104
9013151_3080104_x128_y128_crop1733.png,128,128,9013151_3080104
9013151_3080104_x256_y128_crop1734.png,256,128,9013151_3080104
9013151_3080104_x384_y128_crop1735.png,384,128,9013151_3080104
9013151_3080104_x0_y256_crop1736.png,0,256,9013151_3080104
9013151_3080104_x128_y256_crop1737.png,128,256,9013151_3080104
9013151_3080104_x256_y256_crop1738.png,256,256,9013151_3080104
9013151_3080104_x384_y256_crop1739.png,384,256,9013151_3080104
9013151_3080104_x0_y384_crop1740.png,0,384,9013151_3080104
9013151_3080104_x128_y384_crop1741.png,128,384,9013151_3080104
9013151_3080104_x256_y384_crop1742.png,256,384,9013151_3080104
9013151_3080104_x384_y384_crop1743.png,384,384,9013151_3080104
8996640_3077352_x0_y0_crop1744.png,0,0,8996640_3077352
8996640_3077352_x128_y0_crop1745.png,128,0,8996640_3077352
8996640_3077352_x256_y0_crop1746.png,256,0,8996640_3077352
8996640_3077352_x384_y0_crop1747.png,384,0,8996640_3077352
8996640_3077352_x0_y128_crop1748.png,0,128,8996640_3077352
8996640_3077352_x128_y128_crop1749.png,128,128,8996640_3077352
8996640_3077352_x256_y128_crop1750.png,256,128,8996640_3077352
8996640_3077352_x384_y128_crop1751.png,384,128,8996640_3077352
8996640_3077352_x0_y256_crop1752.png,0,256,8996640_3077352
8996640_3077352_x128_y256_crop1753.png,128,256,8996640_3077352
8996640_3077352_x256_y256_crop1754.png,256,256,8996640_3077352
8996640_3077352_x384_y256_crop1755.png,384,256,8996640_3077352
8996640_3077352_x0_y384_crop1756.png,0,384,8996640_3077352
8996640_3077352_x128_y384_crop1757.png,128,384,8996640_3077352
8996640_3077352_x256_y384_crop1758.png,256,384,8996640_3077352
8996640_3077352_x384_y384_crop1759.png,384,384,8996640_3077352
9018654_3137890_x0_y0_crop1760.png,0,0,9018654_3137890
9018654_3137890_x128_y0_crop1761.png,128,0,9018654_3137890
9018654_3137890_x256_y0_crop1762.png,256,0,9018654_3137890
9018654_3137890_x384_y0_crop1763.png,384,0,9018654_3137890
9018654_3137890_x0_y128_crop1764.png,0,128,9018654_3137890
9018654_3137890_x128_y128_crop1765.png,128,128,9018654_3137890
9018654_3137890_x256_y128_crop1766.png,256,128,9018654_3137890
9018654_3137890_x384_y128_crop1767.png,384,128,9018654_3137890
9018654_3137890_x0_y256_crop1768.png,0,256,9018654_3137890
9018654_3137890_x128_y256_crop1769.png,128,256,9018654_3137890
9018654_3137890_x256_y256_crop1770.png,256,256,9018654_3137890
9018654_3137890_x384_y256_crop1771.png,384,256,9018654_3137890
9018654_3137890_x0_y384_crop1772.png,0,384,9018654_3137890
9018654_3137890_x128_y384_crop1773.png,128,384,9018654_3137890
9018654_3137890_x256_y384_crop1774.png,256,384,9018654_3137890
9018654_3137890_x384_y384_crop1775.png,384,384,9018654_3137890
9024157_3099366_x0_y0_crop1776.png,0,0,9024157_3099366
9024157_3099366_x128_y0_crop1777.png,128,0,9024157_3099366
9024157_3099366_x256_y0_crop1778.png,256,0,9024157_3099366
9024157_3099366_x384_y0_crop1779.png,384,0,9024157_3099366
9024157_3099366_x0_y128_crop1780.png,0,128,9024157_3099366
9024157_3099366_x128_y128_crop1781.png,128,128,9024157_3099366
9024157_3099366_x256_y128_crop1782.png,256,128,9024157_3099366
9024157_3099366_x384_y128_crop1783.png,384,128,9024157_3099366
9024157_3099366_x0_y256_crop1784.png,0,256,9024157_3099366
9024157_3099366_x128_y256_crop1785.png,128,256,9024157_3099366
9024157_3099366_x256_y256_crop1786.png,256,256,9024157_3099366
9024157_3099366_x384_y256_crop1787.png,384,256,9024157_3099366
9024157_3099366_x0_y384_crop1788.png,0,384,9024157_3099366
9024157_3099366_x128_y384_crop1789.png,128,384,9024157_3099366
9024157_3099366_x256_y384_crop1790.png,256,384,9024157_3099366
9024157_3099366_x384_y384_crop1791.png,384,384,9024157_3099366
9035164_3118628_x0_y0_crop1792.png,0,0,9035164_3118628
9035164_3118628_x128_y0_crop1793.png,128,0,9035164_3118628
9035164_3118628_x256_y0_crop1794.png,256,0,9035164_3118628
9035164_3118628_x384_y0_crop1795.png,384,0,9035164_3118628
9035164_3118628_x0_y128_crop1796.png,0,128,9035164_3118628
9035164_3118628_x128_y128_crop1797.png,128,128,9035164_3118628
9035164_3118628_x256_y128_crop1798.png,256,128,9035164_3118628
9035164_3118628_x384_y128_crop1799.png,384,128,9035164_3118628
9035164_3118628_x0_y256_crop1800.png,0,256,9035164_3118628
9035164_3118628_x128_y256_crop1801.png,128,256,9035164_3118628
9035164_3118628_x256_y256_crop1802.png,256,256,9035164_3118628
9035164_3118628_x384_y256_crop1803.png,384,256,9035164_3118628
9035164_3118628_x0_y384_crop1804.png,0,384,9035164_3118628
9035164_3118628_x128_y384_crop1805.png,128,384,9035164_3118628
9035164_3118628_x256_y384_crop1806.png,256,384,9035164_3118628
9035164_3118628_x384_y384_crop1807.png,384,384,9035164_3118628
8993888_3102117_x0_y0_crop1808.png,0,0,8993888_3102117
8993888_3102117_x128_y0_crop1809.png,128,0,8993888_3102117
8993888_3102117_x256_y0_crop1810.png,256,0,8993888_3102117
8993888_3102117_x384_y0_crop1811.png,384,0,8993888_3102117
8993888_3102117_x0_y128_crop1812.png,0,128,8993888_3102117
8993888_3102117_x128_y128_crop1813.png,128,128,8993888_3102117
8993888_3102117_x256_y128_crop1814.png,256,128,8993888_3102117
8993888_3102117_x384_y128_crop1815.png,384,128,8993888_3102117
8993888_3102117_x0_y256_crop1816.png,0,256,8993888_3102117
8993888_3102117_x128_y256_crop1817.png,128,256,8993888_3102117
8993888_3102117_x256_y256_crop1818.png,256,256,8993888_3102117
8993888_3102117_x384_y256_crop1819.png,384,256,8993888_3102117
8993888_3102117_x0_y384_crop1820.png,0,384,8993888_3102117
8993888_3102117_x128_y384_crop1821.png,128,384,8993888_3102117
8993888_3102117_x256_y384_crop1822.png,256,384,8993888_3102117
8993888_3102117_x384_y384_crop1823.png,384,384,8993888_3102117
8985633_3096614_x0_y0_crop1824.png,0,0,8985633_3096614
8985633_3096614_x128_y0_crop1825.png,128,0,8985633_3096614
8985633_3096614_x256_y0_crop1826.png,256,0,8985633_3096614
8985633_3096614_x384_y0_crop1827.png,384,0,8985633_3096614
8985633_3096614_x0_y128_crop1828.png,0,128,8985633_3096614
8985633_3096614_x128_y128_crop1829.png,128,128,8985633_3096614
8985633_3096614_x256_y128_crop1830.png,256,128,8985633_3096614
8985633_3096614_x384_y128_crop1831.png,384,128,8985633_3096614
8985633_3096614_x0_y256_crop1832.png,0,256,8985633_3096614
8985633_3096614_x128_y256_crop1833.png,128,256,8985633_3096614
8985633_3096614_x256_y256_crop1834.png,256,256,8985633_3096614
8985633_3096614_x384_y256_crop1835.png,384,256,8985633_3096614
8985633_3096614_x0_y384_crop1836.png,0,384,8985633_3096614
8985633_3096614_x128_y384_crop1837.png,128,384,8985633_3096614
8985633_3096614_x256_y384_crop1838.png,256,384,8985633_3096614
8985633_3096614_x384_y384_crop1839.png,384,384,8985633_3096614
9021406_3118628_x0_y0_crop1840.png,0,0,9021406_3118628
9021406_3118628_x128_y0_crop1841.png,128,0,9021406_3118628
9021406_3118628_x256_y0_crop1842.png,256,0,9021406_3118628
9021406_3118628_x384_y0_crop1843.png,384,0,9021406_3118628
9021406_3118628_x0_y128_crop1844.png,0,128,9021406_3118628
9021406_3118628_x128_y128_crop1845.png,128,128,9021406_3118628
9021406_3118628_x256_y128_crop1846.png,256,128,9021406_3118628
9021406_3118628_x384_y128_crop1847.png,384,128,9021406_3118628
9021406_3118628_x0_y256_crop1848.png,0,256,9021406_3118628
9021406_3118628_x128_y256_crop1849.png,128,256,9021406_3118628
9021406_3118628_x256_y256_crop1850.png,256,256,9021406_3118628
9021406_3118628_x384_y256_crop1851.png,384,256,9021406_3118628
9021406_3118628_x0_y384_crop1852.png,0,384,9021406_3118628
9021406_3118628_x128_y384_crop1853.png,128,384,9021406_3118628
9021406_3118628_x256_y384_crop1854.png,256,384,9021406_3118628
9021406_3118628_x384_y384_crop1855.png,384,384,9021406_3118628
9002144_3135138_x0_y0_crop1856.png,0,0,9002144_3135138
9002144_3135138_x128_y0_crop1857.png,128,0,9002144_3135138
9002144_3135138_x256_y0_crop1858.png,256,0,9002144_3135138
9002144_3135138_x384_y0_crop1859.png,384,0,9002144_3135138
9002144_3135138_x0_y128_crop1860.png,0,128,9002144_3135138
9002144_3135138_x128_y128_crop1861.png,128,128,9002144_3135138
9002144_3135138_x256_y128_crop1862.png,256,128,9002144_3135138
9002144_3135138_x384_y128_crop1863.png,384,128,9002144_3135138
9002144_3135138_x0_y256_crop1864.png,0,256,9002144_3135138
9002144_3135138_x128_y256_crop1865.png,128,256,9002144_3135138
9002144_3135138_x256_y256_crop1866.png,256,256,9002144_3135138
9002144_3135138_x384_y256_crop1867.png,384,256,9002144_3135138
9002144_3135138_x0_y384_crop1868.png,0,384,9002144_3135138
9002144_3135138_x128_y384_crop1869.png,128,384,9002144_3135138
9002144_3135138_x256_y384_crop1870.png,256,384,9002144_3135138
9002144_3135138_x384_y384_crop1871.png,384,384,9002144_3135138
9021406_3085607_x0_y0_crop1872.png,0,0,9021406_3085607
9021406_3085607_x128_y0_crop1873.png,128,0,9021406_3085607
9021406_3085607_x256_y0_crop1874.png,256,0,9021406_3085607
9021406_3085607_x384_y0_crop1875.png,384,0,9021406_3085607
9021406_3085607_x0_y128_crop1876.png,0,128,9021406_3085607
9021406_3085607_x128_y128_crop1877.png,128,128,9021406_3085607
9021406_3085607_x256_y128_crop1878.png,256,128,9021406_3085607
9021406_3085607_x384_y128_crop1879.png,384,128,9021406_3085607
9021406_3085607_x0_y256_crop1880.png,0,256,9021406_3085607
9021406_3085607_x128_y256_crop1881.png,128,256,9021406_3085607
9021406_3085607_x256_y256_crop1882.png,256,256,9021406_3085607
9021406_3085607_x384_y256_crop1883.png,384,256,9021406_3085607
9021406_3085607_x0_y384_crop1884.png,0,384,9021406_3085607
9021406_3085607_x128_y384_crop1885.png,128,384,9021406_3085607
9021406_3085607_x256_y384_crop1886.png,256,384,9021406_3085607
9021406_3085607_x384_y384_crop1887.png,384,384,9021406_3085607
8993888_3110373_x0_y0_crop1888.png,0,0,8993888_3110373
8993888_3110373_x128_y0_crop1889.png,128,0,8993888_3110373
8993888_3110373_x256_y0_crop1890.png,256,0,8993888_3110373
8993888_3110373_x384_y0_crop1891.png,384,0,8993888_3110373
8993888_3110373_x0_y128_crop1892.png,0,128,8993888_3110373
8993888_3110373_x128_y128_crop1893.png,128,128,8993888_3110373
8993888_3110373_x256_y128_crop1894.png,256,128,8993888_3110373
8993888_3110373_x384_y128_crop1895.png,384,128,8993888_3110373
8993888_3110373_x0_y256_crop1896.png,0,256,8993888_3110373
8993888_3110373_x128_y256_crop1897.png,128,256,8993888_3110373
8993888_3110373_x256_y256_crop1898.png,256,256,8993888_3110373
8993888_3110373_x384_y256_crop1899.png,384,256,8993888_3110373
8993888_3110373_x0_y384_crop1900.png,0,384,8993888_3110373
8993888_3110373_x128_y384_crop1901.png,128,384,8993888_3110373
8993888_3110373_x256_y384_crop1902.png,256,384,8993888_3110373
8993888_3110373_x384_y384_crop1903.png,384,384,8993888_3110373
8982881_3115876_x0_y0_crop1904.png,0,0,8982881_3115876
8982881_3115876_x128_y0_crop1905.png,128,0,8982881_3115876
8982881_3115876_x256_y0_crop1906.png,256,0,8982881_3115876
8982881_3115876_x384_y0_crop1907.png,384,0,8982881_3115876
8982881_3115876_x0_y128_crop1908.png,0,128,8982881_3115876
8982881_3115876_x128_y128_crop1909.png,128,128,8982881_3115876
8982881_3115876_x256_y128_crop1910.png,256,128,8982881_3115876
8982881_3115876_x384_y128_crop1911.png,384,128,8982881_3115876
8982881_3115876_x0_y256_crop1912.png,0,256,8982881_3115876
8982881_3115876_x128_y256_crop1913.png,128,256,8982881_3115876
8982881_3115876_x256_y256_crop1914.png,256,256,8982881_3115876
8982881_3115876_x384_y256_crop1915.png,384,256,8982881_3115876
8982881_3115876_x0_y384_crop1916.png,0,384,8982881_3115876
8982881_3115876_x128_y384_crop1917.png,128,384,8982881_3115876
8982881_3115876_x256_y384_crop1918.png,256,384,8982881_3115876
8982881_3115876_x384_y384_crop1919.png,384,384,8982881_3115876
8980130_3085607_x0_y0_crop1920.png,0,0,8980130_3085607
8980130_3085607_x128_y0_crop1921.png,128,0,8980130_3085607
8980130_3085607_x256_y0_crop1922.png,256,0,8980130_3085607
8980130_3085607_x384_y0_crop1923.png,384,0,8980130_3085607
8980130_3085607_x0_y128_crop1924.png,0,128,8980130_3085607
8980130_3085607_x128_y128_crop1925.png,128,128,8980130_3085607
8980130_3085607_x256_y128_crop1926.png,256,128,8980130_3085607
8980130_3085607_x384_y128_crop1927.png,384,128,8980130_3085607
8980130_3085607_x0_y256_crop1928.png,0,256,8980130_3085607
8980130_3085607_x128_y256_crop1929.png,128,256,8980130_3085607
8980130_3085607_x256_y256_crop1930.png,256,256,8980130_3085607
8980130_3085607_x384_y256_crop1931.png,384,256,8980130_3085607
8980130_3085607_x0_y384_crop1932.png,0,384,8980130_3085607
8980130_3085607_x128_y384_crop1933.png,128,384,8980130_3085607
8980130_3085607_x256_y384_crop1934.png,256,384,8980130_3085607
8980130_3085607_x384_y384_crop1935.png,384,384,8980130_3085607
8991137_3091111_x0_y0_crop1936.png,0,0,8991137_3091111
8991137_3091111_x128_y0_crop1937.png,128,0,8991137_3091111
8991137_3091111_x256_y0_crop1938.png,256,0,8991137_3091111
8991137_3091111_x384_y0_crop1939.png,384,0,8991137_3091111
8991137_3091111_x0_y128_crop1940.png,0,128,8991137_3091111
8991137_3091111_x128_y128_crop1941.png,128,128,8991137_3091111
8991137_3091111_x256_y128_crop1942.png,256,128,8991137_3091111
8991137_3091111_x384_y128_crop1943.png,384,128,8991137_3091111
8991137_3091111_x0_y256_crop1944.png,0,256,8991137_3091111
8991137_3091111_x128_y256_crop1945.png,128,256,8991137_3091111
8991137_3091111_x256_y256_crop1946.png,256,256,8991137_3091111
8991137_3091111_x384_y256_crop1947.png,384,256,8991137_3091111
8991137_3091111_x0_y384_crop1948.png,0,384,8991137_3091111
8991137_3091111_x128_y384_crop1949.png,128,384,8991137_3091111
8991137_3091111_x256_y384_crop1950.png,256,384,8991137_3091111
8991137_3091111_x384_y384_crop1951.png,384,384,8991137_3091111
8996640_3118628_x0_y0_crop1952.png,0,0,8996640_3118628
8996640_3118628_x128_y0_crop1953.png,128,0,8996640_3118628
8996640_3118628_x256_y0_crop1954.png,256,0,8996640_3118628
8996640_3118628_x384_y0_crop1955.png,384,0,8996640_3118628
8996640_3118628_x0_y128_crop1956.png,0,128,8996640_3118628
8996640_3118628_x128_y128_crop1957.png,128,128,8996640_3118628
8996640_3118628_x256_y128_crop1958.png,256,128,8996640_3118628
8996640_3118628_x384_y128_crop1959.png,384,128,8996640_3118628
8996640_3118628_x0_y256_crop1960.png,0,256,8996640_3118628
8996640_3118628_x128_y256_crop1961.png,128,256,8996640_3118628
8996640_3118628_x256_y256_crop1962.png,256,256,8996640_3118628
8996640_3118628_x384_y256_crop1963.png,384,256,8996640_3118628
8996640_3118628_x0_y384_crop1964.png,0,384,8996640_3118628
8996640_3118628_x128_y384_crop1965.png,128,384,8996640_3118628
8996640_3118628_x256_y384_crop1966.png,256,384,8996640_3118628
8996640_3118628_x384_y384_crop1967.png,384,384,8996640_3118628
9015902_3135138_x0_y0_crop1968.png,0,0,9015902_3135138
9015902_3135138_x128_y0_crop1969.png,128,0,9015902_3135138
9015902_3135138_x256_y0_crop1970.png,256,0,9015902_3135138
9015902_3135138_x384_y0_crop1971.png,384,0,9015902_3135138
9015902_3135138_x0_y128_crop1972.png,0,128,9015902_3135138
9015902_3135138_x128_y128_crop1973.png,128,128,9015902_3135138
9015902_3135138_x256_y128_crop1974.png,256,128,9015902_3135138
9015902_3135138_x384_y128_crop1975.png,384,128,9015902_3135138
9015902_3135138_x0_y256_crop1976.png,0,256,9015902_3135138
9015902_3135138_x128_y256_crop1977.png,128,256,9015902_3135138
9015902_3135138_x256_y256_crop1978.png,256,256,9015902_3135138
9015902_3135138_x384_y256_crop1979.png,384,256,9015902_3135138
9015902_3135138_x0_y384_crop1980.png,0,384,9015902_3135138
9015902_3135138_x128_y384_crop1981.png,128,384,9015902_3135138
9015902_3135138_x256_y384_crop1982.png,256,384,9015902_3135138
9015902_3135138_x384_y384_crop1983.png,384,384,9015902_3135138
9018654_3126883_x0_y0_crop1984.png,0,0,9018654_3126883
9018654_3126883_x128_y0_crop1985.png,128,0,9018654_3126883
9018654_3126883_x256_y0_crop1986.png,256,0,9018654_3126883
9018654_3126883_x384_y0_crop1987.png,384,0,9018654_3126883
9018654_3126883_x0_y128_crop1988.png,0,128,9018654_3126883
9018654_3126883_x128_y128_crop1989.png,128,128,9018654_3126883
9018654_3126883_x256_y128_crop1990.png,256,128,9018654_3126883
9018654_3126883_x384_y128_crop1991.png,384,128,9018654_3126883
9018654_3126883_x0_y256_crop1992.png,0,256,9018654_3126883
9018654_3126883_x128_y256_crop1993.png,128,256,9018654_3126883
9018654_3126883_x256_y256_crop1994.png,256,256,9018654_3126883
9018654_3126883_x384_y256_crop1995.png,384,256,9018654_3126883
9018654_3126883_x0_y384_crop1996.png,0,384,9018654_3126883
9018654_3126883_x128_y384_crop1997.png,128,384,9018654_3126883
9018654_3126883_x256_y384_crop1998.png,256,384,9018654_3126883
9018654_3126883_x384_y384_crop1999.png,384,384,9018654_3126883
8999392_3082855_x0_y0_crop2000.png,0,0,8999392_3082855
8999392_3082855_x128_y0_crop2001.png,128,0,8999392_3082855
8999392_3082855_x256_y0_crop2002.png,256,0,8999392_3082855
8999392_3082855_x384_y0_crop2003.png,384,0,8999392_3082855
8999392_3082855_x0_y128_crop2004.png,0,128,8999392_3082855
8999392_3082855_x128_y128_crop2005.png,128,128,8999392_3082855
8999392_3082855_x256_y128_crop2006.png,256,128,8999392_3082855
8999392_3082855_x384_y128_crop2007.png,384,128,8999392_3082855
8999392_3082855_x0_y256_crop2008.png,0,256,8999392_3082855
8999392_3082855_x128_y256_crop2009.png,128,256,8999392_3082855
8999392_3082855_x256_y256_crop2010.png,256,256,8999392_3082855
8999392_3082855_x384_y256_crop2011.png,384,256,8999392_3082855
8999392_3082855_x0_y384_crop2012.png,0,384,8999392_3082855
8999392_3082855_x128_y384_crop2013.png,128,384,8999392_3082855
8999392_3082855_x256_y384_crop2014.png,256,384,8999392_3082855
8999392_3082855_x384_y384_crop2015.png,384,384,8999392_3082855
8999392_3135138_x0_y0_crop2016.png,0,0,8999392_3135138
8999392_3135138_x128_y0_crop2017.png,128,0,8999392_3135138
8999392_3135138_x256_y0_crop2018.png,256,0,8999392_3135138
8999392_3135138_x384_y0_crop2019.png,384,0,8999392_3135138
8999392_3135138_x0_y128_crop2020.png,0,128,8999392_3135138
8999392_3135138_x128_y128_crop2021.png,128,128,8999392_3135138
8999392_3135138_x256_y128_crop2022.png,256,128,8999392_3135138
8999392_3135138_x384_y128_crop2023.png,384,128,8999392_3135138
8999392_3135138_x0_y256_crop2024.png,0,256,8999392_3135138
8999392_3135138_x128_y256_crop2025.png,128,256,8999392_3135138
8999392_3135138_x256_y256_crop2026.png,256,256,8999392_3135138
8999392_3135138_x384_y256_crop2027.png,384,256,8999392_3135138
8999392_3135138_x0_y384_crop2028.png,0,384,8999392_3135138
8999392_3135138_x128_y384_crop2029.png,128,384,8999392_3135138
8999392_3135138_x256_y384_crop2030.png,256,384,8999392_3135138
8999392_3135138_x384_y384_crop2031.png,384,384,8999392_3135138
8988385_3088359_x0_y0_crop2032.png,0,0,8988385_3088359
8988385_3088359_x128_y0_crop2033.png,128,0,8988385_3088359
8988385_3088359_x256_y0_crop2034.png,256,0,8988385_3088359
8988385_3088359_x384_y0_crop2035.png,384,0,8988385_3088359
8988385_3088359_x0_y128_crop2036.png,0,128,8988385_3088359
8988385_3088359_x128_y128_crop2037.png,128,128,8988385_3088359
8988385_3088359_x256_y128_crop2038.png,256,128,8988385_3088359
8988385_3088359_x384_y128_crop2039.png,384,128,8988385_3088359
8988385_3088359_x0_y256_crop2040.png,0,256,8988385_3088359
8988385_3088359_x128_y256_crop2041.png,128,256,8988385_3088359
8988385_3088359_x256_y256_crop2042.png,256,256,8988385_3088359
8988385_3088359_x384_y256_crop2043.png,384,256,8988385_3088359
8988385_3088359_x0_y384_crop2044.png,0,384,8988385_3088359
8988385_3088359_x128_y384_crop2045.png,128,384,8988385_3088359
8988385_3088359_x256_y384_crop2046.png,256,384,8988385_3088359
8988385_3088359_x384_y384_crop2047.png,384,384,8988385_3088359
9024157_3115876_x0_y0_crop2048.png,0,0,9024157_3115876
9024157_3115876_x128_y0_crop2049.png,128,0,9024157_3115876
9024157_3115876_x256_y0_crop2050.png,256,0,9024157_3115876
9024157_3115876_x384_y0_crop2051.png,384,0,9024157_3115876
9024157_3115876_x0_y128_crop2052.png,0,128,9024157_3115876
9024157_3115876_x128_y128_crop2053.png,128,128,9024157_3115876
9024157_3115876_x256_y128_crop2054.png,256,128,9024157_3115876
9024157_3115876_x384_y128_crop2055.png,384,128,9024157_3115876
9024157_3115876_x0_y256_crop2056.png,0,256,9024157_3115876
9024157_3115876_x128_y256_crop2057.png,128,256,9024157_3115876
9024157_3115876_x256_y256_crop2058.png,256,256,9024157_3115876
9024157_3115876_x384_y256_crop2059.png,384,256,9024157_3115876
9024157_3115876_x0_y384_crop2060.png,0,384,9024157_3115876
9024157_3115876_x128_y384_crop2061.png,128,384,9024157_3115876
9024157_3115876_x256_y384_crop2062.png,256,384,9024157_3115876
9024157_3115876_x384_y384_crop2063.png,384,384,9024157_3115876
8991137_3115876_x0_y0_crop2064.png,0,0,8991137_3115876
8991137_3115876_x128_y0_crop2065.png,128,0,8991137_3115876
8991137_3115876_x256_y0_crop2066.png,256,0,8991137_3115876
8991137_3115876_x384_y0_crop2067.png,384,0,8991137_3115876
8991137_3115876_x0_y128_crop2068.png,0,128,8991137_3115876
8991137_3115876_x128_y128_crop2069.png,128,128,8991137_3115876
8991137_3115876_x256_y128_crop2070.png,256,128,8991137_3115876
8991137_3115876_x384_y128_crop2071.png,384,128,8991137_3115876
8991137_3115876_x0_y256_crop2072.png,0,256,8991137_3115876
8991137_3115876_x128_y256_crop2073.png,128,256,8991137_3115876
8991137_3115876_x256_y256_crop2074.png,256,256,8991137_3115876
8991137_3115876_x384_y256_crop2075.png,384,256,8991137_3115876
8991137_3115876_x0_y384_crop2076.png,0,384,8991137_3115876
8991137_3115876_x128_y384_crop2077.png,128,384,8991137_3115876
8991137_3115876_x256_y384_crop2078.png,256,384,8991137_3115876
8991137_3115876_x384_y384_crop2079.png,384,384,8991137_3115876
9021406_3082855_x0_y0_crop2080.png,0,0,9021406_3082855
9021406_3082855_x128_y0_crop2081.png,128,0,9021406_3082855
9021406_3082855_x256_y0_crop2082.png,256,0,9021406_3082855
9021406_3082855_x384_y0_crop2083.png,384,0,9021406_3082855
9021406_3082855_x0_y128_crop2084.png,0,128,9021406_3082855
9021406_3082855_x128_y128_crop2085.png,128,128,9021406_3082855
9021406_3082855_x256_y128_crop2086.png,256,128,9021406_3082855
9021406_3082855_x384_y128_crop2087.png,384,128,9021406_3082855
9021406_3082855_x0_y256_crop2088.png,0,256,9021406_3082855
9021406_3082855_x128_y256_crop2089.png,128,256,9021406_3082855
9021406_3082855_x256_y256_crop2090.png,256,256,9021406_3082855
9021406_3082855_x384_y256_crop2091.png,384,256,9021406_3082855
9021406_3082855_x0_y384_crop2092.png,0,384,9021406_3082855
9021406_3082855_x128_y384_crop2093.png,128,384,9021406_3082855
9021406_3082855_x256_y384_crop2094.png,256,384,9021406_3082855
9021406_3082855_x384_y384_crop2095.png,384,384,9021406_3082855
8991137_3093862_x0_y0_crop2096.png,0,0,8991137_3093862
8991137_3093862_x128_y0_crop2097.png,128,0,8991137_3093862
8991137_3093862_x256_y0_crop2098.png,256,0,8991137_3093862
8991137_3093862_x384_y0_crop2099.png,384,0,8991137_3093862
8991137_3093862_x0_y128_crop2100.png,0,128,8991137_3093862
8991137_3093862_x128_y128_crop2101.png,128,128,8991137_3093862
8991137_3093862_x256_y128_crop2102.png,256,128,8991137_3093862
8991137_3093862_x384_y128_crop2103.png,384,128,8991137_3093862
8991137_3093862_x0_y256_crop2104.png,0,256,8991137_3093862
8991137_3093862_x128_y256_crop2105.png,128,256,8991137_3093862
8991137_3093862_x256_y256_crop2106.png,256,256,8991137_3093862
8991137_3093862_x384_y256_crop2107.png,384,256,8991137_3093862
8991137_3093862_x0_y384_crop2108.png,0,384,8991137_3093862
8991137_3093862_x128_y384_crop2109.png,128,384,8991137_3093862
8991137_3093862_x256_y384_crop2110.png,256,384,8991137_3093862
8991137_3093862_x384_y384_crop2111.png,384,384,8991137_3093862
9037916_3099366_x0_y0_crop2112.png,0,0,9037916_3099366
9037916_3099366_x128_y0_crop2113.png,128,0,9037916_3099366
9037916_3099366_x256_y0_crop2114.png,256,0,9037916_3099366
9037916_3099366_x384_y0_crop2115.png,384,0,9037916_3099366
9037916_3099366_x0_y128_crop2116.png,0,128,9037916_3099366
9037916_3099366_x128_y128_crop2117.png,128,128,9037916_3099366
9037916_3099366_x256_y128_crop2118.png,256,128,9037916_3099366
9037916_3099366_x384_y128_crop2119.png,384,128,9037916_3099366
9037916_3099366_x0_y256_crop2120.png,0,256,9037916_3099366
9037916_3099366_x128_y256_crop2121.png,128,256,9037916_3099366
9037916_3099366_x256_y256_crop2122.png,256,256,9037916_3099366
9037916_3099366_x384_y256_crop2123.png,384,256,9037916_3099366
9037916_3099366_x0_y384_crop2124.png,0,384,9037916_3099366
9037916_3099366_x128_y384_crop2125.png,128,384,9037916_3099366
9037916_3099366_x256_y384_crop2126.png,256,384,9037916_3099366
9037916_3099366_x384_y384_crop2127.png,384,384,9037916_3099366
9026909_3126883_x0_y0_crop2128.png,0,0,9026909_3126883
9026909_3126883_x128_y0_crop2129.png,128,0,9026909_3126883
9026909_3126883_x256_y0_crop2130.png,256,0,9026909_3126883
9026909_3126883_x384_y0_crop2131.png,384,0,9026909_3126883
9026909_3126883_x0_y128_crop2132.png,0,128,9026909_3126883
9026909_3126883_x128_y128_crop2133.png,128,128,9026909_3126883
9026909_3126883_x256_y128_crop2134.png,256,128,9026909_3126883
9026909_3126883_x384_y128_crop2135.png,384,128,9026909_3126883
9026909_3126883_x0_y256_crop2136.png,0,256,9026909_3126883
9026909_3126883_x128_y256_crop2137.png,128,256,9026909_3126883
9026909_3126883_x256_y256_crop2138.png,256,256,9026909_3126883
9026909_3126883_x384_y256_crop2139.png,384,256,9026909_3126883
9026909_3126883_x0_y384_crop2140.png,0,384,9026909_3126883
9026909_3126883_x128_y384_crop2141.png,128,384,9026909_3126883
9026909_3126883_x256_y384_crop2142.png,256,384,9026909_3126883
9026909_3126883_x384_y384_crop2143.png,384,384,9026909_3126883
9004895_3104869_x0_y0_crop2144.png,0,0,9004895_3104869
9004895_3104869_x128_y0_crop2145.png,128,0,9004895_3104869
9004895_3104869_x256_y0_crop2146.png,256,0,9004895_3104869
9004895_3104869_x384_y0_crop2147.png,384,0,9004895_3104869
9004895_3104869_x0_y128_crop2148.png,0,128,9004895_3104869
9004895_3104869_x128_y128_crop2149.png,128,128,9004895_3104869
9004895_3104869_x256_y128_crop2150.png,256,128,9004895_3104869
9004895_3104869_x384_y128_crop2151.png,384,128,9004895_3104869
9004895_3104869_x0_y256_crop2152.png,0,256,9004895_3104869
9004895_3104869_x128_y256_crop2153.png,128,256,9004895_3104869
9004895_3104869_x256_y256_crop2154.png,256,256,9004895_3104869
9004895_3104869_x384_y256_crop2155.png,384,256,9004895_3104869
9004895_3104869_x0_y384_crop2156.png,0,384,9004895_3104869
9004895_3104869_x128_y384_crop2157.png,128,384,9004895_3104869
9004895_3104869_x256_y384_crop2158.png,256,384,9004895_3104869
9004895_3104869_x384_y384_crop2159.png,384,384,9004895_3104869
9002144_3104869_x0_y0_crop2160.png,0,0,9002144_3104869
9002144_3104869_x128_y0_crop2161.png,128,0,9002144_3104869
9002144_3104869_x256_y0_crop2162.png,256,0,9002144_3104869
9002144_3104869_x384_y0_crop2163.png,384,0,9002144_3104869
9002144_3104869_x0_y128_crop2164.png,0,128,9002144_3104869
9002144_3104869_x128_y128_crop2165.png,128,128,9002144_3104869
9002144_3104869_x256_y128_crop2166.png,256,128,9002144_3104869
9002144_3104869_x384_y128_crop2167.png,384,128,9002144_3104869
9002144_3104869_x0_y256_crop2168.png,0,256,9002144_3104869
9002144_3104869_x128_y256_crop2169.png,128,256,9002144_3104869
9002144_3104869_x256_y256_crop2170.png,256,256,9002144_3104869
9002144_3104869_x384_y256_crop2171.png,384,256,9002144_3104869
9002144_3104869_x0_y384_crop2172.png,0,384,9002144_3104869
9002144_3104869_x128_y384_crop2173.png,128,384,9002144_3104869
9002144_3104869_x256_y384_crop2174.png,256,384,9002144_3104869
9002144_3104869_x384_y384_crop2175.png,384,384,9002144_3104869
9032413_3143393_x0_y0_crop2176.png,0,0,9032413_3143393
9032413_3143393_x128_y0_crop2177.png,128,0,9032413_3143393
9032413_3143393_x256_y0_crop2178.png,256,0,9032413_3143393
9032413_3143393_x384_y0_crop2179.png,384,0,9032413_3143393
9032413_3143393_x0_y128_crop2180.png,0,128,9032413_3143393
9032413_3143393_x128_y128_crop2181.png,128,128,9032413_3143393
9032413_3143393_x256_y128_crop2182.png,256,128,9032413_3143393
9032413_3143393_x384_y128_crop2183.png,384,128,9032413_3143393
9032413_3143393_x0_y256_crop2184.png,0,256,9032413_3143393
9032413_3143393_x128_y256_crop2185.png,128,256,9032413_3143393
9032413_3143393_x256_y256_crop2186.png,256,256,9032413_3143393
9032413_3143393_x384_y256_crop2187.png,384,256,9032413_3143393
9032413_3143393_x0_y384_crop2188.png,0,384,9032413_3143393
9032413_3143393_x128_y384_crop2189.png,128,384,9032413_3143393
9032413_3143393_x256_y384_crop2190.png,256,384,9032413_3143393
9032413_3143393_x384_y384_crop2191.png,384,384,9032413_3143393
9032413_3113124_x0_y0_crop2192.png,0,0,9032413_3113124
9032413_3113124_x128_y0_crop2193.png,128,0,9032413_3113124
9032413_3113124_x256_y0_crop2194.png,256,0,9032413_3113124
9032413_3113124_x384_y0_crop2195.png,384,0,9032413_3113124
9032413_3113124_x0_y128_crop2196.png,0,128,9032413_3113124
9032413_3113124_x128_y128_crop2197.png,128,128,9032413_3113124
9032413_3113124_x256_y128_crop2198.png,256,128,9032413_3113124
9032413_3113124_x384_y128_crop2199.png,384,128,9032413_3113124
9032413_3113124_x0_y256_crop2200.png,0,256,9032413_3113124
9032413_3113124_x128_y256_crop2201.png,128,256,9032413_3113124
9032413_3113124_x256_y256_crop2202.png,256,256,9032413_3113124
9032413_3113124_x384_y256_crop2203.png,384,256,9032413_3113124
9032413_3113124_x0_y384_crop2204.png,0,384,9032413_3113124
9032413_3113124_x128_y384_crop2205.png,128,384,9032413_3113124
9032413_3113124_x256_y384_crop2206.png,256,384,9032413_3113124
9032413_3113124_x384_y384_crop2207.png,384,384,9032413_3113124
8980130_3107621_x0_y0_crop2208.png,0,0,8980130_3107621
8980130_3107621_x128_y0_crop2209.png,128,0,8980130_3107621
8980130_3107621_x256_y0_crop2210.png,256,0,8980130_3107621
8980130_3107621_x384_y0_crop2211.png,384,0,8980130_3107621
8980130_3107621_x0_y128_crop2212.png,0,128,8980130_3107621
8980130_3107621_x128_y128_crop2213.png,128,128,8980130_3107621
8980130_3107621_x256_y128_crop2214.png,256,128,8980130_3107621
8980130_3107621_x384_y128_crop2215.png,384,128,8980130_3107621
8980130_3107621_x0_y256_crop2216.png,0,256,8980130_3107621
8980130_3107621_x128_y256_crop2217.png,128,256,8980130_3107621
8980130_3107621_x256_y256_crop2218.png,256,256,8980130_3107621
8980130_3107621_x384_y256_crop2219.png,384,256,8980130_3107621
8980130_3107621_x0_y384_crop2220.png,0,384,8980130_3107621
8980130_3107621_x128_y384_crop2221.png,128,384,8980130_3107621
8980130_3107621_x256_y384_crop2222.png,256,384,8980130_3107621
8980130_3107621_x384_y384_crop2223.png,384,384,8980130_3107621
9013151_3093862_x0_y0_crop2224.png,0,0,9013151_3093862
9013151_3093862_x128_y0_crop2225.png,128,0,9013151_3093862
9013151_3093862_x256_y0_crop2226.png,256,0,9013151_3093862
9013151_3093862_x384_y0_crop2227.png,384,0,9013151_3093862
9013151_3093862_x0_y128_crop2228.png,0,128,9013151_3093862
9013151_3093862_x128_y128_crop2229.png,128,128,9013151_3093862
9013151_3093862_x256_y128_crop2230.png,256,128,9013151_3093862
9013151_3093862_x384_y128_crop2231.png,384,128,9013151_3093862
9013151_3093862_x0_y256_crop2232.png,0,256,9013151_3093862
9013151_3093862_x128_y256_crop2233.png,128,256,9013151_3093862
9013151_3093862_x256_y256_crop2234.png,256,256,9013151_3093862
9013151_3093862_x384_y256_crop2235.png,384,256,9013151_3093862
9013151_3093862_x0_y384_crop2236.png,0,384,9013151_3093862
9013151_3093862_x128_y384_crop2237.png,128,384,9013151_3093862
9013151_3093862_x256_y384_crop2238.png,256,384,9013151_3093862
9013151_3093862_x384_y384_crop2239.png,384,384,9013151_3093862
9024157_3082855_x0_y0_crop2240.png,0,0,9024157_3082855
9024157_3082855_x128_y0_crop2241.png,128,0,9024157_3082855
9024157_3082855_x256_y0_crop2242.png,256,0,9024157_3082855
9024157_3082855_x384_y0_crop2243.png,384,0,9024157_3082855
9024157_3082855_x0_y128_crop2244.png,0,128,9024157_3082855
9024157_3082855_x128_y128_crop2245.png,128,128,9024157_3082855
9024157_3082855_x256_y128_crop2246.png,256,128,9024157_3082855
9024157_3082855_x384_y128_crop2247.png,384,128,9024157_3082855
9024157_3082855_x0_y256_crop2248.png,0,256,9024157_3082855
9024157_3082855_x128_y256_crop2249.png,128,256,9024157_3082855
9024157_3082855_x256_y256_crop2250.png,256,256,9024157_3082855
9024157_3082855_x384_y256_crop2251.png,384,256,9024157_3082855
9024157_3082855_x0_y384_crop2252.png,0,384,9024157_3082855
9024157_3082855_x128_y384_crop2253.png,128,384,9024157_3082855
9024157_3082855_x256_y384_crop2254.png,256,384,9024157_3082855
9024157_3082855_x384_y384_crop2255.png,384,384,9024157_3082855
9015902_3126883_x0_y0_crop2256.png,0,0,9015902_3126883
9015902_3126883_x128_y0_crop2257.png,128,0,9015902_3126883
9015902_3126883_x256_y0_crop2258.png,256,0,9015902_3126883
9015902_3126883_x384_y0_crop2259.png,384,0,9015902_3126883
9015902_3126883_x0_y128_crop2260.png,0,128,9015902_3126883
9015902_3126883_x128_y128_crop2261.png,128,128,9015902_3126883
9015902_3126883_x256_y128_crop2262.png,256,128,9015902_3126883
9015902_3126883_x384_y128_crop2263.png,384,128,9015902_3126883
9015902_3126883_x0_y256_crop2264.png,0,256,9015902_3126883
9015902_3126883_x128_y256_crop2265.png,128,256,9015902_3126883
9015902_3126883_x256_y256_crop2266.png,256,256,9015902_3126883
9015902_3126883_x384_y256_crop2267.png,384,256,9015902_3126883
9015902_3126883_x0_y384_crop2268.png,0,384,9015902_3126883
9015902_3126883_x128_y384_crop2269.png,128,384,9015902_3126883
9015902_3126883_x256_y384_crop2270.png,256,384,9015902_3126883
9015902_3126883_x384_y384_crop2271.png,384,384,9015902_3126883
8996640_3121380_x0_y0_crop2272.png,0,0,8996640_3121380
8996640_3121380_x128_y0_crop2273.png,128,0,8996640_3121380
8996640_3121380_x256_y0_crop2274.png,256,0,8996640_3121380
8996640_3121380_x384_y0_crop2275.png,384,0,8996640_3121380
8996640_3121380_x0_y128_crop2276.png,0,128,8996640_3121380
8996640_3121380_x128_y128_crop2277.png,128,128,8996640_3121380
8996640_3121380_x256_y128_crop2278.png,256,128,8996640_3121380
8996640_3121380_x384_y128_crop2279.png,384,128,8996640_3121380
8996640_3121380_x0_y256_crop2280.png,0,256,8996640_3121380
8996640_3121380_x128_y256_crop2281.png,128,256,8996640_3121380
8996640_3121380_x256_y256_crop2282.png,256,256,8996640_3121380
8996640_3121380_x384_y256_crop2283.png,384,256,8996640_3121380
8996640_3121380_x0_y384_crop2284.png,0,384,8996640_3121380
8996640_3121380_x128_y384_crop2285.png,128,384,8996640_3121380
8996640_3121380_x256_y384_crop2286.png,256,384,8996640_3121380
8996640_3121380_x384_y384_crop2287.png,384,384,8996640_3121380
9010399_3126883_x0_y0_crop2288.png,0,0,9010399_3126883
9010399_3126883_x128_y0_crop2289.png,128,0,9010399_3126883
9010399_3126883_x256_y0_crop2290.png,256,0,9010399_3126883
9010399_3126883_x384_y0_crop2291.png,384,0,9010399_3126883
9010399_3126883_x0_y128_crop2292.png,0,128,9010399_3126883
9010399_3126883_x128_y128_crop2293.png,128,128,9010399_3126883
9010399_3126883_x256_y128_crop2294.png,256,128,9010399_3126883
9010399_3126883_x384_y128_crop2295.png,384,128,9010399_3126883
9010399_3126883_x0_y256_crop2296.png,0,256,9010399_3126883
9010399_3126883_x128_y256_crop2297.png,128,256,9010399_3126883
9010399_3126883_x256_y256_crop2298.png,256,256,9010399_3126883
9010399_3126883_x384_y256_crop2299.png,384,256,9010399_3126883
9010399_3126883_x0_y384_crop2300.png,0,384,9010399_3126883
9010399_3126883_x128_y384_crop2301.png,128,384,9010399_3126883
9010399_3126883_x256_y384_crop2302.png,256,384,9010399_3126883
9010399_3126883_x384_y384_crop2303.png,384,384,9010399_3126883
8980130_3080104_x0_y0_crop2304.png,0,0,8980130_3080104
8980130_3080104_x128_y0_crop2305.png,128,0,8980130_3080104
8980130_3080104_x256_y0_crop2306.png,256,0,8980130_3080104
8980130_3080104_x384_y0_crop2307.png,384,0,8980130_3080104
8980130_3080104_x0_y128_crop2308.png,0,128,8980130_3080104
8980130_3080104_x128_y128_crop2309.png,128,128,8980130_3080104
8980130_3080104_x256_y128_crop2310.png,256,128,8980130_3080104
8980130_3080104_x384_y128_crop2311.png,384,128,8980130_3080104
8980130_3080104_x0_y256_crop2312.png,0,256,8980130_3080104
8980130_3080104_x128_y256_crop2313.png,128,256,8980130_3080104
8980130_3080104_x256_y256_crop2314.png,256,256,8980130_3080104
8980130_3080104_x384_y256_crop2315.png,384,256,8980130_3080104
8980130_3080104_x0_y384_crop2316.png,0,384,8980130_3080104
8980130_3080104_x128_y384_crop2317.png,128,384,8980130_3080104
8980130_3080104_x256_y384_crop2318.png,256,384,8980130_3080104
8980130_3080104_x384_y384_crop2319.png,384,384,8980130_3080104
9015902_3104869_x0_y0_crop2320.png,0,0,9015902_3104869
9015902_3104869_x128_y0_crop2321.png,128,0,9015902_3104869
9015902_3104869_x256_y0_crop2322.png,256,0,9015902_3104869
9015902_3104869_x384_y0_crop2323.png,384,0,9015902_3104869
9015902_3104869_x0_y128_crop2324.png,0,128,9015902_3104869
9015902_3104869_x128_y128_crop2325.png,128,128,9015902_3104869
9015902_3104869_x256_y128_crop2326.png,256,128,9015902_3104869
9015902_3104869_x384_y128_crop2327.png,384,128,9015902_3104869
9015902_3104869_x0_y256_crop2328.png,0,256,9015902_3104869
9015902_3104869_x128_y256_crop2329.png,128,256,9015902_3104869
9015902_3104869_x256_y256_crop2330.png,256,256,9015902_3104869
9015902_3104869_x384_y256_crop2331.png,384,256,9015902_3104869
9015902_3104869_x0_y384_crop2332.png,0,384,9015902_3104869
9015902_3104869_x128_y384_crop2333.png,128,384,9015902_3104869
9015902_3104869_x256_y384_crop2334.png,256,384,9015902_3104869
9015902_3104869_x384_y384_crop2335.png,384,384,9015902_3104869
9026909_3118628_x0_y0_crop2336.png,0,0,9026909_3118628
9026909_3118628_x128_y0_crop2337.png,128,0,9026909_3118628
9026909_3118628_x256_y0_crop2338.png,256,0,9026909_3118628
9026909_3118628_x384_y0_crop2339.png,384,0,9026909_3118628
9026909_3118628_x0_y128_crop2340.png,0,128,9026909_3118628
9026909_3118628_x128_y128_crop2341.png,128,128,9026909_3118628
9026909_3118628_x256_y128_crop2342.png,256,128,9026909_3118628
9026909_3118628_x384_y128_crop2343.png,384,128,9026909_3118628
9026909_3118628_x0_y256_crop2344.png,0,256,9026909_3118628
9026909_3118628_x128_y256_crop2345.png,128,256,9026909_3118628
9026909_3118628_x256_y256_crop2346.png,256,256,9026909_3118628
9026909_3118628_x384_y256_crop2347.png,384,256,9026909_3118628
9026909_3118628_x0_y384_crop2348.png,0,384,9026909_3118628
9026909_3118628_x128_y384_crop2349.png,128,384,9026909_3118628
9026909_3118628_x256_y384_crop2350.png,256,384,9026909_3118628
9026909_3118628_x384_y384_crop2351.png,384,384,9026909_3118628
8985633_3077352_x0_y0_crop2352.png,0,0,8985633_3077352
8985633_3077352_x128_y0_crop2353.png,128,0,8985633_3077352
8985633_3077352_x256_y0_crop2354.png,256,0,8985633_3077352
8985633_3077352_x384_y0_crop2355.png,384,0,8985633_3077352
8985633_3077352_x0_y128_crop2356.png,0,128,8985633_3077352
8985633_3077352_x128_y128_crop2357.png,128,128,8985633_3077352
8985633_3077352_x256_y128_crop2358.png,256,128,8985633_3077352
8985633_3077352_x384_y128_crop2359.png,384,128,8985633_3077352
8985633_3077352_x0_y256_crop2360.png,0,256,8985633_3077352
8985633_3077352_x128_y256_crop2361.png,128,256,8985633_3077352
8985633_3077352_x256_y256_crop2362.png,256,256,8985633_3077352
8985633_3077352_x384_y256_crop2363.png,384,256,8985633_3077352
8985633_3077352_x0_y384_crop2364.png,0,384,8985633_3077352
8985633_3077352_x128_y384_crop2365.png,128,384,8985633_3077352
8985633_3077352_x256_y384_crop2366.png,256,384,8985633_3077352
8985633_3077352_x384_y384_crop2367.png,384,384,8985633_3077352
8999392_3132387_x0_y0_crop2368.png,0,0,8999392_3132387
8999392_3132387_x128_y0_crop2369.png,128,0,8999392_3132387
8999392_3132387_x256_y0_crop2370.png,256,0,8999392_3132387
8999392_3132387_x384_y0_crop2371.png,384,0,8999392_3132387
8999392_3132387_x0_y128_crop2372.png,0,128,8999392_3132387
8999392_3132387_x128_y128_crop2373.png,128,128,8999392_3132387
8999392_3132387_x256_y128_crop2374.png,256,128,8999392_3132387
8999392_3132387_x384_y128_crop2375.png,384,128,8999392_3132387
8999392_3132387_x0_y256_crop2376.png,0,256,8999392_3132387
8999392_3132387_x128_y256_crop2377.png,128,256,8999392_3132387
8999392_3132387_x256_y256_crop2378.png,256,256,8999392_3132387
8999392_3132387_x384_y256_crop2379.png,384,256,8999392_3132387
8999392_3132387_x0_y384_crop2380.png,0,384,8999392_3132387
8999392_3132387_x128_y384_crop2381.png,128,384,8999392_3132387
8999392_3132387_x256_y384_crop2382.png,256,384,8999392_3132387
8999392_3132387_x384_y384_crop2383.png,384,384,8999392_3132387
8996640_3143393_x0_y0_crop2384.png,0,0,8996640_3143393
8996640_3143393_x128_y0_crop2385.png,128,0,8996640_3143393
8996640_3143393_x256_y0_crop2386.png,256,0,8996640_3143393
8996640_3143393_x384_y0_crop2387.png,384,0,8996640_3143393
8996640_3143393_x0_y128_crop2388.png,0,128,8996640_3143393
8996640_3143393_x128_y128_crop2389.png,128,128,8996640_3143393
8996640_3143393_x256_y128_crop2390.png,256,128,8996640_3143393
8996640_3143393_x384_y128_crop2391.png,384,128,8996640_3143393
8996640_3143393_x0_y256_crop2392.png,0,256,8996640_3143393
8996640_3143393_x128_y256_crop2393.png,128,256,8996640_3143393
8996640_3143393_x256_y256_crop2394.png,256,256,8996640_3143393
8996640_3143393_x384_y256_crop2395.png,384,256,8996640_3143393
8996640_3143393_x0_y384_crop2396.png,0,384,8996640_3143393
8996640_3143393_x128_y384_crop2397.png,128,384,8996640_3143393
8996640_3143393_x256_y384_crop2398.png,256,384,8996640_3143393
8996640_3143393_x384_y384_crop2399.png,384,384,8996640_3143393
9013151_3118628_x0_y0_crop2400.png,0,0,9013151_3118628
9013151_3118628_x128_y0_crop2401.png,128,0,9013151_3118628
9013151_3118628_x256_y0_crop2402.png,256,0,9013151_3118628
9013151_3118628_x384_y0_crop2403.png,384,0,9013151_3118628
9013151_3118628_x0_y128_crop2404.png,0,128,9013151_3118628
9013151_3118628_x128_y128_crop2405.png,128,128,9013151_3118628
9013151_3118628_x256_y128_crop2406.png,256,128,9013151_3118628
9013151_3118628_x384_y128_crop2407.png,384,128,9013151_3118628
9013151_3118628_x0_y256_crop2408.png,0,256,9013151_3118628
9013151_3118628_x128_y256_crop2409.png,128,256,9013151_3118628
9013151_3118628_x256_y256_crop2410.png,256,256,9013151_3118628
9013151_3118628_x384_y256_crop2411.png,384,256,9013151_3118628
9013151_3118628_x0_y384_crop2412.png,0,384,9013151_3118628
9013151_3118628_x128_y384_crop2413.png,128,384,9013151_3118628
9013151_3118628_x256_y384_crop2414.png,256,384,9013151_3118628
9013151_3118628_x384_y384_crop2415.png,384,384,9013151_3118628
9026909_3080104_x0_y0_crop2416.png,0,0,9026909_3080104
9026909_3080104_x128_y0_crop2417.png,128,0,9026909_3080104
9026909_3080104_x256_y0_crop2418.png,256,0,9026909_3080104
9026909_3080104_x384_y0_crop2419.png,384,0,9026909_3080104
9026909_3080104_x0_y128_crop2420.png,0,128,9026909_3080104
9026909_3080104_x128_y128_crop2421.png,128,128,9026909_3080104
9026909_3080104_x256_y128_crop2422.png,256,128,9026909_3080104
9026909_3080104_x384_y128_crop2423.png,384,128,9026909_3080104
9026909_3080104_x0_y256_crop2424.png,0,256,9026909_3080104
9026909_3080104_x128_y256_crop2425.png,128,256,9026909_3080104
9026909_3080104_x256_y256_crop2426.png,256,256,9026909_3080104
9026909_3080104_x384_y256_crop2427.png,384,256,9026909_3080104
9026909_3080104_x0_y384_crop2428.png,0,384,9026909_3080104
9026909_3080104_x128_y384_crop2429.png,128,384,9026909_3080104
9026909_3080104_x256_y384_crop2430.png,256,384,9026909_3080104
9026909_3080104_x384_y384_crop2431.png,384,384,9026909_3080104
9013151_3099366_x0_y0_crop2432.png,0,0,9013151_3099366
9013151_3099366_x128_y0_crop2433.png,128,0,9013151_3099366
9013151_3099366_x256_y0_crop2434.png,256,0,9013151_3099366
9013151_3099366_x384_y0_crop2435.png,384,0,9013151_3099366
9013151_3099366_x0_y128_crop2436.png,0,128,9013151_3099366
9013151_3099366_x128_y128_crop2437.png,128,128,9013151_3099366
9013151_3099366_x256_y128_crop2438.png,256,128,9013151_3099366
9013151_3099366_x384_y128_crop2439.png,384,128,9013151_3099366
9013151_3099366_x0_y256_crop2440.png,0,256,9013151_3099366
9013151_3099366_x128_y256_crop2441.png,128,256,9013151_3099366
9013151_3099366_x256_y256_crop2442.png,256,256,9013151_3099366
9013151_3099366_x384_y256_crop2443.png,384,256,9013151_3099366
9013151_3099366_x0_y384_crop2444.png,0,384,9013151_3099366
9013151_3099366_x128_y384_crop2445.png,128,384,9013151_3099366
9013151_3099366_x256_y384_crop2446.png,256,384,9013151_3099366
9013151_3099366_x384_y384_crop2447.png,384,384,9013151_3099366
9018654_3113124_x0_y0_crop2448.png,0,0,9018654_3113124
9018654_3113124_x128_y0_crop2449.png,128,0,9018654_3113124
9018654_3113124_x256_y0_crop2450.png,256,0,9018654_3113124
9018654_3113124_x384_y0_crop2451.png,384,0,9018654_3113124
9018654_3113124_x0_y128_crop2452.png,0,128,9018654_3113124
9018654_3113124_x128_y128_crop2453.png,128,128,9018654_3113124
9018654_3113124_x256_y128_crop2454.png,256,128,9018654_3113124
9018654_3113124_x384_y128_crop2455.png,384,128,9018654_3113124
9018654_3113124_x0_y256_crop2456.png,0,256,9018654_3113124
9018654_3113124_x128_y256_crop2457.png,128,256,9018654_3113124
9018654_3113124_x256_y256_crop2458.png,256,256,9018654_3113124
9018654_3113124_x384_y256_crop2459.png,384,256,9018654_3113124
9018654_3113124_x0_y384_crop2460.png,0,384,9018654_3113124
9018654_3113124_x128_y384_crop2461.png,128,384,9018654_3113124
9018654_3113124_x256_y384_crop2462.png,256,384,9018654_3113124
9018654_3113124_x384_y384_crop2463.png,384,384,9018654_3113124
9040668_3099366_x0_y0_crop2464.png,0,0,9040668_3099366
9040668_3099366_x128_y0_crop2465.png,128,0,9040668_3099366
9040668_3099366_x256_y0_crop2466.png,256,0,9040668_3099366
9040668_3099366_x384_y0_crop2467.png,384,0,9040668_3099366
9040668_3099366_x0_y128_crop2468.png,0,128,9040668_3099366
9040668_3099366_x128_y128_crop2469.png,128,128,9040668_3099366
9040668_3099366_x256_y128_crop2470.png,256,128,9040668_3099366
9040668_3099366_x384_y128_crop2471.png,384,128,9040668_3099366
9040668_3099366_x0_y256_crop2472.png,0,256,9040668_3099366
9040668_3099366_x128_y256_crop2473.png,128,256,9040668_3099366
9040668_3099366_x256_y256_crop2474.png,256,256,9040668_3099366
9040668_3099366_x384_y256_crop2475.png,384,256,9040668_3099366
9040668_3099366_x0_y384_crop2476.png,0,384,9040668_3099366
9040668_3099366_x128_y384_crop2477.png,128,384,9040668_3099366
9040668_3099366_x256_y384_crop2478.png,256,384,9040668_3099366
9040668_3099366_x384_y384_crop2479.png,384,384,9040668_3099366
9032413_3099366_x0_y0_crop2480.png,0,0,9032413_3099366
9032413_3099366_x128_y0_crop2481.png,128,0,9032413_3099366
9032413_3099366_x256_y0_crop2482.png,256,0,9032413_3099366
9032413_3099366_x384_y0_crop2483.png,384,0,9032413_3099366
9032413_3099366_x0_y128_crop2484.png,0,128,9032413_3099366
9032413_3099366_x128_y128_crop2485.png,128,128,9032413_3099366
9032413_3099366_x256_y128_crop2486.png,256,128,9032413_3099366
9032413_3099366_x384_y128_crop2487.png,384,128,9032413_3099366
9032413_3099366_x0_y256_crop2488.png,0,256,9032413_3099366
9032413_3099366_x128_y256_crop2489.png,128,256,9032413_3099366
9032413_3099366_x256_y256_crop2490.png,256,256,9032413_3099366
9032413_3099366_x384_y256_crop2491.png,384,256,9032413_3099366
9032413_3099366_x0_y384_crop2492.png,0,384,9032413_3099366
9032413_3099366_x128_y384_crop2493.png,128,384,9032413_3099366
9032413_3099366_x256_y384_crop2494.png,256,384,9032413_3099366
9032413_3099366_x384_y384_crop2495.png,384,384,9032413_3099366
8999392_3080104_x0_y0_crop2496.png,0,0,8999392_3080104
8999392_3080104_x128_y0_crop2497.png,128,0,8999392_3080104
8999392_3080104_x256_y0_crop2498.png,256,0,8999392_3080104
8999392_3080104_x384_y0_crop2499.png,384,0,8999392_3080104
8999392_3080104_x0_y128_crop2500.png,0,128,8999392_3080104
8999392_3080104_x128_y128_crop2501.png,128,128,8999392_3080104
8999392_3080104_x256_y128_crop2502.png,256,128,8999392_3080104
8999392_3080104_x384_y128_crop2503.png,384,128,8999392_3080104
8999392_3080104_x0_y256_crop2504.png,0,256,8999392_3080104
8999392_3080104_x128_y256_crop2505.png,128,256,8999392_3080104
8999392_3080104_x256_y256_crop2506.png,256,256,8999392_3080104
8999392_3080104_x384_y256_crop2507.png,384,256,8999392_3080104
8999392_3080104_x0_y384_crop2508.png,0,384,8999392_3080104
8999392_3080104_x128_y384_crop2509.png,128,384,8999392_3080104
8999392_3080104_x256_y384_crop2510.png,256,384,8999392_3080104
8999392_3080104_x384_y384_crop2511.png,384,384,8999392_3080104
9021406_3113124_x0_y0_crop2512.png,0,0,9021406_3113124
9021406_3113124_x128_y0_crop2513.png,128,0,9021406_3113124
9021406_3113124_x256_y0_crop2514.png,256,0,9021406_3113124
9021406_3113124_x384_y0_crop2515.png,384,0,9021406_3113124
9021406_3113124_x0_y128_crop2516.png,0,128,9021406_3113124
9021406_3113124_x128_y128_crop2517.png,128,128,9021406_3113124
9021406_3113124_x256_y128_crop2518.png,256,128,9021406_3113124
9021406_3113124_x384_y128_crop2519.png,384,128,9021406_3113124
9021406_3113124_x0_y256_crop2520.png,0,256,9021406_3113124
9021406_3113124_x128_y256_crop2521.png,128,256,9021406_3113124
9021406_3113124_x256_y256_crop2522.png,256,256,9021406_3113124
9021406_3113124_x384_y256_crop2523.png,384,256,9021406_3113124
9021406_3113124_x0_y384_crop2524.png,0,384,9021406_3113124
9021406_3113124_x128_y384_crop2525.png,128,384,9021406_3113124
9021406_3113124_x256_y384_crop2526.png,256,384,9021406_3113124
9021406_3113124_x384_y384_crop2527.png,384,384,9021406_3113124
8982881_3140642_x0_y0_crop2528.png,0,0,8982881_3140642
8982881_3140642_x128_y0_crop2529.png,128,0,8982881_3140642
8982881_3140642_x256_y0_crop2530.png,256,0,8982881_3140642
8982881_3140642_x384_y0_crop2531.png,384,0,8982881_3140642
8982881_3140642_x0_y128_crop2532.png,0,128,8982881_3140642
8982881_3140642_x128_y128_crop2533.png,128,128,8982881_3140642
8982881_3140642_x256_y128_crop2534.png,256,128,8982881_3140642
8982881_3140642_x384_y128_crop2535.png,384,128,8982881_3140642
8982881_3140642_x0_y256_crop2536.png,0,256,8982881_3140642
8982881_3140642_x128_y256_crop2537.png,128,256,8982881_3140642
8982881_3140642_x256_y256_crop2538.png,256,256,8982881_3140642
8982881_3140642_x384_y256_crop2539.png,384,256,8982881_3140642
8982881_3140642_x0_y384_crop2540.png,0,384,8982881_3140642
8982881_3140642_x128_y384_crop2541.png,128,384,8982881_3140642
8982881_3140642_x256_y384_crop2542.png,256,384,8982881_3140642
8982881_3140642_x384_y384_crop2543.png,384,384,8982881_3140642
9004895_3096614_x0_y0_crop2544.png,0,0,9004895_3096614
9004895_3096614_x128_y0_crop2545.png,128,0,9004895_3096614
9004895_3096614_x256_y0_crop2546.png,256,0,9004895_3096614
9004895_3096614_x384_y0_crop2547.png,384,0,9004895_3096614
9004895_3096614_x0_y128_crop2548.png,0,128,9004895_3096614
9004895_3096614_x128_y128_crop2549.png,128,128,9004895_3096614
9004895_3096614_x256_y128_crop2550.png,256,128,9004895_3096614
9004895_3096614_x384_y128_crop2551.png,384,128,9004895_3096614
9004895_3096614_x0_y256_crop2552.png,0,256,9004895_3096614
9004895_3096614_x128_y256_crop2553.png,128,256,9004895_3096614
9004895_3096614_x256_y256_crop2554.png,256,256,9004895_3096614
9004895_3096614_x384_y256_crop2555.png,384,256,9004895_3096614
9004895_3096614_x0_y384_crop2556.png,0,384,9004895_3096614
9004895_3096614_x128_y384_crop2557.png,128,384,9004895_3096614
9004895_3096614_x256_y384_crop2558.png,256,384,9004895_3096614
9004895_3096614_x384_y384_crop2559.png,384,384,9004895_3096614
8999392_3085607_x0_y0_crop2560.png,0,0,8999392_3085607
8999392_3085607_x128_y0_crop2561.png,128,0,8999392_3085607
8999392_3085607_x256_y0_crop2562.png,256,0,8999392_3085607
8999392_3085607_x384_y0_crop2563.png,384,0,8999392_3085607
8999392_3085607_x0_y128_crop2564.png,0,128,8999392_3085607
8999392_3085607_x128_y128_crop2565.png,128,128,8999392_3085607
8999392_3085607_x256_y128_crop2566.png,256,128,8999392_3085607
8999392_3085607_x384_y128_crop2567.png,384,128,8999392_3085607
8999392_3085607_x0_y256_crop2568.png,0,256,8999392_3085607
8999392_3085607_x128_y256_crop2569.png,128,256,8999392_3085607
8999392_3085607_x256_y256_crop2570.png,256,256,8999392_3085607
8999392_3085607_x384_y256_crop2571.png,384,256,8999392_3085607
8999392_3085607_x0_y384_crop2572.png,0,384,8999392_3085607
8999392_3085607_x128_y384_crop2573.png,128,384,8999392_3085607
8999392_3085607_x256_y384_crop2574.png,256,384,8999392_3085607
8999392_3085607_x384_y384_crop2575.png,384,384,8999392_3085607
8993888_3126883_x0_y0_crop2576.png,0,0,8993888_3126883
8993888_3126883_x128_y0_crop2577.png,128,0,8993888_3126883
8993888_3126883_x256_y0_crop2578.png,256,0,8993888_3126883
8993888_3126883_x384_y0_crop2579.png,384,0,8993888_3126883
8993888_3126883_x0_y128_crop2580.png,0,128,8993888_3126883
8993888_3126883_x128_y128_crop2581.png,128,128,8993888_3126883
8993888_3126883_x256_y128_crop2582.png,256,128,8993888_3126883
8993888_3126883_x384_y128_crop2583.png,384,128,8993888_3126883
8993888_3126883_x0_y256_crop2584.png,0,256,8993888_3126883
8993888_3126883_x128_y256_crop2585.png,128,256,8993888_3126883
8993888_3126883_x256_y256_crop2586.png,256,256,8993888_3126883
8993888_3126883_x384_y256_crop2587.png,384,256,8993888_3126883
8993888_3126883_x0_y384_crop2588.png,0,384,8993888_3126883
8993888_3126883_x128_y384_crop2589.png,128,384,8993888_3126883
8993888_3126883_x256_y384_crop2590.png,256,384,8993888_3126883
8993888_3126883_x384_y384_crop2591.png,384,384,8993888_3126883
8982881_3113124_x0_y0_crop2592.png,0,0,8982881_3113124
8982881_3113124_x128_y0_crop2593.png,128,0,8982881_3113124
8982881_3113124_x256_y0_crop2594.png,256,0,8982881_3113124
8982881_3113124_x384_y0_crop2595.png,384,0,8982881_3113124
8982881_3113124_x0_y128_crop2596.png,0,128,8982881_3113124
8982881_3113124_x128_y128_crop2597.png,128,128,8982881_3113124
8982881_3113124_x256_y128_crop2598.png,256,128,8982881_3113124
8982881_3113124_x384_y128_crop2599.png,384,128,8982881_3113124
8982881_3113124_x0_y256_crop2600.png,0,256,8982881_3113124
8982881_3113124_x128_y256_crop2601.png,128,256,8982881_3113124
8982881_3113124_x256_y256_crop2602.png,256,256,8982881_3113124
8982881_3113124_x384_y256_crop2603.png,384,256,8982881_3113124
8982881_3113124_x0_y384_crop2604.png,0,384,8982881_3113124
8982881_3113124_x128_y384_crop2605.png,128,384,8982881_3113124
8982881_3113124_x256_y384_crop2606.png,256,384,8982881_3113124
8982881_3113124_x384_y384_crop2607.png,384,384,8982881_3113124
8985633_3140642_x0_y0_crop2608.png,0,0,8985633_3140642
8985633_3140642_x128_y0_crop2609.png,128,0,8985633_3140642
8985633_3140642_x256_y0_crop2610.png,256,0,8985633_3140642
8985633_3140642_x384_y0_crop2611.png,384,0,8985633_3140642
8985633_3140642_x0_y128_crop2612.png,0,128,8985633_3140642
8985633_3140642_x128_y128_crop2613.png,128,128,8985633_3140642
8985633_3140642_x256_y128_crop2614.png,256,128,8985633_3140642
8985633_3140642_x384_y128_crop2615.png,384,128,8985633_3140642
8985633_3140642_x0_y256_crop2616.png,0,256,8985633_3140642
8985633_3140642_x128_y256_crop2617.png,128,256,8985633_3140642
8985633_3140642_x256_y256_crop2618.png,256,256,8985633_3140642
8985633_3140642_x384_y256_crop2619.png,384,256,8985633_3140642
8985633_3140642_x0_y384_crop2620.png,0,384,8985633_3140642
8985633_3140642_x128_y384_crop2621.png,128,384,8985633_3140642
8985633_3140642_x256_y384_crop2622.png,256,384,8985633_3140642
8985633_3140642_x384_y384_crop2623.png,384,384,8985633_3140642
8988385_3104869_x0_y0_crop2624.png,0,0,8988385_3104869
8988385_3104869_x128_y0_crop2625.png,128,0,8988385_3104869
8988385_3104869_x256_y0_crop2626.png,256,0,8988385_3104869
8988385_3104869_x384_y0_crop2627.png,384,0,8988385_3104869
8988385_3104869_x0_y128_crop2628.png,0,128,8988385_3104869
8988385_3104869_x128_y128_crop2629.png,128,128,8988385_3104869
8988385_3104869_x256_y128_crop2630.png,256,128,8988385_3104869
8988385_3104869_x384_y128_crop2631.png,384,128,8988385_3104869
8988385_3104869_x0_y256_crop2632.png,0,256,8988385_3104869
8988385_3104869_x128_y256_crop2633.png,128,256,8988385_3104869
8988385_3104869_x256_y256_crop2634.png,256,256,8988385_3104869
8988385_3104869_x384_y256_crop2635.png,384,256,8988385_3104869
8988385_3104869_x0_y384_crop2636.png,0,384,8988385_3104869
8988385_3104869_x128_y384_crop2637.png,128,384,8988385_3104869
8988385_3104869_x256_y384_crop2638.png,256,384,8988385_3104869
8988385_3104869_x384_y384_crop2639.png,384,384,8988385_3104869
8988385_3124131_x0_y0_crop2640.png,0,0,8988385_3124131
8988385_3124131_x128_y0_crop2641.png,128,0,8988385_3124131
8988385_3124131_x256_y0_crop2642.png,256,0,8988385_3124131
8988385_3124131_x384_y0_crop2643.png,384,0,8988385_3124131
8988385_3124131_x0_y128_crop2644.png,0,128,8988385_3124131
8988385_3124131_x128_y128_crop2645.png,128,128,8988385_3124131
8988385_3124131_x256_y128_crop2646.png,256,128,8988385_3124131
8988385_3124131_x384_y128_crop2647.png,384,128,8988385_3124131
8988385_3124131_x0_y256_crop2648.png,0,256,8988385_3124131
8988385_3124131_x128_y256_crop2649.png,128,256,8988385_3124131
8988385_3124131_x256_y256_crop2650.png,256,256,8988385_3124131
8988385_3124131_x384_y256_crop2651.png,384,256,8988385_3124131
8988385_3124131_x0_y384_crop2652.png,0,384,8988385_3124131
8988385_3124131_x128_y384_crop2653.png,128,384,8988385_3124131
8988385_3124131_x256_y384_crop2654.png,256,384,8988385_3124131
8988385_3124131_x384_y384_crop2655.png,384,384,8988385_3124131
8982881_3107621_x0_y0_crop2656.png,0,0,8982881_3107621
8982881_3107621_x128_y0_crop2657.png,128,0,8982881_3107621
8982881_3107621_x256_y0_crop2658.png,256,0,8982881_3107621
8982881_3107621_x384_y0_crop2659.png,384,0,8982881_3107621
8982881_3107621_x0_y128_crop2660.png,0,128,8982881_3107621
8982881_3107621_x128_y128_crop2661.png,128,128,8982881_3107621
8982881_3107621_x256_y128_crop2662.png,256,128,8982881_3107621
8982881_3107621_x384_y128_crop2663.png,384,128,8982881_3107621
8982881_3107621_x0_y256_crop2664.png,0,256,8982881_3107621
8982881_3107621_x128_y256_crop2665.png,128,256,8982881_3107621
8982881_3107621_x256_y256_crop2666.png,256,256,8982881_3107621
8982881_3107621_x384_y256_crop2667.png,384,256,8982881_3107621
8982881_3107621_x0_y384_crop2668.png,0,384,8982881_3107621
8982881_3107621_x128_y384_crop2669.png,128,384,8982881_3107621
8982881_3107621_x256_y384_crop2670.png,256,384,8982881_3107621
8982881_3107621_x384_y384_crop2671.png,384,384,8982881_3107621
9029661_3121380_x0_y0_crop2672.png,0,0,9029661_3121380
9029661_3121380_x128_y0_crop2673.png,128,0,9029661_3121380
9029661_3121380_x256_y0_crop2674.png,256,0,9029661_3121380
9029661_3121380_x384_y0_crop2675.png,384,0,9029661_3121380
9029661_3121380_x0_y128_crop2676.png,0,128,9029661_3121380
9029661_3121380_x128_y128_crop2677.png,128,128,9029661_3121380
9029661_3121380_x256_y128_crop2678.png,256,128,9029661_3121380
9029661_3121380_x384_y128_crop2679.png,384,128,9029661_3121380
9029661_3121380_x0_y256_crop2680.png,0,256,9029661_3121380
9029661_3121380_x128_y256_crop2681.png,128,256,9029661_3121380
9029661_3121380_x256_y256_crop2682.png,256,256,9029661_3121380
9029661_3121380_x384_y256_crop2683.png,384,256,9029661_3121380
9029661_3121380_x0_y384_crop2684.png,0,384,9029661_3121380
9029661_3121380_x128_y384_crop2685.png,128,384,9029661_3121380
9029661_3121380_x256_y384_crop2686.png,256,384,9029661_3121380
9029661_3121380_x384_y384_crop2687.png,384,384,9029661_3121380
9032413_3137890_x0_y0_crop2688.png,0,0,9032413_3137890
9032413_3137890_x128_y0_crop2689.png,128,0,9032413_3137890
9032413_3137890_x256_y0_crop2690.png,256,0,9032413_3137890
9032413_3137890_x384_y0_crop2691.png,384,0,9032413_3137890
9032413_3137890_x0_y128_crop2692.png,0,128,9032413_3137890
9032413_3137890_x128_y128_crop2693.png,128,128,9032413_3137890
9032413_3137890_x256_y128_crop2694.png,256,128,9032413_3137890
9032413_3137890_x384_y128_crop2695.png,384,128,9032413_3137890
9032413_3137890_x0_y256_crop2696.png,0,256,9032413_3137890
9032413_3137890_x128_y256_crop2697.png,128,256,9032413_3137890
9032413_3137890_x256_y256_crop2698.png,256,256,9032413_3137890
9032413_3137890_x384_y256_crop2699.png,384,256,9032413_3137890
9032413_3137890_x0_y384_crop2700.png,0,384,9032413_3137890
9032413_3137890_x128_y384_crop2701.png,128,384,9032413_3137890
9032413_3137890_x256_y384_crop2702.png,256,384,9032413_3137890
9032413_3137890_x384_y384_crop2703.png,384,384,9032413_3137890
8980130_3093862_x0_y0_crop2704.png,0,0,8980130_3093862
8980130_3093862_x128_y0_crop2705.png,128,0,8980130_3093862
8980130_3093862_x256_y0_crop2706.png,256,0,8980130_3093862
8980130_3093862_x384_y0_crop2707.png,384,0,8980130_3093862
8980130_3093862_x0_y128_crop2708.png,0,128,8980130_3093862
8980130_3093862_x128_y128_crop2709.png,128,128,8980130_3093862
8980130_3093862_x256_y128_crop2710.png,256,128,8980130_3093862
8980130_3093862_x384_y128_crop2711.png,384,128,8980130_3093862
8980130_3093862_x0_y256_crop2712.png,0,256,8980130_3093862
8980130_3093862_x128_y256_crop2713.png,128,256,8980130_3093862
8980130_3093862_x256_y256_crop2714.png,256,256,8980130_3093862
8980130_3093862_x384_y256_crop2715.png,384,256,8980130_3093862
8980130_3093862_x0_y384_crop2716.png,0,384,8980130_3093862
8980130_3093862_x128_y384_crop2717.png,128,384,8980130_3093862
8980130_3093862_x256_y384_crop2718.png,256,384,8980130_3093862
8980130_3093862_x384_y384_crop2719.png,384,384,8980130_3093862
8982881_3135138_x0_y0_crop2720.png,0,0,8982881_3135138
8982881_3135138_x128_y0_crop2721.png,128,0,8982881_3135138
8982881_3135138_x256_y0_crop2722.png,256,0,8982881_3135138
8982881_3135138_x384_y0_crop2723.png,384,0,8982881_3135138
8982881_3135138_x0_y128_crop2724.png,0,128,8982881_3135138
8982881_3135138_x128_y128_crop2725.png,128,128,8982881_3135138
8982881_3135138_x256_y128_crop2726.png,256,128,8982881_3135138
8982881_3135138_x384_y128_crop2727.png,384,128,8982881_3135138
8982881_3135138_x0_y256_crop2728.png,0,256,8982881_3135138
8982881_3135138_x128_y256_crop2729.png,128,256,8982881_3135138
8982881_3135138_x256_y256_crop2730.png,256,256,8982881_3135138
8982881_3135138_x384_y256_crop2731.png,384,256,8982881_3135138
8982881_3135138_x0_y384_crop2732.png,0,384,8982881_3135138
8982881_3135138_x128_y384_crop2733.png,128,384,8982881_3135138
8982881_3135138_x256_y384_crop2734.png,256,384,8982881_3135138
8982881_3135138_x384_y384_crop2735.png,384,384,8982881_3135138
9029661_3135138_x0_y0_crop2736.png,0,0,9029661_3135138
9029661_3135138_x128_y0_crop2737.png,128,0,9029661_3135138
9029661_3135138_x256_y0_crop2738.png,256,0,9029661_3135138
9029661_3135138_x384_y0_crop2739.png,384,0,9029661_3135138
9029661_3135138_x0_y128_crop2740.png,0,128,9029661_3135138
9029661_3135138_x128_y128_crop2741.png,128,128,9029661_3135138
9029661_3135138_x256_y128_crop2742.png,256,128,9029661_3135138
9029661_3135138_x384_y128_crop2743.png,384,128,9029661_3135138
9029661_3135138_x0_y256_crop2744.png,0,256,9029661_3135138
9029661_3135138_x128_y256_crop2745.png,128,256,9029661_3135138
9029661_3135138_x256_y256_crop2746.png,256,256,9029661_3135138
9029661_3135138_x384_y256_crop2747.png,384,256,9029661_3135138
9029661_3135138_x0_y384_crop2748.png,0,384,9029661_3135138
9029661_3135138_x128_y384_crop2749.png,128,384,9029661_3135138
9029661_3135138_x256_y384_crop2750.png,256,384,9029661_3135138
9029661_3135138_x384_y384_crop2751.png,384,384,9029661_3135138
9015902_3129635_x0_y0_crop2752.png,0,0,9015902_3129635
9015902_3129635_x128_y0_crop2753.png,128,0,9015902_3129635
9015902_3129635_x256_y0_crop2754.png,256,0,9015902_3129635
9015902_3129635_x384_y0_crop2755.png,384,0,9015902_3129635
9015902_3129635_x0_y128_crop2756.png,0,128,9015902_3129635
9015902_3129635_x128_y128_crop2757.png,128,128,9015902_3129635
9015902_3129635_x256_y128_crop2758.png,256,128,9015902_3129635
9015902_3129635_x384_y128_crop2759.png,384,128,9015902_3129635
9015902_3129635_x0_y256_crop2760.png,0,256,9015902_3129635
9015902_3129635_x128_y256_crop2761.png,128,256,9015902_3129635
9015902_3129635_x256_y256_crop2762.png,256,256,9015902_3129635
9015902_3129635_x384_y256_crop2763.png,384,256,9015902_3129635
9015902_3129635_x0_y384_crop2764.png,0,384,9015902_3129635
9015902_3129635_x128_y384_crop2765.png,128,384,9015902_3129635
9015902_3129635_x256_y384_crop2766.png,256,384,9015902_3129635
9015902_3129635_x384_y384_crop2767.png,384,384,9015902_3129635
9032413_3093862_x0_y0_crop2768.png,0,0,9032413_3093862
9032413_3093862_x128_y0_crop2769.png,128,0,9032413_3093862
9032413_3093862_x256_y0_crop2770.png,256,0,9032413_3093862
9032413_3093862_x384_y0_crop2771.png,384,0,9032413_3093862
9032413_3093862_x0_y128_crop2772.png,0,128,9032413_3093862
9032413_3093862_x128_y128_crop2773.png,128,128,9032413_3093862
9032413_3093862_x256_y128_crop2774.png,256,128,9032413_3093862
9032413_3093862_x384_y128_crop2775.png,384,128,9032413_3093862
9032413_3093862_x0_y256_crop2776.png,0,256,9032413_3093862
9032413_3093862_x128_y256_crop2777.png,128,256,9032413_3093862
9032413_3093862_x256_y256_crop2778.png,256,256,9032413_3093862
9032413_3093862_x384_y256_crop2779.png,384,256,9032413_3093862
9032413_3093862_x0_y384_crop2780.png,0,384,9032413_3093862
9032413_3093862_x128_y384_crop2781.png,128,384,9032413_3093862
9032413_3093862_x256_y384_crop2782.png,256,384,9032413_3093862
9032413_3093862_x384_y384_crop2783.png,384,384,9032413_3093862
9035164_3143393_x0_y0_crop2784.png,0,0,9035164_3143393
9035164_3143393_x128_y0_crop2785.png,128,0,9035164_3143393
9035164_3143393_x256_y0_crop2786.png,256,0,9035164_3143393
9035164_3143393_x384_y0_crop2787.png,384,0,9035164_3143393
9035164_3143393_x0_y128_crop2788.png,0,128,9035164_3143393
9035164_3143393_x128_y128_crop2789.png,128,128,9035164_3143393
9035164_3143393_x256_y128_crop2790.png,256,128,9035164_3143393
9035164_3143393_x384_y128_crop2791.png,384,128,9035164_3143393
9035164_3143393_x0_y256_crop2792.png,0,256,9035164_3143393
9035164_3143393_x128_y256_crop2793.png,128,256,9035164_3143393
9035164_3143393_x256_y256_crop2794.png,256,256,9035164_3143393
9035164_3143393_x384_y256_crop2795.png,384,256,9035164_3143393
9035164_3143393_x0_y384_crop2796.png,0,384,9035164_3143393
9035164_3143393_x128_y384_crop2797.png,128,384,9035164_3143393
9035164_3143393_x256_y384_crop2798.png,256,384,9035164_3143393
9035164_3143393_x384_y384_crop2799.png,384,384,9035164_3143393
9035164_3107621_x0_y0_crop2800.png,0,0,9035164_3107621
9035164_3107621_x128_y0_crop2801.png,128,0,9035164_3107621
9035164_3107621_x256_y0_crop2802.png,256,0,9035164_3107621
9035164_3107621_x384_y0_crop2803.png,384,0,9035164_3107621
9035164_3107621_x0_y128_crop2804.png,0,128,9035164_3107621
9035164_3107621_x128_y128_crop2805.png,128,128,9035164_3107621
9035164_3107621_x256_y128_crop2806.png,256,128,9035164_3107621
9035164_3107621_x384_y128_crop2807.png,384,128,9035164_3107621
9035164_3107621_x0_y256_crop2808.png,0,256,9035164_3107621
9035164_3107621_x128_y256_crop2809.png,128,256,9035164_3107621
9035164_3107621_x256_y256_crop2810.png,256,256,9035164_3107621
9035164_3107621_x384_y256_crop2811.png,384,256,9035164_3107621
9035164_3107621_x0_y384_crop2812.png,0,384,9035164_3107621
9035164_3107621_x128_y384_crop2813.png,128,384,9035164_3107621
9035164_3107621_x256_y384_crop2814.png,256,384,9035164_3107621
9035164_3107621_x384_y384_crop2815.png,384,384,9035164_3107621
9010399_3104869_x0_y0_crop2816.png,0,0,9010399_3104869
9010399_3104869_x128_y0_crop2817.png,128,0,9010399_3104869
9010399_3104869_x256_y0_crop2818.png,256,0,9010399_3104869
9010399_3104869_x384_y0_crop2819.png,384,0,9010399_3104869
9010399_3104869_x0_y128_crop2820.png,0,128,9010399_3104869
9010399_3104869_x128_y128_crop2821.png,128,128,9010399_3104869
9010399_3104869_x256_y128_crop2822.png,256,128,9010399_3104869
9010399_3104869_x384_y128_crop2823.png,384,128,9010399_3104869
9010399_3104869_x0_y256_crop2824.png,0,256,9010399_3104869
9010399_3104869_x128_y256_crop2825.png,128,256,9010399_3104869
9010399_3104869_x256_y256_crop2826.png,256,256,9010399_3104869
9010399_3104869_x384_y256_crop2827.png,384,256,9010399_3104869
9010399_3104869_x0_y384_crop2828.png,0,384,9010399_3104869
9010399_3104869_x128_y384_crop2829.png,128,384,9010399_3104869
9010399_3104869_x256_y384_crop2830.png,256,384,9010399_3104869
9010399_3104869_x384_y384_crop2831.png,384,384,9010399_3104869
9007647_3113124_x0_y0_crop2832.png,0,0,9007647_3113124
9007647_3113124_x128_y0_crop2833.png,128,0,9007647_3113124
9007647_3113124_x256_y0_crop2834.png,256,0,9007647_3113124
9007647_3113124_x384_y0_crop2835.png,384,0,9007647_3113124
9007647_3113124_x0_y128_crop2836.png,0,128,9007647_3113124
9007647_3113124_x128_y128_crop2837.png,128,128,9007647_3113124
9007647_3113124_x256_y128_crop2838.png,256,128,9007647_3113124
9007647_3113124_x384_y128_crop2839.png,384,128,9007647_3113124
9007647_3113124_x0_y256_crop2840.png,0,256,9007647_3113124
9007647_3113124_x128_y256_crop2841.png,128,256,9007647_3113124
9007647_3113124_x256_y256_crop2842.png,256,256,9007647_3113124
9007647_3113124_x384_y256_crop2843.png,384,256,9007647_3113124
9007647_3113124_x0_y384_crop2844.png,0,384,9007647_3113124
9007647_3113124_x128_y384_crop2845.png,128,384,9007647_3113124
9007647_3113124_x256_y384_crop2846.png,256,384,9007647_3113124
9007647_3113124_x384_y384_crop2847.png,384,384,9007647_3113124
8985633_3093862_x0_y0_crop2848.png,0,0,8985633_3093862
8985633_3093862_x128_y0_crop2849.png,128,0,8985633_3093862
8985633_3093862_x256_y0_crop2850.png,256,0,8985633_3093862
8985633_3093862_x384_y0_crop2851.png,384,0,8985633_3093862
8985633_3093862_x0_y128_crop2852.png,0,128,8985633_3093862
8985633_3093862_x128_y128_crop2853.png,128,128,8985633_3093862
8985633_3093862_x256_y128_crop2854.png,256,128,8985633_3093862
8985633_3093862_x384_y128_crop2855.png,384,128,8985633_3093862
8985633_3093862_x0_y256_crop2856.png,0,256,8985633_3093862
8985633_3093862_x128_y256_crop2857.png,128,256,8985633_3093862
8985633_3093862_x256_y256_crop2858.png,256,256,8985633_3093862
8985633_3093862_x384_y256_crop2859.png,384,256,8985633_3093862
8985633_3093862_x0_y384_crop2860.png,0,384,8985633_3093862
8985633_3093862_x128_y384_crop2861.png,128,384,8985633_3093862
8985633_3093862_x256_y384_crop2862.png,256,384,8985633_3093862
8985633_3093862_x384_y384_crop2863.png,384,384,8985633_3093862
9040668_3107621_x0_y0_crop2864.png,0,0,9040668_3107621
9040668_3107621_x128_y0_crop2865.png,128,0,9040668_3107621
9040668_3107621_x256_y0_crop2866.png,256,0,9040668_3107621
9040668_3107621_x384_y0_crop2867.png,384,0,9040668_3107621
9040668_3107621_x0_y128_crop2868.png,0,128,9040668_3107621
9040668_3107621_x128_y128_crop2869.png,128,128,9040668_3107621
9040668_3107621_x256_y128_crop2870.png,256,128,9040668_3107621
9040668_3107621_x384_y128_crop2871.png,384,128,9040668_3107621
9040668_3107621_x0_y256_crop2872.png,0,256,9040668_3107621
9040668_3107621_x128_y256_crop2873.png,128,256,9040668_3107621
9040668_3107621_x256_y256_crop2874.png,256,256,9040668_3107621
9040668_3107621_x384_y256_crop2875.png,384,256,9040668_3107621
9040668_3107621_x0_y384_crop2876.png,0,384,9040668_3107621
9040668_3107621_x128_y384_crop2877.png,128,384,9040668_3107621
9040668_3107621_x256_y384_crop2878.png,256,384,9040668_3107621
9040668_3107621_x384_y384_crop2879.png,384,384,9040668_3107621
9004895_3124131_x0_y0_crop2880.png,0,0,9004895_3124131
9004895_3124131_x128_y0_crop2881.png,128,0,9004895_3124131
9004895_3124131_x256_y0_crop2882.png,256,0,9004895_3124131
9004895_3124131_x384_y0_crop2883.png,384,0,9004895_3124131
9004895_3124131_x0_y128_crop2884.png,0,128,9004895_3124131
9004895_3124131_x128_y128_crop2885.png,128,128,9004895_3124131
9004895_3124131_x256_y128_crop2886.png,256,128,9004895_3124131
9004895_3124131_x384_y128_crop2887.png,384,128,9004895_3124131
9004895_3124131_x0_y256_crop2888.png,0,256,9004895_3124131
9004895_3124131_x128_y256_crop2889.png,128,256,9004895_3124131
9004895_3124131_x256_y256_crop2890.png,256,256,9004895_3124131
9004895_3124131_x384_y256_crop2891.png,384,256,9004895_3124131
9004895_3124131_x0_y384_crop2892.png,0,384,9004895_3124131
9004895_3124131_x128_y384_crop2893.png,128,384,9004895_3124131
9004895_3124131_x256_y384_crop2894.png,256,384,9004895_3124131
9004895_3124131_x384_y384_crop2895.png,384,384,9004895_3124131
9026909_3121380_x0_y0_crop2896.png,0,0,9026909_3121380
9026909_3121380_x128_y0_crop2897.png,128,0,9026909_3121380
9026909_3121380_x256_y0_crop2898.png,256,0,9026909_3121380
9026909_3121380_x384_y0_crop2899.png,384,0,9026909_3121380
9026909_3121380_x0_y128_crop2900.png,0,128,9026909_3121380
9026909_3121380_x128_y128_crop2901.png,128,128,9026909_3121380
9026909_3121380_x256_y128_crop2902.png,256,128,9026909_3121380
9026909_3121380_x384_y128_crop2903.png,384,128,9026909_3121380
9026909_3121380_x0_y256_crop2904.png,0,256,9026909_3121380
9026909_3121380_x128_y256_crop2905.png,128,256,9026909_3121380
9026909_3121380_x256_y256_crop2906.png,256,256,9026909_3121380
9026909_3121380_x384_y256_crop2907.png,384,256,9026909_3121380
9026909_3121380_x0_y384_crop2908.png,0,384,9026909_3121380
9026909_3121380_x128_y384_crop2909.png,128,384,9026909_3121380
9026909_3121380_x256_y384_crop2910.png,256,384,9026909_3121380
9026909_3121380_x384_y384_crop2911.png,384,384,9026909_3121380
8982881_3091111_x0_y0_crop2912.png,0,0,8982881_3091111
8982881_3091111_x128_y0_crop2913.png,128,0,8982881_3091111
8982881_3091111_x256_y0_crop2914.png,256,0,8982881_3091111
8982881_3091111_x384_y0_crop2915.png,384,0,8982881_3091111
8982881_3091111_x0_y128_crop2916.png,0,128,8982881_3091111
8982881_3091111_x128_y128_crop2917.png,128,128,8982881_3091111
8982881_3091111_x256_y128_crop2918.png,256,128,8982881_3091111
8982881_3091111_x384_y128_crop2919.png,384,128,8982881_3091111
8982881_3091111_x0_y256_crop2920.png,0,256,8982881_3091111
8982881_3091111_x128_y256_crop2921.png,128,256,8982881_3091111
8982881_3091111_x256_y256_crop2922.png,256,256,8982881_3091111
8982881_3091111_x384_y256_crop2923.png,384,256,8982881_3091111
8982881_3091111_x0_y384_crop2924.png,0,384,8982881_3091111
8982881_3091111_x128_y384_crop2925.png,128,384,8982881_3091111
8982881_3091111_x256_y384_crop2926.png,256,384,8982881_3091111
8982881_3091111_x384_y384_crop2927.png,384,384,8982881_3091111
9037916_3118628_x0_y0_crop2928.png,0,0,9037916_3118628
9037916_3118628_x128_y0_crop2929.png,128,0,9037916_3118628
9037916_3118628_x256_y0_crop2930.png,256,0,9037916_3118628
9037916_3118628_x384_y0_crop2931.png,384,0,9037916_3118628
9037916_3118628_x0_y128_crop2932.png,0,128,9037916_3118628
9037916_3118628_x128_y128_crop2933.png,128,128,9037916_3118628
9037916_3118628_x256_y128_crop2934.png,256,128,9037916_3118628
9037916_3118628_x384_y128_crop2935.png,384,128,9037916_3118628
9037916_3118628_x0_y256_crop2936.png,0,256,9037916_3118628
9037916_3118628_x128_y256_crop2937.png,128,256,9037916_3118628
9037916_3118628_x256_y256_crop2938.png,256,256,9037916_3118628
9037916_3118628_x384_y256_crop2939.png,384,256,9037916_3118628
9037916_3118628_x0_y384_crop2940.png,0,384,9037916_3118628
9037916_3118628_x128_y384_crop2941.png,128,384,9037916_3118628
9037916_3118628_x256_y384_crop2942.png,256,384,9037916_3118628
9037916_3118628_x384_y384_crop2943.png,384,384,9037916_3118628
8982881_3118628_x0_y0_crop2944.png,0,0,8982881_3118628
8982881_3118628_x128_y0_crop2945.png,128,0,8982881_3118628
8982881_3118628_x256_y0_crop2946.png,256,0,8982881_3118628
8982881_3118628_x384_y0_crop2947.png,384,0,8982881_3118628
8982881_3118628_x0_y128_crop2948.png,0,128,8982881_3118628
8982881_3118628_x128_y128_crop2949.png,128,128,8982881_3118628
8982881_3118628_x256_y128_crop2950.png,256,128,8982881_3118628
8982881_3118628_x384_y128_crop2951.png,384,128,8982881_3118628
8982881_3118628_x0_y256_crop2952.png,0,256,8982881_3118628
8982881_3118628_x128_y256_crop2953.png,128,256,8982881_3118628
8982881_3118628_x256_y256_crop2954.png,256,256,8982881_3118628
8982881_3118628_x384_y256_crop2955.png,384,256,8982881_3118628
8982881_3118628_x0_y384_crop2956.png,0,384,8982881_3118628
8982881_3118628_x128_y384_crop2957.png,128,384,8982881_3118628
8982881_3118628_x256_y384_crop2958.png,256,384,8982881_3118628
8982881_3118628_x384_y384_crop2959.png,384,384,8982881_3118628
8988385_3080104_x0_y0_crop2960.png,0,0,8988385_3080104
8988385_3080104_x128_y0_crop2961.png,128,0,8988385_3080104
8988385_3080104_x256_y0_crop2962.png,256,0,8988385_3080104
8988385_3080104_x384_y0_crop2963.png,384,0,8988385_3080104
8988385_3080104_x0_y128_crop2964.png,0,128,8988385_3080104
8988385_3080104_x128_y128_crop2965.png,128,128,8988385_3080104
8988385_3080104_x256_y128_crop2966.png,256,128,8988385_3080104
8988385_3080104_x384_y128_crop2967.png,384,128,8988385_3080104
8988385_3080104_x0_y256_crop2968.png,0,256,8988385_3080104
8988385_3080104_x128_y256_crop2969.png,128,256,8988385_3080104
8988385_3080104_x256_y256_crop2970.png,256,256,8988385_3080104
8988385_3080104_x384_y256_crop2971.png,384,256,8988385_3080104
8988385_3080104_x0_y384_crop2972.png,0,384,8988385_3080104
8988385_3080104_x128_y384_crop2973.png,128,384,8988385_3080104
8988385_3080104_x256_y384_crop2974.png,256,384,8988385_3080104
8988385_3080104_x384_y384_crop2975.png,384,384,8988385_3080104
8982881_3093862_x0_y0_crop2976.png,0,0,8982881_3093862
8982881_3093862_x128_y0_crop2977.png,128,0,8982881_3093862
8982881_3093862_x256_y0_crop2978.png,256,0,8982881_3093862
8982881_3093862_x384_y0_crop2979.png,384,0,8982881_3093862
8982881_3093862_x0_y128_crop2980.png,0,128,8982881_3093862
8982881_3093862_x128_y128_crop2981.png,128,128,8982881_3093862
8982881_3093862_x256_y128_crop2982.png,256,128,8982881_3093862
8982881_3093862_x384_y128_crop2983.png,384,128,8982881_3093862
8982881_3093862_x0_y256_crop2984.png,0,256,8982881_3093862
8982881_3093862_x128_y256_crop2985.png,128,256,8982881_3093862
8982881_3093862_x256_y256_crop2986.png,256,256,8982881_3093862
8982881_3093862_x384_y256_crop2987.png,384,256,8982881_3093862
8982881_3093862_x0_y384_crop2988.png,0,384,8982881_3093862
8982881_3093862_x128_y384_crop2989.png,128,384,8982881_3093862
8982881_3093862_x256_y384_crop2990.png,256,384,8982881_3093862
8982881_3093862_x384_y384_crop2991.png,384,384,8982881_3093862
9035164_3113124_x0_y0_crop2992.png,0,0,9035164_3113124
9035164_3113124_x128_y0_crop2993.png,128,0,9035164_3113124
9035164_3113124_x256_y0_crop2994.png,256,0,9035164_3113124
9035164_3113124_x384_y0_crop2995.png,384,0,9035164_3113124
9035164_3113124_x0_y128_crop2996.png,0,128,9035164_3113124
9035164_3113124_x128_y128_crop2997.png,128,128,9035164_3113124
9035164_3113124_x256_y128_crop2998.png,256,128,9035164_3113124
9035164_3113124_x384_y128_crop2999.png,384,128,9035164_3113124
9035164_3113124_x0_y256_crop3000.png,0,256,9035164_3113124
9035164_3113124_x128_y256_crop3001.png,128,256,9035164_3113124
9035164_3113124_x256_y256_crop3002.png,256,256,9035164_3113124
9035164_3113124_x384_y256_crop3003.png,384,256,9035164_3113124
9035164_3113124_x0_y384_crop3004.png,0,384,9035164_3113124
9035164_3113124_x128_y384_crop3005.png,128,384,9035164_3113124
9035164_3113124_x256_y384_crop3006.png,256,384,9035164_3113124
9035164_3113124_x384_y384_crop3007.png,384,384,9035164_3113124
9015902_3080104_x0_y0_crop3008.png,0,0,9015902_3080104
9015902_3080104_x128_y0_crop3009.png,128,0,9015902_3080104
9015902_3080104_x256_y0_crop3010.png,256,0,9015902_3080104
9015902_3080104_x384_y0_crop3011.png,384,0,9015902_3080104
9015902_3080104_x0_y128_crop3012.png,0,128,9015902_3080104
9015902_3080104_x128_y128_crop3013.png,128,128,9015902_3080104
9015902_3080104_x256_y128_crop3014.png,256,128,9015902_3080104
9015902_3080104_x384_y128_crop3015.png,384,128,9015902_3080104
9015902_3080104_x0_y256_crop3016.png,0,256,9015902_3080104
9015902_3080104_x128_y256_crop3017.png,128,256,9015902_3080104
9015902_3080104_x256_y256_crop3018.png,256,256,9015902_3080104
9015902_3080104_x384_y256_crop3019.png,384,256,9015902_3080104
9015902_3080104_x0_y384_crop3020.png,0,384,9015902_3080104
9015902_3080104_x128_y384_crop3021.png,128,384,9015902_3080104
9015902_3080104_x256_y384_crop3022.png,256,384,9015902_3080104
9015902_3080104_x384_y384_crop3023.png,384,384,9015902_3080104
8996640_3132387_x0_y0_crop3024.png,0,0,8996640_3132387
8996640_3132387_x128_y0_crop3025.png,128,0,8996640_3132387
8996640_3132387_x256_y0_crop3026.png,256,0,8996640_3132387
8996640_3132387_x384_y0_crop3027.png,384,0,8996640_3132387
8996640_3132387_x0_y128_crop3028.png,0,128,8996640_3132387
8996640_3132387_x128_y128_crop3029.png,128,128,8996640_3132387
8996640_3132387_x256_y128_crop3030.png,256,128,8996640_3132387
8996640_3132387_x384_y128_crop3031.png,384,128,8996640_3132387
8996640_3132387_x0_y256_crop3032.png,0,256,8996640_3132387
8996640_3132387_x128_y256_crop3033.png,128,256,8996640_3132387
8996640_3132387_x256_y256_crop3034.png,256,256,8996640_3132387
8996640_3132387_x384_y256_crop3035.png,384,256,8996640_3132387
8996640_3132387_x0_y384_crop3036.png,0,384,8996640_3132387
8996640_3132387_x128_y384_crop3037.png,128,384,8996640_3132387
8996640_3132387_x256_y384_crop3038.png,256,384,8996640_3132387
8996640_3132387_x384_y384_crop3039.png,384,384,8996640_3132387
9021406_3135138_x0_y0_crop3040.png,0,0,9021406_3135138
9021406_3135138_x128_y0_crop3041.png,128,0,9021406_3135138
9021406_3135138_x256_y0_crop3042.png,256,0,9021406_3135138
9021406_3135138_x384_y0_crop3043.png,384,0,9021406_3135138
9021406_3135138_x0_y128_crop3044.png,0,128,9021406_3135138
9021406_3135138_x128_y128_crop3045.png,128,128,9021406_3135138
9021406_3135138_x256_y128_crop3046.png,256,128,9021406_3135138
9021406_3135138_x384_y128_crop3047.png,384,128,9021406_3135138
9021406_3135138_x0_y256_crop3048.png,0,256,9021406_3135138
9021406_3135138_x128_y256_crop3049.png,128,256,9021406_3135138
9021406_3135138_x256_y256_crop3050.png,256,256,9021406_3135138
9021406_3135138_x384_y256_crop3051.png,384,256,9021406_3135138
9021406_3135138_x0_y384_crop3052.png,0,384,9021406_3135138
9021406_3135138_x128_y384_crop3053.png,128,384,9021406_3135138
9021406_3135138_x256_y384_crop3054.png,256,384,9021406_3135138
9021406_3135138_x384_y384_crop3055.png,384,384,9021406_3135138
8982881_3077352_x0_y0_crop3056.png,0,0,8982881_3077352
8982881_3077352_x128_y0_crop3057.png,128,0,8982881_3077352
8982881_3077352_x256_y0_crop3058.png,256,0,8982881_3077352
8982881_3077352_x384_y0_crop3059.png,384,0,8982881_3077352
8982881_3077352_x0_y128_crop3060.png,0,128,8982881_3077352
8982881_3077352_x128_y128_crop3061.png,128,128,8982881_3077352
8982881_3077352_x256_y128_crop3062.png,256,128,8982881_3077352
8982881_3077352_x384_y128_crop3063.png,384,128,8982881_3077352
8982881_3077352_x0_y256_crop3064.png,0,256,8982881_3077352
8982881_3077352_x128_y256_crop3065.png,128,256,8982881_3077352
8982881_3077352_x256_y256_crop3066.png,256,256,8982881_3077352
8982881_3077352_x384_y256_crop3067.png,384,256,8982881_3077352
8982881_3077352_x0_y384_crop3068.png,0,384,8982881_3077352
8982881_3077352_x128_y384_crop3069.png,128,384,8982881_3077352
8982881_3077352_x256_y384_crop3070.png,256,384,8982881_3077352
8982881_3077352_x384_y384_crop3071.png,384,384,8982881_3077352
8980130_3088359_x0_y0_crop3072.png,0,0,8980130_3088359
8980130_3088359_x128_y0_crop3073.png,128,0,8980130_3088359
8980130_3088359_x256_y0_crop3074.png,256,0,8980130_3088359
8980130_3088359_x384_y0_crop3075.png,384,0,8980130_3088359
8980130_3088359_x0_y128_crop3076.png,0,128,8980130_3088359
8980130_3088359_x128_y128_crop3077.png,128,128,8980130_3088359
8980130_3088359_x256_y128_crop3078.png,256,128,8980130_3088359
8980130_3088359_x384_y128_crop3079.png,384,128,8980130_3088359
8980130_3088359_x0_y256_crop3080.png,0,256,8980130_3088359
8980130_3088359_x128_y256_crop3081.png,128,256,8980130_3088359
8980130_3088359_x256_y256_crop3082.png,256,256,8980130_3088359
8980130_3088359_x384_y256_crop3083.png,384,256,8980130_3088359
8980130_3088359_x0_y384_crop3084.png,0,384,8980130_3088359
8980130_3088359_x128_y384_crop3085.png,128,384,8980130_3088359
8980130_3088359_x256_y384_crop3086.png,256,384,8980130_3088359
8980130_3088359_x384_y384_crop3087.png,384,384,8980130_3088359
9018654_3099366_x0_y0_crop3088.png,0,0,9018654_3099366
9018654_3099366_x128_y0_crop3089.png,128,0,9018654_3099366
9018654_3099366_x256_y0_crop3090.png,256,0,9018654_3099366
9018654_3099366_x384_y0_crop3091.png,384,0,9018654_3099366
9018654_3099366_x0_y128_crop3092.png,0,128,9018654_3099366
9018654_3099366_x128_y128_crop3093.png,128,128,9018654_3099366
9018654_3099366_x256_y128_crop3094.png,256,128,9018654_3099366
9018654_3099366_x384_y128_crop3095.png,384,128,9018654_3099366
9018654_3099366_x0_y256_crop3096.png,0,256,9018654_3099366
9018654_3099366_x128_y256_crop3097.png,128,256,9018654_3099366
9018654_3099366_x256_y256_crop3098.png,256,256,9018654_3099366
9018654_3099366_x384_y256_crop3099.png,384,256,9018654_3099366
9018654_3099366_x0_y384_crop3100.png,0,384,9018654_3099366
9018654_3099366_x128_y384_crop3101.png,128,384,9018654_3099366
9018654_3099366_x256_y384_crop3102.png,256,384,9018654_3099366
9018654_3099366_x384_y384_crop3103.png,384,384,9018654_3099366
8993888_3121380_x0_y0_crop3104.png,0,0,8993888_3121380
8993888_3121380_x128_y0_crop3105.png,128,0,8993888_3121380
8993888_3121380_x256_y0_crop3106.png,256,0,8993888_3121380
8993888_3121380_x384_y0_crop3107.png,384,0,8993888_3121380
8993888_3121380_x0_y128_crop3108.png,0,128,8993888_3121380
8993888_3121380_x128_y128_crop3109.png,128,128,8993888_3121380
8993888_3121380_x256_y128_crop3110.png,256,128,8993888_3121380
8993888_3121380_x384_y128_crop3111.png,384,128,8993888_3121380
8993888_3121380_x0_y256_crop3112.png,0,256,8993888_3121380
8993888_3121380_x128_y256_crop3113.png,128,256,8993888_3121380
8993888_3121380_x256_y256_crop3114.png,256,256,8993888_3121380
8993888_3121380_x384_y256_crop3115.png,384,256,8993888_3121380
8993888_3121380_x0_y384_crop3116.png,0,384,8993888_3121380
8993888_3121380_x128_y384_crop3117.png,128,384,8993888_3121380
8993888_3121380_x256_y384_crop3118.png,256,384,8993888_3121380
8993888_3121380_x384_y384_crop3119.png,384,384,8993888_3121380
8993888_3093862_x0_y0_crop3120.png,0,0,8993888_3093862
8993888_3093862_x128_y0_crop3121.png,128,0,8993888_3093862
8993888_3093862_x256_y0_crop3122.png,256,0,8993888_3093862
8993888_3093862_x384_y0_crop3123.png,384,0,8993888_3093862
8993888_3093862_x0_y128_crop3124.png,0,128,8993888_3093862
8993888_3093862_x128_y128_crop3125.png,128,128,8993888_3093862
8993888_3093862_x256_y128_crop3126.png,256,128,8993888_3093862
8993888_3093862_x384_y128_crop3127.png,384,128,8993888_3093862
8993888_3093862_x0_y256_crop3128.png,0,256,8993888_3093862
8993888_3093862_x128_y256_crop3129.png,128,256,8993888_3093862
8993888_3093862_x256_y256_crop3130.png,256,256,8993888_3093862
8993888_3093862_x384_y256_crop3131.png,384,256,8993888_3093862
8993888_3093862_x0_y384_crop3132.png,0,384,8993888_3093862
8993888_3093862_x128_y384_crop3133.png,128,384,8993888_3093862
8993888_3093862_x256_y384_crop3134.png,256,384,8993888_3093862
8993888_3093862_x384_y384_crop3135.png,384,384,8993888_3093862
8996640_3096614_x0_y0_crop3136.png,0,0,8996640_3096614
8996640_3096614_x128_y0_crop3137.png,128,0,8996640_3096614
8996640_3096614_x256_y0_crop3138.png,256,0,8996640_3096614
8996640_3096614_x384_y0_crop3139.png,384,0,8996640_3096614
8996640_3096614_x0_y128_crop3140.png,0,128,8996640_3096614
8996640_3096614_x128_y128_crop3141.png,128,128,8996640_3096614
8996640_3096614_x256_y128_crop3142.png,256,128,8996640_3096614
8996640_3096614_x384_y128_crop3143.png,384,128,8996640_3096614
8996640_3096614_x0_y256_crop3144.png,0,256,8996640_3096614
8996640_3096614_x128_y256_crop3145.png,128,256,8996640_3096614
8996640_3096614_x256_y256_crop3146.png,256,256,8996640_3096614
8996640_3096614_x384_y256_crop3147.png,384,256,8996640_3096614
8996640_3096614_x0_y384_crop3148.png,0,384,8996640_3096614
8996640_3096614_x128_y384_crop3149.png,128,384,8996640_3096614
8996640_3096614_x256_y384_crop3150.png,256,384,8996640_3096614
8996640_3096614_x384_y384_crop3151.png,384,384,8996640_3096614
9010399_3091111_x0_y0_crop3152.png,0,0,9010399_3091111
9010399_3091111_x128_y0_crop3153.png,128,0,9010399_3091111
9010399_3091111_x256_y0_crop3154.png,256,0,9010399_3091111
9010399_3091111_x384_y0_crop3155.png,384,0,9010399_3091111
9010399_3091111_x0_y128_crop3156.png,0,128,9010399_3091111
9010399_3091111_x128_y128_crop3157.png,128,128,9010399_3091111
9010399_3091111_x256_y128_crop3158.png,256,128,9010399_3091111
9010399_3091111_x384_y128_crop3159.png,384,128,9010399_3091111
9010399_3091111_x0_y256_crop3160.png,0,256,9010399_3091111
9010399_3091111_x128_y256_crop3161.png,128,256,9010399_3091111
9010399_3091111_x256_y256_crop3162.png,256,256,9010399_3091111
9010399_3091111_x384_y256_crop3163.png,384,256,9010399_3091111
9010399_3091111_x0_y384_crop3164.png,0,384,9010399_3091111
9010399_3091111_x128_y384_crop3165.png,128,384,9010399_3091111
9010399_3091111_x256_y384_crop3166.png,256,384,9010399_3091111
9010399_3091111_x384_y384_crop3167.png,384,384,9010399_3091111
8991137_3129635_x0_y0_crop3168.png,0,0,8991137_3129635
8991137_3129635_x128_y0_crop3169.png,128,0,8991137_3129635
8991137_3129635_x256_y0_crop3170.png,256,0,8991137_3129635
8991137_3129635_x384_y0_crop3171.png,384,0,8991137_3129635
8991137_3129635_x0_y128_crop3172.png,0,128,8991137_3129635
8991137_3129635_x128_y128_crop3173.png,128,128,8991137_3129635
8991137_3129635_x256_y128_crop3174.png,256,128,8991137_3129635
8991137_3129635_x384_y128_crop3175.png,384,128,8991137_3129635
8991137_3129635_x0_y256_crop3176.png,0,256,8991137_3129635
8991137_3129635_x128_y256_crop3177.png,128,256,8991137_3129635
8991137_3129635_x256_y256_crop3178.png,256,256,8991137_3129635
8991137_3129635_x384_y256_crop3179.png,384,256,8991137_3129635
8991137_3129635_x0_y384_crop3180.png,0,384,8991137_3129635
8991137_3129635_x128_y384_crop3181.png,128,384,8991137_3129635
8991137_3129635_x256_y384_crop3182.png,256,384,8991137_3129635
8991137_3129635_x384_y384_crop3183.png,384,384,8991137_3129635
9018654_3085607_x0_y0_crop3184.png,0,0,9018654_3085607
9018654_3085607_x128_y0_crop3185.png,128,0,9018654_3085607
9018654_3085607_x256_y0_crop3186.png,256,0,9018654_3085607
9018654_3085607_x384_y0_crop3187.png,384,0,9018654_3085607
9018654_3085607_x0_y128_crop3188.png,0,128,9018654_3085607
9018654_3085607_x128_y128_crop3189.png,128,128,9018654_3085607
9018654_3085607_x256_y128_crop3190.png,256,128,9018654_3085607
9018654_3085607_x384_y128_crop3191.png,384,128,9018654_3085607
9018654_3085607_x0_y256_crop3192.png,0,256,9018654_3085607
9018654_3085607_x128_y256_crop3193.png,128,256,9018654_3085607
9018654_3085607_x256_y256_crop3194.png,256,256,9018654_3085607
9018654_3085607_x384_y256_crop3195.png,384,256,9018654_3085607
9018654_3085607_x0_y384_crop3196.png,0,384,9018654_3085607
9018654_3085607_x128_y384_crop3197.png,128,384,9018654_3085607
9018654_3085607_x256_y384_crop3198.png,256,384,9018654_3085607
9018654_3085607_x384_y384_crop3199.png,384,384,9018654_3085607
8980130_3129635_x0_y0_crop3200.png,0,0,8980130_3129635
8980130_3129635_x128_y0_crop3201.png,128,0,8980130_3129635
8980130_3129635_x256_y0_crop3202.png,256,0,8980130_3129635
8980130_3129635_x384_y0_crop3203.png,384,0,8980130_3129635
8980130_3129635_x0_y128_crop3204.png,0,128,8980130_3129635
8980130_3129635_x128_y128_crop3205.png,128,128,8980130_3129635
8980130_3129635_x256_y128_crop3206.png,256,128,8980130_3129635
8980130_3129635_x384_y128_crop3207.png,384,128,8980130_3129635
8980130_3129635_x0_y256_crop3208.png,0,256,8980130_3129635
8980130_3129635_x128_y256_crop3209.png,128,256,8980130_3129635
8980130_3129635_x256_y256_crop3210.png,256,256,8980130_3129635
8980130_3129635_x384_y256_crop3211.png,384,256,8980130_3129635
8980130_3129635_x0_y384_crop3212.png,0,384,8980130_3129635
8980130_3129635_x128_y384_crop3213.png,128,384,8980130_3129635
8980130_3129635_x256_y384_crop3214.png,256,384,8980130_3129635
8980130_3129635_x384_y384_crop3215.png,384,384,8980130_3129635
9040668_3104869_x0_y0_crop3216.png,0,0,9040668_3104869
9040668_3104869_x128_y0_crop3217.png,128,0,9040668_3104869
9040668_3104869_x256_y0_crop3218.png,256,0,9040668_3104869
9040668_3104869_x384_y0_crop3219.png,384,0,9040668_3104869
9040668_3104869_x0_y128_crop3220.png,0,128,9040668_3104869
9040668_3104869_x128_y128_crop3221.png,128,128,9040668_3104869
9040668_3104869_x256_y128_crop3222.png,256,128,9040668_3104869
9040668_3104869_x384_y128_crop3223.png,384,128,9040668_3104869
9040668_3104869_x0_y256_crop3224.png,0,256,9040668_3104869
9040668_3104869_x128_y256_crop3225.png,128,256,9040668_3104869
9040668_3104869_x256_y256_crop3226.png,256,256,9040668_3104869
9040668_3104869_x384_y256_crop3227.png,384,256,9040668_3104869
9040668_3104869_x0_y384_crop3228.png,0,384,9040668_3104869
9040668_3104869_x128_y384_crop3229.png,128,384,9040668_3104869
9040668_3104869_x256_y384_crop3230.png,256,384,9040668_3104869
9040668_3104869_x384_y384_crop3231.png,384,384,9040668_3104869
9015902_3143393_x0_y0_crop3232.png,0,0,9015902_3143393
9015902_3143393_x128_y0_crop3233.png,128,0,9015902_3143393
9015902_3143393_x256_y0_crop3234.png,256,0,9015902_3143393
9015902_3143393_x384_y0_crop3235.png,384,0,9015902_3143393
9015902_3143393_x0_y128_crop3236.png,0,128,9015902_3143393
9015902_3143393_x128_y128_crop3237.png,128,128,9015902_3143393
9015902_3143393_x256_y128_crop3238.png,256,128,9015902_3143393
9015902_3143393_x384_y128_crop3239.png,384,128,9015902_3143393
9015902_3143393_x0_y256_crop3240.png,0,256,9015902_3143393
9015902_3143393_x128_y256_crop3241.png,128,256,9015902_3143393
9015902_3143393_x256_y256_crop3242.png,256,256,9015902_3143393
9015902_3143393_x384_y256_crop3243.png,384,256,9015902_3143393
9015902_3143393_x0_y384_crop3244.png,0,384,9015902_3143393
9015902_3143393_x128_y384_crop3245.png,128,384,9015902_3143393
9015902_3143393_x256_y384_crop3246.png,256,384,9015902_3143393
9015902_3143393_x384_y384_crop3247.png,384,384,9015902_3143393
8999392_3091111_x0_y0_crop3248.png,0,0,8999392_3091111
8999392_3091111_x128_y0_crop3249.png,128,0,8999392_3091111
8999392_3091111_x256_y0_crop3250.png,256,0,8999392_3091111
8999392_3091111_x384_y0_crop3251.png,384,0,8999392_3091111
8999392_3091111_x0_y128_crop3252.png,0,128,8999392_3091111
8999392_3091111_x128_y128_crop3253.png,128,128,8999392_3091111
8999392_3091111_x256_y128_crop3254.png,256,128,8999392_3091111
8999392_3091111_x384_y128_crop3255.png,384,128,8999392_3091111
8999392_3091111_x0_y256_crop3256.png,0,256,8999392_3091111
8999392_3091111_x128_y256_crop3257.png,128,256,8999392_3091111
8999392_3091111_x256_y256_crop3258.png,256,256,8999392_3091111
8999392_3091111_x384_y256_crop3259.png,384,256,8999392_3091111
8999392_3091111_x0_y384_crop3260.png,0,384,8999392_3091111
8999392_3091111_x128_y384_crop3261.png,128,384,8999392_3091111
8999392_3091111_x256_y384_crop3262.png,256,384,8999392_3091111
8999392_3091111_x384_y384_crop3263.png,384,384,8999392_3091111
9021406_3137890_x0_y0_crop3264.png,0,0,9021406_3137890
9021406_3137890_x128_y0_crop3265.png,128,0,9021406_3137890
9021406_3137890_x256_y0_crop3266.png,256,0,9021406_3137890
9021406_3137890_x384_y0_crop3267.png,384,0,9021406_3137890
9021406_3137890_x0_y128_crop3268.png,0,128,9021406_3137890
9021406_3137890_x128_y128_crop3269.png,128,128,9021406_3137890
9021406_3137890_x256_y128_crop3270.png,256,128,9021406_3137890
9021406_3137890_x384_y128_crop3271.png,384,128,9021406_3137890
9021406_3137890_x0_y256_crop3272.png,0,256,9021406_3137890
9021406_3137890_x128_y256_crop3273.png,128,256,9021406_3137890
9021406_3137890_x256_y256_crop3274.png,256,256,9021406_3137890
9021406_3137890_x384_y256_crop3275.png,384,256,9021406_3137890
9021406_3137890_x0_y384_crop3276.png,0,384,9021406_3137890
9021406_3137890_x128_y384_crop3277.png,128,384,9021406_3137890
9021406_3137890_x256_y384_crop3278.png,256,384,9021406_3137890
9021406_3137890_x384_y384_crop3279.png,384,384,9021406_3137890
9035164_3129635_x0_y0_crop3280.png,0,0,9035164_3129635
9035164_3129635_x128_y0_crop3281.png,128,0,9035164_3129635
9035164_3129635_x256_y0_crop3282.png,256,0,9035164_3129635
9035164_3129635_x384_y0_crop3283.png,384,0,9035164_3129635
9035164_3129635_x0_y128_crop3284.png,0,128,9035164_3129635
9035164_3129635_x128_y128_crop3285.png,128,128,9035164_3129635
9035164_3129635_x256_y128_crop3286.png,256,128,9035164_3129635
9035164_3129635_x384_y128_crop3287.png,384,128,9035164_3129635
9035164_3129635_x0_y256_crop3288.png,0,256,9035164_3129635
9035164_3129635_x128_y256_crop3289.png,128,256,9035164_3129635
9035164_3129635_x256_y256_crop3290.png,256,256,9035164_3129635
9035164_3129635_x384_y256_crop3291.png,384,256,9035164_3129635
9035164_3129635_x0_y384_crop3292.png,0,384,9035164_3129635
9035164_3129635_x128_y384_crop3293.png,128,384,9035164_3129635
9035164_3129635_x256_y384_crop3294.png,256,384,9035164_3129635
9035164_3129635_x384_y384_crop3295.png,384,384,9035164_3129635
9013151_3146145_x0_y0_crop3296.png,0,0,9013151_3146145
9013151_3146145_x128_y0_crop3297.png,128,0,9013151_3146145
9013151_3146145_x256_y0_crop3298.png,256,0,9013151_3146145
9013151_3146145_x384_y0_crop3299.png,384,0,9013151_3146145
9013151_3146145_x0_y128_crop3300.png,0,128,9013151_3146145
9013151_3146145_x128_y128_crop3301.png,128,128,9013151_3146145
9013151_3146145_x256_y128_crop3302.png,256,128,9013151_3146145
9013151_3146145_x384_y128_crop3303.png,384,128,9013151_3146145
9013151_3146145_x0_y256_crop3304.png,0,256,9013151_3146145
9013151_3146145_x128_y256_crop3305.png,128,256,9013151_3146145
9013151_3146145_x256_y256_crop3306.png,256,256,9013151_3146145
9013151_3146145_x384_y256_crop3307.png,384,256,9013151_3146145
9013151_3146145_x0_y384_crop3308.png,0,384,9013151_3146145
9013151_3146145_x128_y384_crop3309.png,128,384,9013151_3146145
9013151_3146145_x256_y384_crop3310.png,256,384,9013151_3146145
9013151_3146145_x384_y384_crop3311.png,384,384,9013151_3146145
8982881_3080104_x0_y0_crop3312.png,0,0,8982881_3080104
8982881_3080104_x128_y0_crop3313.png,128,0,8982881_3080104
8982881_3080104_x256_y0_crop3314.png,256,0,8982881_3080104
8982881_3080104_x384_y0_crop3315.png,384,0,8982881_3080104
8982881_3080104_x0_y128_crop3316.png,0,128,8982881_3080104
8982881_3080104_x128_y128_crop3317.png,128,128,8982881_3080104
8982881_3080104_x256_y128_crop3318.png,256,128,8982881_3080104
8982881_3080104_x384_y128_crop3319.png,384,128,8982881_3080104
8982881_3080104_x0_y256_crop3320.png,0,256,8982881_3080104
8982881_3080104_x128_y256_crop3321.png,128,256,8982881_3080104
8982881_3080104_x256_y256_crop3322.png,256,256,8982881_3080104
8982881_3080104_x384_y256_crop3323.png,384,256,8982881_3080104
8982881_3080104_x0_y384_crop3324.png,0,384,8982881_3080104
8982881_3080104_x128_y384_crop3325.png,128,384,8982881_3080104
8982881_3080104_x256_y384_crop3326.png,256,384,8982881_3080104
8982881_3080104_x384_y384_crop3327.png,384,384,8982881_3080104
9004895_3110373_x0_y0_crop3328.png,0,0,9004895_3110373
9004895_3110373_x128_y0_crop3329.png,128,0,9004895_3110373
9004895_3110373_x256_y0_crop3330.png,256,0,9004895_3110373
9004895_3110373_x384_y0_crop3331.png,384,0,9004895_3110373
9004895_3110373_x0_y128_crop3332.png,0,128,9004895_3110373
9004895_3110373_x128_y128_crop3333.png,128,128,9004895_3110373
9004895_3110373_x256_y128_crop3334.png,256,128,9004895_3110373
9004895_3110373_x384_y128_crop3335.png,384,128,9004895_3110373
9004895_3110373_x0_y256_crop3336.png,0,256,9004895_3110373
9004895_3110373_x128_y256_crop3337.png,128,256,9004895_3110373
9004895_3110373_x256_y256_crop3338.png,256,256,9004895_3110373
9004895_3110373_x384_y256_crop3339.png,384,256,9004895_3110373
9004895_3110373_x0_y384_crop3340.png,0,384,9004895_3110373
9004895_3110373_x128_y384_crop3341.png,128,384,9004895_3110373
9004895_3110373_x256_y384_crop3342.png,256,384,9004895_3110373
9004895_3110373_x384_y384_crop3343.png,384,384,9004895_3110373
9018654_3143393_x0_y0_crop3344.png,0,0,9018654_3143393
9018654_3143393_x128_y0_crop3345.png,128,0,9018654_3143393
9018654_3143393_x256_y0_crop3346.png,256,0,9018654_3143393
9018654_3143393_x384_y0_crop3347.png,384,0,9018654_3143393
9018654_3143393_x0_y128_crop3348.png,0,128,9018654_3143393
9018654_3143393_x128_y128_crop3349.png,128,128,9018654_3143393
9018654_3143393_x256_y128_crop3350.png,256,128,9018654_3143393
9018654_3143393_x384_y128_crop3351.png,384,128,9018654_3143393
9018654_3143393_x0_y256_crop3352.png,0,256,9018654_3143393
9018654_3143393_x128_y256_crop3353.png,128,256,9018654_3143393
9018654_3143393_x256_y256_crop3354.png,256,256,9018654_3143393
9018654_3143393_x384_y256_crop3355.png,384,256,9018654_3143393
9018654_3143393_x0_y384_crop3356.png,0,384,9018654_3143393
9018654_3143393_x128_y384_crop3357.png,128,384,9018654_3143393
9018654_3143393_x256_y384_crop3358.png,256,384,9018654_3143393
9018654_3143393_x384_y384_crop3359.png,384,384,9018654_3143393
9010399_3080104_x0_y0_crop3360.png,0,0,9010399_3080104
9010399_3080104_x128_y0_crop3361.png,128,0,9010399_3080104
9010399_3080104_x256_y0_crop3362.png,256,0,9010399_3080104
9010399_3080104_x384_y0_crop3363.png,384,0,9010399_3080104
9010399_3080104_x0_y128_crop3364.png,0,128,9010399_3080104
9010399_3080104_x128_y128_crop3365.png,128,128,9010399_3080104
9010399_3080104_x256_y128_crop3366.png,256,128,9010399_3080104
9010399_3080104_x384_y128_crop3367.png,384,128,9010399_3080104
9010399_3080104_x0_y256_crop3368.png,0,256,9010399_3080104
9010399_3080104_x128_y256_crop3369.png,128,256,9010399_3080104
9010399_3080104_x256_y256_crop3370.png,256,256,9010399_3080104
9010399_3080104_x384_y256_crop3371.png,384,256,9010399_3080104
9010399_3080104_x0_y384_crop3372.png,0,384,9010399_3080104
9010399_3080104_x128_y384_crop3373.png,128,384,9010399_3080104
9010399_3080104_x256_y384_crop3374.png,256,384,9010399_3080104
9010399_3080104_x384_y384_crop3375.png,384,384,9010399_3080104
9032413_3126883_x0_y0_crop3376.png,0,0,9032413_3126883
9032413_3126883_x128_y0_crop3377.png,128,0,9032413_3126883
9032413_3126883_x256_y0_crop3378.png,256,0,9032413_3126883
9032413_3126883_x384_y0_crop3379.png,384,0,9032413_3126883
9032413_3126883_x0_y128_crop3380.png,0,128,9032413_3126883
9032413_3126883_x128_y128_crop3381.png,128,128,9032413_3126883
9032413_3126883_x256_y128_crop3382.png,256,128,9032413_3126883
9032413_3126883_x384_y128_crop3383.png,384,128,9032413_3126883
9032413_3126883_x0_y256_crop3384.png,0,256,9032413_3126883
9032413_3126883_x128_y256_crop3385.png,128,256,9032413_3126883
9032413_3126883_x256_y256_crop3386.png,256,256,9032413_3126883
9032413_3126883_x384_y256_crop3387.png,384,256,9032413_3126883
9032413_3126883_x0_y384_crop3388.png,0,384,9032413_3126883
9032413_3126883_x128_y384_crop3389.png,128,384,9032413_3126883
9032413_3126883_x256_y384_crop3390.png,256,384,9032413_3126883
9032413_3126883_x384_y384_crop3391.png,384,384,9032413_3126883
8996640_3099366_x0_y0_crop3392.png,0,0,8996640_3099366
8996640_3099366_x128_y0_crop3393.png,128,0,8996640_3099366
8996640_3099366_x256_y0_crop3394.png,256,0,8996640_3099366
8996640_3099366_x384_y0_crop3395.png,384,0,8996640_3099366
8996640_3099366_x0_y128_crop3396.png,0,128,8996640_3099366
8996640_3099366_x128_y128_crop3397.png,128,128,8996640_3099366
8996640_3099366_x256_y128_crop3398.png,256,128,8996640_3099366
8996640_3099366_x384_y128_crop3399.png,384,128,8996640_3099366
8996640_3099366_x0_y256_crop3400.png,0,256,8996640_3099366
8996640_3099366_x128_y256_crop3401.png,128,256,8996640_3099366
8996640_3099366_x256_y256_crop3402.png,256,256,8996640_3099366
8996640_3099366_x384_y256_crop3403.png,384,256,8996640_3099366
8996640_3099366_x0_y384_crop3404.png,0,384,8996640_3099366
8996640_3099366_x128_y384_crop3405.png,128,384,8996640_3099366
8996640_3099366_x256_y384_crop3406.png,256,384,8996640_3099366
8996640_3099366_x384_y384_crop3407.png,384,384,8996640_3099366
9010399_3099366_x0_y0_crop3408.png,0,0,9010399_3099366
9010399_3099366_x128_y0_crop3409.png,128,0,9010399_3099366
9010399_3099366_x256_y0_crop3410.png,256,0,9010399_3099366
9010399_3099366_x384_y0_crop3411.png,384,0,9010399_3099366
9010399_3099366_x0_y128_crop3412.png,0,128,9010399_3099366
9010399_3099366_x128_y128_crop3413.png,128,128,9010399_3099366
9010399_3099366_x256_y128_crop3414.png,256,128,9010399_3099366
9010399_3099366_x384_y128_crop3415.png,384,128,9010399_3099366
9010399_3099366_x0_y256_crop3416.png,0,256,9010399_3099366
9010399_3099366_x128_y256_crop3417.png,128,256,9010399_3099366
9010399_3099366_x256_y256_crop3418.png,256,256,9010399_3099366
9010399_3099366_x384_y256_crop3419.png,384,256,9010399_3099366
9010399_3099366_x0_y384_crop3420.png,0,384,9010399_3099366
9010399_3099366_x128_y384_crop3421.png,128,384,9010399_3099366
9010399_3099366_x256_y384_crop3422.png,256,384,9010399_3099366
9010399_3099366_x384_y384_crop3423.png,384,384,9010399_3099366
8991137_3085607_x0_y0_crop3424.png,0,0,8991137_3085607
8991137_3085607_x128_y0_crop3425.png,128,0,8991137_3085607
8991137_3085607_x256_y0_crop3426.png,256,0,8991137_3085607
8991137_3085607_x384_y0_crop3427.png,384,0,8991137_3085607
8991137_3085607_x0_y128_crop3428.png,0,128,8991137_3085607
8991137_3085607_x128_y128_crop3429.png,128,128,8991137_3085607
8991137_3085607_x256_y128_crop3430.png,256,128,8991137_3085607
8991137_3085607_x384_y128_crop3431.png,384,128,8991137_3085607
8991137_3085607_x0_y256_crop3432.png,0,256,8991137_3085607
8991137_3085607_x128_y256_crop3433.png,128,256,8991137_3085607
8991137_3085607_x256_y256_crop3434.png,256,256,8991137_3085607
8991137_3085607_x384_y256_crop3435.png,384,256,8991137_3085607
8991137_3085607_x0_y384_crop3436.png,0,384,8991137_3085607
8991137_3085607_x128_y384_crop3437.png,128,384,8991137_3085607
8991137_3085607_x256_y384_crop3438.png,256,384,8991137_3085607
8991137_3085607_x384_y384_crop3439.png,384,384,8991137_3085607
9029661_3140642_x0_y0_crop3440.png,0,0,9029661_3140642
9029661_3140642_x128_y0_crop3441.png,128,0,9029661_3140642
9029661_3140642_x256_y0_crop3442.png,256,0,9029661_3140642
9029661_3140642_x384_y0_crop3443.png,384,0,9029661_3140642
9029661_3140642_x0_y128_crop3444.png,0,128,9029661_3140642
9029661_3140642_x128_y128_crop3445.png,128,128,9029661_3140642
9029661_3140642_x256_y128_crop3446.png,256,128,9029661_3140642
9029661_3140642_x384_y128_crop3447.png,384,128,9029661_3140642
9029661_3140642_x0_y256_crop3448.png,0,256,9029661_3140642
9029661_3140642_x128_y256_crop3449.png,128,256,9029661_3140642
9029661_3140642_x256_y256_crop3450.png,256,256,9029661_3140642
9029661_3140642_x384_y256_crop3451.png,384,256,9029661_3140642
9029661_3140642_x0_y384_crop3452.png,0,384,9029661_3140642
9029661_3140642_x128_y384_crop3453.png,128,384,9029661_3140642
9029661_3140642_x256_y384_crop3454.png,256,384,9029661_3140642
9029661_3140642_x384_y384_crop3455.png,384,384,9029661_3140642
9037916_3088359_x0_y0_crop3456.png,0,0,9037916_3088359
9037916_3088359_x128_y0_crop3457.png,128,0,9037916_3088359
9037916_3088359_x256_y0_crop3458.png,256,0,9037916_3088359
9037916_3088359_x384_y0_crop3459.png,384,0,9037916_3088359
9037916_3088359_x0_y128_crop3460.png,0,128,9037916_3088359
9037916_3088359_x128_y128_crop3461.png,128,128,9037916_3088359
9037916_3088359_x256_y128_crop3462.png,256,128,9037916_3088359
9037916_3088359_x384_y128_crop3463.png,384,128,9037916_3088359
9037916_3088359_x0_y256_crop3464.png,0,256,9037916_3088359
9037916_3088359_x128_y256_crop3465.png,128,256,9037916_3088359
9037916_3088359_x256_y256_crop3466.png,256,256,9037916_3088359
9037916_3088359_x384_y256_crop3467.png,384,256,9037916_3088359
9037916_3088359_x0_y384_crop3468.png,0,384,9037916_3088359
9037916_3088359_x128_y384_crop3469.png,128,384,9037916_3088359
9037916_3088359_x256_y384_crop3470.png,256,384,9037916_3088359
9037916_3088359_x384_y384_crop3471.png,384,384,9037916_3088359
8991137_3121380_x0_y0_crop3472.png,0,0,8991137_3121380
8991137_3121380_x128_y0_crop3473.png,128,0,8991137_3121380
8991137_3121380_x256_y0_crop3474.png,256,0,8991137_3121380
8991137_3121380_x384_y0_crop3475.png,384,0,8991137_3121380
8991137_3121380_x0_y128_crop3476.png,0,128,8991137_3121380
8991137_3121380_x128_y128_crop3477.png,128,128,8991137_3121380
8991137_3121380_x256_y128_crop3478.png,256,128,8991137_3121380
8991137_3121380_x384_y128_crop3479.png,384,128,8991137_3121380
8991137_3121380_x0_y256_crop3480.png,0,256,8991137_3121380
8991137_3121380_x128_y256_crop3481.png,128,256,8991137_3121380
8991137_3121380_x256_y256_crop3482.png,256,256,8991137_3121380
8991137_3121380_x384_y256_crop3483.png,384,256,8991137_3121380
8991137_3121380_x0_y384_crop3484.png,0,384,8991137_3121380
8991137_3121380_x128_y384_crop3485.png,128,384,8991137_3121380
8991137_3121380_x256_y384_crop3486.png,256,384,8991137_3121380
8991137_3121380_x384_y384_crop3487.png,384,384,8991137_3121380
9040668_3080104_x0_y0_crop3488.png,0,0,9040668_3080104
9040668_3080104_x128_y0_crop3489.png,128,0,9040668_3080104
9040668_3080104_x256_y0_crop3490.png,256,0,9040668_3080104
9040668_3080104_x384_y0_crop3491.png,384,0,9040668_3080104
9040668_3080104_x0_y128_crop3492.png,0,128,9040668_3080104
9040668_3080104_x128_y128_crop3493.png,128,128,9040668_3080104
9040668_3080104_x256_y128_crop3494.png,256,128,9040668_3080104
9040668_3080104_x384_y128_crop3495.png,384,128,9040668_3080104
9040668_3080104_x0_y256_crop3496.png,0,256,9040668_3080104
9040668_3080104_x128_y256_crop3497.png,128,256,9040668_3080104
9040668_3080104_x256_y256_crop3498.png,256,256,9040668_3080104
9040668_3080104_x384_y256_crop3499.png,384,256,9040668_3080104
9040668_3080104_x0_y384_crop3500.png,0,384,9040668_3080104
9040668_3080104_x128_y384_crop3501.png,128,384,9040668_3080104
9040668_3080104_x256_y384_crop3502.png,256,384,9040668_3080104
9040668_3080104_x384_y384_crop3503.png,384,384,9040668_3080104
9015902_3140642_x0_y0_crop3504.png,0,0,9015902_3140642
9015902_3140642_x128_y0_crop3505.png,128,0,9015902_3140642
9015902_3140642_x256_y0_crop3506.png,256,0,9015902_3140642
9015902_3140642_x384_y0_crop3507.png,384,0,9015902_3140642
9015902_3140642_x0_y128_crop3508.png,0,128,9015902_3140642
9015902_3140642_x128_y128_crop3509.png,128,128,9015902_3140642
9015902_3140642_x256_y128_crop3510.png,256,128,9015902_3140642
9015902_3140642_x384_y128_crop3511.png,384,128,9015902_3140642
9015902_3140642_x0_y256_crop3512.png,0,256,9015902_3140642
9015902_3140642_x128_y256_crop3513.png,128,256,9015902_3140642
9015902_3140642_x256_y256_crop3514.png,256,256,9015902_3140642
9015902_3140642_x384_y256_crop3515.png,384,256,9015902_3140642
9015902_3140642_x0_y384_crop3516.png,0,384,9015902_3140642
9015902_3140642_x128_y384_crop3517.png,128,384,9015902_3140642
9015902_3140642_x256_y384_crop3518.png,256,384,9015902_3140642
9015902_3140642_x384_y384_crop3519.png,384,384,9015902_3140642
9029661_3126883_x0_y0_crop3520.png,0,0,9029661_3126883
9029661_3126883_x128_y0_crop3521.png,128,0,9029661_3126883
9029661_3126883_x256_y0_crop3522.png,256,0,9029661_3126883
9029661_3126883_x384_y0_crop3523.png,384,0,9029661_3126883
9029661_3126883_x0_y128_crop3524.png,0,128,9029661_3126883
9029661_3126883_x128_y128_crop3525.png,128,128,9029661_3126883
9029661_3126883_x256_y128_crop3526.png,256,128,9029661_3126883
9029661_3126883_x384_y128_crop3527.png,384,128,9029661_3126883
9029661_3126883_x0_y256_crop3528.png,0,256,9029661_3126883
9029661_3126883_x128_y256_crop3529.png,128,256,9029661_3126883
9029661_3126883_x256_y256_crop3530.png,256,256,9029661_3126883
9029661_3126883_x384_y256_crop3531.png,384,256,9029661_3126883
9029661_3126883_x0_y384_crop3532.png,0,384,9029661_3126883
9029661_3126883_x128_y384_crop3533.png,128,384,9029661_3126883
9029661_3126883_x256_y384_crop3534.png,256,384,9029661_3126883
9029661_3126883_x384_y384_crop3535.png,384,384,9029661_3126883
9040668_3137890_x0_y0_crop3536.png,0,0,9040668_3137890
9040668_3137890_x128_y0_crop3537.png,128,0,9040668_3137890
9040668_3137890_x256_y0_crop3538.png,256,0,9040668_3137890
9040668_3137890_x384_y0_crop3539.png,384,0,9040668_3137890
9040668_3137890_x0_y128_crop3540.png,0,128,9040668_3137890
9040668_3137890_x128_y128_crop3541.png,128,128,9040668_3137890
9040668_3137890_x256_y128_crop3542.png,256,128,9040668_3137890
9040668_3137890_x384_y128_crop3543.png,384,128,9040668_3137890
9040668_3137890_x0_y256_crop3544.png,0,256,9040668_3137890
9040668_3137890_x128_y256_crop3545.png,128,256,9040668_3137890
9040668_3137890_x256_y256_crop3546.png,256,256,9040668_3137890
9040668_3137890_x384_y256_crop3547.png,384,256,9040668_3137890
9040668_3137890_x0_y384_crop3548.png,0,384,9040668_3137890
9040668_3137890_x128_y384_crop3549.png,128,384,9040668_3137890
9040668_3137890_x256_y384_crop3550.png,256,384,9040668_3137890
9040668_3137890_x384_y384_crop3551.png,384,384,9040668_3137890
9037916_3129635_x0_y0_crop3552.png,0,0,9037916_3129635
9037916_3129635_x128_y0_crop3553.png,128,0,9037916_3129635
9037916_3129635_x256_y0_crop3554.png,256,0,9037916_3129635
9037916_3129635_x384_y0_crop3555.png,384,0,9037916_3129635
9037916_3129635_x0_y128_crop3556.png,0,128,9037916_3129635
9037916_3129635_x128_y128_crop3557.png,128,128,9037916_3129635
9037916_3129635_x256_y128_crop3558.png,256,128,9037916_3129635
9037916_3129635_x384_y128_crop3559.png,384,128,9037916_3129635
9037916_3129635_x0_y256_crop3560.png,0,256,9037916_3129635
9037916_3129635_x128_y256_crop3561.png,128,256,9037916_3129635
9037916_3129635_x256_y256_crop3562.png,256,256,9037916_3129635
9037916_3129635_x384_y256_crop3563.png,384,256,9037916_3129635
9037916_3129635_x0_y384_crop3564.png,0,384,9037916_3129635
9037916_3129635_x128_y384_crop3565.png,128,384,9037916_3129635
9037916_3129635_x256_y384_crop3566.png,256,384,9037916_3129635
9037916_3129635_x384_y384_crop3567.png,384,384,9037916_3129635
9029661_3082855_x0_y0_crop3568.png,0,0,9029661_3082855
9029661_3082855_x128_y0_crop3569.png,128,0,9029661_3082855
9029661_3082855_x256_y0_crop3570.png,256,0,9029661_3082855
9029661_3082855_x384_y0_crop3571.png,384,0,9029661_3082855
9029661_3082855_x0_y128_crop3572.png,0,128,9029661_3082855
9029661_3082855_x128_y128_crop3573.png,128,128,9029661_3082855
9029661_3082855_x256_y128_crop3574.png,256,128,9029661_3082855
9029661_3082855_x384_y128_crop3575.png,384,128,9029661_3082855
9029661_3082855_x0_y256_crop3576.png,0,256,9029661_3082855
9029661_3082855_x128_y256_crop3577.png,128,256,9029661_3082855
9029661_3082855_x256_y256_crop3578.png,256,256,9029661_3082855
9029661_3082855_x384_y256_crop3579.png,384,256,9029661_3082855
9029661_3082855_x0_y384_crop3580.png,0,384,9029661_3082855
9029661_3082855_x128_y384_crop3581.png,128,384,9029661_3082855
9029661_3082855_x256_y384_crop3582.png,256,384,9029661_3082855
9029661_3082855_x384_y384_crop3583.png,384,384,9029661_3082855
9015902_3110373_x0_y0_crop3584.png,0,0,9015902_3110373
9015902_3110373_x128_y0_crop3585.png,128,0,9015902_3110373
9015902_3110373_x256_y0_crop3586.png,256,0,9015902_3110373
9015902_3110373_x384_y0_crop3587.png,384,0,9015902_3110373
9015902_3110373_x0_y128_crop3588.png,0,128,9015902_3110373
9015902_3110373_x128_y128_crop3589.png,128,128,9015902_3110373
9015902_3110373_x256_y128_crop3590.png,256,128,9015902_3110373
9015902_3110373_x384_y128_crop3591.png,384,128,9015902_3110373
9015902_3110373_x0_y256_crop3592.png,0,256,9015902_3110373
9015902_3110373_x128_y256_crop3593.png,128,256,9015902_3110373
9015902_3110373_x256_y256_crop3594.png,256,256,9015902_3110373
9015902_3110373_x384_y256_crop3595.png,384,256,9015902_3110373
9015902_3110373_x0_y384_crop3596.png,0,384,9015902_3110373
9015902_3110373_x128_y384_crop3597.png,128,384,9015902_3110373
9015902_3110373_x256_y384_crop3598.png,256,384,9015902_3110373
9015902_3110373_x384_y384_crop3599.png,384,384,9015902_3110373
9026909_3077352_x0_y0_crop3600.png,0,0,9026909_3077352
9026909_3077352_x128_y0_crop3601.png,128,0,9026909_3077352
9026909_3077352_x256_y0_crop3602.png,256,0,9026909_3077352
9026909_3077352_x384_y0_crop3603.png,384,0,9026909_3077352
9026909_3077352_x0_y128_crop3604.png,0,128,9026909_3077352
9026909_3077352_x128_y128_crop3605.png,128,128,9026909_3077352
9026909_3077352_x256_y128_crop3606.png,256,128,9026909_3077352
9026909_3077352_x384_y128_crop3607.png,384,128,9026909_3077352
9026909_3077352_x0_y256_crop3608.png,0,256,9026909_3077352
9026909_3077352_x128_y256_crop3609.png,128,256,9026909_3077352
9026909_3077352_x256_y256_crop3610.png,256,256,9026909_3077352
9026909_3077352_x384_y256_crop3611.png,384,256,9026909_3077352
9026909_3077352_x0_y384_crop3612.png,0,384,9026909_3077352
9026909_3077352_x128_y384_crop3613.png,128,384,9026909_3077352
9026909_3077352_x256_y384_crop3614.png,256,384,9026909_3077352
9026909_3077352_x384_y384_crop3615.png,384,384,9026909_3077352
9035164_3110373_x0_y0_crop3616.png,0,0,9035164_3110373
9035164_3110373_x128_y0_crop3617.png,128,0,9035164_3110373
9035164_3110373_x256_y0_crop3618.png,256,0,9035164_3110373
9035164_3110373_x384_y0_crop3619.png,384,0,9035164_3110373
9035164_3110373_x0_y128_crop3620.png,0,128,9035164_3110373
9035164_3110373_x128_y128_crop3621.png,128,128,9035164_3110373
9035164_3110373_x256_y128_crop3622.png,256,128,9035164_3110373
9035164_3110373_x384_y128_crop3623.png,384,128,9035164_3110373
9035164_3110373_x0_y256_crop3624.png,0,256,9035164_3110373
9035164_3110373_x128_y256_crop3625.png,128,256,9035164_3110373
9035164_3110373_x256_y256_crop3626.png,256,256,9035164_3110373
9035164_3110373_x384_y256_crop3627.png,384,256,9035164_3110373
9035164_3110373_x0_y384_crop3628.png,0,384,9035164_3110373
9035164_3110373_x128_y384_crop3629.png,128,384,9035164_3110373
9035164_3110373_x256_y384_crop3630.png,256,384,9035164_3110373
9035164_3110373_x384_y384_crop3631.png,384,384,9035164_3110373
9021406_3080104_x0_y0_crop3632.png,0,0,9021406_3080104
9021406_3080104_x128_y0_crop3633.png,128,0,9021406_3080104
9021406_3080104_x256_y0_crop3634.png,256,0,9021406_3080104
9021406_3080104_x384_y0_crop3635.png,384,0,9021406_3080104
9021406_3080104_x0_y128_crop3636.png,0,128,9021406_3080104
9021406_3080104_x128_y128_crop3637.png,128,128,9021406_3080104
9021406_3080104_x256_y128_crop3638.png,256,128,9021406_3080104
9021406_3080104_x384_y128_crop3639.png,384,128,9021406_3080104
9021406_3080104_x0_y256_crop3640.png,0,256,9021406_3080104
9021406_3080104_x128_y256_crop3641.png,128,256,9021406_3080104
9021406_3080104_x256_y256_crop3642.png,256,256,9021406_3080104
9021406_3080104_x384_y256_crop3643.png,384,256,9021406_3080104
9021406_3080104_x0_y384_crop3644.png,0,384,9021406_3080104
9021406_3080104_x128_y384_crop3645.png,128,384,9021406_3080104
9021406_3080104_x256_y384_crop3646.png,256,384,9021406_3080104
9021406_3080104_x384_y384_crop3647.png,384,384,9021406_3080104
9029661_3091111_x0_y0_crop3648.png,0,0,9029661_3091111
9029661_3091111_x128_y0_crop3649.png,128,0,9029661_3091111
9029661_3091111_x256_y0_crop3650.png,256,0,9029661_3091111
9029661_3091111_x384_y0_crop3651.png,384,0,9029661_3091111
9029661_3091111_x0_y128_crop3652.png,0,128,9029661_3091111
9029661_3091111_x128_y128_crop3653.png,128,128,9029661_3091111
9029661_3091111_x256_y128_crop3654.png,256,128,9029661_3091111
9029661_3091111_x384_y128_crop3655.png,384,128,9029661_3091111
9029661_3091111_x0_y256_crop3656.png,0,256,9029661_3091111
9029661_3091111_x128_y256_crop3657.png,128,256,9029661_3091111
9029661_3091111_x256_y256_crop3658.png,256,256,9029661_3091111
9029661_3091111_x384_y256_crop3659.png,384,256,9029661_3091111
9029661_3091111_x0_y384_crop3660.png,0,384,9029661_3091111
9029661_3091111_x128_y384_crop3661.png,128,384,9029661_3091111
9029661_3091111_x256_y384_crop3662.png,256,384,9029661_3091111
9029661_3091111_x384_y384_crop3663.png,384,384,9029661_3091111
9007647_3129635_x0_y0_crop3664.png,0,0,9007647_3129635
9007647_3129635_x128_y0_crop3665.png,128,0,9007647_3129635
9007647_3129635_x256_y0_crop3666.png,256,0,9007647_3129635
9007647_3129635_x384_y0_crop3667.png,384,0,9007647_3129635
9007647_3129635_x0_y128_crop3668.png,0,128,9007647_3129635
9007647_3129635_x128_y128_crop3669.png,128,128,9007647_3129635
9007647_3129635_x256_y128_crop3670.png,256,128,9007647_3129635
9007647_3129635_x384_y128_crop3671.png,384,128,9007647_3129635
9007647_3129635_x0_y256_crop3672.png,0,256,9007647_3129635
9007647_3129635_x128_y256_crop3673.png,128,256,9007647_3129635
9007647_3129635_x256_y256_crop3674.png,256,256,9007647_3129635
9007647_3129635_x384_y256_crop3675.png,384,256,9007647_3129635
9007647_3129635_x0_y384_crop3676.png,0,384,9007647_3129635
9007647_3129635_x128_y384_crop3677.png,128,384,9007647_3129635
9007647_3129635_x256_y384_crop3678.png,256,384,9007647_3129635
9007647_3129635_x384_y384_crop3679.png,384,384,9007647_3129635
9004895_3091111_x0_y0_crop3680.png,0,0,9004895_3091111
9004895_3091111_x128_y0_crop3681.png,128,0,9004895_3091111
9004895_3091111_x256_y0_crop3682.png,256,0,9004895_3091111
9004895_3091111_x384_y0_crop3683.png,384,0,9004895_3091111
9004895_3091111_x0_y128_crop3684.png,0,128,9004895_3091111
9004895_3091111_x128_y128_crop3685.png,128,128,9004895_3091111
9004895_3091111_x256_y128_crop3686.png,256,128,9004895_3091111
9004895_3091111_x384_y128_crop3687.png,384,128,9004895_3091111
9004895_3091111_x0_y256_crop3688.png,0,256,9004895_3091111
9004895_3091111_x128_y256_crop3689.png,128,256,9004895_3091111
9004895_3091111_x256_y256_crop3690.png,256,256,9004895_3091111
9004895_3091111_x384_y256_crop3691.png,384,256,9004895_3091111
9004895_3091111_x0_y384_crop3692.png,0,384,9004895_3091111
9004895_3091111_x128_y384_crop3693.png,128,384,9004895_3091111
9004895_3091111_x256_y384_crop3694.png,256,384,9004895_3091111
9004895_3091111_x384_y384_crop3695.png,384,384,9004895_3091111
9007647_3126883_x0_y0_crop3696.png,0,0,9007647_3126883
9007647_3126883_x128_y0_crop3697.png,128,0,9007647_3126883
9007647_3126883_x256_y0_crop3698.png,256,0,9007647_3126883
9007647_3126883_x384_y0_crop3699.png,384,0,9007647_3126883
9007647_3126883_x0_y128_crop3700.png,0,128,9007647_3126883
9007647_3126883_x128_y128_crop3701.png,128,128,9007647_3126883
9007647_3126883_x256_y128_crop3702.png,256,128,9007647_3126883
9007647_3126883_x384_y128_crop3703.png,384,128,9007647_3126883
9007647_3126883_x0_y256_crop3704.png,0,256,9007647_3126883
9007647_3126883_x128_y256_crop3705.png,128,256,9007647_3126883
9007647_3126883_x256_y256_crop3706.png,256,256,9007647_3126883
9007647_3126883_x384_y256_crop3707.png,384,256,9007647_3126883
9007647_3126883_x0_y384_crop3708.png,0,384,9007647_3126883
9007647_3126883_x128_y384_crop3709.png,128,384,9007647_3126883
9007647_3126883_x256_y384_crop3710.png,256,384,9007647_3126883
9007647_3126883_x384_y384_crop3711.png,384,384,9007647_3126883
8980130_3146145_x0_y0_crop3712.png,0,0,8980130_3146145
8980130_3146145_x128_y0_crop3713.png,128,0,8980130_3146145
8980130_3146145_x256_y0_crop3714.png,256,0,8980130_3146145
8980130_3146145_x384_y0_crop3715.png,384,0,8980130_3146145
8980130_3146145_x0_y128_crop3716.png,0,128,8980130_3146145
8980130_3146145_x128_y128_crop3717.png,128,128,8980130_3146145
8980130_3146145_x256_y128_crop3718.png,256,128,8980130_3146145
8980130_3146145_x384_y128_crop3719.png,384,128,8980130_3146145
8980130_3146145_x0_y256_crop3720.png,0,256,8980130_3146145
8980130_3146145_x128_y256_crop3721.png,128,256,8980130_3146145
8980130_3146145_x256_y256_crop3722.png,256,256,8980130_3146145
8980130_3146145_x384_y256_crop3723.png,384,256,8980130_3146145
8980130_3146145_x0_y384_crop3724.png,0,384,8980130_3146145
8980130_3146145_x128_y384_crop3725.png,128,384,8980130_3146145
8980130_3146145_x256_y384_crop3726.png,256,384,8980130_3146145
8980130_3146145_x384_y384_crop3727.png,384,384,8980130_3146145
8996640_3124131_x0_y0_crop3728.png,0,0,8996640_3124131
8996640_3124131_x128_y0_crop3729.png,128,0,8996640_3124131
8996640_3124131_x256_y0_crop3730.png,256,0,8996640_3124131
8996640_3124131_x384_y0_crop3731.png,384,0,8996640_3124131
8996640_3124131_x0_y128_crop3732.png,0,128,8996640_3124131
8996640_3124131_x128_y128_crop3733.png,128,128,8996640_3124131
8996640_3124131_x256_y128_crop3734.png,256,128,8996640_3124131
8996640_3124131_x384_y128_crop3735.png,384,128,8996640_3124131
8996640_3124131_x0_y256_crop3736.png,0,256,8996640_3124131
8996640_3124131_x128_y256_crop3737.png,128,256,8996640_3124131
8996640_3124131_x256_y256_crop3738.png,256,256,8996640_3124131
8996640_3124131_x384_y256_crop3739.png,384,256,8996640_3124131
8996640_3124131_x0_y384_crop3740.png,0,384,8996640_3124131
8996640_3124131_x128_y384_crop3741.png,128,384,8996640_3124131
8996640_3124131_x256_y384_crop3742.png,256,384,8996640_3124131
8996640_3124131_x384_y384_crop3743.png,384,384,8996640_3124131
8980130_3143393_x0_y0_crop3744.png,0,0,8980130_3143393
8980130_3143393_x128_y0_crop3745.png,128,0,8980130_3143393
8980130_3143393_x256_y0_crop3746.png,256,0,8980130_3143393
8980130_3143393_x384_y0_crop3747.png,384,0,8980130_3143393
8980130_3143393_x0_y128_crop3748.png,0,128,8980130_3143393
8980130_3143393_x128_y128_crop3749.png,128,128,8980130_3143393
8980130_3143393_x256_y128_crop3750.png,256,128,8980130_3143393
8980130_3143393_x384_y128_crop3751.png,384,128,8980130_3143393
8980130_3143393_x0_y256_crop3752.png,0,256,8980130_3143393
8980130_3143393_x128_y256_crop3753.png,128,256,8980130_3143393
8980130_3143393_x256_y256_crop3754.png,256,256,8980130_3143393
8980130_3143393_x384_y256_crop3755.png,384,256,8980130_3143393
8980130_3143393_x0_y384_crop3756.png,0,384,8980130_3143393
8980130_3143393_x128_y384_crop3757.png,128,384,8980130_3143393
8980130_3143393_x256_y384_crop3758.png,256,384,8980130_3143393
8980130_3143393_x384_y384_crop3759.png,384,384,8980130_3143393
9026909_3132387_x0_y0_crop3760.png,0,0,9026909_3132387
9026909_3132387_x128_y0_crop3761.png,128,0,9026909_3132387
9026909_3132387_x256_y0_crop3762.png,256,0,9026909_3132387
9026909_3132387_x384_y0_crop3763.png,384,0,9026909_3132387
9026909_3132387_x0_y128_crop3764.png,0,128,9026909_3132387
9026909_3132387_x128_y128_crop3765.png,128,128,9026909_3132387
9026909_3132387_x256_y128_crop3766.png,256,128,9026909_3132387
9026909_3132387_x384_y128_crop3767.png,384,128,9026909_3132387
9026909_3132387_x0_y256_crop3768.png,0,256,9026909_3132387
9026909_3132387_x128_y256_crop3769.png,128,256,9026909_3132387
9026909_3132387_x256_y256_crop3770.png,256,256,9026909_3132387
9026909_3132387_x384_y256_crop3771.png,384,256,9026909_3132387
9026909_3132387_x0_y384_crop3772.png,0,384,9026909_3132387
9026909_3132387_x128_y384_crop3773.png,128,384,9026909_3132387
9026909_3132387_x256_y384_crop3774.png,256,384,9026909_3132387
9026909_3132387_x384_y384_crop3775.png,384,384,9026909_3132387
9032413_3082855_x0_y0_crop3776.png,0,0,9032413_3082855
9032413_3082855_x128_y0_crop3777.png,128,0,9032413_3082855
9032413_3082855_x256_y0_crop3778.png,256,0,9032413_3082855
9032413_3082855_x384_y0_crop3779.png,384,0,9032413_3082855
9032413_3082855_x0_y128_crop3780.png,0,128,9032413_3082855
9032413_3082855_x128_y128_crop3781.png,128,128,9032413_3082855
9032413_3082855_x256_y128_crop3782.png,256,128,9032413_3082855
9032413_3082855_x384_y128_crop3783.png,384,128,9032413_3082855
9032413_3082855_x0_y256_crop3784.png,0,256,9032413_3082855
9032413_3082855_x128_y256_crop3785.png,128,256,9032413_3082855
9032413_3082855_x256_y256_crop3786.png,256,256,9032413_3082855
9032413_3082855_x384_y256_crop3787.png,384,256,9032413_3082855
9032413_3082855_x0_y384_crop3788.png,0,384,9032413_3082855
9032413_3082855_x128_y384_crop3789.png,128,384,9032413_3082855
9032413_3082855_x256_y384_crop3790.png,256,384,9032413_3082855
9032413_3082855_x384_y384_crop3791.png,384,384,9032413_3082855
9040668_3129635_x0_y0_crop3792.png,0,0,9040668_3129635
9040668_3129635_x128_y0_crop3793.png,128,0,9040668_3129635
9040668_3129635_x256_y0_crop3794.png,256,0,9040668_3129635
9040668_3129635_x384_y0_crop3795.png,384,0,9040668_3129635
9040668_3129635_x0_y128_crop3796.png,0,128,9040668_3129635
9040668_3129635_x128_y128_crop3797.png,128,128,9040668_3129635
9040668_3129635_x256_y128_crop3798.png,256,128,9040668_3129635
9040668_3129635_x384_y128_crop3799.png,384,128,9040668_3129635
9040668_3129635_x0_y256_crop3800.png,0,256,9040668_3129635
9040668_3129635_x128_y256_crop3801.png,128,256,9040668_3129635
9040668_3129635_x256_y256_crop3802.png,256,256,9040668_3129635
9040668_3129635_x384_y256_crop3803.png,384,256,9040668_3129635
9040668_3129635_x0_y384_crop3804.png,0,384,9040668_3129635
9040668_3129635_x128_y384_crop3805.png,128,384,9040668_3129635
9040668_3129635_x256_y384_crop3806.png,256,384,9040668_3129635
9040668_3129635_x384_y384_crop3807.png,384,384,9040668_3129635
9002144_3132387_x0_y0_crop3808.png,0,0,9002144_3132387
9002144_3132387_x128_y0_crop3809.png,128,0,9002144_3132387
9002144_3132387_x256_y0_crop3810.png,256,0,9002144_3132387
9002144_3132387_x384_y0_crop3811.png,384,0,9002144_3132387
9002144_3132387_x0_y128_crop3812.png,0,128,9002144_3132387
9002144_3132387_x128_y128_crop3813.png,128,128,9002144_3132387
9002144_3132387_x256_y128_crop3814.png,256,128,9002144_3132387
9002144_3132387_x384_y128_crop3815.png,384,128,9002144_3132387
9002144_3132387_x0_y256_crop3816.png,0,256,9002144_3132387
9002144_3132387_x128_y256_crop3817.png,128,256,9002144_3132387
9002144_3132387_x256_y256_crop3818.png,256,256,9002144_3132387
9002144_3132387_x384_y256_crop3819.png,384,256,9002144_3132387
9002144_3132387_x0_y384_crop3820.png,0,384,9002144_3132387
9002144_3132387_x128_y384_crop3821.png,128,384,9002144_3132387
9002144_3132387_x256_y384_crop3822.png,256,384,9002144_3132387
9002144_3132387_x384_y384_crop3823.png,384,384,9002144_3132387
9004895_3080104_x0_y0_crop3824.png,0,0,9004895_3080104
9004895_3080104_x128_y0_crop3825.png,128,0,9004895_3080104
9004895_3080104_x256_y0_crop3826.png,256,0,9004895_3080104
9004895_3080104_x384_y0_crop3827.png,384,0,9004895_3080104
9004895_3080104_x0_y128_crop3828.png,0,128,9004895_3080104
9004895_3080104_x128_y128_crop3829.png,128,128,9004895_3080104
9004895_3080104_x256_y128_crop3830.png,256,128,9004895_3080104
9004895_3080104_x384_y128_crop3831.png,384,128,9004895_3080104
9004895_3080104_x0_y256_crop3832.png,0,256,9004895_3080104
9004895_3080104_x128_y256_crop3833.png,128,256,9004895_3080104
9004895_3080104_x256_y256_crop3834.png,256,256,9004895_3080104
9004895_3080104_x384_y256_crop3835.png,384,256,9004895_3080104
9004895_3080104_x0_y384_crop3836.png,0,384,9004895_3080104
9004895_3080104_x128_y384_crop3837.png,128,384,9004895_3080104
9004895_3080104_x256_y384_crop3838.png,256,384,9004895_3080104
9004895_3080104_x384_y384_crop3839.png,384,384,9004895_3080104
9037916_3143393_x0_y0_crop3840.png,0,0,9037916_3143393
9037916_3143393_x128_y0_crop3841.png,128,0,9037916_3143393
9037916_3143393_x256_y0_crop3842.png,256,0,9037916_3143393
9037916_3143393_x384_y0_crop3843.png,384,0,9037916_3143393
9037916_3143393_x0_y128_crop3844.png,0,128,9037916_3143393
9037916_3143393_x128_y128_crop3845.png,128,128,9037916_3143393
9037916_3143393_x256_y128_crop3846.png,256,128,9037916_3143393
9037916_3143393_x384_y128_crop3847.png,384,128,9037916_3143393
9037916_3143393_x0_y256_crop3848.png,0,256,9037916_3143393
9037916_3143393_x128_y256_crop3849.png,128,256,9037916_3143393
9037916_3143393_x256_y256_crop3850.png,256,256,9037916_3143393
9037916_3143393_x384_y256_crop3851.png,384,256,9037916_3143393
9037916_3143393_x0_y384_crop3852.png,0,384,9037916_3143393
9037916_3143393_x128_y384_crop3853.png,128,384,9037916_3143393
9037916_3143393_x256_y384_crop3854.png,256,384,9037916_3143393
9037916_3143393_x384_y384_crop3855.png,384,384,9037916_3143393
9018654_3107621_x0_y0_crop3856.png,0,0,9018654_3107621
9018654_3107621_x128_y0_crop3857.png,128,0,9018654_3107621
9018654_3107621_x256_y0_crop3858.png,256,0,9018654_3107621
9018654_3107621_x384_y0_crop3859.png,384,0,9018654_3107621
9018654_3107621_x0_y128_crop3860.png,0,128,9018654_3107621
9018654_3107621_x128_y128_crop3861.png,128,128,9018654_3107621
9018654_3107621_x256_y128_crop3862.png,256,128,9018654_3107621
9018654_3107621_x384_y128_crop3863.png,384,128,9018654_3107621
9018654_3107621_x0_y256_crop3864.png,0,256,9018654_3107621
9018654_3107621_x128_y256_crop3865.png,128,256,9018654_3107621
9018654_3107621_x256_y256_crop3866.png,256,256,9018654_3107621
9018654_3107621_x384_y256_crop3867.png,384,256,9018654_3107621
9018654_3107621_x0_y384_crop3868.png,0,384,9018654_3107621
9018654_3107621_x128_y384_crop3869.png,128,384,9018654_3107621
9018654_3107621_x256_y384_crop3870.png,256,384,9018654_3107621
9018654_3107621_x384_y384_crop3871.png,384,384,9018654_3107621
9007647_3124131_x0_y0_crop3872.png,0,0,9007647_3124131
9007647_3124131_x128_y0_crop3873.png,128,0,9007647_3124131
9007647_3124131_x256_y0_crop3874.png,256,0,9007647_3124131
9007647_3124131_x384_y0_crop3875.png,384,0,9007647_3124131
9007647_3124131_x0_y128_crop3876.png,0,128,9007647_3124131
9007647_3124131_x128_y128_crop3877.png,128,128,9007647_3124131
9007647_3124131_x256_y128_crop3878.png,256,128,9007647_3124131
9007647_3124131_x384_y128_crop3879.png,384,128,9007647_3124131
9007647_3124131_x0_y256_crop3880.png,0,256,9007647_3124131
9007647_3124131_x128_y256_crop3881.png,128,256,9007647_3124131
9007647_3124131_x256_y256_crop3882.png,256,256,9007647_3124131
9007647_3124131_x384_y256_crop3883.png,384,256,9007647_3124131
9007647_3124131_x0_y384_crop3884.png,0,384,9007647_3124131
9007647_3124131_x128_y384_crop3885.png,128,384,9007647_3124131
9007647_3124131_x256_y384_crop3886.png,256,384,9007647_3124131
9007647_3124131_x384_y384_crop3887.png,384,384,9007647_3124131
9021406_3143393_x0_y0_crop3888.png,0,0,9021406_3143393
9021406_3143393_x128_y0_crop3889.png,128,0,9021406_3143393
9021406_3143393_x256_y0_crop3890.png,256,0,9021406_3143393
9021406_3143393_x384_y0_crop3891.png,384,0,9021406_3143393
9021406_3143393_x0_y128_crop3892.png,0,128,9021406_3143393
9021406_3143393_x128_y128_crop3893.png,128,128,9021406_3143393
9021406_3143393_x256_y128_crop3894.png,256,128,9021406_3143393
9021406_3143393_x384_y128_crop3895.png,384,128,9021406_3143393
9021406_3143393_x0_y256_crop3896.png,0,256,9021406_3143393
9021406_3143393_x128_y256_crop3897.png,128,256,9021406_3143393
9021406_3143393_x256_y256_crop3898.png,256,256,9021406_3143393
9021406_3143393_x384_y256_crop3899.png,384,256,9021406_3143393
9021406_3143393_x0_y384_crop3900.png,0,384,9021406_3143393
9021406_3143393_x128_y384_crop3901.png,128,384,9021406_3143393
9021406_3143393_x256_y384_crop3902.png,256,384,9021406_3143393
9021406_3143393_x384_y384_crop3903.png,384,384,9021406_3143393
9029661_3118628_x0_y0_crop3904.png,0,0,9029661_3118628
9029661_3118628_x128_y0_crop3905.png,128,0,9029661_3118628
9029661_3118628_x256_y0_crop3906.png,256,0,9029661_3118628
9029661_3118628_x384_y0_crop3907.png,384,0,9029661_3118628
9029661_3118628_x0_y128_crop3908.png,0,128,9029661_3118628
9029661_3118628_x128_y128_crop3909.png,128,128,9029661_3118628
9029661_3118628_x256_y128_crop3910.png,256,128,9029661_3118628
9029661_3118628_x384_y128_crop3911.png,384,128,9029661_3118628
9029661_3118628_x0_y256_crop3912.png,0,256,9029661_3118628
9029661_3118628_x128_y256_crop3913.png,128,256,9029661_3118628
9029661_3118628_x256_y256_crop3914.png,256,256,9029661_3118628
9029661_3118628_x384_y256_crop3915.png,384,256,9029661_3118628
9029661_3118628_x0_y384_crop3916.png,0,384,9029661_3118628
9029661_3118628_x128_y384_crop3917.png,128,384,9029661_3118628
9029661_3118628_x256_y384_crop3918.png,256,384,9029661_3118628
9029661_3118628_x384_y384_crop3919.png,384,384,9029661_3118628
9013151_3102117_x0_y0_crop3920.png,0,0,9013151_3102117
9013151_3102117_x128_y0_crop3921.png,128,0,9013151_3102117
9013151_3102117_x256_y0_crop3922.png,256,0,9013151_3102117
9013151_3102117_x384_y0_crop3923.png,384,0,9013151_3102117
9013151_3102117_x0_y128_crop3924.png,0,128,9013151_3102117
9013151_3102117_x128_y128_crop3925.png,128,128,9013151_3102117
9013151_3102117_x256_y128_crop3926.png,256,128,9013151_3102117
9013151_3102117_x384_y128_crop3927.png,384,128,9013151_3102117
9013151_3102117_x0_y256_crop3928.png,0,256,9013151_3102117
9013151_3102117_x128_y256_crop3929.png,128,256,9013151_3102117
9013151_3102117_x256_y256_crop3930.png,256,256,9013151_3102117
9013151_3102117_x384_y256_crop3931.png,384,256,9013151_3102117
9013151_3102117_x0_y384_crop3932.png,0,384,9013151_3102117
9013151_3102117_x128_y384_crop3933.png,128,384,9013151_3102117
9013151_3102117_x256_y384_crop3934.png,256,384,9013151_3102117
9013151_3102117_x384_y384_crop3935.png,384,384,9013151_3102117
9002144_3080104_x0_y0_crop3936.png,0,0,9002144_3080104
9002144_3080104_x128_y0_crop3937.png,128,0,9002144_3080104
9002144_3080104_x256_y0_crop3938.png,256,0,9002144_3080104
9002144_3080104_x384_y0_crop3939.png,384,0,9002144_3080104
9002144_3080104_x0_y128_crop3940.png,0,128,9002144_3080104
9002144_3080104_x128_y128_crop3941.png,128,128,9002144_3080104
9002144_3080104_x256_y128_crop3942.png,256,128,9002144_3080104
9002144_3080104_x384_y128_crop3943.png,384,128,9002144_3080104
9002144_3080104_x0_y256_crop3944.png,0,256,9002144_3080104
9002144_3080104_x128_y256_crop3945.png,128,256,9002144_3080104
9002144_3080104_x256_y256_crop3946.png,256,256,9002144_3080104
9002144_3080104_x384_y256_crop3947.png,384,256,9002144_3080104
9002144_3080104_x0_y384_crop3948.png,0,384,9002144_3080104
9002144_3080104_x128_y384_crop3949.png,128,384,9002144_3080104
9002144_3080104_x256_y384_crop3950.png,256,384,9002144_3080104
9002144_3080104_x384_y384_crop3951.png,384,384,9002144_3080104
9010399_3135138_x0_y0_crop3952.png,0,0,9010399_3135138
9010399_3135138_x128_y0_crop3953.png,128,0,9010399_3135138
9010399_3135138_x256_y0_crop3954.png,256,0,9010399_3135138
9010399_3135138_x384_y0_crop3955.png,384,0,9010399_3135138
9010399_3135138_x0_y128_crop3956.png,0,128,9010399_3135138
9010399_3135138_x128_y128_crop3957.png,128,128,9010399_3135138
9010399_3135138_x256_y128_crop3958.png,256,128,9010399_3135138
9010399_3135138_x384_y128_crop3959.png,384,128,9010399_3135138
9010399_3135138_x0_y256_crop3960.png,0,256,9010399_3135138
9010399_3135138_x128_y256_crop3961.png,128,256,9010399_3135138
9010399_3135138_x256_y256_crop3962.png,256,256,9010399_3135138
9010399_3135138_x384_y256_crop3963.png,384,256,9010399_3135138
9010399_3135138_x0_y384_crop3964.png,0,384,9010399_3135138
9010399_3135138_x128_y384_crop3965.png,128,384,9010399_3135138
9010399_3135138_x256_y384_crop3966.png,256,384,9010399_3135138
9010399_3135138_x384_y384_crop3967.png,384,384,9010399_3135138
9032413_3135138_x0_y0_crop3968.png,0,0,9032413_3135138
9032413_3135138_x128_y0_crop3969.png,128,0,9032413_3135138
9032413_3135138_x256_y0_crop3970.png,256,0,9032413_3135138
9032413_3135138_x384_y0_crop3971.png,384,0,9032413_3135138
9032413_3135138_x0_y128_crop3972.png,0,128,9032413_3135138
9032413_3135138_x128_y128_crop3973.png,128,128,9032413_3135138
9032413_3135138_x256_y128_crop3974.png,256,128,9032413_3135138
9032413_3135138_x384_y128_crop3975.png,384,128,9032413_3135138
9032413_3135138_x0_y256_crop3976.png,0,256,9032413_3135138
9032413_3135138_x128_y256_crop3977.png,128,256,9032413_3135138
9032413_3135138_x256_y256_crop3978.png,256,256,9032413_3135138
9032413_3135138_x384_y256_crop3979.png,384,256,9032413_3135138
9032413_3135138_x0_y384_crop3980.png,0,384,9032413_3135138
9032413_3135138_x128_y384_crop3981.png,128,384,9032413_3135138
9032413_3135138_x256_y384_crop3982.png,256,384,9032413_3135138
9032413_3135138_x384_y384_crop3983.png,384,384,9032413_3135138
8999392_3107621_x0_y0_crop3984.png,0,0,8999392_3107621
8999392_3107621_x128_y0_crop3985.png,128,0,8999392_3107621
8999392_3107621_x256_y0_crop3986.png,256,0,8999392_3107621
8999392_3107621_x384_y0_crop3987.png,384,0,8999392_3107621
8999392_3107621_x0_y128_crop3988.png,0,128,8999392_3107621
8999392_3107621_x128_y128_crop3989.png,128,128,8999392_3107621
8999392_3107621_x256_y128_crop3990.png,256,128,8999392_3107621
8999392_3107621_x384_y128_crop3991.png,384,128,8999392_3107621
8999392_3107621_x0_y256_crop3992.png,0,256,8999392_3107621
8999392_3107621_x128_y256_crop3993.png,128,256,8999392_3107621
8999392_3107621_x256_y256_crop3994.png,256,256,8999392_3107621
8999392_3107621_x384_y256_crop3995.png,384,256,8999392_3107621
8999392_3107621_x0_y384_crop3996.png,0,384,8999392_3107621
8999392_3107621_x128_y384_crop3997.png,128,384,8999392_3107621
8999392_3107621_x256_y384_crop3998.png,256,384,8999392_3107621
8999392_3107621_x384_y384_crop3999.png,384,384,8999392_3107621
8988385_3140642_x0_y0_crop4000.png,0,0,8988385_3140642
8988385_3140642_x128_y0_crop4001.png,128,0,8988385_3140642
8988385_3140642_x256_y0_crop4002.png,256,0,8988385_3140642
8988385_3140642_x384_y0_crop4003.png,384,0,8988385_3140642
8988385_3140642_x0_y128_crop4004.png,0,128,8988385_3140642
8988385_3140642_x128_y128_crop4005.png,128,128,8988385_3140642
8988385_3140642_x256_y128_crop4006.png,256,128,8988385_3140642
8988385_3140642_x384_y128_crop4007.png,384,128,8988385_3140642
8988385_3140642_x0_y256_crop4008.png,0,256,8988385_3140642
8988385_3140642_x128_y256_crop4009.png,128,256,8988385_3140642
8988385_3140642_x256_y256_crop4010.png,256,256,8988385_3140642
8988385_3140642_x384_y256_crop4011.png,384,256,8988385_3140642
8988385_3140642_x0_y384_crop4012.png,0,384,8988385_3140642
8988385_3140642_x128_y384_crop4013.png,128,384,8988385_3140642
8988385_3140642_x256_y384_crop4014.png,256,384,8988385_3140642
8988385_3140642_x384_y384_crop4015.png,384,384,8988385_3140642
8980130_3113124_x0_y0_crop4016.png,0,0,8980130_3113124
8980130_3113124_x128_y0_crop4017.png,128,0,8980130_3113124
8980130_3113124_x256_y0_crop4018.png,256,0,8980130_3113124
8980130_3113124_x384_y0_crop4019.png,384,0,8980130_3113124
8980130_3113124_x0_y128_crop4020.png,0,128,8980130_3113124
8980130_3113124_x128_y128_crop4021.png,128,128,8980130_3113124
8980130_3113124_x256_y128_crop4022.png,256,128,8980130_3113124
8980130_3113124_x384_y128_crop4023.png,384,128,8980130_3113124
8980130_3113124_x0_y256_crop4024.png,0,256,8980130_3113124
8980130_3113124_x128_y256_crop4025.png,128,256,8980130_3113124
8980130_3113124_x256_y256_crop4026.png,256,256,8980130_3113124
8980130_3113124_x384_y256_crop4027.png,384,256,8980130_3113124
8980130_3113124_x0_y384_crop4028.png,0,384,8980130_3113124
8980130_3113124_x128_y384_crop4029.png,128,384,8980130_3113124
8980130_3113124_x256_y384_crop4030.png,256,384,8980130_3113124
8980130_3113124_x384_y384_crop4031.png,384,384,8980130_3113124
9018654_3102117_x0_y0_crop4032.png,0,0,9018654_3102117
9018654_3102117_x128_y0_crop4033.png,128,0,9018654_3102117
9018654_3102117_x256_y0_crop4034.png,256,0,9018654_3102117
9018654_3102117_x384_y0_crop4035.png,384,0,9018654_3102117
9018654_3102117_x0_y128_crop4036.png,0,128,9018654_3102117
9018654_3102117_x128_y128_crop4037.png,128,128,9018654_3102117
9018654_3102117_x256_y128_crop4038.png,256,128,9018654_3102117
9018654_3102117_x384_y128_crop4039.png,384,128,9018654_3102117
9018654_3102117_x0_y256_crop4040.png,0,256,9018654_3102117
9018654_3102117_x128_y256_crop4041.png,128,256,9018654_3102117
9018654_3102117_x256_y256_crop4042.png,256,256,9018654_3102117
9018654_3102117_x384_y256_crop4043.png,384,256,9018654_3102117
9018654_3102117_x0_y384_crop4044.png,0,384,9018654_3102117
9018654_3102117_x128_y384_crop4045.png,128,384,9018654_3102117
9018654_3102117_x256_y384_crop4046.png,256,384,9018654_3102117
9018654_3102117_x384_y384_crop4047.png,384,384,9018654_3102117
9021406_3110373_x0_y0_crop4048.png,0,0,9021406_3110373
9021406_3110373_x128_y0_crop4049.png,128,0,9021406_3110373
9021406_3110373_x256_y0_crop4050.png,256,0,9021406_3110373
9021406_3110373_x384_y0_crop4051.png,384,0,9021406_3110373
9021406_3110373_x0_y128_crop4052.png,0,128,9021406_3110373
9021406_3110373_x128_y128_crop4053.png,128,128,9021406_3110373
9021406_3110373_x256_y128_crop4054.png,256,128,9021406_3110373
9021406_3110373_x384_y128_crop4055.png,384,128,9021406_3110373
9021406_3110373_x0_y256_crop4056.png,0,256,9021406_3110373
9021406_3110373_x128_y256_crop4057.png,128,256,9021406_3110373
9021406_3110373_x256_y256_crop4058.png,256,256,9021406_3110373
9021406_3110373_x384_y256_crop4059.png,384,256,9021406_3110373
9021406_3110373_x0_y384_crop4060.png,0,384,9021406_3110373
9021406_3110373_x128_y384_crop4061.png,128,384,9021406_3110373
9021406_3110373_x256_y384_crop4062.png,256,384,9021406_3110373
9021406_3110373_x384_y384_crop4063.png,384,384,9021406_3110373
9035164_3132387_x0_y0_crop4064.png,0,0,9035164_3132387
9035164_3132387_x128_y0_crop4065.png,128,0,9035164_3132387
9035164_3132387_x256_y0_crop4066.png,256,0,9035164_3132387
9035164_3132387_x384_y0_crop4067.png,384,0,9035164_3132387
9035164_3132387_x0_y128_crop4068.png,0,128,9035164_3132387
9035164_3132387_x128_y128_crop4069.png,128,128,9035164_3132387
9035164_3132387_x256_y128_crop4070.png,256,128,9035164_3132387
9035164_3132387_x384_y128_crop4071.png,384,128,9035164_3132387
9035164_3132387_x0_y256_crop4072.png,0,256,9035164_3132387
9035164_3132387_x128_y256_crop4073.png,128,256,9035164_3132387
9035164_3132387_x256_y256_crop4074.png,256,256,9035164_3132387
9035164_3132387_x384_y256_crop4075.png,384,256,9035164_3132387
9035164_3132387_x0_y384_crop4076.png,0,384,9035164_3132387
9035164_3132387_x128_y384_crop4077.png,128,384,9035164_3132387
9035164_3132387_x256_y384_crop4078.png,256,384,9035164_3132387
9035164_3132387_x384_y384_crop4079.png,384,384,9035164_3132387
9013151_3088359_x0_y0_crop4080.png,0,0,9013151_3088359
9013151_3088359_x128_y0_crop4081.png,128,0,9013151_3088359
9013151_3088359_x256_y0_crop4082.png,256,0,9013151_3088359
9013151_3088359_x384_y0_crop4083.png,384,0,9013151_3088359
9013151_3088359_x0_y128_crop4084.png,0,128,9013151_3088359
9013151_3088359_x128_y128_crop4085.png,128,128,9013151_3088359
9013151_3088359_x256_y128_crop4086.png,256,128,9013151_3088359
9013151_3088359_x384_y128_crop4087.png,384,128,9013151_3088359
9013151_3088359_x0_y256_crop4088.png,0,256,9013151_3088359
9013151_3088359_x128_y256_crop4089.png,128,256,9013151_3088359
9013151_3088359_x256_y256_crop4090.png,256,256,9013151_3088359
9013151_3088359_x384_y256_crop4091.png,384,256,9013151_3088359
9013151_3088359_x0_y384_crop4092.png,0,384,9013151_3088359
9013151_3088359_x128_y384_crop4093.png,128,384,9013151_3088359
9013151_3088359_x256_y384_crop4094.png,256,384,9013151_3088359
9013151_3088359_x384_y384_crop4095.png,384,384,9013151_3088359
9026909_3135138_x0_y0_crop4096.png,0,0,9026909_3135138
9026909_3135138_x128_y0_crop4097.png,128,0,9026909_3135138
9026909_3135138_x256_y0_crop4098.png,256,0,9026909_3135138
9026909_3135138_x384_y0_crop4099.png,384,0,9026909_3135138
9026909_3135138_x0_y128_crop4100.png,0,128,9026909_3135138
9026909_3135138_x128_y128_crop4101.png,128,128,9026909_3135138
9026909_3135138_x256_y128_crop4102.png,256,128,9026909_3135138
9026909_3135138_x384_y128_crop4103.png,384,128,9026909_3135138
9026909_3135138_x0_y256_crop4104.png,0,256,9026909_3135138
9026909_3135138_x128_y256_crop4105.png,128,256,9026909_3135138
9026909_3135138_x256_y256_crop4106.png,256,256,9026909_3135138
9026909_3135138_x384_y256_crop4107.png,384,256,9026909_3135138
9026909_3135138_x0_y384_crop4108.png,0,384,9026909_3135138
9026909_3135138_x128_y384_crop4109.png,128,384,9026909_3135138
9026909_3135138_x256_y384_crop4110.png,256,384,9026909_3135138
9026909_3135138_x384_y384_crop4111.png,384,384,9026909_3135138
9002144_3126883_x0_y0_crop4112.png,0,0,9002144_3126883
9002144_3126883_x128_y0_crop4113.png,128,0,9002144_3126883
9002144_3126883_x256_y0_crop4114.png,256,0,9002144_3126883
9002144_3126883_x384_y0_crop4115.png,384,0,9002144_3126883
9002144_3126883_x0_y128_crop4116.png,0,128,9002144_3126883
9002144_3126883_x128_y128_crop4117.png,128,128,9002144_3126883
9002144_3126883_x256_y128_crop4118.png,256,128,9002144_3126883
9002144_3126883_x384_y128_crop4119.png,384,128,9002144_3126883
9002144_3126883_x0_y256_crop4120.png,0,256,9002144_3126883
9002144_3126883_x128_y256_crop4121.png,128,256,9002144_3126883
9002144_3126883_x256_y256_crop4122.png,256,256,9002144_3126883
9002144_3126883_x384_y256_crop4123.png,384,256,9002144_3126883
9002144_3126883_x0_y384_crop4124.png,0,384,9002144_3126883
9002144_3126883_x128_y384_crop4125.png,128,384,9002144_3126883
9002144_3126883_x256_y384_crop4126.png,256,384,9002144_3126883
9002144_3126883_x384_y384_crop4127.png,384,384,9002144_3126883
9037916_3091111_x0_y0_crop4128.png,0,0,9037916_3091111
9037916_3091111_x128_y0_crop4129.png,128,0,9037916_3091111
9037916_3091111_x256_y0_crop4130.png,256,0,9037916_3091111
9037916_3091111_x384_y0_crop4131.png,384,0,9037916_3091111
9037916_3091111_x0_y128_crop4132.png,0,128,9037916_3091111
9037916_3091111_x128_y128_crop4133.png,128,128,9037916_3091111
9037916_3091111_x256_y128_crop4134.png,256,128,9037916_3091111
9037916_3091111_x384_y128_crop4135.png,384,128,9037916_3091111
9037916_3091111_x0_y256_crop4136.png,0,256,9037916_3091111
9037916_3091111_x128_y256_crop4137.png,128,256,9037916_3091111
9037916_3091111_x256_y256_crop4138.png,256,256,9037916_3091111
9037916_3091111_x384_y256_crop4139.png,384,256,9037916_3091111
9037916_3091111_x0_y384_crop4140.png,0,384,9037916_3091111
9037916_3091111_x128_y384_crop4141.png,128,384,9037916_3091111
9037916_3091111_x256_y384_crop4142.png,256,384,9037916_3091111
9037916_3091111_x384_y384_crop4143.png,384,384,9037916_3091111
9004895_3129635_x0_y0_crop4144.png,0,0,9004895_3129635
9004895_3129635_x128_y0_crop4145.png,128,0,9004895_3129635
9004895_3129635_x256_y0_crop4146.png,256,0,9004895_3129635
9004895_3129635_x384_y0_crop4147.png,384,0,9004895_3129635
9004895_3129635_x0_y128_crop4148.png,0,128,9004895_3129635
9004895_3129635_x128_y128_crop4149.png,128,128,9004895_3129635
9004895_3129635_x256_y128_crop4150.png,256,128,9004895_3129635
9004895_3129635_x384_y128_crop4151.png,384,128,9004895_3129635
9004895_3129635_x0_y256_crop4152.png,0,256,9004895_3129635
9004895_3129635_x128_y256_crop4153.png,128,256,9004895_3129635
9004895_3129635_x256_y256_crop4154.png,256,256,9004895_3129635
9004895_3129635_x384_y256_crop4155.png,384,256,9004895_3129635
9004895_3129635_x0_y384_crop4156.png,0,384,9004895_3129635
9004895_3129635_x128_y384_crop4157.png,128,384,9004895_3129635
9004895_3129635_x256_y384_crop4158.png,256,384,9004895_3129635
9004895_3129635_x384_y384_crop4159.png,384,384,9004895_3129635
8985633_3129635_x0_y0_crop4160.png,0,0,8985633_3129635
8985633_3129635_x128_y0_crop4161.png,128,0,8985633_3129635
8985633_3129635_x256_y0_crop4162.png,256,0,8985633_3129635
8985633_3129635_x384_y0_crop4163.png,384,0,8985633_3129635
8985633_3129635_x0_y128_crop4164.png,0,128,8985633_3129635
8985633_3129635_x128_y128_crop4165.png,128,128,8985633_3129635
8985633_3129635_x256_y128_crop4166.png,256,128,8985633_3129635
8985633_3129635_x384_y128_crop4167.png,384,128,8985633_3129635
8985633_3129635_x0_y256_crop4168.png,0,256,8985633_3129635
8985633_3129635_x128_y256_crop4169.png,128,256,8985633_3129635
8985633_3129635_x256_y256_crop4170.png,256,256,8985633_3129635
8985633_3129635_x384_y256_crop4171.png,384,256,8985633_3129635
8985633_3129635_x0_y384_crop4172.png,0,384,8985633_3129635
8985633_3129635_x128_y384_crop4173.png,128,384,8985633_3129635
8985633_3129635_x256_y384_crop4174.png,256,384,8985633_3129635
8985633_3129635_x384_y384_crop4175.png,384,384,8985633_3129635
9032413_3088359_x0_y0_crop4176.png,0,0,9032413_3088359
9032413_3088359_x128_y0_crop4177.png,128,0,9032413_3088359
9032413_3088359_x256_y0_crop4178.png,256,0,9032413_3088359
9032413_3088359_x384_y0_crop4179.png,384,0,9032413_3088359
9032413_3088359_x0_y128_crop4180.png,0,128,9032413_3088359
9032413_3088359_x128_y128_crop4181.png,128,128,9032413_3088359
9032413_3088359_x256_y128_crop4182.png,256,128,9032413_3088359
9032413_3088359_x384_y128_crop4183.png,384,128,9032413_3088359
9032413_3088359_x0_y256_crop4184.png,0,256,9032413_3088359
9032413_3088359_x128_y256_crop4185.png,128,256,9032413_3088359
9032413_3088359_x256_y256_crop4186.png,256,256,9032413_3088359
9032413_3088359_x384_y256_crop4187.png,384,256,9032413_3088359
9032413_3088359_x0_y384_crop4188.png,0,384,9032413_3088359
9032413_3088359_x128_y384_crop4189.png,128,384,9032413_3088359
9032413_3088359_x256_y384_crop4190.png,256,384,9032413_3088359
9032413_3088359_x384_y384_crop4191.png,384,384,9032413_3088359
9024157_3137890_x0_y0_crop4192.png,0,0,9024157_3137890
9024157_3137890_x128_y0_crop4193.png,128,0,9024157_3137890
9024157_3137890_x256_y0_crop4194.png,256,0,9024157_3137890
9024157_3137890_x384_y0_crop4195.png,384,0,9024157_3137890
9024157_3137890_x0_y128_crop4196.png,0,128,9024157_3137890
9024157_3137890_x128_y128_crop4197.png,128,128,9024157_3137890
9024157_3137890_x256_y128_crop4198.png,256,128,9024157_3137890
9024157_3137890_x384_y128_crop4199.png,384,128,9024157_3137890
9024157_3137890_x0_y256_crop4200.png,0,256,9024157_3137890
9024157_3137890_x128_y256_crop4201.png,128,256,9024157_3137890
9024157_3137890_x256_y256_crop4202.png,256,256,9024157_3137890
9024157_3137890_x384_y256_crop4203.png,384,256,9024157_3137890
9024157_3137890_x0_y384_crop4204.png,0,384,9024157_3137890
9024157_3137890_x128_y384_crop4205.png,128,384,9024157_3137890
9024157_3137890_x256_y384_crop4206.png,256,384,9024157_3137890
9024157_3137890_x384_y384_crop4207.png,384,384,9024157_3137890
9040668_3077352_x0_y0_crop4208.png,0,0,9040668_3077352
9040668_3077352_x128_y0_crop4209.png,128,0,9040668_3077352
9040668_3077352_x256_y0_crop4210.png,256,0,9040668_3077352
9040668_3077352_x384_y0_crop4211.png,384,0,9040668_3077352
9040668_3077352_x0_y128_crop4212.png,0,128,9040668_3077352
9040668_3077352_x128_y128_crop4213.png,128,128,9040668_3077352
9040668_3077352_x256_y128_crop4214.png,256,128,9040668_3077352
9040668_3077352_x384_y128_crop4215.png,384,128,9040668_3077352
9040668_3077352_x0_y256_crop4216.png,0,256,9040668_3077352
9040668_3077352_x128_y256_crop4217.png,128,256,9040668_3077352
9040668_3077352_x256_y256_crop4218.png,256,256,9040668_3077352
9040668_3077352_x384_y256_crop4219.png,384,256,9040668_3077352
9040668_3077352_x0_y384_crop4220.png,0,384,9040668_3077352
9040668_3077352_x128_y384_crop4221.png,128,384,9040668_3077352
9040668_3077352_x256_y384_crop4222.png,256,384,9040668_3077352
9040668_3077352_x384_y384_crop4223.png,384,384,9040668_3077352
9015902_3082855_x0_y0_crop4224.png,0,0,9015902_3082855
9015902_3082855_x128_y0_crop4225.png,128,0,9015902_3082855
9015902_3082855_x256_y0_crop4226.png,256,0,9015902_3082855
9015902_3082855_x384_y0_crop4227.png,384,0,9015902_3082855
9015902_3082855_x0_y128_crop4228.png,0,128,9015902_3082855
9015902_3082855_x128_y128_crop4229.png,128,128,9015902_3082855
9015902_3082855_x256_y128_crop4230.png,256,128,9015902_3082855
9015902_3082855_x384_y128_crop4231.png,384,128,9015902_3082855
9015902_3082855_x0_y256_crop4232.png,0,256,9015902_3082855
9015902_3082855_x128_y256_crop4233.png,128,256,9015902_3082855
9015902_3082855_x256_y256_crop4234.png,256,256,9015902_3082855
9015902_3082855_x384_y256_crop4235.png,384,256,9015902_3082855
9015902_3082855_x0_y384_crop4236.png,0,384,9015902_3082855
9015902_3082855_x128_y384_crop4237.png,128,384,9015902_3082855
9015902_3082855_x256_y384_crop4238.png,256,384,9015902_3082855
9015902_3082855_x384_y384_crop4239.png,384,384,9015902_3082855
9026909_3102117_x0_y0_crop4240.png,0,0,9026909_3102117
9026909_3102117_x128_y0_crop4241.png,128,0,9026909_3102117
9026909_3102117_x256_y0_crop4242.png,256,0,9026909_3102117
9026909_3102117_x384_y0_crop4243.png,384,0,9026909_3102117
9026909_3102117_x0_y128_crop4244.png,0,128,9026909_3102117
9026909_3102117_x128_y128_crop4245.png,128,128,9026909_3102117
9026909_3102117_x256_y128_crop4246.png,256,128,9026909_3102117
9026909_3102117_x384_y128_crop4247.png,384,128,9026909_3102117
9026909_3102117_x0_y256_crop4248.png,0,256,9026909_3102117
9026909_3102117_x128_y256_crop4249.png,128,256,9026909_3102117
9026909_3102117_x256_y256_crop4250.png,256,256,9026909_3102117
9026909_3102117_x384_y256_crop4251.png,384,256,9026909_3102117
9026909_3102117_x0_y384_crop4252.png,0,384,9026909_3102117
9026909_3102117_x128_y384_crop4253.png,128,384,9026909_3102117
9026909_3102117_x256_y384_crop4254.png,256,384,9026909_3102117
9026909_3102117_x384_y384_crop4255.png,384,384,9026909_3102117
9004895_3115876_x0_y0_crop4256.png,0,0,9004895_3115876
9004895_3115876_x128_y0_crop4257.png,128,0,9004895_3115876
9004895_3115876_x256_y0_crop4258.png,256,0,9004895_3115876
9004895_3115876_x384_y0_crop4259.png,384,0,9004895_3115876
9004895_3115876_x0_y128_crop4260.png,0,128,9004895_3115876
9004895_3115876_x128_y128_crop4261.png,128,128,9004895_3115876
9004895_3115876_x256_y128_crop4262.png,256,128,9004895_3115876
9004895_3115876_x384_y128_crop4263.png,384,128,9004895_3115876
9004895_3115876_x0_y256_crop4264.png,0,256,9004895_3115876
9004895_3115876_x128_y256_crop4265.png,128,256,9004895_3115876
9004895_3115876_x256_y256_crop4266.png,256,256,9004895_3115876
9004895_3115876_x384_y256_crop4267.png,384,256,9004895_3115876
9004895_3115876_x0_y384_crop4268.png,0,384,9004895_3115876
9004895_3115876_x128_y384_crop4269.png,128,384,9004895_3115876
9004895_3115876_x256_y384_crop4270.png,256,384,9004895_3115876
9004895_3115876_x384_y384_crop4271.png,384,384,9004895_3115876
9032413_3104869_x0_y0_crop4272.png,0,0,9032413_3104869
9032413_3104869_x128_y0_crop4273.png,128,0,9032413_3104869
9032413_3104869_x256_y0_crop4274.png,256,0,9032413_3104869
9032413_3104869_x384_y0_crop4275.png,384,0,9032413_3104869
9032413_3104869_x0_y128_crop4276.png,0,128,9032413_3104869
9032413_3104869_x128_y128_crop4277.png,128,128,9032413_3104869
9032413_3104869_x256_y128_crop4278.png,256,128,9032413_3104869
9032413_3104869_x384_y128_crop4279.png,384,128,9032413_3104869
9032413_3104869_x0_y256_crop4280.png,0,256,9032413_3104869
9032413_3104869_x128_y256_crop4281.png,128,256,9032413_3104869
9032413_3104869_x256_y256_crop4282.png,256,256,9032413_3104869
9032413_3104869_x384_y256_crop4283.png,384,256,9032413_3104869
9032413_3104869_x0_y384_crop4284.png,0,384,9032413_3104869
9032413_3104869_x128_y384_crop4285.png,128,384,9032413_3104869
9032413_3104869_x256_y384_crop4286.png,256,384,9032413_3104869
9032413_3104869_x384_y384_crop4287.png,384,384,9032413_3104869
8985633_3143393_x0_y0_crop4288.png,0,0,8985633_3143393
8985633_3143393_x128_y0_crop4289.png,128,0,8985633_3143393
8985633_3143393_x256_y0_crop4290.png,256,0,8985633_3143393
8985633_3143393_x384_y0_crop4291.png,384,0,8985633_3143393
8985633_3143393_x0_y128_crop4292.png,0,128,8985633_3143393
8985633_3143393_x128_y128_crop4293.png,128,128,8985633_3143393
8985633_3143393_x256_y128_crop4294.png,256,128,8985633_3143393
8985633_3143393_x384_y128_crop4295.png,384,128,8985633_3143393
8985633_3143393_x0_y256_crop4296.png,0,256,8985633_3143393
8985633_3143393_x128_y256_crop4297.png,128,256,8985633_3143393
8985633_3143393_x256_y256_crop4298.png,256,256,8985633_3143393
8985633_3143393_x384_y256_crop4299.png,384,256,8985633_3143393
8985633_3143393_x0_y384_crop4300.png,0,384,8985633_3143393
8985633_3143393_x128_y384_crop4301.png,128,384,8985633_3143393
8985633_3143393_x256_y384_crop4302.png,256,384,8985633_3143393
8985633_3143393_x384_y384_crop4303.png,384,384,8985633_3143393
9021406_3146145_x0_y0_crop4304.png,0,0,9021406_3146145
9021406_3146145_x128_y0_crop4305.png,128,0,9021406_3146145
9021406_3146145_x256_y0_crop4306.png,256,0,9021406_3146145
9021406_3146145_x384_y0_crop4307.png,384,0,9021406_3146145
9021406_3146145_x0_y128_crop4308.png,0,128,9021406_3146145
9021406_3146145_x128_y128_crop4309.png,128,128,9021406_3146145
9021406_3146145_x256_y128_crop4310.png,256,128,9021406_3146145
9021406_3146145_x384_y128_crop4311.png,384,128,9021406_3146145
9021406_3146145_x0_y256_crop4312.png,0,256,9021406_3146145
9021406_3146145_x128_y256_crop4313.png,128,256,9021406_3146145
9021406_3146145_x256_y256_crop4314.png,256,256,9021406_3146145
9021406_3146145_x384_y256_crop4315.png,384,256,9021406_3146145
9021406_3146145_x0_y384_crop4316.png,0,384,9021406_3146145
9021406_3146145_x128_y384_crop4317.png,128,384,9021406_3146145
9021406_3146145_x256_y384_crop4318.png,256,384,9021406_3146145
9021406_3146145_x384_y384_crop4319.png,384,384,9021406_3146145
8980130_3124131_x0_y0_crop4320.png,0,0,8980130_3124131
8980130_3124131_x128_y0_crop4321.png,128,0,8980130_3124131
8980130_3124131_x256_y0_crop4322.png,256,0,8980130_3124131
8980130_3124131_x384_y0_crop4323.png,384,0,8980130_3124131
8980130_3124131_x0_y128_crop4324.png,0,128,8980130_3124131
8980130_3124131_x128_y128_crop4325.png,128,128,8980130_3124131
8980130_3124131_x256_y128_crop4326.png,256,128,8980130_3124131
8980130_3124131_x384_y128_crop4327.png,384,128,8980130_3124131
8980130_3124131_x0_y256_crop4328.png,0,256,8980130_3124131
8980130_3124131_x128_y256_crop4329.png,128,256,8980130_3124131
8980130_3124131_x256_y256_crop4330.png,256,256,8980130_3124131
8980130_3124131_x384_y256_crop4331.png,384,256,8980130_3124131
8980130_3124131_x0_y384_crop4332.png,0,384,8980130_3124131
8980130_3124131_x128_y384_crop4333.png,128,384,8980130_3124131
8980130_3124131_x256_y384_crop4334.png,256,384,8980130_3124131
8980130_3124131_x384_y384_crop4335.png,384,384,8980130_3124131
8999392_3099366_x0_y0_crop4336.png,0,0,8999392_3099366
8999392_3099366_x128_y0_crop4337.png,128,0,8999392_3099366
8999392_3099366_x256_y0_crop4338.png,256,0,8999392_3099366
8999392_3099366_x384_y0_crop4339.png,384,0,8999392_3099366
8999392_3099366_x0_y128_crop4340.png,0,128,8999392_3099366
8999392_3099366_x128_y128_crop4341.png,128,128,8999392_3099366
8999392_3099366_x256_y128_crop4342.png,256,128,8999392_3099366
8999392_3099366_x384_y128_crop4343.png,384,128,8999392_3099366
8999392_3099366_x0_y256_crop4344.png,0,256,8999392_3099366
8999392_3099366_x128_y256_crop4345.png,128,256,8999392_3099366
8999392_3099366_x256_y256_crop4346.png,256,256,8999392_3099366
8999392_3099366_x384_y256_crop4347.png,384,256,8999392_3099366
8999392_3099366_x0_y384_crop4348.png,0,384,8999392_3099366
8999392_3099366_x128_y384_crop4349.png,128,384,8999392_3099366
8999392_3099366_x256_y384_crop4350.png,256,384,8999392_3099366
8999392_3099366_x384_y384_crop4351.png,384,384,8999392_3099366
9021406_3126883_x0_y0_crop4352.png,0,0,9021406_3126883
9021406_3126883_x128_y0_crop4353.png,128,0,9021406_3126883
9021406_3126883_x256_y0_crop4354.png,256,0,9021406_3126883
9021406_3126883_x384_y0_crop4355.png,384,0,9021406_3126883
9021406_3126883_x0_y128_crop4356.png,0,128,9021406_3126883
9021406_3126883_x128_y128_crop4357.png,128,128,9021406_3126883
9021406_3126883_x256_y128_crop4358.png,256,128,9021406_3126883
9021406_3126883_x384_y128_crop4359.png,384,128,9021406_3126883
9021406_3126883_x0_y256_crop4360.png,0,256,9021406_3126883
9021406_3126883_x128_y256_crop4361.png,128,256,9021406_3126883
9021406_3126883_x256_y256_crop4362.png,256,256,9021406_3126883
9021406_3126883_x384_y256_crop4363.png,384,256,9021406_3126883
9021406_3126883_x0_y384_crop4364.png,0,384,9021406_3126883
9021406_3126883_x128_y384_crop4365.png,128,384,9021406_3126883
9021406_3126883_x256_y384_crop4366.png,256,384,9021406_3126883
9021406_3126883_x384_y384_crop4367.png,384,384,9021406_3126883
9037916_3124131_x0_y0_crop4368.png,0,0,9037916_3124131
9037916_3124131_x128_y0_crop4369.png,128,0,9037916_3124131
9037916_3124131_x256_y0_crop4370.png,256,0,9037916_3124131
9037916_3124131_x384_y0_crop4371.png,384,0,9037916_3124131
9037916_3124131_x0_y128_crop4372.png,0,128,9037916_3124131
9037916_3124131_x128_y128_crop4373.png,128,128,9037916_3124131
9037916_3124131_x256_y128_crop4374.png,256,128,9037916_3124131
9037916_3124131_x384_y128_crop4375.png,384,128,9037916_3124131
9037916_3124131_x0_y256_crop4376.png,0,256,9037916_3124131
9037916_3124131_x128_y256_crop4377.png,128,256,9037916_3124131
9037916_3124131_x256_y256_crop4378.png,256,256,9037916_3124131
9037916_3124131_x384_y256_crop4379.png,384,256,9037916_3124131
9037916_3124131_x0_y384_crop4380.png,0,384,9037916_3124131
9037916_3124131_x128_y384_crop4381.png,128,384,9037916_3124131
9037916_3124131_x256_y384_crop4382.png,256,384,9037916_3124131
9037916_3124131_x384_y384_crop4383.png,384,384,9037916_3124131
9037916_3077352_x0_y0_crop4384.png,0,0,9037916_3077352
9037916_3077352_x128_y0_crop4385.png,128,0,9037916_3077352
9037916_3077352_x256_y0_crop4386.png,256,0,9037916_3077352
9037916_3077352_x384_y0_crop4387.png,384,0,9037916_3077352
9037916_3077352_x0_y128_crop4388.png,0,128,9037916_3077352
9037916_3077352_x128_y128_crop4389.png,128,128,9037916_3077352
9037916_3077352_x256_y128_crop4390.png,256,128,9037916_3077352
9037916_3077352_x384_y128_crop4391.png,384,128,9037916_3077352
9037916_3077352_x0_y256_crop4392.png,0,256,9037916_3077352
9037916_3077352_x128_y256_crop4393.png,128,256,9037916_3077352
9037916_3077352_x256_y256_crop4394.png,256,256,9037916_3077352
9037916_3077352_x384_y256_crop4395.png,384,256,9037916_3077352
9037916_3077352_x0_y384_crop4396.png,0,384,9037916_3077352
9037916_3077352_x128_y384_crop4397.png,128,384,9037916_3077352
9037916_3077352_x256_y384_crop4398.png,256,384,9037916_3077352
9037916_3077352_x384_y384_crop4399.png,384,384,9037916_3077352
9029661_3113124_x0_y0_crop4400.png,0,0,9029661_3113124
9029661_3113124_x128_y0_crop4401.png,128,0,9029661_3113124
9029661_3113124_x256_y0_crop4402.png,256,0,9029661_3113124
9029661_3113124_x384_y0_crop4403.png,384,0,9029661_3113124
9029661_3113124_x0_y128_crop4404.png,0,128,9029661_3113124
9029661_3113124_x128_y128_crop4405.png,128,128,9029661_3113124
9029661_3113124_x256_y128_crop4406.png,256,128,9029661_3113124
9029661_3113124_x384_y128_crop4407.png,384,128,9029661_3113124
9029661_3113124_x0_y256_crop4408.png,0,256,9029661_3113124
9029661_3113124_x128_y256_crop4409.png,128,256,9029661_3113124
9029661_3113124_x256_y256_crop4410.png,256,256,9029661_3113124
9029661_3113124_x384_y256_crop4411.png,384,256,9029661_3113124
9029661_3113124_x0_y384_crop4412.png,0,384,9029661_3113124
9029661_3113124_x128_y384_crop4413.png,128,384,9029661_3113124
9029661_3113124_x256_y384_crop4414.png,256,384,9029661_3113124
9029661_3113124_x384_y384_crop4415.png,384,384,9029661_3113124
9013151_3091111_x0_y0_crop4416.png,0,0,9013151_3091111
9013151_3091111_x128_y0_crop4417.png,128,0,9013151_3091111
9013151_3091111_x256_y0_crop4418.png,256,0,9013151_3091111
9013151_3091111_x384_y0_crop4419.png,384,0,9013151_3091111
9013151_3091111_x0_y128_crop4420.png,0,128,9013151_3091111
9013151_3091111_x128_y128_crop4421.png,128,128,9013151_3091111
9013151_3091111_x256_y128_crop4422.png,256,128,9013151_3091111
9013151_3091111_x384_y128_crop4423.png,384,128,9013151_3091111
9013151_3091111_x0_y256_crop4424.png,0,256,9013151_3091111
9013151_3091111_x128_y256_crop4425.png,128,256,9013151_3091111
9013151_3091111_x256_y256_crop4426.png,256,256,9013151_3091111
9013151_3091111_x384_y256_crop4427.png,384,256,9013151_3091111
9013151_3091111_x0_y384_crop4428.png,0,384,9013151_3091111
9013151_3091111_x128_y384_crop4429.png,128,384,9013151_3091111
9013151_3091111_x256_y384_crop4430.png,256,384,9013151_3091111
9013151_3091111_x384_y384_crop4431.png,384,384,9013151_3091111
9015902_3124131_x0_y0_crop4432.png,0,0,9015902_3124131
9015902_3124131_x128_y0_crop4433.png,128,0,9015902_3124131
9015902_3124131_x256_y0_crop4434.png,256,0,9015902_3124131
9015902_3124131_x384_y0_crop4435.png,384,0,9015902_3124131
9015902_3124131_x0_y128_crop4436.png,0,128,9015902_3124131
9015902_3124131_x128_y128_crop4437.png,128,128,9015902_3124131
9015902_3124131_x256_y128_crop4438.png,256,128,9015902_3124131
9015902_3124131_x384_y128_crop4439.png,384,128,9015902_3124131
9015902_3124131_x0_y256_crop4440.png,0,256,9015902_3124131
9015902_3124131_x128_y256_crop4441.png,128,256,9015902_3124131
9015902_3124131_x256_y256_crop4442.png,256,256,9015902_3124131
9015902_3124131_x384_y256_crop4443.png,384,256,9015902_3124131
9015902_3124131_x0_y384_crop4444.png,0,384,9015902_3124131
9015902_3124131_x128_y384_crop4445.png,128,384,9015902_3124131
9015902_3124131_x256_y384_crop4446.png,256,384,9015902_3124131
9015902_3124131_x384_y384_crop4447.png,384,384,9015902_3124131
9018654_3115876_x0_y0_crop4448.png,0,0,9018654_3115876
9018654_3115876_x128_y0_crop4449.png,128,0,9018654_3115876
9018654_3115876_x256_y0_crop4450.png,256,0,9018654_3115876
9018654_3115876_x384_y0_crop4451.png,384,0,9018654_3115876
9018654_3115876_x0_y128_crop4452.png,0,128,9018654_3115876
9018654_3115876_x128_y128_crop4453.png,128,128,9018654_3115876
9018654_3115876_x256_y128_crop4454.png,256,128,9018654_3115876
9018654_3115876_x384_y128_crop4455.png,384,128,9018654_3115876
9018654_3115876_x0_y256_crop4456.png,0,256,9018654_3115876
9018654_3115876_x128_y256_crop4457.png,128,256,9018654_3115876
9018654_3115876_x256_y256_crop4458.png,256,256,9018654_3115876
9018654_3115876_x384_y256_crop4459.png,384,256,9018654_3115876
9018654_3115876_x0_y384_crop4460.png,0,384,9018654_3115876
9018654_3115876_x128_y384_crop4461.png,128,384,9018654_3115876
9018654_3115876_x256_y384_crop4462.png,256,384,9018654_3115876
9018654_3115876_x384_y384_crop4463.png,384,384,9018654_3115876
8996640_3126883_x0_y0_crop4464.png,0,0,8996640_3126883
8996640_3126883_x128_y0_crop4465.png,128,0,8996640_3126883
8996640_3126883_x256_y0_crop4466.png,256,0,8996640_3126883
8996640_3126883_x384_y0_crop4467.png,384,0,8996640_3126883
8996640_3126883_x0_y128_crop4468.png,0,128,8996640_3126883
8996640_3126883_x128_y128_crop4469.png,128,128,8996640_3126883
8996640_3126883_x256_y128_crop4470.png,256,128,8996640_3126883
8996640_3126883_x384_y128_crop4471.png,384,128,8996640_3126883
8996640_3126883_x0_y256_crop4472.png,0,256,8996640_3126883
8996640_3126883_x128_y256_crop4473.png,128,256,8996640_3126883
8996640_3126883_x256_y256_crop4474.png,256,256,8996640_3126883
8996640_3126883_x384_y256_crop4475.png,384,256,8996640_3126883
8996640_3126883_x0_y384_crop4476.png,0,384,8996640_3126883
8996640_3126883_x128_y384_crop4477.png,128,384,8996640_3126883
8996640_3126883_x256_y384_crop4478.png,256,384,8996640_3126883
8996640_3126883_x384_y384_crop4479.png,384,384,8996640_3126883
9026909_3140642_x0_y0_crop4480.png,0,0,9026909_3140642
9026909_3140642_x128_y0_crop4481.png,128,0,9026909_3140642
9026909_3140642_x256_y0_crop4482.png,256,0,9026909_3140642
9026909_3140642_x384_y0_crop4483.png,384,0,9026909_3140642
9026909_3140642_x0_y128_crop4484.png,0,128,9026909_3140642
9026909_3140642_x128_y128_crop4485.png,128,128,9026909_3140642
9026909_3140642_x256_y128_crop4486.png,256,128,9026909_3140642
9026909_3140642_x384_y128_crop4487.png,384,128,9026909_3140642
9026909_3140642_x0_y256_crop4488.png,0,256,9026909_3140642
9026909_3140642_x128_y256_crop4489.png,128,256,9026909_3140642
9026909_3140642_x256_y256_crop4490.png,256,256,9026909_3140642
9026909_3140642_x384_y256_crop4491.png,384,256,9026909_3140642
9026909_3140642_x0_y384_crop4492.png,0,384,9026909_3140642
9026909_3140642_x128_y384_crop4493.png,128,384,9026909_3140642
9026909_3140642_x256_y384_crop4494.png,256,384,9026909_3140642
9026909_3140642_x384_y384_crop4495.png,384,384,9026909_3140642
9040668_3102117_x0_y0_crop4496.png,0,0,9040668_3102117
9040668_3102117_x128_y0_crop4497.png,128,0,9040668_3102117
9040668_3102117_x256_y0_crop4498.png,256,0,9040668_3102117
9040668_3102117_x384_y0_crop4499.png,384,0,9040668_3102117
9040668_3102117_x0_y128_crop4500.png,0,128,9040668_3102117
9040668_3102117_x128_y128_crop4501.png,128,128,9040668_3102117
9040668_3102117_x256_y128_crop4502.png,256,128,9040668_3102117
9040668_3102117_x384_y128_crop4503.png,384,128,9040668_3102117
9040668_3102117_x0_y256_crop4504.png,0,256,9040668_3102117
9040668_3102117_x128_y256_crop4505.png,128,256,9040668_3102117
9040668_3102117_x256_y256_crop4506.png,256,256,9040668_3102117
9040668_3102117_x384_y256_crop4507.png,384,256,9040668_3102117
9040668_3102117_x0_y384_crop4508.png,0,384,9040668_3102117
9040668_3102117_x128_y384_crop4509.png,128,384,9040668_3102117
9040668_3102117_x256_y384_crop4510.png,256,384,9040668_3102117
9040668_3102117_x384_y384_crop4511.png,384,384,9040668_3102117
9032413_3121380_x0_y0_crop4512.png,0,0,9032413_3121380
9032413_3121380_x128_y0_crop4513.png,128,0,9032413_3121380
9032413_3121380_x256_y0_crop4514.png,256,0,9032413_3121380
9032413_3121380_x384_y0_crop4515.png,384,0,9032413_3121380
9032413_3121380_x0_y128_crop4516.png,0,128,9032413_3121380
9032413_3121380_x128_y128_crop4517.png,128,128,9032413_3121380
9032413_3121380_x256_y128_crop4518.png,256,128,9032413_3121380
9032413_3121380_x384_y128_crop4519.png,384,128,9032413_3121380
9032413_3121380_x0_y256_crop4520.png,0,256,9032413_3121380
9032413_3121380_x128_y256_crop4521.png,128,256,9032413_3121380
9032413_3121380_x256_y256_crop4522.png,256,256,9032413_3121380
9032413_3121380_x384_y256_crop4523.png,384,256,9032413_3121380
9032413_3121380_x0_y384_crop4524.png,0,384,9032413_3121380
9032413_3121380_x128_y384_crop4525.png,128,384,9032413_3121380
9032413_3121380_x256_y384_crop4526.png,256,384,9032413_3121380
9032413_3121380_x384_y384_crop4527.png,384,384,9032413_3121380
9013151_3124131_x0_y0_crop4528.png,0,0,9013151_3124131
9013151_3124131_x128_y0_crop4529.png,128,0,9013151_3124131
9013151_3124131_x256_y0_crop4530.png,256,0,9013151_3124131
9013151_3124131_x384_y0_crop4531.png,384,0,9013151_3124131
9013151_3124131_x0_y128_crop4532.png,0,128,9013151_3124131
9013151_3124131_x128_y128_crop4533.png,128,128,9013151_3124131
9013151_3124131_x256_y128_crop4534.png,256,128,9013151_3124131
9013151_3124131_x384_y128_crop4535.png,384,128,9013151_3124131
9013151_3124131_x0_y256_crop4536.png,0,256,9013151_3124131
9013151_3124131_x128_y256_crop4537.png,128,256,9013151_3124131
9013151_3124131_x256_y256_crop4538.png,256,256,9013151_3124131
9013151_3124131_x384_y256_crop4539.png,384,256,9013151_3124131
9013151_3124131_x0_y384_crop4540.png,0,384,9013151_3124131
9013151_3124131_x128_y384_crop4541.png,128,384,9013151_3124131
9013151_3124131_x256_y384_crop4542.png,256,384,9013151_3124131
9013151_3124131_x384_y384_crop4543.png,384,384,9013151_3124131
9002144_3115876_x0_y0_crop4544.png,0,0,9002144_3115876
9002144_3115876_x128_y0_crop4545.png,128,0,9002144_3115876
9002144_3115876_x256_y0_crop4546.png,256,0,9002144_3115876
9002144_3115876_x384_y0_crop4547.png,384,0,9002144_3115876
9002144_3115876_x0_y128_crop4548.png,0,128,9002144_3115876
9002144_3115876_x128_y128_crop4549.png,128,128,9002144_3115876
9002144_3115876_x256_y128_crop4550.png,256,128,9002144_3115876
9002144_3115876_x384_y128_crop4551.png,384,128,9002144_3115876
9002144_3115876_x0_y256_crop4552.png,0,256,9002144_3115876
9002144_3115876_x128_y256_crop4553.png,128,256,9002144_3115876
9002144_3115876_x256_y256_crop4554.png,256,256,9002144_3115876
9002144_3115876_x384_y256_crop4555.png,384,256,9002144_3115876
9002144_3115876_x0_y384_crop4556.png,0,384,9002144_3115876
9002144_3115876_x128_y384_crop4557.png,128,384,9002144_3115876
9002144_3115876_x256_y384_crop4558.png,256,384,9002144_3115876
9002144_3115876_x384_y384_crop4559.png,384,384,9002144_3115876
9024157_3085607_x0_y0_crop4560.png,0,0,9024157_3085607
9024157_3085607_x128_y0_crop4561.png,128,0,9024157_3085607
9024157_3085607_x256_y0_crop4562.png,256,0,9024157_3085607
9024157_3085607_x384_y0_crop4563.png,384,0,9024157_3085607
9024157_3085607_x0_y128_crop4564.png,0,128,9024157_3085607
9024157_3085607_x128_y128_crop4565.png,128,128,9024157_3085607
9024157_3085607_x256_y128_crop4566.png,256,128,9024157_3085607
9024157_3085607_x384_y128_crop4567.png,384,128,9024157_3085607
9024157_3085607_x0_y256_crop4568.png,0,256,9024157_3085607
9024157_3085607_x128_y256_crop4569.png,128,256,9024157_3085607
9024157_3085607_x256_y256_crop4570.png,256,256,9024157_3085607
9024157_3085607_x384_y256_crop4571.png,384,256,9024157_3085607
9024157_3085607_x0_y384_crop4572.png,0,384,9024157_3085607
9024157_3085607_x128_y384_crop4573.png,128,384,9024157_3085607
9024157_3085607_x256_y384_crop4574.png,256,384,9024157_3085607
9024157_3085607_x384_y384_crop4575.png,384,384,9024157_3085607
9026909_3110373_x0_y0_crop4576.png,0,0,9026909_3110373
9026909_3110373_x128_y0_crop4577.png,128,0,9026909_3110373
9026909_3110373_x256_y0_crop4578.png,256,0,9026909_3110373
9026909_3110373_x384_y0_crop4579.png,384,0,9026909_3110373
9026909_3110373_x0_y128_crop4580.png,0,128,9026909_3110373
9026909_3110373_x128_y128_crop4581.png,128,128,9026909_3110373
9026909_3110373_x256_y128_crop4582.png,256,128,9026909_3110373
9026909_3110373_x384_y128_crop4583.png,384,128,9026909_3110373
9026909_3110373_x0_y256_crop4584.png,0,256,9026909_3110373
9026909_3110373_x128_y256_crop4585.png,128,256,9026909_3110373
9026909_3110373_x256_y256_crop4586.png,256,256,9026909_3110373
9026909_3110373_x384_y256_crop4587.png,384,256,9026909_3110373
9026909_3110373_x0_y384_crop4588.png,0,384,9026909_3110373
9026909_3110373_x128_y384_crop4589.png,128,384,9026909_3110373
9026909_3110373_x256_y384_crop4590.png,256,384,9026909_3110373
9026909_3110373_x384_y384_crop4591.png,384,384,9026909_3110373
9037916_3104869_x0_y0_crop4592.png,0,0,9037916_3104869
9037916_3104869_x128_y0_crop4593.png,128,0,9037916_3104869
9037916_3104869_x256_y0_crop4594.png,256,0,9037916_3104869
9037916_3104869_x384_y0_crop4595.png,384,0,9037916_3104869
9037916_3104869_x0_y128_crop4596.png,0,128,9037916_3104869
9037916_3104869_x128_y128_crop4597.png,128,128,9037916_3104869
9037916_3104869_x256_y128_crop4598.png,256,128,9037916_3104869
9037916_3104869_x384_y128_crop4599.png,384,128,9037916_3104869
9037916_3104869_x0_y256_crop4600.png,0,256,9037916_3104869
9037916_3104869_x128_y256_crop4601.png,128,256,9037916_3104869
9037916_3104869_x256_y256_crop4602.png,256,256,9037916_3104869
9037916_3104869_x384_y256_crop4603.png,384,256,9037916_3104869
9037916_3104869_x0_y384_crop4604.png,0,384,9037916_3104869
9037916_3104869_x128_y384_crop4605.png,128,384,9037916_3104869
9037916_3104869_x256_y384_crop4606.png,256,384,9037916_3104869
9037916_3104869_x384_y384_crop4607.png,384,384,9037916_3104869
8980130_3137890_x0_y0_crop4608.png,0,0,8980130_3137890
8980130_3137890_x128_y0_crop4609.png,128,0,8980130_3137890
8980130_3137890_x256_y0_crop4610.png,256,0,8980130_3137890
8980130_3137890_x384_y0_crop4611.png,384,0,8980130_3137890
8980130_3137890_x0_y128_crop4612.png,0,128,8980130_3137890
8980130_3137890_x128_y128_crop4613.png,128,128,8980130_3137890
8980130_3137890_x256_y128_crop4614.png,256,128,8980130_3137890
8980130_3137890_x384_y128_crop4615.png,384,128,8980130_3137890
8980130_3137890_x0_y256_crop4616.png,0,256,8980130_3137890
8980130_3137890_x128_y256_crop4617.png,128,256,8980130_3137890
8980130_3137890_x256_y256_crop4618.png,256,256,8980130_3137890
8980130_3137890_x384_y256_crop4619.png,384,256,8980130_3137890
8980130_3137890_x0_y384_crop4620.png,0,384,8980130_3137890
8980130_3137890_x128_y384_crop4621.png,128,384,8980130_3137890
8980130_3137890_x256_y384_crop4622.png,256,384,8980130_3137890
8980130_3137890_x384_y384_crop4623.png,384,384,8980130_3137890
8996640_3129635_x0_y0_crop4624.png,0,0,8996640_3129635
8996640_3129635_x128_y0_crop4625.png,128,0,8996640_3129635
8996640_3129635_x256_y0_crop4626.png,256,0,8996640_3129635
8996640_3129635_x384_y0_crop4627.png,384,0,8996640_3129635
8996640_3129635_x0_y128_crop4628.png,0,128,8996640_3129635
8996640_3129635_x128_y128_crop4629.png,128,128,8996640_3129635
8996640_3129635_x256_y128_crop4630.png,256,128,8996640_3129635
8996640_3129635_x384_y128_crop4631.png,384,128,8996640_3129635
8996640_3129635_x0_y256_crop4632.png,0,256,8996640_3129635
8996640_3129635_x128_y256_crop4633.png,128,256,8996640_3129635
8996640_3129635_x256_y256_crop4634.png,256,256,8996640_3129635
8996640_3129635_x384_y256_crop4635.png,384,256,8996640_3129635
8996640_3129635_x0_y384_crop4636.png,0,384,8996640_3129635
8996640_3129635_x128_y384_crop4637.png,128,384,8996640_3129635
8996640_3129635_x256_y384_crop4638.png,256,384,8996640_3129635
8996640_3129635_x384_y384_crop4639.png,384,384,8996640_3129635
8993888_3132387_x0_y0_crop4640.png,0,0,8993888_3132387
8993888_3132387_x128_y0_crop4641.png,128,0,8993888_3132387
8993888_3132387_x256_y0_crop4642.png,256,0,8993888_3132387
8993888_3132387_x384_y0_crop4643.png,384,0,8993888_3132387
8993888_3132387_x0_y128_crop4644.png,0,128,8993888_3132387
8993888_3132387_x128_y128_crop4645.png,128,128,8993888_3132387
8993888_3132387_x256_y128_crop4646.png,256,128,8993888_3132387
8993888_3132387_x384_y128_crop4647.png,384,128,8993888_3132387
8993888_3132387_x0_y256_crop4648.png,0,256,8993888_3132387
8993888_3132387_x128_y256_crop4649.png,128,256,8993888_3132387
8993888_3132387_x256_y256_crop4650.png,256,256,8993888_3132387
8993888_3132387_x384_y256_crop4651.png,384,256,8993888_3132387
8993888_3132387_x0_y384_crop4652.png,0,384,8993888_3132387
8993888_3132387_x128_y384_crop4653.png,128,384,8993888_3132387
8993888_3132387_x256_y384_crop4654.png,256,384,8993888_3132387
8993888_3132387_x384_y384_crop4655.png,384,384,8993888_3132387
9002144_3099366_x0_y0_crop4656.png,0,0,9002144_3099366
9002144_3099366_x128_y0_crop4657.png,128,0,9002144_3099366
9002144_3099366_x256_y0_crop4658.png,256,0,9002144_3099366
9002144_3099366_x384_y0_crop4659.png,384,0,9002144_3099366
9002144_3099366_x0_y128_crop4660.png,0,128,9002144_3099366
9002144_3099366_x128_y128_crop4661.png,128,128,9002144_3099366
9002144_3099366_x256_y128_crop4662.png,256,128,9002144_3099366
9002144_3099366_x384_y128_crop4663.png,384,128,9002144_3099366
9002144_3099366_x0_y256_crop4664.png,0,256,9002144_3099366
9002144_3099366_x128_y256_crop4665.png,128,256,9002144_3099366
9002144_3099366_x256_y256_crop4666.png,256,256,9002144_3099366
9002144_3099366_x384_y256_crop4667.png,384,256,9002144_3099366
9002144_3099366_x0_y384_crop4668.png,0,384,9002144_3099366
9002144_3099366_x128_y384_crop4669.png,128,384,9002144_3099366
9002144_3099366_x256_y384_crop4670.png,256,384,9002144_3099366
9002144_3099366_x384_y384_crop4671.png,384,384,9002144_3099366
9040668_3088359_x0_y0_crop4672.png,0,0,9040668_3088359
9040668_3088359_x128_y0_crop4673.png,128,0,9040668_3088359
9040668_3088359_x256_y0_crop4674.png,256,0,9040668_3088359
9040668_3088359_x384_y0_crop4675.png,384,0,9040668_3088359
9040668_3088359_x0_y128_crop4676.png,0,128,9040668_3088359
9040668_3088359_x128_y128_crop4677.png,128,128,9040668_3088359
9040668_3088359_x256_y128_crop4678.png,256,128,9040668_3088359
9040668_3088359_x384_y128_crop4679.png,384,128,9040668_3088359
9040668_3088359_x0_y256_crop4680.png,0,256,9040668_3088359
9040668_3088359_x128_y256_crop4681.png,128,256,9040668_3088359
9040668_3088359_x256_y256_crop4682.png,256,256,9040668_3088359
9040668_3088359_x384_y256_crop4683.png,384,256,9040668_3088359
9040668_3088359_x0_y384_crop4684.png,0,384,9040668_3088359
9040668_3088359_x128_y384_crop4685.png,128,384,9040668_3088359
9040668_3088359_x256_y384_crop4686.png,256,384,9040668_3088359
9040668_3088359_x384_y384_crop4687.png,384,384,9040668_3088359
9013151_3077352_x0_y0_crop4688.png,0,0,9013151_3077352
9013151_3077352_x128_y0_crop4689.png,128,0,9013151_3077352
9013151_3077352_x256_y0_crop4690.png,256,0,9013151_3077352
9013151_3077352_x384_y0_crop4691.png,384,0,9013151_3077352
9013151_3077352_x0_y128_crop4692.png,0,128,9013151_3077352
9013151_3077352_x128_y128_crop4693.png,128,128,9013151_3077352
9013151_3077352_x256_y128_crop4694.png,256,128,9013151_3077352
9013151_3077352_x384_y128_crop4695.png,384,128,9013151_3077352
9013151_3077352_x0_y256_crop4696.png,0,256,9013151_3077352
9013151_3077352_x128_y256_crop4697.png,128,256,9013151_3077352
9013151_3077352_x256_y256_crop4698.png,256,256,9013151_3077352
9013151_3077352_x384_y256_crop4699.png,384,256,9013151_3077352
9013151_3077352_x0_y384_crop4700.png,0,384,9013151_3077352
9013151_3077352_x128_y384_crop4701.png,128,384,9013151_3077352
9013151_3077352_x256_y384_crop4702.png,256,384,9013151_3077352
9013151_3077352_x384_y384_crop4703.png,384,384,9013151_3077352
8996640_3107621_x0_y0_crop4704.png,0,0,8996640_3107621
8996640_3107621_x128_y0_crop4705.png,128,0,8996640_3107621
8996640_3107621_x256_y0_crop4706.png,256,0,8996640_3107621
8996640_3107621_x384_y0_crop4707.png,384,0,8996640_3107621
8996640_3107621_x0_y128_crop4708.png,0,128,8996640_3107621
8996640_3107621_x128_y128_crop4709.png,128,128,8996640_3107621
8996640_3107621_x256_y128_crop4710.png,256,128,8996640_3107621
8996640_3107621_x384_y128_crop4711.png,384,128,8996640_3107621
8996640_3107621_x0_y256_crop4712.png,0,256,8996640_3107621
8996640_3107621_x128_y256_crop4713.png,128,256,8996640_3107621
8996640_3107621_x256_y256_crop4714.png,256,256,8996640_3107621
8996640_3107621_x384_y256_crop4715.png,384,256,8996640_3107621
8996640_3107621_x0_y384_crop4716.png,0,384,8996640_3107621
8996640_3107621_x128_y384_crop4717.png,128,384,8996640_3107621
8996640_3107621_x256_y384_crop4718.png,256,384,8996640_3107621
8996640_3107621_x384_y384_crop4719.png,384,384,8996640_3107621
9010399_3121380_x0_y0_crop4720.png,0,0,9010399_3121380
9010399_3121380_x128_y0_crop4721.png,128,0,9010399_3121380
9010399_3121380_x256_y0_crop4722.png,256,0,9010399_3121380
9010399_3121380_x384_y0_crop4723.png,384,0,9010399_3121380
9010399_3121380_x0_y128_crop4724.png,0,128,9010399_3121380
9010399_3121380_x128_y128_crop4725.png,128,128,9010399_3121380
9010399_3121380_x256_y128_crop4726.png,256,128,9010399_3121380
9010399_3121380_x384_y128_crop4727.png,384,128,9010399_3121380
9010399_3121380_x0_y256_crop4728.png,0,256,9010399_3121380
9010399_3121380_x128_y256_crop4729.png,128,256,9010399_3121380
9010399_3121380_x256_y256_crop4730.png,256,256,9010399_3121380
9010399_3121380_x384_y256_crop4731.png,384,256,9010399_3121380
9010399_3121380_x0_y384_crop4732.png,0,384,9010399_3121380
9010399_3121380_x128_y384_crop4733.png,128,384,9010399_3121380
9010399_3121380_x256_y384_crop4734.png,256,384,9010399_3121380
9010399_3121380_x384_y384_crop4735.png,384,384,9010399_3121380
9037916_3115876_x0_y0_crop4736.png,0,0,9037916_3115876
9037916_3115876_x128_y0_crop4737.png,128,0,9037916_3115876
9037916_3115876_x256_y0_crop4738.png,256,0,9037916_3115876
9037916_3115876_x384_y0_crop4739.png,384,0,9037916_3115876
9037916_3115876_x0_y128_crop4740.png,0,128,9037916_3115876
9037916_3115876_x128_y128_crop4741.png,128,128,9037916_3115876
9037916_3115876_x256_y128_crop4742.png,256,128,9037916_3115876
9037916_3115876_x384_y128_crop4743.png,384,128,9037916_3115876
9037916_3115876_x0_y256_crop4744.png,0,256,9037916_3115876
9037916_3115876_x128_y256_crop4745.png,128,256,9037916_3115876
9037916_3115876_x256_y256_crop4746.png,256,256,9037916_3115876
9037916_3115876_x384_y256_crop4747.png,384,256,9037916_3115876
9037916_3115876_x0_y384_crop4748.png,0,384,9037916_3115876
9037916_3115876_x128_y384_crop4749.png,128,384,9037916_3115876
9037916_3115876_x256_y384_crop4750.png,256,384,9037916_3115876
9037916_3115876_x384_y384_crop4751.png,384,384,9037916_3115876
9029661_3093862_x0_y0_crop4752.png,0,0,9029661_3093862
9029661_3093862_x128_y0_crop4753.png,128,0,9029661_3093862
9029661_3093862_x256_y0_crop4754.png,256,0,9029661_3093862
9029661_3093862_x384_y0_crop4755.png,384,0,9029661_3093862
9029661_3093862_x0_y128_crop4756.png,0,128,9029661_3093862
9029661_3093862_x128_y128_crop4757.png,128,128,9029661_3093862
9029661_3093862_x256_y128_crop4758.png,256,128,9029661_3093862
9029661_3093862_x384_y128_crop4759.png,384,128,9029661_3093862
9029661_3093862_x0_y256_crop4760.png,0,256,9029661_3093862
9029661_3093862_x128_y256_crop4761.png,128,256,9029661_3093862
9029661_3093862_x256_y256_crop4762.png,256,256,9029661_3093862
9029661_3093862_x384_y256_crop4763.png,384,256,9029661_3093862
9029661_3093862_x0_y384_crop4764.png,0,384,9029661_3093862
9029661_3093862_x128_y384_crop4765.png,128,384,9029661_3093862
9029661_3093862_x256_y384_crop4766.png,256,384,9029661_3093862
9029661_3093862_x384_y384_crop4767.png,384,384,9029661_3093862
9035164_3135138_x0_y0_crop4768.png,0,0,9035164_3135138
9035164_3135138_x128_y0_crop4769.png,128,0,9035164_3135138
9035164_3135138_x256_y0_crop4770.png,256,0,9035164_3135138
9035164_3135138_x384_y0_crop4771.png,384,0,9035164_3135138
9035164_3135138_x0_y128_crop4772.png,0,128,9035164_3135138
9035164_3135138_x128_y128_crop4773.png,128,128,9035164_3135138
9035164_3135138_x256_y128_crop4774.png,256,128,9035164_3135138
9035164_3135138_x384_y128_crop4775.png,384,128,9035164_3135138
9035164_3135138_x0_y256_crop4776.png,0,256,9035164_3135138
9035164_3135138_x128_y256_crop4777.png,128,256,9035164_3135138
9035164_3135138_x256_y256_crop4778.png,256,256,9035164_3135138
9035164_3135138_x384_y256_crop4779.png,384,256,9035164_3135138
9035164_3135138_x0_y384_crop4780.png,0,384,9035164_3135138
9035164_3135138_x128_y384_crop4781.png,128,384,9035164_3135138
9035164_3135138_x256_y384_crop4782.png,256,384,9035164_3135138
9035164_3135138_x384_y384_crop4783.png,384,384,9035164_3135138
8999392_3102117_x0_y0_crop4784.png,0,0,8999392_3102117
8999392_3102117_x128_y0_crop4785.png,128,0,8999392_3102117
8999392_3102117_x256_y0_crop4786.png,256,0,8999392_3102117
8999392_3102117_x384_y0_crop4787.png,384,0,8999392_3102117
8999392_3102117_x0_y128_crop4788.png,0,128,8999392_3102117
8999392_3102117_x128_y128_crop4789.png,128,128,8999392_3102117
8999392_3102117_x256_y128_crop4790.png,256,128,8999392_3102117
8999392_3102117_x384_y128_crop4791.png,384,128,8999392_3102117
8999392_3102117_x0_y256_crop4792.png,0,256,8999392_3102117
8999392_3102117_x128_y256_crop4793.png,128,256,8999392_3102117
8999392_3102117_x256_y256_crop4794.png,256,256,8999392_3102117
8999392_3102117_x384_y256_crop4795.png,384,256,8999392_3102117
8999392_3102117_x0_y384_crop4796.png,0,384,8999392_3102117
8999392_3102117_x128_y384_crop4797.png,128,384,8999392_3102117
8999392_3102117_x256_y384_crop4798.png,256,384,8999392_3102117
8999392_3102117_x384_y384_crop4799.png,384,384,8999392_3102117
8993888_3146145_x0_y0_crop4800.png,0,0,8993888_3146145
8993888_3146145_x128_y0_crop4801.png,128,0,8993888_3146145
8993888_3146145_x256_y0_crop4802.png,256,0,8993888_3146145
8993888_3146145_x384_y0_crop4803.png,384,0,8993888_3146145
8993888_3146145_x0_y128_crop4804.png,0,128,8993888_3146145
8993888_3146145_x128_y128_crop4805.png,128,128,8993888_3146145
8993888_3146145_x256_y128_crop4806.png,256,128,8993888_3146145
8993888_3146145_x384_y128_crop4807.png,384,128,8993888_3146145
8993888_3146145_x0_y256_crop4808.png,0,256,8993888_3146145
8993888_3146145_x128_y256_crop4809.png,128,256,8993888_3146145
8993888_3146145_x256_y256_crop4810.png,256,256,8993888_3146145
8993888_3146145_x384_y256_crop4811.png,384,256,8993888_3146145
8993888_3146145_x0_y384_crop4812.png,0,384,8993888_3146145
8993888_3146145_x128_y384_crop4813.png,128,384,8993888_3146145
8993888_3146145_x256_y384_crop4814.png,256,384,8993888_3146145
8993888_3146145_x384_y384_crop4815.png,384,384,8993888_3146145
9026909_3137890_x0_y0_crop4816.png,0,0,9026909_3137890
9026909_3137890_x128_y0_crop4817.png,128,0,9026909_3137890
9026909_3137890_x256_y0_crop4818.png,256,0,9026909_3137890
9026909_3137890_x384_y0_crop4819.png,384,0,9026909_3137890
9026909_3137890_x0_y128_crop4820.png,0,128,9026909_3137890
9026909_3137890_x128_y128_crop4821.png,128,128,9026909_3137890
9026909_3137890_x256_y128_crop4822.png,256,128,9026909_3137890
9026909_3137890_x384_y128_crop4823.png,384,128,9026909_3137890
9026909_3137890_x0_y256_crop4824.png,0,256,9026909_3137890
9026909_3137890_x128_y256_crop4825.png,128,256,9026909_3137890
9026909_3137890_x256_y256_crop4826.png,256,256,9026909_3137890
9026909_3137890_x384_y256_crop4827.png,384,256,9026909_3137890
9026909_3137890_x0_y384_crop4828.png,0,384,9026909_3137890
9026909_3137890_x128_y384_crop4829.png,128,384,9026909_3137890
9026909_3137890_x256_y384_crop4830.png,256,384,9026909_3137890
9026909_3137890_x384_y384_crop4831.png,384,384,9026909_3137890
9029661_3104869_x0_y0_crop4832.png,0,0,9029661_3104869
9029661_3104869_x128_y0_crop4833.png,128,0,9029661_3104869
9029661_3104869_x256_y0_crop4834.png,256,0,9029661_3104869
9029661_3104869_x384_y0_crop4835.png,384,0,9029661_3104869
9029661_3104869_x0_y128_crop4836.png,0,128,9029661_3104869
9029661_3104869_x128_y128_crop4837.png,128,128,9029661_3104869
9029661_3104869_x256_y128_crop4838.png,256,128,9029661_3104869
9029661_3104869_x384_y128_crop4839.png,384,128,9029661_3104869
9029661_3104869_x0_y256_crop4840.png,0,256,9029661_3104869
9029661_3104869_x128_y256_crop4841.png,128,256,9029661_3104869
9029661_3104869_x256_y256_crop4842.png,256,256,9029661_3104869
9029661_3104869_x384_y256_crop4843.png,384,256,9029661_3104869
9029661_3104869_x0_y384_crop4844.png,0,384,9029661_3104869
9029661_3104869_x128_y384_crop4845.png,128,384,9029661_3104869
9029661_3104869_x256_y384_crop4846.png,256,384,9029661_3104869
9029661_3104869_x384_y384_crop4847.png,384,384,9029661_3104869
9007647_3137890_x0_y0_crop4848.png,0,0,9007647_3137890
9007647_3137890_x128_y0_crop4849.png,128,0,9007647_3137890
9007647_3137890_x256_y0_crop4850.png,256,0,9007647_3137890
9007647_3137890_x384_y0_crop4851.png,384,0,9007647_3137890
9007647_3137890_x0_y128_crop4852.png,0,128,9007647_3137890
9007647_3137890_x128_y128_crop4853.png,128,128,9007647_3137890
9007647_3137890_x256_y128_crop4854.png,256,128,9007647_3137890
9007647_3137890_x384_y128_crop4855.png,384,128,9007647_3137890
9007647_3137890_x0_y256_crop4856.png,0,256,9007647_3137890
9007647_3137890_x128_y256_crop4857.png,128,256,9007647_3137890
9007647_3137890_x256_y256_crop4858.png,256,256,9007647_3137890
9007647_3137890_x384_y256_crop4859.png,384,256,9007647_3137890
9007647_3137890_x0_y384_crop4860.png,0,384,9007647_3137890
9007647_3137890_x128_y384_crop4861.png,128,384,9007647_3137890
9007647_3137890_x256_y384_crop4862.png,256,384,9007647_3137890
9007647_3137890_x384_y384_crop4863.png,384,384,9007647_3137890
9013151_3113124_x0_y0_crop4864.png,0,0,9013151_3113124
9013151_3113124_x128_y0_crop4865.png,128,0,9013151_3113124
9013151_3113124_x256_y0_crop4866.png,256,0,9013151_3113124
9013151_3113124_x384_y0_crop4867.png,384,0,9013151_3113124
9013151_3113124_x0_y128_crop4868.png,0,128,9013151_3113124
9013151_3113124_x128_y128_crop4869.png,128,128,9013151_3113124
9013151_3113124_x256_y128_crop4870.png,256,128,9013151_3113124
9013151_3113124_x384_y128_crop4871.png,384,128,9013151_3113124
9013151_3113124_x0_y256_crop4872.png,0,256,9013151_3113124
9013151_3113124_x128_y256_crop4873.png,128,256,9013151_3113124
9013151_3113124_x256_y256_crop4874.png,256,256,9013151_3113124
9013151_3113124_x384_y256_crop4875.png,384,256,9013151_3113124
9013151_3113124_x0_y384_crop4876.png,0,384,9013151_3113124
9013151_3113124_x128_y384_crop4877.png,128,384,9013151_3113124
9013151_3113124_x256_y384_crop4878.png,256,384,9013151_3113124
9013151_3113124_x384_y384_crop4879.png,384,384,9013151_3113124
9018654_3091111_x0_y0_crop4880.png,0,0,9018654_3091111
9018654_3091111_x128_y0_crop4881.png,128,0,9018654_3091111
9018654_3091111_x256_y0_crop4882.png,256,0,9018654_3091111
9018654_3091111_x384_y0_crop4883.png,384,0,9018654_3091111
9018654_3091111_x0_y128_crop4884.png,0,128,9018654_3091111
9018654_3091111_x128_y128_crop4885.png,128,128,9018654_3091111
9018654_3091111_x256_y128_crop4886.png,256,128,9018654_3091111
9018654_3091111_x384_y128_crop4887.png,384,128,9018654_3091111
9018654_3091111_x0_y256_crop4888.png,0,256,9018654_3091111
9018654_3091111_x128_y256_crop4889.png,128,256,9018654_3091111
9018654_3091111_x256_y256_crop4890.png,256,256,9018654_3091111
9018654_3091111_x384_y256_crop4891.png,384,256,9018654_3091111
9018654_3091111_x0_y384_crop4892.png,0,384,9018654_3091111
9018654_3091111_x128_y384_crop4893.png,128,384,9018654_3091111
9018654_3091111_x256_y384_crop4894.png,256,384,9018654_3091111
9018654_3091111_x384_y384_crop4895.png,384,384,9018654_3091111
9032413_3077352_x0_y0_crop4896.png,0,0,9032413_3077352
9032413_3077352_x128_y0_crop4897.png,128,0,9032413_3077352
9032413_3077352_x256_y0_crop4898.png,256,0,9032413_3077352
9032413_3077352_x384_y0_crop4899.png,384,0,9032413_3077352
9032413_3077352_x0_y128_crop4900.png,0,128,9032413_3077352
9032413_3077352_x128_y128_crop4901.png,128,128,9032413_3077352
9032413_3077352_x256_y128_crop4902.png,256,128,9032413_3077352
9032413_3077352_x384_y128_crop4903.png,384,128,9032413_3077352
9032413_3077352_x0_y256_crop4904.png,0,256,9032413_3077352
9032413_3077352_x128_y256_crop4905.png,128,256,9032413_3077352
9032413_3077352_x256_y256_crop4906.png,256,256,9032413_3077352
9032413_3077352_x384_y256_crop4907.png,384,256,9032413_3077352
9032413_3077352_x0_y384_crop4908.png,0,384,9032413_3077352
9032413_3077352_x128_y384_crop4909.png,128,384,9032413_3077352
9032413_3077352_x256_y384_crop4910.png,256,384,9032413_3077352
9032413_3077352_x384_y384_crop4911.png,384,384,9032413_3077352
9037916_3132387_x0_y0_crop4912.png,0,0,9037916_3132387
9037916_3132387_x128_y0_crop4913.png,128,0,9037916_3132387
9037916_3132387_x256_y0_crop4914.png,256,0,9037916_3132387
9037916_3132387_x384_y0_crop4915.png,384,0,9037916_3132387
9037916_3132387_x0_y128_crop4916.png,0,128,9037916_3132387
9037916_3132387_x128_y128_crop4917.png,128,128,9037916_3132387
9037916_3132387_x256_y128_crop4918.png,256,128,9037916_3132387
9037916_3132387_x384_y128_crop4919.png,384,128,9037916_3132387
9037916_3132387_x0_y256_crop4920.png,0,256,9037916_3132387
9037916_3132387_x128_y256_crop4921.png,128,256,9037916_3132387
9037916_3132387_x256_y256_crop4922.png,256,256,9037916_3132387
9037916_3132387_x384_y256_crop4923.png,384,256,9037916_3132387
9037916_3132387_x0_y384_crop4924.png,0,384,9037916_3132387
9037916_3132387_x128_y384_crop4925.png,128,384,9037916_3132387
9037916_3132387_x256_y384_crop4926.png,256,384,9037916_3132387
9037916_3132387_x384_y384_crop4927.png,384,384,9037916_3132387
9013151_3096614_x0_y0_crop4928.png,0,0,9013151_3096614
9013151_3096614_x128_y0_crop4929.png,128,0,9013151_3096614
9013151_3096614_x256_y0_crop4930.png,256,0,9013151_3096614
9013151_3096614_x384_y0_crop4931.png,384,0,9013151_3096614
9013151_3096614_x0_y128_crop4932.png,0,128,9013151_3096614
9013151_3096614_x128_y128_crop4933.png,128,128,9013151_3096614
9013151_3096614_x256_y128_crop4934.png,256,128,9013151_3096614
9013151_3096614_x384_y128_crop4935.png,384,128,9013151_3096614
9013151_3096614_x0_y256_crop4936.png,0,256,9013151_3096614
9013151_3096614_x128_y256_crop4937.png,128,256,9013151_3096614
9013151_3096614_x256_y256_crop4938.png,256,256,9013151_3096614
9013151_3096614_x384_y256_crop4939.png,384,256,9013151_3096614
9013151_3096614_x0_y384_crop4940.png,0,384,9013151_3096614
9013151_3096614_x128_y384_crop4941.png,128,384,9013151_3096614
9013151_3096614_x256_y384_crop4942.png,256,384,9013151_3096614
9013151_3096614_x384_y384_crop4943.png,384,384,9013151_3096614
9035164_3093862_x0_y0_crop4944.png,0,0,9035164_3093862
9035164_3093862_x128_y0_crop4945.png,128,0,9035164_3093862
9035164_3093862_x256_y0_crop4946.png,256,0,9035164_3093862
9035164_3093862_x384_y0_crop4947.png,384,0,9035164_3093862
9035164_3093862_x0_y128_crop4948.png,0,128,9035164_3093862
9035164_3093862_x128_y128_crop4949.png,128,128,9035164_3093862
9035164_3093862_x256_y128_crop4950.png,256,128,9035164_3093862
9035164_3093862_x384_y128_crop4951.png,384,128,9035164_3093862
9035164_3093862_x0_y256_crop4952.png,0,256,9035164_3093862
9035164_3093862_x128_y256_crop4953.png,128,256,9035164_3093862
9035164_3093862_x256_y256_crop4954.png,256,256,9035164_3093862
9035164_3093862_x384_y256_crop4955.png,384,256,9035164_3093862
9035164_3093862_x0_y384_crop4956.png,0,384,9035164_3093862
9035164_3093862_x128_y384_crop4957.png,128,384,9035164_3093862
9035164_3093862_x256_y384_crop4958.png,256,384,9035164_3093862
9035164_3093862_x384_y384_crop4959.png,384,384,9035164_3093862
9004895_3121380_x0_y0_crop4960.png,0,0,9004895_3121380
9004895_3121380_x128_y0_crop4961.png,128,0,9004895_3121380
9004895_3121380_x256_y0_crop4962.png,256,0,9004895_3121380
9004895_3121380_x384_y0_crop4963.png,384,0,9004895_3121380
9004895_3121380_x0_y128_crop4964.png,0,128,9004895_3121380
9004895_3121380_x128_y128_crop4965.png,128,128,9004895_3121380
9004895_3121380_x256_y128_crop4966.png,256,128,9004895_3121380
9004895_3121380_x384_y128_crop4967.png,384,128,9004895_3121380
9004895_3121380_x0_y256_crop4968.png,0,256,9004895_3121380
9004895_3121380_x128_y256_crop4969.png,128,256,9004895_3121380
9004895_3121380_x256_y256_crop4970.png,256,256,9004895_3121380
9004895_3121380_x384_y256_crop4971.png,384,256,9004895_3121380
9004895_3121380_x0_y384_crop4972.png,0,384,9004895_3121380
9004895_3121380_x128_y384_crop4973.png,128,384,9004895_3121380
9004895_3121380_x256_y384_crop4974.png,256,384,9004895_3121380
9004895_3121380_x384_y384_crop4975.png,384,384,9004895_3121380
9029661_3110373_x0_y0_crop4976.png,0,0,9029661_3110373
9029661_3110373_x128_y0_crop4977.png,128,0,9029661_3110373
9029661_3110373_x256_y0_crop4978.png,256,0,9029661_3110373
9029661_3110373_x384_y0_crop4979.png,384,0,9029661_3110373
9029661_3110373_x0_y128_crop4980.png,0,128,9029661_3110373
9029661_3110373_x128_y128_crop4981.png,128,128,9029661_3110373
9029661_3110373_x256_y128_crop4982.png,256,128,9029661_3110373
9029661_3110373_x384_y128_crop4983.png,384,128,9029661_3110373
9029661_3110373_x0_y256_crop4984.png,0,256,9029661_3110373
9029661_3110373_x128_y256_crop4985.png,128,256,9029661_3110373
9029661_3110373_x256_y256_crop4986.png,256,256,9029661_3110373
9029661_3110373_x384_y256_crop4987.png,384,256,9029661_3110373
9029661_3110373_x0_y384_crop4988.png,0,384,9029661_3110373
9029661_3110373_x128_y384_crop4989.png,128,384,9029661_3110373
9029661_3110373_x256_y384_crop4990.png,256,384,9029661_3110373
9029661_3110373_x384_y384_crop4991.png,384,384,9029661_3110373
9010399_3102117_x0_y0_crop4992.png,0,0,9010399_3102117
9010399_3102117_x128_y0_crop4993.png,128,0,9010399_3102117
9010399_3102117_x256_y0_crop4994.png,256,0,9010399_3102117
9010399_3102117_x384_y0_crop4995.png,384,0,9010399_3102117
9010399_3102117_x0_y128_crop4996.png,0,128,9010399_3102117
9010399_3102117_x128_y128_crop4997.png,128,128,9010399_3102117
9010399_3102117_x256_y128_crop4998.png,256,128,9010399_3102117
9010399_3102117_x384_y128_crop4999.png,384,128,9010399_3102117
9010399_3102117_x0_y256_crop5000.png,0,256,9010399_3102117
9010399_3102117_x128_y256_crop5001.png,128,256,9010399_3102117
9010399_3102117_x256_y256_crop5002.png,256,256,9010399_3102117
9010399_3102117_x384_y256_crop5003.png,384,256,9010399_3102117
9010399_3102117_x0_y384_crop5004.png,0,384,9010399_3102117
9010399_3102117_x128_y384_crop5005.png,128,384,9010399_3102117
9010399_3102117_x256_y384_crop5006.png,256,384,9010399_3102117
9010399_3102117_x384_y384_crop5007.png,384,384,9010399_3102117
9026909_3143393_x0_y0_crop5008.png,0,0,9026909_3143393
9026909_3143393_x128_y0_crop5009.png,128,0,9026909_3143393
9026909_3143393_x256_y0_crop5010.png,256,0,9026909_3143393
9026909_3143393_x384_y0_crop5011.png,384,0,9026909_3143393
9026909_3143393_x0_y128_crop5012.png,0,128,9026909_3143393
9026909_3143393_x128_y128_crop5013.png,128,128,9026909_3143393
9026909_3143393_x256_y128_crop5014.png,256,128,9026909_3143393
9026909_3143393_x384_y128_crop5015.png,384,128,9026909_3143393
9026909_3143393_x0_y256_crop5016.png,0,256,9026909_3143393
9026909_3143393_x128_y256_crop5017.png,128,256,9026909_3143393
9026909_3143393_x256_y256_crop5018.png,256,256,9026909_3143393
9026909_3143393_x384_y256_crop5019.png,384,256,9026909_3143393
9026909_3143393_x0_y384_crop5020.png,0,384,9026909_3143393
9026909_3143393_x128_y384_crop5021.png,128,384,9026909_3143393
9026909_3143393_x256_y384_crop5022.png,256,384,9026909_3143393
9026909_3143393_x384_y384_crop5023.png,384,384,9026909_3143393
9002144_3110373_x0_y0_crop5024.png,0,0,9002144_3110373
9002144_3110373_x128_y0_crop5025.png,128,0,9002144_3110373
9002144_3110373_x256_y0_crop5026.png,256,0,9002144_3110373
9002144_3110373_x384_y0_crop5027.png,384,0,9002144_3110373
9002144_3110373_x0_y128_crop5028.png,0,128,9002144_3110373
9002144_3110373_x128_y128_crop5029.png,128,128,9002144_3110373
9002144_3110373_x256_y128_crop5030.png,256,128,9002144_3110373
9002144_3110373_x384_y128_crop5031.png,384,128,9002144_3110373
9002144_3110373_x0_y256_crop5032.png,0,256,9002144_3110373
9002144_3110373_x128_y256_crop5033.png,128,256,9002144_3110373
9002144_3110373_x256_y256_crop5034.png,256,256,9002144_3110373
9002144_3110373_x384_y256_crop5035.png,384,256,9002144_3110373
9002144_3110373_x0_y384_crop5036.png,0,384,9002144_3110373
9002144_3110373_x128_y384_crop5037.png,128,384,9002144_3110373
9002144_3110373_x256_y384_crop5038.png,256,384,9002144_3110373
9002144_3110373_x384_y384_crop5039.png,384,384,9002144_3110373
9002144_3102117_x0_y0_crop5040.png,0,0,9002144_3102117
9002144_3102117_x128_y0_crop5041.png,128,0,9002144_3102117
9002144_3102117_x256_y0_crop5042.png,256,0,9002144_3102117
9002144_3102117_x384_y0_crop5043.png,384,0,9002144_3102117
9002144_3102117_x0_y128_crop5044.png,0,128,9002144_3102117
9002144_3102117_x128_y128_crop5045.png,128,128,9002144_3102117
9002144_3102117_x256_y128_crop5046.png,256,128,9002144_3102117
9002144_3102117_x384_y128_crop5047.png,384,128,9002144_3102117
9002144_3102117_x0_y256_crop5048.png,0,256,9002144_3102117
9002144_3102117_x128_y256_crop5049.png,128,256,9002144_3102117
9002144_3102117_x256_y256_crop5050.png,256,256,9002144_3102117
9002144_3102117_x384_y256_crop5051.png,384,256,9002144_3102117
9002144_3102117_x0_y384_crop5052.png,0,384,9002144_3102117
9002144_3102117_x128_y384_crop5053.png,128,384,9002144_3102117
9002144_3102117_x256_y384_crop5054.png,256,384,9002144_3102117
9002144_3102117_x384_y384_crop5055.png,384,384,9002144_3102117
9032413_3146145_x0_y0_crop5056.png,0,0,9032413_3146145
9032413_3146145_x128_y0_crop5057.png,128,0,9032413_3146145
9032413_3146145_x256_y0_crop5058.png,256,0,9032413_3146145
9032413_3146145_x384_y0_crop5059.png,384,0,9032413_3146145
9032413_3146145_x0_y128_crop5060.png,0,128,9032413_3146145
9032413_3146145_x128_y128_crop5061.png,128,128,9032413_3146145
9032413_3146145_x256_y128_crop5062.png,256,128,9032413_3146145
9032413_3146145_x384_y128_crop5063.png,384,128,9032413_3146145
9032413_3146145_x0_y256_crop5064.png,0,256,9032413_3146145
9032413_3146145_x128_y256_crop5065.png,128,256,9032413_3146145
9032413_3146145_x256_y256_crop5066.png,256,256,9032413_3146145
9032413_3146145_x384_y256_crop5067.png,384,256,9032413_3146145
9032413_3146145_x0_y384_crop5068.png,0,384,9032413_3146145
9032413_3146145_x128_y384_crop5069.png,128,384,9032413_3146145
9032413_3146145_x256_y384_crop5070.png,256,384,9032413_3146145
9032413_3146145_x384_y384_crop5071.png,384,384,9032413_3146145
9004895_3113124_x0_y0_crop5072.png,0,0,9004895_3113124
9004895_3113124_x128_y0_crop5073.png,128,0,9004895_3113124
9004895_3113124_x256_y0_crop5074.png,256,0,9004895_3113124
9004895_3113124_x384_y0_crop5075.png,384,0,9004895_3113124
9004895_3113124_x0_y128_crop5076.png,0,128,9004895_3113124
9004895_3113124_x128_y128_crop5077.png,128,128,9004895_3113124
9004895_3113124_x256_y128_crop5078.png,256,128,9004895_3113124
9004895_3113124_x384_y128_crop5079.png,384,128,9004895_3113124
9004895_3113124_x0_y256_crop5080.png,0,256,9004895_3113124
9004895_3113124_x128_y256_crop5081.png,128,256,9004895_3113124
9004895_3113124_x256_y256_crop5082.png,256,256,9004895_3113124
9004895_3113124_x384_y256_crop5083.png,384,256,9004895_3113124
9004895_3113124_x0_y384_crop5084.png,0,384,9004895_3113124
9004895_3113124_x128_y384_crop5085.png,128,384,9004895_3113124
9004895_3113124_x256_y384_crop5086.png,256,384,9004895_3113124
9004895_3113124_x384_y384_crop5087.png,384,384,9004895_3113124
8993888_3135138_x0_y0_crop5088.png,0,0,8993888_3135138
8993888_3135138_x128_y0_crop5089.png,128,0,8993888_3135138
8993888_3135138_x256_y0_crop5090.png,256,0,8993888_3135138
8993888_3135138_x384_y0_crop5091.png,384,0,8993888_3135138
8993888_3135138_x0_y128_crop5092.png,0,128,8993888_3135138
8993888_3135138_x128_y128_crop5093.png,128,128,8993888_3135138
8993888_3135138_x256_y128_crop5094.png,256,128,8993888_3135138
8993888_3135138_x384_y128_crop5095.png,384,128,8993888_3135138
8993888_3135138_x0_y256_crop5096.png,0,256,8993888_3135138
8993888_3135138_x128_y256_crop5097.png,128,256,8993888_3135138
8993888_3135138_x256_y256_crop5098.png,256,256,8993888_3135138
8993888_3135138_x384_y256_crop5099.png,384,256,8993888_3135138
8993888_3135138_x0_y384_crop5100.png,0,384,8993888_3135138
8993888_3135138_x128_y384_crop5101.png,128,384,8993888_3135138
8993888_3135138_x256_y384_crop5102.png,256,384,8993888_3135138
8993888_3135138_x384_y384_crop5103.png,384,384,8993888_3135138
9021406_3140642_x0_y0_crop5104.png,0,0,9021406_3140642
9021406_3140642_x128_y0_crop5105.png,128,0,9021406_3140642
9021406_3140642_x256_y0_crop5106.png,256,0,9021406_3140642
9021406_3140642_x384_y0_crop5107.png,384,0,9021406_3140642
9021406_3140642_x0_y128_crop5108.png,0,128,9021406_3140642
9021406_3140642_x128_y128_crop5109.png,128,128,9021406_3140642
9021406_3140642_x256_y128_crop5110.png,256,128,9021406_3140642
9021406_3140642_x384_y128_crop5111.png,384,128,9021406_3140642
9021406_3140642_x0_y256_crop5112.png,0,256,9021406_3140642
9021406_3140642_x128_y256_crop5113.png,128,256,9021406_3140642
9021406_3140642_x256_y256_crop5114.png,256,256,9021406_3140642
9021406_3140642_x384_y256_crop5115.png,384,256,9021406_3140642
9021406_3140642_x0_y384_crop5116.png,0,384,9021406_3140642
9021406_3140642_x128_y384_crop5117.png,128,384,9021406_3140642
9021406_3140642_x256_y384_crop5118.png,256,384,9021406_3140642
9021406_3140642_x384_y384_crop5119.png,384,384,9021406_3140642
8993888_3115876_x0_y0_crop5120.png,0,0,8993888_3115876
8993888_3115876_x128_y0_crop5121.png,128,0,8993888_3115876
8993888_3115876_x256_y0_crop5122.png,256,0,8993888_3115876
8993888_3115876_x384_y0_crop5123.png,384,0,8993888_3115876
8993888_3115876_x0_y128_crop5124.png,0,128,8993888_3115876
8993888_3115876_x128_y128_crop5125.png,128,128,8993888_3115876
8993888_3115876_x256_y128_crop5126.png,256,128,8993888_3115876
8993888_3115876_x384_y128_crop5127.png,384,128,8993888_3115876
8993888_3115876_x0_y256_crop5128.png,0,256,8993888_3115876
8993888_3115876_x128_y256_crop5129.png,128,256,8993888_3115876
8993888_3115876_x256_y256_crop5130.png,256,256,8993888_3115876
8993888_3115876_x384_y256_crop5131.png,384,256,8993888_3115876
8993888_3115876_x0_y384_crop5132.png,0,384,8993888_3115876
8993888_3115876_x128_y384_crop5133.png,128,384,8993888_3115876
8993888_3115876_x256_y384_crop5134.png,256,384,8993888_3115876
8993888_3115876_x384_y384_crop5135.png,384,384,8993888_3115876
9002144_3107621_x0_y0_crop5136.png,0,0,9002144_3107621
9002144_3107621_x128_y0_crop5137.png,128,0,9002144_3107621
9002144_3107621_x256_y0_crop5138.png,256,0,9002144_3107621
9002144_3107621_x384_y0_crop5139.png,384,0,9002144_3107621
9002144_3107621_x0_y128_crop5140.png,0,128,9002144_3107621
9002144_3107621_x128_y128_crop5141.png,128,128,9002144_3107621
9002144_3107621_x256_y128_crop5142.png,256,128,9002144_3107621
9002144_3107621_x384_y128_crop5143.png,384,128,9002144_3107621
9002144_3107621_x0_y256_crop5144.png,0,256,9002144_3107621
9002144_3107621_x128_y256_crop5145.png,128,256,9002144_3107621
9002144_3107621_x256_y256_crop5146.png,256,256,9002144_3107621
9002144_3107621_x384_y256_crop5147.png,384,256,9002144_3107621
9002144_3107621_x0_y384_crop5148.png,0,384,9002144_3107621
9002144_3107621_x128_y384_crop5149.png,128,384,9002144_3107621
9002144_3107621_x256_y384_crop5150.png,256,384,9002144_3107621
9002144_3107621_x384_y384_crop5151.png,384,384,9002144_3107621
8985633_3132387_x0_y0_crop5152.png,0,0,8985633_3132387
8985633_3132387_x128_y0_crop5153.png,128,0,8985633_3132387
8985633_3132387_x256_y0_crop5154.png,256,0,8985633_3132387
8985633_3132387_x384_y0_crop5155.png,384,0,8985633_3132387
8985633_3132387_x0_y128_crop5156.png,0,128,8985633_3132387
8985633_3132387_x128_y128_crop5157.png,128,128,8985633_3132387
8985633_3132387_x256_y128_crop5158.png,256,128,8985633_3132387
8985633_3132387_x384_y128_crop5159.png,384,128,8985633_3132387
8985633_3132387_x0_y256_crop5160.png,0,256,8985633_3132387
8985633_3132387_x128_y256_crop5161.png,128,256,8985633_3132387
8985633_3132387_x256_y256_crop5162.png,256,256,8985633_3132387
8985633_3132387_x384_y256_crop5163.png,384,256,8985633_3132387
8985633_3132387_x0_y384_crop5164.png,0,384,8985633_3132387
8985633_3132387_x128_y384_crop5165.png,128,384,8985633_3132387
8985633_3132387_x256_y384_crop5166.png,256,384,8985633_3132387
8985633_3132387_x384_y384_crop5167.png,384,384,8985633_3132387
8993888_3129635_x0_y0_crop5168.png,0,0,8993888_3129635
8993888_3129635_x128_y0_crop5169.png,128,0,8993888_3129635
8993888_3129635_x256_y0_crop5170.png,256,0,8993888_3129635
8993888_3129635_x384_y0_crop5171.png,384,0,8993888_3129635
8993888_3129635_x0_y128_crop5172.png,0,128,8993888_3129635
8993888_3129635_x128_y128_crop5173.png,128,128,8993888_3129635
8993888_3129635_x256_y128_crop5174.png,256,128,8993888_3129635
8993888_3129635_x384_y128_crop5175.png,384,128,8993888_3129635
8993888_3129635_x0_y256_crop5176.png,0,256,8993888_3129635
8993888_3129635_x128_y256_crop5177.png,128,256,8993888_3129635
8993888_3129635_x256_y256_crop5178.png,256,256,8993888_3129635
8993888_3129635_x384_y256_crop5179.png,384,256,8993888_3129635
8993888_3129635_x0_y384_crop5180.png,0,384,8993888_3129635
8993888_3129635_x128_y384_crop5181.png,128,384,8993888_3129635
8993888_3129635_x256_y384_crop5182.png,256,384,8993888_3129635
8993888_3129635_x384_y384_crop5183.png,384,384,8993888_3129635
8991137_3102117_x0_y0_crop5184.png,0,0,8991137_3102117
8991137_3102117_x128_y0_crop5185.png,128,0,8991137_3102117
8991137_3102117_x256_y0_crop5186.png,256,0,8991137_3102117
8991137_3102117_x384_y0_crop5187.png,384,0,8991137_3102117
8991137_3102117_x0_y128_crop5188.png,0,128,8991137_3102117
8991137_3102117_x128_y128_crop5189.png,128,128,8991137_3102117
8991137_3102117_x256_y128_crop5190.png,256,128,8991137_3102117
8991137_3102117_x384_y128_crop5191.png,384,128,8991137_3102117
8991137_3102117_x0_y256_crop5192.png,0,256,8991137_3102117
8991137_3102117_x128_y256_crop5193.png,128,256,8991137_3102117
8991137_3102117_x256_y256_crop5194.png,256,256,8991137_3102117
8991137_3102117_x384_y256_crop5195.png,384,256,8991137_3102117
8991137_3102117_x0_y384_crop5196.png,0,384,8991137_3102117
8991137_3102117_x128_y384_crop5197.png,128,384,8991137_3102117
8991137_3102117_x256_y384_crop5198.png,256,384,8991137_3102117
8991137_3102117_x384_y384_crop5199.png,384,384,8991137_3102117
9029661_3088359_x0_y0_crop5200.png,0,0,9029661_3088359
9029661_3088359_x128_y0_crop5201.png,128,0,9029661_3088359
9029661_3088359_x256_y0_crop5202.png,256,0,9029661_3088359
9029661_3088359_x384_y0_crop5203.png,384,0,9029661_3088359
9029661_3088359_x0_y128_crop5204.png,0,128,9029661_3088359
9029661_3088359_x128_y128_crop5205.png,128,128,9029661_3088359
9029661_3088359_x256_y128_crop5206.png,256,128,9029661_3088359
9029661_3088359_x384_y128_crop5207.png,384,128,9029661_3088359
9029661_3088359_x0_y256_crop5208.png,0,256,9029661_3088359
9029661_3088359_x128_y256_crop5209.png,128,256,9029661_3088359
9029661_3088359_x256_y256_crop5210.png,256,256,9029661_3088359
9029661_3088359_x384_y256_crop5211.png,384,256,9029661_3088359
9029661_3088359_x0_y384_crop5212.png,0,384,9029661_3088359
9029661_3088359_x128_y384_crop5213.png,128,384,9029661_3088359
9029661_3088359_x256_y384_crop5214.png,256,384,9029661_3088359
9029661_3088359_x384_y384_crop5215.png,384,384,9029661_3088359
9032413_3124131_x0_y0_crop5216.png,0,0,9032413_3124131
9032413_3124131_x128_y0_crop5217.png,128,0,9032413_3124131
9032413_3124131_x256_y0_crop5218.png,256,0,9032413_3124131
9032413_3124131_x384_y0_crop5219.png,384,0,9032413_3124131
9032413_3124131_x0_y128_crop5220.png,0,128,9032413_3124131
9032413_3124131_x128_y128_crop5221.png,128,128,9032413_3124131
9032413_3124131_x256_y128_crop5222.png,256,128,9032413_3124131
9032413_3124131_x384_y128_crop5223.png,384,128,9032413_3124131
9032413_3124131_x0_y256_crop5224.png,0,256,9032413_3124131
9032413_3124131_x128_y256_crop5225.png,128,256,9032413_3124131
9032413_3124131_x256_y256_crop5226.png,256,256,9032413_3124131
9032413_3124131_x384_y256_crop5227.png,384,256,9032413_3124131
9032413_3124131_x0_y384_crop5228.png,0,384,9032413_3124131
9032413_3124131_x128_y384_crop5229.png,128,384,9032413_3124131
9032413_3124131_x256_y384_crop5230.png,256,384,9032413_3124131
9032413_3124131_x384_y384_crop5231.png,384,384,9032413_3124131
9024157_3077352_x0_y0_crop5232.png,0,0,9024157_3077352
9024157_3077352_x128_y0_crop5233.png,128,0,9024157_3077352
9024157_3077352_x256_y0_crop5234.png,256,0,9024157_3077352
9024157_3077352_x384_y0_crop5235.png,384,0,9024157_3077352
9024157_3077352_x0_y128_crop5236.png,0,128,9024157_3077352
9024157_3077352_x128_y128_crop5237.png,128,128,9024157_3077352
9024157_3077352_x256_y128_crop5238.png,256,128,9024157_3077352
9024157_3077352_x384_y128_crop5239.png,384,128,9024157_3077352
9024157_3077352_x0_y256_crop5240.png,0,256,9024157_3077352
9024157_3077352_x128_y256_crop5241.png,128,256,9024157_3077352
9024157_3077352_x256_y256_crop5242.png,256,256,9024157_3077352
9024157_3077352_x384_y256_crop5243.png,384,256,9024157_3077352
9024157_3077352_x0_y384_crop5244.png,0,384,9024157_3077352
9024157_3077352_x128_y384_crop5245.png,128,384,9024157_3077352
9024157_3077352_x256_y384_crop5246.png,256,384,9024157_3077352
9024157_3077352_x384_y384_crop5247.png,384,384,9024157_3077352
9040668_3096614_x0_y0_crop5248.png,0,0,9040668_3096614
9040668_3096614_x128_y0_crop5249.png,128,0,9040668_3096614
9040668_3096614_x256_y0_crop5250.png,256,0,9040668_3096614
9040668_3096614_x384_y0_crop5251.png,384,0,9040668_3096614
9040668_3096614_x0_y128_crop5252.png,0,128,9040668_3096614
9040668_3096614_x128_y128_crop5253.png,128,128,9040668_3096614
9040668_3096614_x256_y128_crop5254.png,256,128,9040668_3096614
9040668_3096614_x384_y128_crop5255.png,384,128,9040668_3096614
9040668_3096614_x0_y256_crop5256.png,0,256,9040668_3096614
9040668_3096614_x128_y256_crop5257.png,128,256,9040668_3096614
9040668_3096614_x256_y256_crop5258.png,256,256,9040668_3096614
9040668_3096614_x384_y256_crop5259.png,384,256,9040668_3096614
9040668_3096614_x0_y384_crop5260.png,0,384,9040668_3096614
9040668_3096614_x128_y384_crop5261.png,128,384,9040668_3096614
9040668_3096614_x256_y384_crop5262.png,256,384,9040668_3096614
9040668_3096614_x384_y384_crop5263.png,384,384,9040668_3096614
8982881_3104869_x0_y0_crop5264.png,0,0,8982881_3104869
8982881_3104869_x128_y0_crop5265.png,128,0,8982881_3104869
8982881_3104869_x256_y0_crop5266.png,256,0,8982881_3104869
8982881_3104869_x384_y0_crop5267.png,384,0,8982881_3104869
8982881_3104869_x0_y128_crop5268.png,0,128,8982881_3104869
8982881_3104869_x128_y128_crop5269.png,128,128,8982881_3104869
8982881_3104869_x256_y128_crop5270.png,256,128,8982881_3104869
8982881_3104869_x384_y128_crop5271.png,384,128,8982881_3104869
8982881_3104869_x0_y256_crop5272.png,0,256,8982881_3104869
8982881_3104869_x128_y256_crop5273.png,128,256,8982881_3104869
8982881_3104869_x256_y256_crop5274.png,256,256,8982881_3104869
8982881_3104869_x384_y256_crop5275.png,384,256,8982881_3104869
8982881_3104869_x0_y384_crop5276.png,0,384,8982881_3104869
8982881_3104869_x128_y384_crop5277.png,128,384,8982881_3104869
8982881_3104869_x256_y384_crop5278.png,256,384,8982881_3104869
8982881_3104869_x384_y384_crop5279.png,384,384,8982881_3104869
9035164_3091111_x0_y0_crop5280.png,0,0,9035164_3091111
9035164_3091111_x128_y0_crop5281.png,128,0,9035164_3091111
9035164_3091111_x256_y0_crop5282.png,256,0,9035164_3091111
9035164_3091111_x384_y0_crop5283.png,384,0,9035164_3091111
9035164_3091111_x0_y128_crop5284.png,0,128,9035164_3091111
9035164_3091111_x128_y128_crop5285.png,128,128,9035164_3091111
9035164_3091111_x256_y128_crop5286.png,256,128,9035164_3091111
9035164_3091111_x384_y128_crop5287.png,384,128,9035164_3091111
9035164_3091111_x0_y256_crop5288.png,0,256,9035164_3091111
9035164_3091111_x128_y256_crop5289.png,128,256,9035164_3091111
9035164_3091111_x256_y256_crop5290.png,256,256,9035164_3091111
9035164_3091111_x384_y256_crop5291.png,384,256,9035164_3091111
9035164_3091111_x0_y384_crop5292.png,0,384,9035164_3091111
9035164_3091111_x128_y384_crop5293.png,128,384,9035164_3091111
9035164_3091111_x256_y384_crop5294.png,256,384,9035164_3091111
9035164_3091111_x384_y384_crop5295.png,384,384,9035164_3091111
9010399_3113124_x0_y0_crop5296.png,0,0,9010399_3113124
9010399_3113124_x128_y0_crop5297.png,128,0,9010399_3113124
9010399_3113124_x256_y0_crop5298.png,256,0,9010399_3113124
9010399_3113124_x384_y0_crop5299.png,384,0,9010399_3113124
9010399_3113124_x0_y128_crop5300.png,0,128,9010399_3113124
9010399_3113124_x128_y128_crop5301.png,128,128,9010399_3113124
9010399_3113124_x256_y128_crop5302.png,256,128,9010399_3113124
9010399_3113124_x384_y128_crop5303.png,384,128,9010399_3113124
9010399_3113124_x0_y256_crop5304.png,0,256,9010399_3113124
9010399_3113124_x128_y256_crop5305.png,128,256,9010399_3113124
9010399_3113124_x256_y256_crop5306.png,256,256,9010399_3113124
9010399_3113124_x384_y256_crop5307.png,384,256,9010399_3113124
9010399_3113124_x0_y384_crop5308.png,0,384,9010399_3113124
9010399_3113124_x128_y384_crop5309.png,128,384,9010399_3113124
9010399_3113124_x256_y384_crop5310.png,256,384,9010399_3113124
9010399_3113124_x384_y384_crop5311.png,384,384,9010399_3113124
9021406_3129635_x0_y0_crop5312.png,0,0,9021406_3129635
9021406_3129635_x128_y0_crop5313.png,128,0,9021406_3129635
9021406_3129635_x256_y0_crop5314.png,256,0,9021406_3129635
9021406_3129635_x384_y0_crop5315.png,384,0,9021406_3129635
9021406_3129635_x0_y128_crop5316.png,0,128,9021406_3129635
9021406_3129635_x128_y128_crop5317.png,128,128,9021406_3129635
9021406_3129635_x256_y128_crop5318.png,256,128,9021406_3129635
9021406_3129635_x384_y128_crop5319.png,384,128,9021406_3129635
9021406_3129635_x0_y256_crop5320.png,0,256,9021406_3129635
9021406_3129635_x128_y256_crop5321.png,128,256,9021406_3129635
9021406_3129635_x256_y256_crop5322.png,256,256,9021406_3129635
9021406_3129635_x384_y256_crop5323.png,384,256,9021406_3129635
9021406_3129635_x0_y384_crop5324.png,0,384,9021406_3129635
9021406_3129635_x128_y384_crop5325.png,128,384,9021406_3129635
9021406_3129635_x256_y384_crop5326.png,256,384,9021406_3129635
9021406_3129635_x384_y384_crop5327.png,384,384,9021406_3129635
9004895_3140642_x0_y0_crop5328.png,0,0,9004895_3140642
9004895_3140642_x128_y0_crop5329.png,128,0,9004895_3140642
9004895_3140642_x256_y0_crop5330.png,256,0,9004895_3140642
9004895_3140642_x384_y0_crop5331.png,384,0,9004895_3140642
9004895_3140642_x0_y128_crop5332.png,0,128,9004895_3140642
9004895_3140642_x128_y128_crop5333.png,128,128,9004895_3140642
9004895_3140642_x256_y128_crop5334.png,256,128,9004895_3140642
9004895_3140642_x384_y128_crop5335.png,384,128,9004895_3140642
9004895_3140642_x0_y256_crop5336.png,0,256,9004895_3140642
9004895_3140642_x128_y256_crop5337.png,128,256,9004895_3140642
9004895_3140642_x256_y256_crop5338.png,256,256,9004895_3140642
9004895_3140642_x384_y256_crop5339.png,384,256,9004895_3140642
9004895_3140642_x0_y384_crop5340.png,0,384,9004895_3140642
9004895_3140642_x128_y384_crop5341.png,128,384,9004895_3140642
9004895_3140642_x256_y384_crop5342.png,256,384,9004895_3140642
9004895_3140642_x384_y384_crop5343.png,384,384,9004895_3140642
9024157_3091111_x0_y0_crop5344.png,0,0,9024157_3091111
9024157_3091111_x128_y0_crop5345.png,128,0,9024157_3091111
9024157_3091111_x256_y0_crop5346.png,256,0,9024157_3091111
9024157_3091111_x384_y0_crop5347.png,384,0,9024157_3091111
9024157_3091111_x0_y128_crop5348.png,0,128,9024157_3091111
9024157_3091111_x128_y128_crop5349.png,128,128,9024157_3091111
9024157_3091111_x256_y128_crop5350.png,256,128,9024157_3091111
9024157_3091111_x384_y128_crop5351.png,384,128,9024157_3091111
9024157_3091111_x0_y256_crop5352.png,0,256,9024157_3091111
9024157_3091111_x128_y256_crop5353.png,128,256,9024157_3091111
9024157_3091111_x256_y256_crop5354.png,256,256,9024157_3091111
9024157_3091111_x384_y256_crop5355.png,384,256,9024157_3091111
9024157_3091111_x0_y384_crop5356.png,0,384,9024157_3091111
9024157_3091111_x128_y384_crop5357.png,128,384,9024157_3091111
9024157_3091111_x256_y384_crop5358.png,256,384,9024157_3091111
9024157_3091111_x384_y384_crop5359.png,384,384,9024157_3091111
9032413_3102117_x0_y0_crop5360.png,0,0,9032413_3102117
9032413_3102117_x128_y0_crop5361.png,128,0,9032413_3102117
9032413_3102117_x256_y0_crop5362.png,256,0,9032413_3102117
9032413_3102117_x384_y0_crop5363.png,384,0,9032413_3102117
9032413_3102117_x0_y128_crop5364.png,0,128,9032413_3102117
9032413_3102117_x128_y128_crop5365.png,128,128,9032413_3102117
9032413_3102117_x256_y128_crop5366.png,256,128,9032413_3102117
9032413_3102117_x384_y128_crop5367.png,384,128,9032413_3102117
9032413_3102117_x0_y256_crop5368.png,0,256,9032413_3102117
9032413_3102117_x128_y256_crop5369.png,128,256,9032413_3102117
9032413_3102117_x256_y256_crop5370.png,256,256,9032413_3102117
9032413_3102117_x384_y256_crop5371.png,384,256,9032413_3102117
9032413_3102117_x0_y384_crop5372.png,0,384,9032413_3102117
9032413_3102117_x128_y384_crop5373.png,128,384,9032413_3102117
9032413_3102117_x256_y384_crop5374.png,256,384,9032413_3102117
9032413_3102117_x384_y384_crop5375.png,384,384,9032413_3102117
8980130_3115876_x0_y0_crop5376.png,0,0,8980130_3115876
8980130_3115876_x128_y0_crop5377.png,128,0,8980130_3115876
8980130_3115876_x256_y0_crop5378.png,256,0,8980130_3115876
8980130_3115876_x384_y0_crop5379.png,384,0,8980130_3115876
8980130_3115876_x0_y128_crop5380.png,0,128,8980130_3115876
8980130_3115876_x128_y128_crop5381.png,128,128,8980130_3115876
8980130_3115876_x256_y128_crop5382.png,256,128,8980130_3115876
8980130_3115876_x384_y128_crop5383.png,384,128,8980130_3115876
8980130_3115876_x0_y256_crop5384.png,0,256,8980130_3115876
8980130_3115876_x128_y256_crop5385.png,128,256,8980130_3115876
8980130_3115876_x256_y256_crop5386.png,256,256,8980130_3115876
8980130_3115876_x384_y256_crop5387.png,384,256,8980130_3115876
8980130_3115876_x0_y384_crop5388.png,0,384,8980130_3115876
8980130_3115876_x128_y384_crop5389.png,128,384,8980130_3115876
8980130_3115876_x256_y384_crop5390.png,256,384,8980130_3115876
8980130_3115876_x384_y384_crop5391.png,384,384,8980130_3115876
9013151_3085607_x0_y0_crop5392.png,0,0,9013151_3085607
9013151_3085607_x128_y0_crop5393.png,128,0,9013151_3085607
9013151_3085607_x256_y0_crop5394.png,256,0,9013151_3085607
9013151_3085607_x384_y0_crop5395.png,384,0,9013151_3085607
9013151_3085607_x0_y128_crop5396.png,0,128,9013151_3085607
9013151_3085607_x128_y128_crop5397.png,128,128,9013151_3085607
9013151_3085607_x256_y128_crop5398.png,256,128,9013151_3085607
9013151_3085607_x384_y128_crop5399.png,384,128,9013151_3085607
9013151_3085607_x0_y256_crop5400.png,0,256,9013151_3085607
9013151_3085607_x128_y256_crop5401.png,128,256,9013151_3085607
9013151_3085607_x256_y256_crop5402.png,256,256,9013151_3085607
9013151_3085607_x384_y256_crop5403.png,384,256,9013151_3085607
9013151_3085607_x0_y384_crop5404.png,0,384,9013151_3085607
9013151_3085607_x128_y384_crop5405.png,128,384,9013151_3085607
9013151_3085607_x256_y384_crop5406.png,256,384,9013151_3085607
9013151_3085607_x384_y384_crop5407.png,384,384,9013151_3085607
9021406_3107621_x0_y0_crop5408.png,0,0,9021406_3107621
9021406_3107621_x128_y0_crop5409.png,128,0,9021406_3107621
9021406_3107621_x256_y0_crop5410.png,256,0,9021406_3107621
9021406_3107621_x384_y0_crop5411.png,384,0,9021406_3107621
9021406_3107621_x0_y128_crop5412.png,0,128,9021406_3107621
9021406_3107621_x128_y128_crop5413.png,128,128,9021406_3107621
9021406_3107621_x256_y128_crop5414.png,256,128,9021406_3107621
9021406_3107621_x384_y128_crop5415.png,384,128,9021406_3107621
9021406_3107621_x0_y256_crop5416.png,0,256,9021406_3107621
9021406_3107621_x128_y256_crop5417.png,128,256,9021406_3107621
9021406_3107621_x256_y256_crop5418.png,256,256,9021406_3107621
9021406_3107621_x384_y256_crop5419.png,384,256,9021406_3107621
9021406_3107621_x0_y384_crop5420.png,0,384,9021406_3107621
9021406_3107621_x128_y384_crop5421.png,128,384,9021406_3107621
9021406_3107621_x256_y384_crop5422.png,256,384,9021406_3107621
9021406_3107621_x384_y384_crop5423.png,384,384,9021406_3107621
9010399_3140642_x0_y0_crop5424.png,0,0,9010399_3140642
9010399_3140642_x128_y0_crop5425.png,128,0,9010399_3140642
9010399_3140642_x256_y0_crop5426.png,256,0,9010399_3140642
9010399_3140642_x384_y0_crop5427.png,384,0,9010399_3140642
9010399_3140642_x0_y128_crop5428.png,0,128,9010399_3140642
9010399_3140642_x128_y128_crop5429.png,128,128,9010399_3140642
9010399_3140642_x256_y128_crop5430.png,256,128,9010399_3140642
9010399_3140642_x384_y128_crop5431.png,384,128,9010399_3140642
9010399_3140642_x0_y256_crop5432.png,0,256,9010399_3140642
9010399_3140642_x128_y256_crop5433.png,128,256,9010399_3140642
9010399_3140642_x256_y256_crop5434.png,256,256,9010399_3140642
9010399_3140642_x384_y256_crop5435.png,384,256,9010399_3140642
9010399_3140642_x0_y384_crop5436.png,0,384,9010399_3140642
9010399_3140642_x128_y384_crop5437.png,128,384,9010399_3140642
9010399_3140642_x256_y384_crop5438.png,256,384,9010399_3140642
9010399_3140642_x384_y384_crop5439.png,384,384,9010399_3140642
9037916_3137890_x0_y0_crop5440.png,0,0,9037916_3137890
9037916_3137890_x128_y0_crop5441.png,128,0,9037916_3137890
9037916_3137890_x256_y0_crop5442.png,256,0,9037916_3137890
9037916_3137890_x384_y0_crop5443.png,384,0,9037916_3137890
9037916_3137890_x0_y128_crop5444.png,0,128,9037916_3137890
9037916_3137890_x128_y128_crop5445.png,128,128,9037916_3137890
9037916_3137890_x256_y128_crop5446.png,256,128,9037916_3137890
9037916_3137890_x384_y128_crop5447.png,384,128,9037916_3137890
9037916_3137890_x0_y256_crop5448.png,0,256,9037916_3137890
9037916_3137890_x128_y256_crop5449.png,128,256,9037916_3137890
9037916_3137890_x256_y256_crop5450.png,256,256,9037916_3137890
9037916_3137890_x384_y256_crop5451.png,384,256,9037916_3137890
9037916_3137890_x0_y384_crop5452.png,0,384,9037916_3137890
9037916_3137890_x128_y384_crop5453.png,128,384,9037916_3137890
9037916_3137890_x256_y384_crop5454.png,256,384,9037916_3137890
9037916_3137890_x384_y384_crop5455.png,384,384,9037916_3137890
8985633_3102117_x0_y0_crop5456.png,0,0,8985633_3102117
8985633_3102117_x128_y0_crop5457.png,128,0,8985633_3102117
8985633_3102117_x256_y0_crop5458.png,256,0,8985633_3102117
8985633_3102117_x384_y0_crop5459.png,384,0,8985633_3102117
8985633_3102117_x0_y128_crop5460.png,0,128,8985633_3102117
8985633_3102117_x128_y128_crop5461.png,128,128,8985633_3102117
8985633_3102117_x256_y128_crop5462.png,256,128,8985633_3102117
8985633_3102117_x384_y128_crop5463.png,384,128,8985633_3102117
8985633_3102117_x0_y256_crop5464.png,0,256,8985633_3102117
8985633_3102117_x128_y256_crop5465.png,128,256,8985633_3102117
8985633_3102117_x256_y256_crop5466.png,256,256,8985633_3102117
8985633_3102117_x384_y256_crop5467.png,384,256,8985633_3102117
8985633_3102117_x0_y384_crop5468.png,0,384,8985633_3102117
8985633_3102117_x128_y384_crop5469.png,128,384,8985633_3102117
8985633_3102117_x256_y384_crop5470.png,256,384,8985633_3102117
8985633_3102117_x384_y384_crop5471.png,384,384,8985633_3102117
9026909_3088359_x0_y0_crop5472.png,0,0,9026909_3088359
9026909_3088359_x128_y0_crop5473.png,128,0,9026909_3088359
9026909_3088359_x256_y0_crop5474.png,256,0,9026909_3088359
9026909_3088359_x384_y0_crop5475.png,384,0,9026909_3088359
9026909_3088359_x0_y128_crop5476.png,0,128,9026909_3088359
9026909_3088359_x128_y128_crop5477.png,128,128,9026909_3088359
9026909_3088359_x256_y128_crop5478.png,256,128,9026909_3088359
9026909_3088359_x384_y128_crop5479.png,384,128,9026909_3088359
9026909_3088359_x0_y256_crop5480.png,0,256,9026909_3088359
9026909_3088359_x128_y256_crop5481.png,128,256,9026909_3088359
9026909_3088359_x256_y256_crop5482.png,256,256,9026909_3088359
9026909_3088359_x384_y256_crop5483.png,384,256,9026909_3088359
9026909_3088359_x0_y384_crop5484.png,0,384,9026909_3088359
9026909_3088359_x128_y384_crop5485.png,128,384,9026909_3088359
9026909_3088359_x256_y384_crop5486.png,256,384,9026909_3088359
9026909_3088359_x384_y384_crop5487.png,384,384,9026909_3088359
9024157_3093862_x0_y0_crop5488.png,0,0,9024157_3093862
9024157_3093862_x128_y0_crop5489.png,128,0,9024157_3093862
9024157_3093862_x256_y0_crop5490.png,256,0,9024157_3093862
9024157_3093862_x384_y0_crop5491.png,384,0,9024157_3093862
9024157_3093862_x0_y128_crop5492.png,0,128,9024157_3093862
9024157_3093862_x128_y128_crop5493.png,128,128,9024157_3093862
9024157_3093862_x256_y128_crop5494.png,256,128,9024157_3093862
9024157_3093862_x384_y128_crop5495.png,384,128,9024157_3093862
9024157_3093862_x0_y256_crop5496.png,0,256,9024157_3093862
9024157_3093862_x128_y256_crop5497.png,128,256,9024157_3093862
9024157_3093862_x256_y256_crop5498.png,256,256,9024157_3093862
9024157_3093862_x384_y256_crop5499.png,384,256,9024157_3093862
9024157_3093862_x0_y384_crop5500.png,0,384,9024157_3093862
9024157_3093862_x128_y384_crop5501.png,128,384,9024157_3093862
9024157_3093862_x256_y384_crop5502.png,256,384,9024157_3093862
9024157_3093862_x384_y384_crop5503.png,384,384,9024157_3093862
9018654_3096614_x0_y0_crop5504.png,0,0,9018654_3096614
9018654_3096614_x128_y0_crop5505.png,128,0,9018654_3096614
9018654_3096614_x256_y0_crop5506.png,256,0,9018654_3096614
9018654_3096614_x384_y0_crop5507.png,384,0,9018654_3096614
9018654_3096614_x0_y128_crop5508.png,0,128,9018654_3096614
9018654_3096614_x128_y128_crop5509.png,128,128,9018654_3096614
9018654_3096614_x256_y128_crop5510.png,256,128,9018654_3096614
9018654_3096614_x384_y128_crop5511.png,384,128,9018654_3096614
9018654_3096614_x0_y256_crop5512.png,0,256,9018654_3096614
9018654_3096614_x128_y256_crop5513.png,128,256,9018654_3096614
9018654_3096614_x256_y256_crop5514.png,256,256,9018654_3096614
9018654_3096614_x384_y256_crop5515.png,384,256,9018654_3096614
9018654_3096614_x0_y384_crop5516.png,0,384,9018654_3096614
9018654_3096614_x128_y384_crop5517.png,128,384,9018654_3096614
9018654_3096614_x256_y384_crop5518.png,256,384,9018654_3096614
9018654_3096614_x384_y384_crop5519.png,384,384,9018654_3096614
9004895_3118628_x0_y0_crop5520.png,0,0,9004895_3118628
9004895_3118628_x128_y0_crop5521.png,128,0,9004895_3118628
9004895_3118628_x256_y0_crop5522.png,256,0,9004895_3118628
9004895_3118628_x384_y0_crop5523.png,384,0,9004895_3118628
9004895_3118628_x0_y128_crop5524.png,0,128,9004895_3118628
9004895_3118628_x128_y128_crop5525.png,128,128,9004895_3118628
9004895_3118628_x256_y128_crop5526.png,256,128,9004895_3118628
9004895_3118628_x384_y128_crop5527.png,384,128,9004895_3118628
9004895_3118628_x0_y256_crop5528.png,0,256,9004895_3118628
9004895_3118628_x128_y256_crop5529.png,128,256,9004895_3118628
9004895_3118628_x256_y256_crop5530.png,256,256,9004895_3118628
9004895_3118628_x384_y256_crop5531.png,384,256,9004895_3118628
9004895_3118628_x0_y384_crop5532.png,0,384,9004895_3118628
9004895_3118628_x128_y384_crop5533.png,128,384,9004895_3118628
9004895_3118628_x256_y384_crop5534.png,256,384,9004895_3118628
9004895_3118628_x384_y384_crop5535.png,384,384,9004895_3118628
9024157_3107621_x0_y0_crop5536.png,0,0,9024157_3107621
9024157_3107621_x128_y0_crop5537.png,128,0,9024157_3107621
9024157_3107621_x256_y0_crop5538.png,256,0,9024157_3107621
9024157_3107621_x384_y0_crop5539.png,384,0,9024157_3107621
9024157_3107621_x0_y128_crop5540.png,0,128,9024157_3107621
9024157_3107621_x128_y128_crop5541.png,128,128,9024157_3107621
9024157_3107621_x256_y128_crop5542.png,256,128,9024157_3107621
9024157_3107621_x384_y128_crop5543.png,384,128,9024157_3107621
9024157_3107621_x0_y256_crop5544.png,0,256,9024157_3107621
9024157_3107621_x128_y256_crop5545.png,128,256,9024157_3107621
9024157_3107621_x256_y256_crop5546.png,256,256,9024157_3107621
9024157_3107621_x384_y256_crop5547.png,384,256,9024157_3107621
9024157_3107621_x0_y384_crop5548.png,0,384,9024157_3107621
9024157_3107621_x128_y384_crop5549.png,128,384,9024157_3107621
9024157_3107621_x256_y384_crop5550.png,256,384,9024157_3107621
9024157_3107621_x384_y384_crop5551.png,384,384,9024157_3107621
8993888_3085607_x0_y0_crop5552.png,0,0,8993888_3085607
8993888_3085607_x128_y0_crop5553.png,128,0,8993888_3085607
8993888_3085607_x256_y0_crop5554.png,256,0,8993888_3085607
8993888_3085607_x384_y0_crop5555.png,384,0,8993888_3085607
8993888_3085607_x0_y128_crop5556.png,0,128,8993888_3085607
8993888_3085607_x128_y128_crop5557.png,128,128,8993888_3085607
8993888_3085607_x256_y128_crop5558.png,256,128,8993888_3085607
8993888_3085607_x384_y128_crop5559.png,384,128,8993888_3085607
8993888_3085607_x0_y256_crop5560.png,0,256,8993888_3085607
8993888_3085607_x128_y256_crop5561.png,128,256,8993888_3085607
8993888_3085607_x256_y256_crop5562.png,256,256,8993888_3085607
8993888_3085607_x384_y256_crop5563.png,384,256,8993888_3085607
8993888_3085607_x0_y384_crop5564.png,0,384,8993888_3085607
8993888_3085607_x128_y384_crop5565.png,128,384,8993888_3085607
8993888_3085607_x256_y384_crop5566.png,256,384,8993888_3085607
8993888_3085607_x384_y384_crop5567.png,384,384,8993888_3085607
9035164_3140642_x0_y0_crop5568.png,0,0,9035164_3140642
9035164_3140642_x128_y0_crop5569.png,128,0,9035164_3140642
9035164_3140642_x256_y0_crop5570.png,256,0,9035164_3140642
9035164_3140642_x384_y0_crop5571.png,384,0,9035164_3140642
9035164_3140642_x0_y128_crop5572.png,0,128,9035164_3140642
9035164_3140642_x128_y128_crop5573.png,128,128,9035164_3140642
9035164_3140642_x256_y128_crop5574.png,256,128,9035164_3140642
9035164_3140642_x384_y128_crop5575.png,384,128,9035164_3140642
9035164_3140642_x0_y256_crop5576.png,0,256,9035164_3140642
9035164_3140642_x128_y256_crop5577.png,128,256,9035164_3140642
9035164_3140642_x256_y256_crop5578.png,256,256,9035164_3140642
9035164_3140642_x384_y256_crop5579.png,384,256,9035164_3140642
9035164_3140642_x0_y384_crop5580.png,0,384,9035164_3140642
9035164_3140642_x128_y384_crop5581.png,128,384,9035164_3140642
9035164_3140642_x256_y384_crop5582.png,256,384,9035164_3140642
9035164_3140642_x384_y384_crop5583.png,384,384,9035164_3140642
9040668_3082855_x0_y0_crop5584.png,0,0,9040668_3082855
9040668_3082855_x128_y0_crop5585.png,128,0,9040668_3082855
9040668_3082855_x256_y0_crop5586.png,256,0,9040668_3082855
9040668_3082855_x384_y0_crop5587.png,384,0,9040668_3082855
9040668_3082855_x0_y128_crop5588.png,0,128,9040668_3082855
9040668_3082855_x128_y128_crop5589.png,128,128,9040668_3082855
9040668_3082855_x256_y128_crop5590.png,256,128,9040668_3082855
9040668_3082855_x384_y128_crop5591.png,384,128,9040668_3082855
9040668_3082855_x0_y256_crop5592.png,0,256,9040668_3082855
9040668_3082855_x128_y256_crop5593.png,128,256,9040668_3082855
9040668_3082855_x256_y256_crop5594.png,256,256,9040668_3082855
9040668_3082855_x384_y256_crop5595.png,384,256,9040668_3082855
9040668_3082855_x0_y384_crop5596.png,0,384,9040668_3082855
9040668_3082855_x128_y384_crop5597.png,128,384,9040668_3082855
9040668_3082855_x256_y384_crop5598.png,256,384,9040668_3082855
9040668_3082855_x384_y384_crop5599.png,384,384,9040668_3082855
8999392_3146145_x0_y0_crop5600.png,0,0,8999392_3146145
8999392_3146145_x128_y0_crop5601.png,128,0,8999392_3146145
8999392_3146145_x256_y0_crop5602.png,256,0,8999392_3146145
8999392_3146145_x384_y0_crop5603.png,384,0,8999392_3146145
8999392_3146145_x0_y128_crop5604.png,0,128,8999392_3146145
8999392_3146145_x128_y128_crop5605.png,128,128,8999392_3146145
8999392_3146145_x256_y128_crop5606.png,256,128,8999392_3146145
8999392_3146145_x384_y128_crop5607.png,384,128,8999392_3146145
8999392_3146145_x0_y256_crop5608.png,0,256,8999392_3146145
8999392_3146145_x128_y256_crop5609.png,128,256,8999392_3146145
8999392_3146145_x256_y256_crop5610.png,256,256,8999392_3146145
8999392_3146145_x384_y256_crop5611.png,384,256,8999392_3146145
8999392_3146145_x0_y384_crop5612.png,0,384,8999392_3146145
8999392_3146145_x128_y384_crop5613.png,128,384,8999392_3146145
8999392_3146145_x256_y384_crop5614.png,256,384,8999392_3146145
8999392_3146145_x384_y384_crop5615.png,384,384,8999392_3146145
8993888_3124131_x0_y0_crop5616.png,0,0,8993888_3124131
8993888_3124131_x128_y0_crop5617.png,128,0,8993888_3124131
8993888_3124131_x256_y0_crop5618.png,256,0,8993888_3124131
8993888_3124131_x384_y0_crop5619.png,384,0,8993888_3124131
8993888_3124131_x0_y128_crop5620.png,0,128,8993888_3124131
8993888_3124131_x128_y128_crop5621.png,128,128,8993888_3124131
8993888_3124131_x256_y128_crop5622.png,256,128,8993888_3124131
8993888_3124131_x384_y128_crop5623.png,384,128,8993888_3124131
8993888_3124131_x0_y256_crop5624.png,0,256,8993888_3124131
8993888_3124131_x128_y256_crop5625.png,128,256,8993888_3124131
8993888_3124131_x256_y256_crop5626.png,256,256,8993888_3124131
8993888_3124131_x384_y256_crop5627.png,384,256,8993888_3124131
8993888_3124131_x0_y384_crop5628.png,0,384,8993888_3124131
8993888_3124131_x128_y384_crop5629.png,128,384,8993888_3124131
8993888_3124131_x256_y384_crop5630.png,256,384,8993888_3124131
8993888_3124131_x384_y384_crop5631.png,384,384,8993888_3124131
9024157_3126883_x0_y0_crop5632.png,0,0,9024157_3126883
9024157_3126883_x128_y0_crop5633.png,128,0,9024157_3126883
9024157_3126883_x256_y0_crop5634.png,256,0,9024157_3126883
9024157_3126883_x384_y0_crop5635.png,384,0,9024157_3126883
9024157_3126883_x0_y128_crop5636.png,0,128,9024157_3126883
9024157_3126883_x128_y128_crop5637.png,128,128,9024157_3126883
9024157_3126883_x256_y128_crop5638.png,256,128,9024157_3126883
9024157_3126883_x384_y128_crop5639.png,384,128,9024157_3126883
9024157_3126883_x0_y256_crop5640.png,0,256,9024157_3126883
9024157_3126883_x128_y256_crop5641.png,128,256,9024157_3126883
9024157_3126883_x256_y256_crop5642.png,256,256,9024157_3126883
9024157_3126883_x384_y256_crop5643.png,384,256,9024157_3126883
9024157_3126883_x0_y384_crop5644.png,0,384,9024157_3126883
9024157_3126883_x128_y384_crop5645.png,128,384,9024157_3126883
9024157_3126883_x256_y384_crop5646.png,256,384,9024157_3126883
9024157_3126883_x384_y384_crop5647.png,384,384,9024157_3126883
9015902_3085607_x0_y0_crop5648.png,0,0,9015902_3085607
9015902_3085607_x128_y0_crop5649.png,128,0,9015902_3085607
9015902_3085607_x256_y0_crop5650.png,256,0,9015902_3085607
9015902_3085607_x384_y0_crop5651.png,384,0,9015902_3085607
9015902_3085607_x0_y128_crop5652.png,0,128,9015902_3085607
9015902_3085607_x128_y128_crop5653.png,128,128,9015902_3085607
9015902_3085607_x256_y128_crop5654.png,256,128,9015902_3085607
9015902_3085607_x384_y128_crop5655.png,384,128,9015902_3085607
9015902_3085607_x0_y256_crop5656.png,0,256,9015902_3085607
9015902_3085607_x128_y256_crop5657.png,128,256,9015902_3085607
9015902_3085607_x256_y256_crop5658.png,256,256,9015902_3085607
9015902_3085607_x384_y256_crop5659.png,384,256,9015902_3085607
9015902_3085607_x0_y384_crop5660.png,0,384,9015902_3085607
9015902_3085607_x128_y384_crop5661.png,128,384,9015902_3085607
9015902_3085607_x256_y384_crop5662.png,256,384,9015902_3085607
9015902_3085607_x384_y384_crop5663.png,384,384,9015902_3085607
9029661_3080104_x0_y0_crop5664.png,0,0,9029661_3080104
9029661_3080104_x128_y0_crop5665.png,128,0,9029661_3080104
9029661_3080104_x256_y0_crop5666.png,256,0,9029661_3080104
9029661_3080104_x384_y0_crop5667.png,384,0,9029661_3080104
9029661_3080104_x0_y128_crop5668.png,0,128,9029661_3080104
9029661_3080104_x128_y128_crop5669.png,128,128,9029661_3080104
9029661_3080104_x256_y128_crop5670.png,256,128,9029661_3080104
9029661_3080104_x384_y128_crop5671.png,384,128,9029661_3080104
9029661_3080104_x0_y256_crop5672.png,0,256,9029661_3080104
9029661_3080104_x128_y256_crop5673.png,128,256,9029661_3080104
9029661_3080104_x256_y256_crop5674.png,256,256,9029661_3080104
9029661_3080104_x384_y256_crop5675.png,384,256,9029661_3080104
9029661_3080104_x0_y384_crop5676.png,0,384,9029661_3080104
9029661_3080104_x128_y384_crop5677.png,128,384,9029661_3080104
9029661_3080104_x256_y384_crop5678.png,256,384,9029661_3080104
9029661_3080104_x384_y384_crop5679.png,384,384,9029661_3080104
9002144_3129635_x0_y0_crop5680.png,0,0,9002144_3129635
9002144_3129635_x128_y0_crop5681.png,128,0,9002144_3129635
9002144_3129635_x256_y0_crop5682.png,256,0,9002144_3129635
9002144_3129635_x384_y0_crop5683.png,384,0,9002144_3129635
9002144_3129635_x0_y128_crop5684.png,0,128,9002144_3129635
9002144_3129635_x128_y128_crop5685.png,128,128,9002144_3129635
9002144_3129635_x256_y128_crop5686.png,256,128,9002144_3129635
9002144_3129635_x384_y128_crop5687.png,384,128,9002144_3129635
9002144_3129635_x0_y256_crop5688.png,0,256,9002144_3129635
9002144_3129635_x128_y256_crop5689.png,128,256,9002144_3129635
9002144_3129635_x256_y256_crop5690.png,256,256,9002144_3129635
9002144_3129635_x384_y256_crop5691.png,384,256,9002144_3129635
9002144_3129635_x0_y384_crop5692.png,0,384,9002144_3129635
9002144_3129635_x128_y384_crop5693.png,128,384,9002144_3129635
9002144_3129635_x256_y384_crop5694.png,256,384,9002144_3129635
9002144_3129635_x384_y384_crop5695.png,384,384,9002144_3129635
9037916_3146145_x0_y0_crop5696.png,0,0,9037916_3146145
9037916_3146145_x128_y0_crop5697.png,128,0,9037916_3146145
9037916_3146145_x256_y0_crop5698.png,256,0,9037916_3146145
9037916_3146145_x384_y0_crop5699.png,384,0,9037916_3146145
9037916_3146145_x0_y128_crop5700.png,0,128,9037916_3146145
9037916_3146145_x128_y128_crop5701.png,128,128,9037916_3146145
9037916_3146145_x256_y128_crop5702.png,256,128,9037916_3146145
9037916_3146145_x384_y128_crop5703.png,384,128,9037916_3146145
9037916_3146145_x0_y256_crop5704.png,0,256,9037916_3146145
9037916_3146145_x128_y256_crop5705.png,128,256,9037916_3146145
9037916_3146145_x256_y256_crop5706.png,256,256,9037916_3146145
9037916_3146145_x384_y256_crop5707.png,384,256,9037916_3146145
9037916_3146145_x0_y384_crop5708.png,0,384,9037916_3146145
9037916_3146145_x128_y384_crop5709.png,128,384,9037916_3146145
9037916_3146145_x256_y384_crop5710.png,256,384,9037916_3146145
9037916_3146145_x384_y384_crop5711.png,384,384,9037916_3146145
8988385_3110373_x0_y0_crop5712.png,0,0,8988385_3110373
8988385_3110373_x128_y0_crop5713.png,128,0,8988385_3110373
8988385_3110373_x256_y0_crop5714.png,256,0,8988385_3110373
8988385_3110373_x384_y0_crop5715.png,384,0,8988385_3110373
8988385_3110373_x0_y128_crop5716.png,0,128,8988385_3110373
8988385_3110373_x128_y128_crop5717.png,128,128,8988385_3110373
8988385_3110373_x256_y128_crop5718.png,256,128,8988385_3110373
8988385_3110373_x384_y128_crop5719.png,384,128,8988385_3110373
8988385_3110373_x0_y256_crop5720.png,0,256,8988385_3110373
8988385_3110373_x128_y256_crop5721.png,128,256,8988385_3110373
8988385_3110373_x256_y256_crop5722.png,256,256,8988385_3110373
8988385_3110373_x384_y256_crop5723.png,384,256,8988385_3110373
8988385_3110373_x0_y384_crop5724.png,0,384,8988385_3110373
8988385_3110373_x128_y384_crop5725.png,128,384,8988385_3110373
8988385_3110373_x256_y384_crop5726.png,256,384,8988385_3110373
8988385_3110373_x384_y384_crop5727.png,384,384,8988385_3110373
9032413_3115876_x0_y0_crop5728.png,0,0,9032413_3115876
9032413_3115876_x128_y0_crop5729.png,128,0,9032413_3115876
9032413_3115876_x256_y0_crop5730.png,256,0,9032413_3115876
9032413_3115876_x384_y0_crop5731.png,384,0,9032413_3115876
9032413_3115876_x0_y128_crop5732.png,0,128,9032413_3115876
9032413_3115876_x128_y128_crop5733.png,128,128,9032413_3115876
9032413_3115876_x256_y128_crop5734.png,256,128,9032413_3115876
9032413_3115876_x384_y128_crop5735.png,384,128,9032413_3115876
9032413_3115876_x0_y256_crop5736.png,0,256,9032413_3115876
9032413_3115876_x128_y256_crop5737.png,128,256,9032413_3115876
9032413_3115876_x256_y256_crop5738.png,256,256,9032413_3115876
9032413_3115876_x384_y256_crop5739.png,384,256,9032413_3115876
9032413_3115876_x0_y384_crop5740.png,0,384,9032413_3115876
9032413_3115876_x128_y384_crop5741.png,128,384,9032413_3115876
9032413_3115876_x256_y384_crop5742.png,256,384,9032413_3115876
9032413_3115876_x384_y384_crop5743.png,384,384,9032413_3115876
8996640_3082855_x0_y0_crop5744.png,0,0,8996640_3082855
8996640_3082855_x128_y0_crop5745.png,128,0,8996640_3082855
8996640_3082855_x256_y0_crop5746.png,256,0,8996640_3082855
8996640_3082855_x384_y0_crop5747.png,384,0,8996640_3082855
8996640_3082855_x0_y128_crop5748.png,0,128,8996640_3082855
8996640_3082855_x128_y128_crop5749.png,128,128,8996640_3082855
8996640_3082855_x256_y128_crop5750.png,256,128,8996640_3082855
8996640_3082855_x384_y128_crop5751.png,384,128,8996640_3082855
8996640_3082855_x0_y256_crop5752.png,0,256,8996640_3082855
8996640_3082855_x128_y256_crop5753.png,128,256,8996640_3082855
8996640_3082855_x256_y256_crop5754.png,256,256,8996640_3082855
8996640_3082855_x384_y256_crop5755.png,384,256,8996640_3082855
8996640_3082855_x0_y384_crop5756.png,0,384,8996640_3082855
8996640_3082855_x128_y384_crop5757.png,128,384,8996640_3082855
8996640_3082855_x256_y384_crop5758.png,256,384,8996640_3082855
8996640_3082855_x384_y384_crop5759.png,384,384,8996640_3082855
9018654_3093862_x0_y0_crop5760.png,0,0,9018654_3093862
9018654_3093862_x128_y0_crop5761.png,128,0,9018654_3093862
9018654_3093862_x256_y0_crop5762.png,256,0,9018654_3093862
9018654_3093862_x384_y0_crop5763.png,384,0,9018654_3093862
9018654_3093862_x0_y128_crop5764.png,0,128,9018654_3093862
9018654_3093862_x128_y128_crop5765.png,128,128,9018654_3093862
9018654_3093862_x256_y128_crop5766.png,256,128,9018654_3093862
9018654_3093862_x384_y128_crop5767.png,384,128,9018654_3093862
9018654_3093862_x0_y256_crop5768.png,0,256,9018654_3093862
9018654_3093862_x128_y256_crop5769.png,128,256,9018654_3093862
9018654_3093862_x256_y256_crop5770.png,256,256,9018654_3093862
9018654_3093862_x384_y256_crop5771.png,384,256,9018654_3093862
9018654_3093862_x0_y384_crop5772.png,0,384,9018654_3093862
9018654_3093862_x128_y384_crop5773.png,128,384,9018654_3093862
9018654_3093862_x256_y384_crop5774.png,256,384,9018654_3093862
9018654_3093862_x384_y384_crop5775.png,384,384,9018654_3093862
8993888_3107621_x0_y0_crop5776.png,0,0,8993888_3107621
8993888_3107621_x128_y0_crop5777.png,128,0,8993888_3107621
8993888_3107621_x256_y0_crop5778.png,256,0,8993888_3107621
8993888_3107621_x384_y0_crop5779.png,384,0,8993888_3107621
8993888_3107621_x0_y128_crop5780.png,0,128,8993888_3107621
8993888_3107621_x128_y128_crop5781.png,128,128,8993888_3107621
8993888_3107621_x256_y128_crop5782.png,256,128,8993888_3107621
8993888_3107621_x384_y128_crop5783.png,384,128,8993888_3107621
8993888_3107621_x0_y256_crop5784.png,0,256,8993888_3107621
8993888_3107621_x128_y256_crop5785.png,128,256,8993888_3107621
8993888_3107621_x256_y256_crop5786.png,256,256,8993888_3107621
8993888_3107621_x384_y256_crop5787.png,384,256,8993888_3107621
8993888_3107621_x0_y384_crop5788.png,0,384,8993888_3107621
8993888_3107621_x128_y384_crop5789.png,128,384,8993888_3107621
8993888_3107621_x256_y384_crop5790.png,256,384,8993888_3107621
8993888_3107621_x384_y384_crop5791.png,384,384,8993888_3107621
9024157_3104869_x0_y0_crop5792.png,0,0,9024157_3104869
9024157_3104869_x128_y0_crop5793.png,128,0,9024157_3104869
9024157_3104869_x256_y0_crop5794.png,256,0,9024157_3104869
9024157_3104869_x384_y0_crop5795.png,384,0,9024157_3104869
9024157_3104869_x0_y128_crop5796.png,0,128,9024157_3104869
9024157_3104869_x128_y128_crop5797.png,128,128,9024157_3104869
9024157_3104869_x256_y128_crop5798.png,256,128,9024157_3104869
9024157_3104869_x384_y128_crop5799.png,384,128,9024157_3104869
9024157_3104869_x0_y256_crop5800.png,0,256,9024157_3104869
9024157_3104869_x128_y256_crop5801.png,128,256,9024157_3104869
9024157_3104869_x256_y256_crop5802.png,256,256,9024157_3104869
9024157_3104869_x384_y256_crop5803.png,384,256,9024157_3104869
9024157_3104869_x0_y384_crop5804.png,0,384,9024157_3104869
9024157_3104869_x128_y384_crop5805.png,128,384,9024157_3104869
9024157_3104869_x256_y384_crop5806.png,256,384,9024157_3104869
9024157_3104869_x384_y384_crop5807.png,384,384,9024157_3104869
8980130_3126883_x0_y0_crop5808.png,0,0,8980130_3126883
8980130_3126883_x128_y0_crop5809.png,128,0,8980130_3126883
8980130_3126883_x256_y0_crop5810.png,256,0,8980130_3126883
8980130_3126883_x384_y0_crop5811.png,384,0,8980130_3126883
8980130_3126883_x0_y128_crop5812.png,0,128,8980130_3126883
8980130_3126883_x128_y128_crop5813.png,128,128,8980130_3126883
8980130_3126883_x256_y128_crop5814.png,256,128,8980130_3126883
8980130_3126883_x384_y128_crop5815.png,384,128,8980130_3126883
8980130_3126883_x0_y256_crop5816.png,0,256,8980130_3126883
8980130_3126883_x128_y256_crop5817.png,128,256,8980130_3126883
8980130_3126883_x256_y256_crop5818.png,256,256,8980130_3126883
8980130_3126883_x384_y256_crop5819.png,384,256,8980130_3126883
8980130_3126883_x0_y384_crop5820.png,0,384,8980130_3126883
8980130_3126883_x128_y384_crop5821.png,128,384,8980130_3126883
8980130_3126883_x256_y384_crop5822.png,256,384,8980130_3126883
8980130_3126883_x384_y384_crop5823.png,384,384,8980130_3126883
8985633_3099366_x0_y0_crop5824.png,0,0,8985633_3099366
8985633_3099366_x128_y0_crop5825.png,128,0,8985633_3099366
8985633_3099366_x256_y0_crop5826.png,256,0,8985633_3099366
8985633_3099366_x384_y0_crop5827.png,384,0,8985633_3099366
8985633_3099366_x0_y128_crop5828.png,0,128,8985633_3099366
8985633_3099366_x128_y128_crop5829.png,128,128,8985633_3099366
8985633_3099366_x256_y128_crop5830.png,256,128,8985633_3099366
8985633_3099366_x384_y128_crop5831.png,384,128,8985633_3099366
8985633_3099366_x0_y256_crop5832.png,0,256,8985633_3099366
8985633_3099366_x128_y256_crop5833.png,128,256,8985633_3099366
8985633_3099366_x256_y256_crop5834.png,256,256,8985633_3099366
8985633_3099366_x384_y256_crop5835.png,384,256,8985633_3099366
8985633_3099366_x0_y384_crop5836.png,0,384,8985633_3099366
8985633_3099366_x128_y384_crop5837.png,128,384,8985633_3099366
8985633_3099366_x256_y384_crop5838.png,256,384,8985633_3099366
8985633_3099366_x384_y384_crop5839.png,384,384,8985633_3099366
8991137_3146145_x0_y0_crop5840.png,0,0,8991137_3146145
8991137_3146145_x128_y0_crop5841.png,128,0,8991137_3146145
8991137_3146145_x256_y0_crop5842.png,256,0,8991137_3146145
8991137_3146145_x384_y0_crop5843.png,384,0,8991137_3146145
8991137_3146145_x0_y128_crop5844.png,0,128,8991137_3146145
8991137_3146145_x128_y128_crop5845.png,128,128,8991137_3146145
8991137_3146145_x256_y128_crop5846.png,256,128,8991137_3146145
8991137_3146145_x384_y128_crop5847.png,384,128,8991137_3146145
8991137_3146145_x0_y256_crop5848.png,0,256,8991137_3146145
8991137_3146145_x128_y256_crop5849.png,128,256,8991137_3146145
8991137_3146145_x256_y256_crop5850.png,256,256,8991137_3146145
8991137_3146145_x384_y256_crop5851.png,384,256,8991137_3146145
8991137_3146145_x0_y384_crop5852.png,0,384,8991137_3146145
8991137_3146145_x128_y384_crop5853.png,128,384,8991137_3146145
8991137_3146145_x256_y384_crop5854.png,256,384,8991137_3146145
8991137_3146145_x384_y384_crop5855.png,384,384,8991137_3146145
8985633_3126883_x0_y0_crop5856.png,0,0,8985633_3126883
8985633_3126883_x128_y0_crop5857.png,128,0,8985633_3126883
8985633_3126883_x256_y0_crop5858.png,256,0,8985633_3126883
8985633_3126883_x384_y0_crop5859.png,384,0,8985633_3126883
8985633_3126883_x0_y128_crop5860.png,0,128,8985633_3126883
8985633_3126883_x128_y128_crop5861.png,128,128,8985633_3126883
8985633_3126883_x256_y128_crop5862.png,256,128,8985633_3126883
8985633_3126883_x384_y128_crop5863.png,384,128,8985633_3126883
8985633_3126883_x0_y256_crop5864.png,0,256,8985633_3126883
8985633_3126883_x128_y256_crop5865.png,128,256,8985633_3126883
8985633_3126883_x256_y256_crop5866.png,256,256,8985633_3126883
8985633_3126883_x384_y256_crop5867.png,384,256,8985633_3126883
8985633_3126883_x0_y384_crop5868.png,0,384,8985633_3126883
8985633_3126883_x128_y384_crop5869.png,128,384,8985633_3126883
8985633_3126883_x256_y384_crop5870.png,256,384,8985633_3126883
8985633_3126883_x384_y384_crop5871.png,384,384,8985633_3126883
9040668_3113124_x0_y0_crop5872.png,0,0,9040668_3113124
9040668_3113124_x128_y0_crop5873.png,128,0,9040668_3113124
9040668_3113124_x256_y0_crop5874.png,256,0,9040668_3113124
9040668_3113124_x384_y0_crop5875.png,384,0,9040668_3113124
9040668_3113124_x0_y128_crop5876.png,0,128,9040668_3113124
9040668_3113124_x128_y128_crop5877.png,128,128,9040668_3113124
9040668_3113124_x256_y128_crop5878.png,256,128,9040668_3113124
9040668_3113124_x384_y128_crop5879.png,384,128,9040668_3113124
9040668_3113124_x0_y256_crop5880.png,0,256,9040668_3113124
9040668_3113124_x128_y256_crop5881.png,128,256,9040668_3113124
9040668_3113124_x256_y256_crop5882.png,256,256,9040668_3113124
9040668_3113124_x384_y256_crop5883.png,384,256,9040668_3113124
9040668_3113124_x0_y384_crop5884.png,0,384,9040668_3113124
9040668_3113124_x128_y384_crop5885.png,128,384,9040668_3113124
9040668_3113124_x256_y384_crop5886.png,256,384,9040668_3113124
9040668_3113124_x384_y384_crop5887.png,384,384,9040668_3113124
8980130_3135138_x0_y0_crop5888.png,0,0,8980130_3135138
8980130_3135138_x128_y0_crop5889.png,128,0,8980130_3135138
8980130_3135138_x256_y0_crop5890.png,256,0,8980130_3135138
8980130_3135138_x384_y0_crop5891.png,384,0,8980130_3135138
8980130_3135138_x0_y128_crop5892.png,0,128,8980130_3135138
8980130_3135138_x128_y128_crop5893.png,128,128,8980130_3135138
8980130_3135138_x256_y128_crop5894.png,256,128,8980130_3135138
8980130_3135138_x384_y128_crop5895.png,384,128,8980130_3135138
8980130_3135138_x0_y256_crop5896.png,0,256,8980130_3135138
8980130_3135138_x128_y256_crop5897.png,128,256,8980130_3135138
8980130_3135138_x256_y256_crop5898.png,256,256,8980130_3135138
8980130_3135138_x384_y256_crop5899.png,384,256,8980130_3135138
8980130_3135138_x0_y384_crop5900.png,0,384,8980130_3135138
8980130_3135138_x128_y384_crop5901.png,128,384,8980130_3135138
8980130_3135138_x256_y384_crop5902.png,256,384,8980130_3135138
8980130_3135138_x384_y384_crop5903.png,384,384,8980130_3135138
9035164_3082855_x0_y0_crop5904.png,0,0,9035164_3082855
9035164_3082855_x128_y0_crop5905.png,128,0,9035164_3082855
9035164_3082855_x256_y0_crop5906.png,256,0,9035164_3082855
9035164_3082855_x384_y0_crop5907.png,384,0,9035164_3082855
9035164_3082855_x0_y128_crop5908.png,0,128,9035164_3082855
9035164_3082855_x128_y128_crop5909.png,128,128,9035164_3082855
9035164_3082855_x256_y128_crop5910.png,256,128,9035164_3082855
9035164_3082855_x384_y128_crop5911.png,384,128,9035164_3082855
9035164_3082855_x0_y256_crop5912.png,0,256,9035164_3082855
9035164_3082855_x128_y256_crop5913.png,128,256,9035164_3082855
9035164_3082855_x256_y256_crop5914.png,256,256,9035164_3082855
9035164_3082855_x384_y256_crop5915.png,384,256,9035164_3082855
9035164_3082855_x0_y384_crop5916.png,0,384,9035164_3082855
9035164_3082855_x128_y384_crop5917.png,128,384,9035164_3082855
9035164_3082855_x256_y384_crop5918.png,256,384,9035164_3082855
9035164_3082855_x384_y384_crop5919.png,384,384,9035164_3082855
9040668_3126883_x0_y0_crop5920.png,0,0,9040668_3126883
9040668_3126883_x128_y0_crop5921.png,128,0,9040668_3126883
9040668_3126883_x256_y0_crop5922.png,256,0,9040668_3126883
9040668_3126883_x384_y0_crop5923.png,384,0,9040668_3126883
9040668_3126883_x0_y128_crop5924.png,0,128,9040668_3126883
9040668_3126883_x128_y128_crop5925.png,128,128,9040668_3126883
9040668_3126883_x256_y128_crop5926.png,256,128,9040668_3126883
9040668_3126883_x384_y128_crop5927.png,384,128,9040668_3126883
9040668_3126883_x0_y256_crop5928.png,0,256,9040668_3126883
9040668_3126883_x128_y256_crop5929.png,128,256,9040668_3126883
9040668_3126883_x256_y256_crop5930.png,256,256,9040668_3126883
9040668_3126883_x384_y256_crop5931.png,384,256,9040668_3126883
9040668_3126883_x0_y384_crop5932.png,0,384,9040668_3126883
9040668_3126883_x128_y384_crop5933.png,128,384,9040668_3126883
9040668_3126883_x256_y384_crop5934.png,256,384,9040668_3126883
9040668_3126883_x384_y384_crop5935.png,384,384,9040668_3126883
9037916_3102117_x0_y0_crop5936.png,0,0,9037916_3102117
9037916_3102117_x128_y0_crop5937.png,128,0,9037916_3102117
9037916_3102117_x256_y0_crop5938.png,256,0,9037916_3102117
9037916_3102117_x384_y0_crop5939.png,384,0,9037916_3102117
9037916_3102117_x0_y128_crop5940.png,0,128,9037916_3102117
9037916_3102117_x128_y128_crop5941.png,128,128,9037916_3102117
9037916_3102117_x256_y128_crop5942.png,256,128,9037916_3102117
9037916_3102117_x384_y128_crop5943.png,384,128,9037916_3102117
9037916_3102117_x0_y256_crop5944.png,0,256,9037916_3102117
9037916_3102117_x128_y256_crop5945.png,128,256,9037916_3102117
9037916_3102117_x256_y256_crop5946.png,256,256,9037916_3102117
9037916_3102117_x384_y256_crop5947.png,384,256,9037916_3102117
9037916_3102117_x0_y384_crop5948.png,0,384,9037916_3102117
9037916_3102117_x128_y384_crop5949.png,128,384,9037916_3102117
9037916_3102117_x256_y384_crop5950.png,256,384,9037916_3102117
9037916_3102117_x384_y384_crop5951.png,384,384,9037916_3102117
9002144_3091111_x0_y0_crop5952.png,0,0,9002144_3091111
9002144_3091111_x128_y0_crop5953.png,128,0,9002144_3091111
9002144_3091111_x256_y0_crop5954.png,256,0,9002144_3091111
9002144_3091111_x384_y0_crop5955.png,384,0,9002144_3091111
9002144_3091111_x0_y128_crop5956.png,0,128,9002144_3091111
9002144_3091111_x128_y128_crop5957.png,128,128,9002144_3091111
9002144_3091111_x256_y128_crop5958.png,256,128,9002144_3091111
9002144_3091111_x384_y128_crop5959.png,384,128,9002144_3091111
9002144_3091111_x0_y256_crop5960.png,0,256,9002144_3091111
9002144_3091111_x128_y256_crop5961.png,128,256,9002144_3091111
9002144_3091111_x256_y256_crop5962.png,256,256,9002144_3091111
9002144_3091111_x384_y256_crop5963.png,384,256,9002144_3091111
9002144_3091111_x0_y384_crop5964.png,0,384,9002144_3091111
9002144_3091111_x128_y384_crop5965.png,128,384,9002144_3091111
9002144_3091111_x256_y384_crop5966.png,256,384,9002144_3091111
9002144_3091111_x384_y384_crop5967.png,384,384,9002144_3091111
9007647_3121380_x0_y0_crop5968.png,0,0,9007647_3121380
9007647_3121380_x128_y0_crop5969.png,128,0,9007647_3121380
9007647_3121380_x256_y0_crop5970.png,256,0,9007647_3121380
9007647_3121380_x384_y0_crop5971.png,384,0,9007647_3121380
9007647_3121380_x0_y128_crop5972.png,0,128,9007647_3121380
9007647_3121380_x128_y128_crop5973.png,128,128,9007647_3121380
9007647_3121380_x256_y128_crop5974.png,256,128,9007647_3121380
9007647_3121380_x384_y128_crop5975.png,384,128,9007647_3121380
9007647_3121380_x0_y256_crop5976.png,0,256,9007647_3121380
9007647_3121380_x128_y256_crop5977.png,128,256,9007647_3121380
9007647_3121380_x256_y256_crop5978.png,256,256,9007647_3121380
9007647_3121380_x384_y256_crop5979.png,384,256,9007647_3121380
9007647_3121380_x0_y384_crop5980.png,0,384,9007647_3121380
9007647_3121380_x128_y384_crop5981.png,128,384,9007647_3121380
9007647_3121380_x256_y384_crop5982.png,256,384,9007647_3121380
9007647_3121380_x384_y384_crop5983.png,384,384,9007647_3121380
9040668_3132387_x0_y0_crop5984.png,0,0,9040668_3132387
9040668_3132387_x128_y0_crop5985.png,128,0,9040668_3132387
9040668_3132387_x256_y0_crop5986.png,256,0,9040668_3132387
9040668_3132387_x384_y0_crop5987.png,384,0,9040668_3132387
9040668_3132387_x0_y128_crop5988.png,0,128,9040668_3132387
9040668_3132387_x128_y128_crop5989.png,128,128,9040668_3132387
9040668_3132387_x256_y128_crop5990.png,256,128,9040668_3132387
9040668_3132387_x384_y128_crop5991.png,384,128,9040668_3132387
9040668_3132387_x0_y256_crop5992.png,0,256,9040668_3132387
9040668_3132387_x128_y256_crop5993.png,128,256,9040668_3132387
9040668_3132387_x256_y256_crop5994.png,256,256,9040668_3132387
9040668_3132387_x384_y256_crop5995.png,384,256,9040668_3132387
9040668_3132387_x0_y384_crop5996.png,0,384,9040668_3132387
9040668_3132387_x128_y384_crop5997.png,128,384,9040668_3132387
9040668_3132387_x256_y384_crop5998.png,256,384,9040668_3132387
9040668_3132387_x384_y384_crop5999.png,384,384,9040668_3132387
9024157_3129635_x0_y0_crop6000.png,0,0,9024157_3129635
9024157_3129635_x128_y0_crop6001.png,128,0,9024157_3129635
9024157_3129635_x256_y0_crop6002.png,256,0,9024157_3129635
9024157_3129635_x384_y0_crop6003.png,384,0,9024157_3129635
9024157_3129635_x0_y128_crop6004.png,0,128,9024157_3129635
9024157_3129635_x128_y128_crop6005.png,128,128,9024157_3129635
9024157_3129635_x256_y128_crop6006.png,256,128,9024157_3129635
9024157_3129635_x384_y128_crop6007.png,384,128,9024157_3129635
9024157_3129635_x0_y256_crop6008.png,0,256,9024157_3129635
9024157_3129635_x128_y256_crop6009.png,128,256,9024157_3129635
9024157_3129635_x256_y256_crop6010.png,256,256,9024157_3129635
9024157_3129635_x384_y256_crop6011.png,384,256,9024157_3129635
9024157_3129635_x0_y384_crop6012.png,0,384,9024157_3129635
9024157_3129635_x128_y384_crop6013.png,128,384,9024157_3129635
9024157_3129635_x256_y384_crop6014.png,256,384,9024157_3129635
9024157_3129635_x384_y384_crop6015.png,384,384,9024157_3129635
9013151_3132387_x0_y0_crop6016.png,0,0,9013151_3132387
9013151_3132387_x128_y0_crop6017.png,128,0,9013151_3132387
9013151_3132387_x256_y0_crop6018.png,256,0,9013151_3132387
9013151_3132387_x384_y0_crop6019.png,384,0,9013151_3132387
9013151_3132387_x0_y128_crop6020.png,0,128,9013151_3132387
9013151_3132387_x128_y128_crop6021.png,128,128,9013151_3132387
9013151_3132387_x256_y128_crop6022.png,256,128,9013151_3132387
9013151_3132387_x384_y128_crop6023.png,384,128,9013151_3132387
9013151_3132387_x0_y256_crop6024.png,0,256,9013151_3132387
9013151_3132387_x128_y256_crop6025.png,128,256,9013151_3132387
9013151_3132387_x256_y256_crop6026.png,256,256,9013151_3132387
9013151_3132387_x384_y256_crop6027.png,384,256,9013151_3132387
9013151_3132387_x0_y384_crop6028.png,0,384,9013151_3132387
9013151_3132387_x128_y384_crop6029.png,128,384,9013151_3132387
9013151_3132387_x256_y384_crop6030.png,256,384,9013151_3132387
9013151_3132387_x384_y384_crop6031.png,384,384,9013151_3132387
8980130_3077352_x0_y0_crop6032.png,0,0,8980130_3077352
8980130_3077352_x128_y0_crop6033.png,128,0,8980130_3077352
8980130_3077352_x256_y0_crop6034.png,256,0,8980130_3077352
8980130_3077352_x384_y0_crop6035.png,384,0,8980130_3077352
8980130_3077352_x0_y128_crop6036.png,0,128,8980130_3077352
8980130_3077352_x128_y128_crop6037.png,128,128,8980130_3077352
8980130_3077352_x256_y128_crop6038.png,256,128,8980130_3077352
8980130_3077352_x384_y128_crop6039.png,384,128,8980130_3077352
8980130_3077352_x0_y256_crop6040.png,0,256,8980130_3077352
8980130_3077352_x128_y256_crop6041.png,128,256,8980130_3077352
8980130_3077352_x256_y256_crop6042.png,256,256,8980130_3077352
8980130_3077352_x384_y256_crop6043.png,384,256,8980130_3077352
8980130_3077352_x0_y384_crop6044.png,0,384,8980130_3077352
8980130_3077352_x128_y384_crop6045.png,128,384,8980130_3077352
8980130_3077352_x256_y384_crop6046.png,256,384,8980130_3077352
8980130_3077352_x384_y384_crop6047.png,384,384,8980130_3077352
8999392_3118628_x0_y0_crop6048.png,0,0,8999392_3118628
8999392_3118628_x128_y0_crop6049.png,128,0,8999392_3118628
8999392_3118628_x256_y0_crop6050.png,256,0,8999392_3118628
8999392_3118628_x384_y0_crop6051.png,384,0,8999392_3118628
8999392_3118628_x0_y128_crop6052.png,0,128,8999392_3118628
8999392_3118628_x128_y128_crop6053.png,128,128,8999392_3118628
8999392_3118628_x256_y128_crop6054.png,256,128,8999392_3118628
8999392_3118628_x384_y128_crop6055.png,384,128,8999392_3118628
8999392_3118628_x0_y256_crop6056.png,0,256,8999392_3118628
8999392_3118628_x128_y256_crop6057.png,128,256,8999392_3118628
8999392_3118628_x256_y256_crop6058.png,256,256,8999392_3118628
8999392_3118628_x384_y256_crop6059.png,384,256,8999392_3118628
8999392_3118628_x0_y384_crop6060.png,0,384,8999392_3118628
8999392_3118628_x128_y384_crop6061.png,128,384,8999392_3118628
8999392_3118628_x256_y384_crop6062.png,256,384,8999392_3118628
8999392_3118628_x384_y384_crop6063.png,384,384,8999392_3118628
9037916_3121380_x0_y0_crop6064.png,0,0,9037916_3121380
9037916_3121380_x128_y0_crop6065.png,128,0,9037916_3121380
9037916_3121380_x256_y0_crop6066.png,256,0,9037916_3121380
9037916_3121380_x384_y0_crop6067.png,384,0,9037916_3121380
9037916_3121380_x0_y128_crop6068.png,0,128,9037916_3121380
9037916_3121380_x128_y128_crop6069.png,128,128,9037916_3121380
9037916_3121380_x256_y128_crop6070.png,256,128,9037916_3121380
9037916_3121380_x384_y128_crop6071.png,384,128,9037916_3121380
9037916_3121380_x0_y256_crop6072.png,0,256,9037916_3121380
9037916_3121380_x128_y256_crop6073.png,128,256,9037916_3121380
9037916_3121380_x256_y256_crop6074.png,256,256,9037916_3121380
9037916_3121380_x384_y256_crop6075.png,384,256,9037916_3121380
9037916_3121380_x0_y384_crop6076.png,0,384,9037916_3121380
9037916_3121380_x128_y384_crop6077.png,128,384,9037916_3121380
9037916_3121380_x256_y384_crop6078.png,256,384,9037916_3121380
9037916_3121380_x384_y384_crop6079.png,384,384,9037916_3121380
9013151_3140642_x0_y0_crop6080.png,0,0,9013151_3140642
9013151_3140642_x128_y0_crop6081.png,128,0,9013151_3140642
9013151_3140642_x256_y0_crop6082.png,256,0,9013151_3140642
9013151_3140642_x384_y0_crop6083.png,384,0,9013151_3140642
9013151_3140642_x0_y128_crop6084.png,0,128,9013151_3140642
9013151_3140642_x128_y128_crop6085.png,128,128,9013151_3140642
9013151_3140642_x256_y128_crop6086.png,256,128,9013151_3140642
9013151_3140642_x384_y128_crop6087.png,384,128,9013151_3140642
9013151_3140642_x0_y256_crop6088.png,0,256,9013151_3140642
9013151_3140642_x128_y256_crop6089.png,128,256,9013151_3140642
9013151_3140642_x256_y256_crop6090.png,256,256,9013151_3140642
9013151_3140642_x384_y256_crop6091.png,384,256,9013151_3140642
9013151_3140642_x0_y384_crop6092.png,0,384,9013151_3140642
9013151_3140642_x128_y384_crop6093.png,128,384,9013151_3140642
9013151_3140642_x256_y384_crop6094.png,256,384,9013151_3140642
9013151_3140642_x384_y384_crop6095.png,384,384,9013151_3140642
8982881_3132387_x0_y0_crop6096.png,0,0,8982881_3132387
8982881_3132387_x128_y0_crop6097.png,128,0,8982881_3132387
8982881_3132387_x256_y0_crop6098.png,256,0,8982881_3132387
8982881_3132387_x384_y0_crop6099.png,384,0,8982881_3132387
8982881_3132387_x0_y128_crop6100.png,0,128,8982881_3132387
8982881_3132387_x128_y128_crop6101.png,128,128,8982881_3132387
8982881_3132387_x256_y128_crop6102.png,256,128,8982881_3132387
8982881_3132387_x384_y128_crop6103.png,384,128,8982881_3132387
8982881_3132387_x0_y256_crop6104.png,0,256,8982881_3132387
8982881_3132387_x128_y256_crop6105.png,128,256,8982881_3132387
8982881_3132387_x256_y256_crop6106.png,256,256,8982881_3132387
8982881_3132387_x384_y256_crop6107.png,384,256,8982881_3132387
8982881_3132387_x0_y384_crop6108.png,0,384,8982881_3132387
8982881_3132387_x128_y384_crop6109.png,128,384,8982881_3132387
8982881_3132387_x256_y384_crop6110.png,256,384,8982881_3132387
8982881_3132387_x384_y384_crop6111.png,384,384,8982881_3132387
8999392_3121380_x0_y0_crop6112.png,0,0,8999392_3121380
8999392_3121380_x128_y0_crop6113.png,128,0,8999392_3121380
8999392_3121380_x256_y0_crop6114.png,256,0,8999392_3121380
8999392_3121380_x384_y0_crop6115.png,384,0,8999392_3121380
8999392_3121380_x0_y128_crop6116.png,0,128,8999392_3121380
8999392_3121380_x128_y128_crop6117.png,128,128,8999392_3121380
8999392_3121380_x256_y128_crop6118.png,256,128,8999392_3121380
8999392_3121380_x384_y128_crop6119.png,384,128,8999392_3121380
8999392_3121380_x0_y256_crop6120.png,0,256,8999392_3121380
8999392_3121380_x128_y256_crop6121.png,128,256,8999392_3121380
8999392_3121380_x256_y256_crop6122.png,256,256,8999392_3121380
8999392_3121380_x384_y256_crop6123.png,384,256,8999392_3121380
8999392_3121380_x0_y384_crop6124.png,0,384,8999392_3121380
8999392_3121380_x128_y384_crop6125.png,128,384,8999392_3121380
8999392_3121380_x256_y384_crop6126.png,256,384,8999392_3121380
8999392_3121380_x384_y384_crop6127.png,384,384,8999392_3121380
9024157_3096614_x0_y0_crop6128.png,0,0,9024157_3096614
9024157_3096614_x128_y0_crop6129.png,128,0,9024157_3096614
9024157_3096614_x256_y0_crop6130.png,256,0,9024157_3096614
9024157_3096614_x384_y0_crop6131.png,384,0,9024157_3096614
9024157_3096614_x0_y128_crop6132.png,0,128,9024157_3096614
9024157_3096614_x128_y128_crop6133.png,128,128,9024157_3096614
9024157_3096614_x256_y128_crop6134.png,256,128,9024157_3096614
9024157_3096614_x384_y128_crop6135.png,384,128,9024157_3096614
9024157_3096614_x0_y256_crop6136.png,0,256,9024157_3096614
9024157_3096614_x128_y256_crop6137.png,128,256,9024157_3096614
9024157_3096614_x256_y256_crop6138.png,256,256,9024157_3096614
9024157_3096614_x384_y256_crop6139.png,384,256,9024157_3096614
9024157_3096614_x0_y384_crop6140.png,0,384,9024157_3096614
9024157_3096614_x128_y384_crop6141.png,128,384,9024157_3096614
9024157_3096614_x256_y384_crop6142.png,256,384,9024157_3096614
9024157_3096614_x384_y384_crop6143.png,384,384,9024157_3096614
9018654_3110373_x0_y0_crop6144.png,0,0,9018654_3110373
9018654_3110373_x128_y0_crop6145.png,128,0,9018654_3110373
9018654_3110373_x256_y0_crop6146.png,256,0,9018654_3110373
9018654_3110373_x384_y0_crop6147.png,384,0,9018654_3110373
9018654_3110373_x0_y128_crop6148.png,0,128,9018654_3110373
9018654_3110373_x128_y128_crop6149.png,128,128,9018654_3110373
9018654_3110373_x256_y128_crop6150.png,256,128,9018654_3110373
9018654_3110373_x384_y128_crop6151.png,384,128,9018654_3110373
9018654_3110373_x0_y256_crop6152.png,0,256,9018654_3110373
9018654_3110373_x128_y256_crop6153.png,128,256,9018654_3110373
9018654_3110373_x256_y256_crop6154.png,256,256,9018654_3110373
9018654_3110373_x384_y256_crop6155.png,384,256,9018654_3110373
9018654_3110373_x0_y384_crop6156.png,0,384,9018654_3110373
9018654_3110373_x128_y384_crop6157.png,128,384,9018654_3110373
9018654_3110373_x256_y384_crop6158.png,256,384,9018654_3110373
9018654_3110373_x384_y384_crop6159.png,384,384,9018654_3110373
8988385_3121380_x0_y0_crop6160.png,0,0,8988385_3121380
8988385_3121380_x128_y0_crop6161.png,128,0,8988385_3121380
8988385_3121380_x256_y0_crop6162.png,256,0,8988385_3121380
8988385_3121380_x384_y0_crop6163.png,384,0,8988385_3121380
8988385_3121380_x0_y128_crop6164.png,0,128,8988385_3121380
8988385_3121380_x128_y128_crop6165.png,128,128,8988385_3121380
8988385_3121380_x256_y128_crop6166.png,256,128,8988385_3121380
8988385_3121380_x384_y128_crop6167.png,384,128,8988385_3121380
8988385_3121380_x0_y256_crop6168.png,0,256,8988385_3121380
8988385_3121380_x128_y256_crop6169.png,128,256,8988385_3121380
8988385_3121380_x256_y256_crop6170.png,256,256,8988385_3121380
8988385_3121380_x384_y256_crop6171.png,384,256,8988385_3121380
8988385_3121380_x0_y384_crop6172.png,0,384,8988385_3121380
8988385_3121380_x128_y384_crop6173.png,128,384,8988385_3121380
8988385_3121380_x256_y384_crop6174.png,256,384,8988385_3121380
8988385_3121380_x384_y384_crop6175.png,384,384,8988385_3121380
8991137_3099366_x0_y0_crop6176.png,0,0,8991137_3099366
8991137_3099366_x128_y0_crop6177.png,128,0,8991137_3099366
8991137_3099366_x256_y0_crop6178.png,256,0,8991137_3099366
8991137_3099366_x384_y0_crop6179.png,384,0,8991137_3099366
8991137_3099366_x0_y128_crop6180.png,0,128,8991137_3099366
8991137_3099366_x128_y128_crop6181.png,128,128,8991137_3099366
8991137_3099366_x256_y128_crop6182.png,256,128,8991137_3099366
8991137_3099366_x384_y128_crop6183.png,384,128,8991137_3099366
8991137_3099366_x0_y256_crop6184.png,0,256,8991137_3099366
8991137_3099366_x128_y256_crop6185.png,128,256,8991137_3099366
8991137_3099366_x256_y256_crop6186.png,256,256,8991137_3099366
8991137_3099366_x384_y256_crop6187.png,384,256,8991137_3099366
8991137_3099366_x0_y384_crop6188.png,0,384,8991137_3099366
8991137_3099366_x128_y384_crop6189.png,128,384,8991137_3099366
8991137_3099366_x256_y384_crop6190.png,256,384,8991137_3099366
8991137_3099366_x384_y384_crop6191.png,384,384,8991137_3099366
9029661_3132387_x0_y0_crop6192.png,0,0,9029661_3132387
9029661_3132387_x128_y0_crop6193.png,128,0,9029661_3132387
9029661_3132387_x256_y0_crop6194.png,256,0,9029661_3132387
9029661_3132387_x384_y0_crop6195.png,384,0,9029661_3132387
9029661_3132387_x0_y128_crop6196.png,0,128,9029661_3132387
9029661_3132387_x128_y128_crop6197.png,128,128,9029661_3132387
9029661_3132387_x256_y128_crop6198.png,256,128,9029661_3132387
9029661_3132387_x384_y128_crop6199.png,384,128,9029661_3132387
9029661_3132387_x0_y256_crop6200.png,0,256,9029661_3132387
9029661_3132387_x128_y256_crop6201.png,128,256,9029661_3132387
9029661_3132387_x256_y256_crop6202.png,256,256,9029661_3132387
9029661_3132387_x384_y256_crop6203.png,384,256,9029661_3132387
9029661_3132387_x0_y384_crop6204.png,0,384,9029661_3132387
9029661_3132387_x128_y384_crop6205.png,128,384,9029661_3132387
9029661_3132387_x256_y384_crop6206.png,256,384,9029661_3132387
9029661_3132387_x384_y384_crop6207.png,384,384,9029661_3132387
9021406_3102117_x0_y0_crop6208.png,0,0,9021406_3102117
9021406_3102117_x128_y0_crop6209.png,128,0,9021406_3102117
9021406_3102117_x256_y0_crop6210.png,256,0,9021406_3102117
9021406_3102117_x384_y0_crop6211.png,384,0,9021406_3102117
9021406_3102117_x0_y128_crop6212.png,0,128,9021406_3102117
9021406_3102117_x128_y128_crop6213.png,128,128,9021406_3102117
9021406_3102117_x256_y128_crop6214.png,256,128,9021406_3102117
9021406_3102117_x384_y128_crop6215.png,384,128,9021406_3102117
9021406_3102117_x0_y256_crop6216.png,0,256,9021406_3102117
9021406_3102117_x128_y256_crop6217.png,128,256,9021406_3102117
9021406_3102117_x256_y256_crop6218.png,256,256,9021406_3102117
9021406_3102117_x384_y256_crop6219.png,384,256,9021406_3102117
9021406_3102117_x0_y384_crop6220.png,0,384,9021406_3102117
9021406_3102117_x128_y384_crop6221.png,128,384,9021406_3102117
9021406_3102117_x256_y384_crop6222.png,256,384,9021406_3102117
9021406_3102117_x384_y384_crop6223.png,384,384,9021406_3102117
9013151_3104869_x0_y0_crop6224.png,0,0,9013151_3104869
9013151_3104869_x128_y0_crop6225.png,128,0,9013151_3104869
9013151_3104869_x256_y0_crop6226.png,256,0,9013151_3104869
9013151_3104869_x384_y0_crop6227.png,384,0,9013151_3104869
9013151_3104869_x0_y128_crop6228.png,0,128,9013151_3104869
9013151_3104869_x128_y128_crop6229.png,128,128,9013151_3104869
9013151_3104869_x256_y128_crop6230.png,256,128,9013151_3104869
9013151_3104869_x384_y128_crop6231.png,384,128,9013151_3104869
9013151_3104869_x0_y256_crop6232.png,0,256,9013151_3104869
9013151_3104869_x128_y256_crop6233.png,128,256,9013151_3104869
9013151_3104869_x256_y256_crop6234.png,256,256,9013151_3104869
9013151_3104869_x384_y256_crop6235.png,384,256,9013151_3104869
9013151_3104869_x0_y384_crop6236.png,0,384,9013151_3104869
9013151_3104869_x128_y384_crop6237.png,128,384,9013151_3104869
9013151_3104869_x256_y384_crop6238.png,256,384,9013151_3104869
9013151_3104869_x384_y384_crop6239.png,384,384,9013151_3104869
9026909_3146145_x0_y0_crop6240.png,0,0,9026909_3146145
9026909_3146145_x128_y0_crop6241.png,128,0,9026909_3146145
9026909_3146145_x256_y0_crop6242.png,256,0,9026909_3146145
9026909_3146145_x384_y0_crop6243.png,384,0,9026909_3146145
9026909_3146145_x0_y128_crop6244.png,0,128,9026909_3146145
9026909_3146145_x128_y128_crop6245.png,128,128,9026909_3146145
9026909_3146145_x256_y128_crop6246.png,256,128,9026909_3146145
9026909_3146145_x384_y128_crop6247.png,384,128,9026909_3146145
9026909_3146145_x0_y256_crop6248.png,0,256,9026909_3146145
9026909_3146145_x128_y256_crop6249.png,128,256,9026909_3146145
9026909_3146145_x256_y256_crop6250.png,256,256,9026909_3146145
9026909_3146145_x384_y256_crop6251.png,384,256,9026909_3146145
9026909_3146145_x0_y384_crop6252.png,0,384,9026909_3146145
9026909_3146145_x128_y384_crop6253.png,128,384,9026909_3146145
9026909_3146145_x256_y384_crop6254.png,256,384,9026909_3146145
9026909_3146145_x384_y384_crop6255.png,384,384,9026909_3146145
9007647_3140642_x0_y0_crop6256.png,0,0,9007647_3140642
9007647_3140642_x128_y0_crop6257.png,128,0,9007647_3140642
9007647_3140642_x256_y0_crop6258.png,256,0,9007647_3140642
9007647_3140642_x384_y0_crop6259.png,384,0,9007647_3140642
9007647_3140642_x0_y128_crop6260.png,0,128,9007647_3140642
9007647_3140642_x128_y128_crop6261.png,128,128,9007647_3140642
9007647_3140642_x256_y128_crop6262.png,256,128,9007647_3140642
9007647_3140642_x384_y128_crop6263.png,384,128,9007647_3140642
9007647_3140642_x0_y256_crop6264.png,0,256,9007647_3140642
9007647_3140642_x128_y256_crop6265.png,128,256,9007647_3140642
9007647_3140642_x256_y256_crop6266.png,256,256,9007647_3140642
9007647_3140642_x384_y256_crop6267.png,384,256,9007647_3140642
9007647_3140642_x0_y384_crop6268.png,0,384,9007647_3140642
9007647_3140642_x128_y384_crop6269.png,128,384,9007647_3140642
9007647_3140642_x256_y384_crop6270.png,256,384,9007647_3140642
9007647_3140642_x384_y384_crop6271.png,384,384,9007647_3140642
9040668_3093862_x0_y0_crop6272.png,0,0,9040668_3093862
9040668_3093862_x128_y0_crop6273.png,128,0,9040668_3093862
9040668_3093862_x256_y0_crop6274.png,256,0,9040668_3093862
9040668_3093862_x384_y0_crop6275.png,384,0,9040668_3093862
9040668_3093862_x0_y128_crop6276.png,0,128,9040668_3093862
9040668_3093862_x128_y128_crop6277.png,128,128,9040668_3093862
9040668_3093862_x256_y128_crop6278.png,256,128,9040668_3093862
9040668_3093862_x384_y128_crop6279.png,384,128,9040668_3093862
9040668_3093862_x0_y256_crop6280.png,0,256,9040668_3093862
9040668_3093862_x128_y256_crop6281.png,128,256,9040668_3093862
9040668_3093862_x256_y256_crop6282.png,256,256,9040668_3093862
9040668_3093862_x384_y256_crop6283.png,384,256,9040668_3093862
9040668_3093862_x0_y384_crop6284.png,0,384,9040668_3093862
9040668_3093862_x128_y384_crop6285.png,128,384,9040668_3093862
9040668_3093862_x256_y384_crop6286.png,256,384,9040668_3093862
9040668_3093862_x384_y384_crop6287.png,384,384,9040668_3093862
9002144_3082855_x0_y0_crop6288.png,0,0,9002144_3082855
9002144_3082855_x128_y0_crop6289.png,128,0,9002144_3082855
9002144_3082855_x256_y0_crop6290.png,256,0,9002144_3082855
9002144_3082855_x384_y0_crop6291.png,384,0,9002144_3082855
9002144_3082855_x0_y128_crop6292.png,0,128,9002144_3082855
9002144_3082855_x128_y128_crop6293.png,128,128,9002144_3082855
9002144_3082855_x256_y128_crop6294.png,256,128,9002144_3082855
9002144_3082855_x384_y128_crop6295.png,384,128,9002144_3082855
9002144_3082855_x0_y256_crop6296.png,0,256,9002144_3082855
9002144_3082855_x128_y256_crop6297.png,128,256,9002144_3082855
9002144_3082855_x256_y256_crop6298.png,256,256,9002144_3082855
9002144_3082855_x384_y256_crop6299.png,384,256,9002144_3082855
9002144_3082855_x0_y384_crop6300.png,0,384,9002144_3082855
9002144_3082855_x128_y384_crop6301.png,128,384,9002144_3082855
9002144_3082855_x256_y384_crop6302.png,256,384,9002144_3082855
9002144_3082855_x384_y384_crop6303.png,384,384,9002144_3082855
9024157_3143393_x0_y0_crop6304.png,0,0,9024157_3143393
9024157_3143393_x128_y0_crop6305.png,128,0,9024157_3143393
9024157_3143393_x256_y0_crop6306.png,256,0,9024157_3143393
9024157_3143393_x384_y0_crop6307.png,384,0,9024157_3143393
9024157_3143393_x0_y128_crop6308.png,0,128,9024157_3143393
9024157_3143393_x128_y128_crop6309.png,128,128,9024157_3143393
9024157_3143393_x256_y128_crop6310.png,256,128,9024157_3143393
9024157_3143393_x384_y128_crop6311.png,384,128,9024157_3143393
9024157_3143393_x0_y256_crop6312.png,0,256,9024157_3143393
9024157_3143393_x128_y256_crop6313.png,128,256,9024157_3143393
9024157_3143393_x256_y256_crop6314.png,256,256,9024157_3143393
9024157_3143393_x384_y256_crop6315.png,384,256,9024157_3143393
9024157_3143393_x0_y384_crop6316.png,0,384,9024157_3143393
9024157_3143393_x128_y384_crop6317.png,128,384,9024157_3143393
9024157_3143393_x256_y384_crop6318.png,256,384,9024157_3143393
9024157_3143393_x384_y384_crop6319.png,384,384,9024157_3143393
8996640_3088359_x0_y0_crop6320.png,0,0,8996640_3088359
8996640_3088359_x128_y0_crop6321.png,128,0,8996640_3088359
8996640_3088359_x256_y0_crop6322.png,256,0,8996640_3088359
8996640_3088359_x384_y0_crop6323.png,384,0,8996640_3088359
8996640_3088359_x0_y128_crop6324.png,0,128,8996640_3088359
8996640_3088359_x128_y128_crop6325.png,128,128,8996640_3088359
8996640_3088359_x256_y128_crop6326.png,256,128,8996640_3088359
8996640_3088359_x384_y128_crop6327.png,384,128,8996640_3088359
8996640_3088359_x0_y256_crop6328.png,0,256,8996640_3088359
8996640_3088359_x128_y256_crop6329.png,128,256,8996640_3088359
8996640_3088359_x256_y256_crop6330.png,256,256,8996640_3088359
8996640_3088359_x384_y256_crop6331.png,384,256,8996640_3088359
8996640_3088359_x0_y384_crop6332.png,0,384,8996640_3088359
8996640_3088359_x128_y384_crop6333.png,128,384,8996640_3088359
8996640_3088359_x256_y384_crop6334.png,256,384,8996640_3088359
8996640_3088359_x384_y384_crop6335.png,384,384,8996640_3088359
8985633_3080104_x0_y0_crop6336.png,0,0,8985633_3080104
8985633_3080104_x128_y0_crop6337.png,128,0,8985633_3080104
8985633_3080104_x256_y0_crop6338.png,256,0,8985633_3080104
8985633_3080104_x384_y0_crop6339.png,384,0,8985633_3080104
8985633_3080104_x0_y128_crop6340.png,0,128,8985633_3080104
8985633_3080104_x128_y128_crop6341.png,128,128,8985633_3080104
8985633_3080104_x256_y128_crop6342.png,256,128,8985633_3080104
8985633_3080104_x384_y128_crop6343.png,384,128,8985633_3080104
8985633_3080104_x0_y256_crop6344.png,0,256,8985633_3080104
8985633_3080104_x128_y256_crop6345.png,128,256,8985633_3080104
8985633_3080104_x256_y256_crop6346.png,256,256,8985633_3080104
8985633_3080104_x384_y256_crop6347.png,384,256,8985633_3080104
8985633_3080104_x0_y384_crop6348.png,0,384,8985633_3080104
8985633_3080104_x128_y384_crop6349.png,128,384,8985633_3080104
8985633_3080104_x256_y384_crop6350.png,256,384,8985633_3080104
8985633_3080104_x384_y384_crop6351.png,384,384,8985633_3080104
9002144_3093862_x0_y0_crop6352.png,0,0,9002144_3093862
9002144_3093862_x128_y0_crop6353.png,128,0,9002144_3093862
9002144_3093862_x256_y0_crop6354.png,256,0,9002144_3093862
9002144_3093862_x384_y0_crop6355.png,384,0,9002144_3093862
9002144_3093862_x0_y128_crop6356.png,0,128,9002144_3093862
9002144_3093862_x128_y128_crop6357.png,128,128,9002144_3093862
9002144_3093862_x256_y128_crop6358.png,256,128,9002144_3093862
9002144_3093862_x384_y128_crop6359.png,384,128,9002144_3093862
9002144_3093862_x0_y256_crop6360.png,0,256,9002144_3093862
9002144_3093862_x128_y256_crop6361.png,128,256,9002144_3093862
9002144_3093862_x256_y256_crop6362.png,256,256,9002144_3093862
9002144_3093862_x384_y256_crop6363.png,384,256,9002144_3093862
9002144_3093862_x0_y384_crop6364.png,0,384,9002144_3093862
9002144_3093862_x128_y384_crop6365.png,128,384,9002144_3093862
9002144_3093862_x256_y384_crop6366.png,256,384,9002144_3093862
9002144_3093862_x384_y384_crop6367.png,384,384,9002144_3093862
8982881_3099366_x0_y0_crop6368.png,0,0,8982881_3099366
8982881_3099366_x128_y0_crop6369.png,128,0,8982881_3099366
8982881_3099366_x256_y0_crop6370.png,256,0,8982881_3099366
8982881_3099366_x384_y0_crop6371.png,384,0,8982881_3099366
8982881_3099366_x0_y128_crop6372.png,0,128,8982881_3099366
8982881_3099366_x128_y128_crop6373.png,128,128,8982881_3099366
8982881_3099366_x256_y128_crop6374.png,256,128,8982881_3099366
8982881_3099366_x384_y128_crop6375.png,384,128,8982881_3099366
8982881_3099366_x0_y256_crop6376.png,0,256,8982881_3099366
8982881_3099366_x128_y256_crop6377.png,128,256,8982881_3099366
8982881_3099366_x256_y256_crop6378.png,256,256,8982881_3099366
8982881_3099366_x384_y256_crop6379.png,384,256,8982881_3099366
8982881_3099366_x0_y384_crop6380.png,0,384,8982881_3099366
8982881_3099366_x128_y384_crop6381.png,128,384,8982881_3099366
8982881_3099366_x256_y384_crop6382.png,256,384,8982881_3099366
8982881_3099366_x384_y384_crop6383.png,384,384,8982881_3099366
9026909_3096614_x0_y0_crop6384.png,0,0,9026909_3096614
9026909_3096614_x128_y0_crop6385.png,128,0,9026909_3096614
9026909_3096614_x256_y0_crop6386.png,256,0,9026909_3096614
9026909_3096614_x384_y0_crop6387.png,384,0,9026909_3096614
9026909_3096614_x0_y128_crop6388.png,0,128,9026909_3096614
9026909_3096614_x128_y128_crop6389.png,128,128,9026909_3096614
9026909_3096614_x256_y128_crop6390.png,256,128,9026909_3096614
9026909_3096614_x384_y128_crop6391.png,384,128,9026909_3096614
9026909_3096614_x0_y256_crop6392.png,0,256,9026909_3096614
9026909_3096614_x128_y256_crop6393.png,128,256,9026909_3096614
9026909_3096614_x256_y256_crop6394.png,256,256,9026909_3096614
9026909_3096614_x384_y256_crop6395.png,384,256,9026909_3096614
9026909_3096614_x0_y384_crop6396.png,0,384,9026909_3096614
9026909_3096614_x128_y384_crop6397.png,128,384,9026909_3096614
9026909_3096614_x256_y384_crop6398.png,256,384,9026909_3096614
9026909_3096614_x384_y384_crop6399.png,384,384,9026909_3096614
9002144_3118628_x0_y0_crop6400.png,0,0,9002144_3118628
9002144_3118628_x128_y0_crop6401.png,128,0,9002144_3118628
9002144_3118628_x256_y0_crop6402.png,256,0,9002144_3118628
9002144_3118628_x384_y0_crop6403.png,384,0,9002144_3118628
9002144_3118628_x0_y128_crop6404.png,0,128,9002144_3118628
9002144_3118628_x128_y128_crop6405.png,128,128,9002144_3118628
9002144_3118628_x256_y128_crop6406.png,256,128,9002144_3118628
9002144_3118628_x384_y128_crop6407.png,384,128,9002144_3118628
9002144_3118628_x0_y256_crop6408.png,0,256,9002144_3118628
9002144_3118628_x128_y256_crop6409.png,128,256,9002144_3118628
9002144_3118628_x256_y256_crop6410.png,256,256,9002144_3118628
9002144_3118628_x384_y256_crop6411.png,384,256,9002144_3118628
9002144_3118628_x0_y384_crop6412.png,0,384,9002144_3118628
9002144_3118628_x128_y384_crop6413.png,128,384,9002144_3118628
9002144_3118628_x256_y384_crop6414.png,256,384,9002144_3118628
9002144_3118628_x384_y384_crop6415.png,384,384,9002144_3118628
9002144_3088359_x0_y0_crop6416.png,0,0,9002144_3088359
9002144_3088359_x128_y0_crop6417.png,128,0,9002144_3088359
9002144_3088359_x256_y0_crop6418.png,256,0,9002144_3088359
9002144_3088359_x384_y0_crop6419.png,384,0,9002144_3088359
9002144_3088359_x0_y128_crop6420.png,0,128,9002144_3088359
9002144_3088359_x128_y128_crop6421.png,128,128,9002144_3088359
9002144_3088359_x256_y128_crop6422.png,256,128,9002144_3088359
9002144_3088359_x384_y128_crop6423.png,384,128,9002144_3088359
9002144_3088359_x0_y256_crop6424.png,0,256,9002144_3088359
9002144_3088359_x128_y256_crop6425.png,128,256,9002144_3088359
9002144_3088359_x256_y256_crop6426.png,256,256,9002144_3088359
9002144_3088359_x384_y256_crop6427.png,384,256,9002144_3088359
9002144_3088359_x0_y384_crop6428.png,0,384,9002144_3088359
9002144_3088359_x128_y384_crop6429.png,128,384,9002144_3088359
9002144_3088359_x256_y384_crop6430.png,256,384,9002144_3088359
9002144_3088359_x384_y384_crop6431.png,384,384,9002144_3088359
9002144_3121380_x0_y0_crop6432.png,0,0,9002144_3121380
9002144_3121380_x128_y0_crop6433.png,128,0,9002144_3121380
9002144_3121380_x256_y0_crop6434.png,256,0,9002144_3121380
9002144_3121380_x384_y0_crop6435.png,384,0,9002144_3121380
9002144_3121380_x0_y128_crop6436.png,0,128,9002144_3121380
9002144_3121380_x128_y128_crop6437.png,128,128,9002144_3121380
9002144_3121380_x256_y128_crop6438.png,256,128,9002144_3121380
9002144_3121380_x384_y128_crop6439.png,384,128,9002144_3121380
9002144_3121380_x0_y256_crop6440.png,0,256,9002144_3121380
9002144_3121380_x128_y256_crop6441.png,128,256,9002144_3121380
9002144_3121380_x256_y256_crop6442.png,256,256,9002144_3121380
9002144_3121380_x384_y256_crop6443.png,384,256,9002144_3121380
9002144_3121380_x0_y384_crop6444.png,0,384,9002144_3121380
9002144_3121380_x128_y384_crop6445.png,128,384,9002144_3121380
9002144_3121380_x256_y384_crop6446.png,256,384,9002144_3121380
9002144_3121380_x384_y384_crop6447.png,384,384,9002144_3121380
9040668_3135138_x0_y0_crop6448.png,0,0,9040668_3135138
9040668_3135138_x128_y0_crop6449.png,128,0,9040668_3135138
9040668_3135138_x256_y0_crop6450.png,256,0,9040668_3135138
9040668_3135138_x384_y0_crop6451.png,384,0,9040668_3135138
9040668_3135138_x0_y128_crop6452.png,0,128,9040668_3135138
9040668_3135138_x128_y128_crop6453.png,128,128,9040668_3135138
9040668_3135138_x256_y128_crop6454.png,256,128,9040668_3135138
9040668_3135138_x384_y128_crop6455.png,384,128,9040668_3135138
9040668_3135138_x0_y256_crop6456.png,0,256,9040668_3135138
9040668_3135138_x128_y256_crop6457.png,128,256,9040668_3135138
9040668_3135138_x256_y256_crop6458.png,256,256,9040668_3135138
9040668_3135138_x384_y256_crop6459.png,384,256,9040668_3135138
9040668_3135138_x0_y384_crop6460.png,0,384,9040668_3135138
9040668_3135138_x128_y384_crop6461.png,128,384,9040668_3135138
9040668_3135138_x256_y384_crop6462.png,256,384,9040668_3135138
9040668_3135138_x384_y384_crop6463.png,384,384,9040668_3135138
8999392_3104869_x0_y0_crop6464.png,0,0,8999392_3104869
8999392_3104869_x128_y0_crop6465.png,128,0,8999392_3104869
8999392_3104869_x256_y0_crop6466.png,256,0,8999392_3104869
8999392_3104869_x384_y0_crop6467.png,384,0,8999392_3104869
8999392_3104869_x0_y128_crop6468.png,0,128,8999392_3104869
8999392_3104869_x128_y128_crop6469.png,128,128,8999392_3104869
8999392_3104869_x256_y128_crop6470.png,256,128,8999392_3104869
8999392_3104869_x384_y128_crop6471.png,384,128,8999392_3104869
8999392_3104869_x0_y256_crop6472.png,0,256,8999392_3104869
8999392_3104869_x128_y256_crop6473.png,128,256,8999392_3104869
8999392_3104869_x256_y256_crop6474.png,256,256,8999392_3104869
8999392_3104869_x384_y256_crop6475.png,384,256,8999392_3104869
8999392_3104869_x0_y384_crop6476.png,0,384,8999392_3104869
8999392_3104869_x128_y384_crop6477.png,128,384,8999392_3104869
8999392_3104869_x256_y384_crop6478.png,256,384,8999392_3104869
8999392_3104869_x384_y384_crop6479.png,384,384,8999392_3104869
9037916_3107621_x0_y0_crop6480.png,0,0,9037916_3107621
9037916_3107621_x128_y0_crop6481.png,128,0,9037916_3107621
9037916_3107621_x256_y0_crop6482.png,256,0,9037916_3107621
9037916_3107621_x384_y0_crop6483.png,384,0,9037916_3107621
9037916_3107621_x0_y128_crop6484.png,0,128,9037916_3107621
9037916_3107621_x128_y128_crop6485.png,128,128,9037916_3107621
9037916_3107621_x256_y128_crop6486.png,256,128,9037916_3107621
9037916_3107621_x384_y128_crop6487.png,384,128,9037916_3107621
9037916_3107621_x0_y256_crop6488.png,0,256,9037916_3107621
9037916_3107621_x128_y256_crop6489.png,128,256,9037916_3107621
9037916_3107621_x256_y256_crop6490.png,256,256,9037916_3107621
9037916_3107621_x384_y256_crop6491.png,384,256,9037916_3107621
9037916_3107621_x0_y384_crop6492.png,0,384,9037916_3107621
9037916_3107621_x128_y384_crop6493.png,128,384,9037916_3107621
9037916_3107621_x256_y384_crop6494.png,256,384,9037916_3107621
9037916_3107621_x384_y384_crop6495.png,384,384,9037916_3107621
8993888_3088359_x0_y0_crop6496.png,0,0,8993888_3088359
8993888_3088359_x128_y0_crop6497.png,128,0,8993888_3088359
8993888_3088359_x256_y0_crop6498.png,256,0,8993888_3088359
8993888_3088359_x384_y0_crop6499.png,384,0,8993888_3088359
8993888_3088359_x0_y128_crop6500.png,0,128,8993888_3088359
8993888_3088359_x128_y128_crop6501.png,128,128,8993888_3088359
8993888_3088359_x256_y128_crop6502.png,256,128,8993888_3088359
8993888_3088359_x384_y128_crop6503.png,384,128,8993888_3088359
8993888_3088359_x0_y256_crop6504.png,0,256,8993888_3088359
8993888_3088359_x128_y256_crop6505.png,128,256,8993888_3088359
8993888_3088359_x256_y256_crop6506.png,256,256,8993888_3088359
8993888_3088359_x384_y256_crop6507.png,384,256,8993888_3088359
8993888_3088359_x0_y384_crop6508.png,0,384,8993888_3088359
8993888_3088359_x128_y384_crop6509.png,128,384,8993888_3088359
8993888_3088359_x256_y384_crop6510.png,256,384,8993888_3088359
8993888_3088359_x384_y384_crop6511.png,384,384,8993888_3088359
8985633_3107621_x0_y0_crop6512.png,0,0,8985633_3107621
8985633_3107621_x128_y0_crop6513.png,128,0,8985633_3107621
8985633_3107621_x256_y0_crop6514.png,256,0,8985633_3107621
8985633_3107621_x384_y0_crop6515.png,384,0,8985633_3107621
8985633_3107621_x0_y128_crop6516.png,0,128,8985633_3107621
8985633_3107621_x128_y128_crop6517.png,128,128,8985633_3107621
8985633_3107621_x256_y128_crop6518.png,256,128,8985633_3107621
8985633_3107621_x384_y128_crop6519.png,384,128,8985633_3107621
8985633_3107621_x0_y256_crop6520.png,0,256,8985633_3107621
8985633_3107621_x128_y256_crop6521.png,128,256,8985633_3107621
8985633_3107621_x256_y256_crop6522.png,256,256,8985633_3107621
8985633_3107621_x384_y256_crop6523.png,384,256,8985633_3107621
8985633_3107621_x0_y384_crop6524.png,0,384,8985633_3107621
8985633_3107621_x128_y384_crop6525.png,128,384,8985633_3107621
8985633_3107621_x256_y384_crop6526.png,256,384,8985633_3107621
8985633_3107621_x384_y384_crop6527.png,384,384,8985633_3107621
9015902_3121380_x0_y0_crop6528.png,0,0,9015902_3121380
9015902_3121380_x128_y0_crop6529.png,128,0,9015902_3121380
9015902_3121380_x256_y0_crop6530.png,256,0,9015902_3121380
9015902_3121380_x384_y0_crop6531.png,384,0,9015902_3121380
9015902_3121380_x0_y128_crop6532.png,0,128,9015902_3121380
9015902_3121380_x128_y128_crop6533.png,128,128,9015902_3121380
9015902_3121380_x256_y128_crop6534.png,256,128,9015902_3121380
9015902_3121380_x384_y128_crop6535.png,384,128,9015902_3121380
9015902_3121380_x0_y256_crop6536.png,0,256,9015902_3121380
9015902_3121380_x128_y256_crop6537.png,128,256,9015902_3121380
9015902_3121380_x256_y256_crop6538.png,256,256,9015902_3121380
9015902_3121380_x384_y256_crop6539.png,384,256,9015902_3121380
9015902_3121380_x0_y384_crop6540.png,0,384,9015902_3121380
9015902_3121380_x128_y384_crop6541.png,128,384,9015902_3121380
9015902_3121380_x256_y384_crop6542.png,256,384,9015902_3121380
9015902_3121380_x384_y384_crop6543.png,384,384,9015902_3121380
8993888_3080104_x0_y0_crop6544.png,0,0,8993888_3080104
8993888_3080104_x128_y0_crop6545.png,128,0,8993888_3080104
8993888_3080104_x256_y0_crop6546.png,256,0,8993888_3080104
8993888_3080104_x384_y0_crop6547.png,384,0,8993888_3080104
8993888_3080104_x0_y128_crop6548.png,0,128,8993888_3080104
8993888_3080104_x128_y128_crop6549.png,128,128,8993888_3080104
8993888_3080104_x256_y128_crop6550.png,256,128,8993888_3080104
8993888_3080104_x384_y128_crop6551.png,384,128,8993888_3080104
8993888_3080104_x0_y256_crop6552.png,0,256,8993888_3080104
8993888_3080104_x128_y256_crop6553.png,128,256,8993888_3080104
8993888_3080104_x256_y256_crop6554.png,256,256,8993888_3080104
8993888_3080104_x384_y256_crop6555.png,384,256,8993888_3080104
8993888_3080104_x0_y384_crop6556.png,0,384,8993888_3080104
8993888_3080104_x128_y384_crop6557.png,128,384,8993888_3080104
8993888_3080104_x256_y384_crop6558.png,256,384,8993888_3080104
8993888_3080104_x384_y384_crop6559.png,384,384,8993888_3080104
8982881_3137890_x0_y0_crop6560.png,0,0,8982881_3137890
8982881_3137890_x128_y0_crop6561.png,128,0,8982881_3137890
8982881_3137890_x256_y0_crop6562.png,256,0,8982881_3137890
8982881_3137890_x384_y0_crop6563.png,384,0,8982881_3137890
8982881_3137890_x0_y128_crop6564.png,0,128,8982881_3137890
8982881_3137890_x128_y128_crop6565.png,128,128,8982881_3137890
8982881_3137890_x256_y128_crop6566.png,256,128,8982881_3137890
8982881_3137890_x384_y128_crop6567.png,384,128,8982881_3137890
8982881_3137890_x0_y256_crop6568.png,0,256,8982881_3137890
8982881_3137890_x128_y256_crop6569.png,128,256,8982881_3137890
8982881_3137890_x256_y256_crop6570.png,256,256,8982881_3137890
8982881_3137890_x384_y256_crop6571.png,384,256,8982881_3137890
8982881_3137890_x0_y384_crop6572.png,0,384,8982881_3137890
8982881_3137890_x128_y384_crop6573.png,128,384,8982881_3137890
8982881_3137890_x256_y384_crop6574.png,256,384,8982881_3137890
8982881_3137890_x384_y384_crop6575.png,384,384,8982881_3137890
9035164_3077352_x0_y0_crop6576.png,0,0,9035164_3077352
9035164_3077352_x128_y0_crop6577.png,128,0,9035164_3077352
9035164_3077352_x256_y0_crop6578.png,256,0,9035164_3077352
9035164_3077352_x384_y0_crop6579.png,384,0,9035164_3077352
9035164_3077352_x0_y128_crop6580.png,0,128,9035164_3077352
9035164_3077352_x128_y128_crop6581.png,128,128,9035164_3077352
9035164_3077352_x256_y128_crop6582.png,256,128,9035164_3077352
9035164_3077352_x384_y128_crop6583.png,384,128,9035164_3077352
9035164_3077352_x0_y256_crop6584.png,0,256,9035164_3077352
9035164_3077352_x128_y256_crop6585.png,128,256,9035164_3077352
9035164_3077352_x256_y256_crop6586.png,256,256,9035164_3077352
9035164_3077352_x384_y256_crop6587.png,384,256,9035164_3077352
9035164_3077352_x0_y384_crop6588.png,0,384,9035164_3077352
9035164_3077352_x128_y384_crop6589.png,128,384,9035164_3077352
9035164_3077352_x256_y384_crop6590.png,256,384,9035164_3077352
9035164_3077352_x384_y384_crop6591.png,384,384,9035164_3077352
9002144_3113124_x0_y0_crop6592.png,0,0,9002144_3113124
9002144_3113124_x128_y0_crop6593.png,128,0,9002144_3113124
9002144_3113124_x256_y0_crop6594.png,256,0,9002144_3113124
9002144_3113124_x384_y0_crop6595.png,384,0,9002144_3113124
9002144_3113124_x0_y128_crop6596.png,0,128,9002144_3113124
9002144_3113124_x128_y128_crop6597.png,128,128,9002144_3113124
9002144_3113124_x256_y128_crop6598.png,256,128,9002144_3113124
9002144_3113124_x384_y128_crop6599.png,384,128,9002144_3113124
9002144_3113124_x0_y256_crop6600.png,0,256,9002144_3113124
9002144_3113124_x128_y256_crop6601.png,128,256,9002144_3113124
9002144_3113124_x256_y256_crop6602.png,256,256,9002144_3113124
9002144_3113124_x384_y256_crop6603.png,384,256,9002144_3113124
9002144_3113124_x0_y384_crop6604.png,0,384,9002144_3113124
9002144_3113124_x128_y384_crop6605.png,128,384,9002144_3113124
9002144_3113124_x256_y384_crop6606.png,256,384,9002144_3113124
9002144_3113124_x384_y384_crop6607.png,384,384,9002144_3113124
9013151_3082855_x0_y0_crop6608.png,0,0,9013151_3082855
9013151_3082855_x128_y0_crop6609.png,128,0,9013151_3082855
9013151_3082855_x256_y0_crop6610.png,256,0,9013151_3082855
9013151_3082855_x384_y0_crop6611.png,384,0,9013151_3082855
9013151_3082855_x0_y128_crop6612.png,0,128,9013151_3082855
9013151_3082855_x128_y128_crop6613.png,128,128,9013151_3082855
9013151_3082855_x256_y128_crop6614.png,256,128,9013151_3082855
9013151_3082855_x384_y128_crop6615.png,384,128,9013151_3082855
9013151_3082855_x0_y256_crop6616.png,0,256,9013151_3082855
9013151_3082855_x128_y256_crop6617.png,128,256,9013151_3082855
9013151_3082855_x256_y256_crop6618.png,256,256,9013151_3082855
9013151_3082855_x384_y256_crop6619.png,384,256,9013151_3082855
9013151_3082855_x0_y384_crop6620.png,0,384,9013151_3082855
9013151_3082855_x128_y384_crop6621.png,128,384,9013151_3082855
9013151_3082855_x256_y384_crop6622.png,256,384,9013151_3082855
9013151_3082855_x384_y384_crop6623.png,384,384,9013151_3082855
9040668_3146145_x0_y0_crop6624.png,0,0,9040668_3146145
9040668_3146145_x128_y0_crop6625.png,128,0,9040668_3146145
9040668_3146145_x256_y0_crop6626.png,256,0,9040668_3146145
9040668_3146145_x384_y0_crop6627.png,384,0,9040668_3146145
9040668_3146145_x0_y128_crop6628.png,0,128,9040668_3146145
9040668_3146145_x128_y128_crop6629.png,128,128,9040668_3146145
9040668_3146145_x256_y128_crop6630.png,256,128,9040668_3146145
9040668_3146145_x384_y128_crop6631.png,384,128,9040668_3146145
9040668_3146145_x0_y256_crop6632.png,0,256,9040668_3146145
9040668_3146145_x128_y256_crop6633.png,128,256,9040668_3146145
9040668_3146145_x256_y256_crop6634.png,256,256,9040668_3146145
9040668_3146145_x384_y256_crop6635.png,384,256,9040668_3146145
9040668_3146145_x0_y384_crop6636.png,0,384,9040668_3146145
9040668_3146145_x128_y384_crop6637.png,128,384,9040668_3146145
9040668_3146145_x256_y384_crop6638.png,256,384,9040668_3146145
9040668_3146145_x384_y384_crop6639.png,384,384,9040668_3146145
9026909_3091111_x0_y0_crop6640.png,0,0,9026909_3091111
9026909_3091111_x128_y0_crop6641.png,128,0,9026909_3091111
9026909_3091111_x256_y0_crop6642.png,256,0,9026909_3091111
9026909_3091111_x384_y0_crop6643.png,384,0,9026909_3091111
9026909_3091111_x0_y128_crop6644.png,0,128,9026909_3091111
9026909_3091111_x128_y128_crop6645.png,128,128,9026909_3091111
9026909_3091111_x256_y128_crop6646.png,256,128,9026909_3091111
9026909_3091111_x384_y128_crop6647.png,384,128,9026909_3091111
9026909_3091111_x0_y256_crop6648.png,0,256,9026909_3091111
9026909_3091111_x128_y256_crop6649.png,128,256,9026909_3091111
9026909_3091111_x256_y256_crop6650.png,256,256,9026909_3091111
9026909_3091111_x384_y256_crop6651.png,384,256,9026909_3091111
9026909_3091111_x0_y384_crop6652.png,0,384,9026909_3091111
9026909_3091111_x128_y384_crop6653.png,128,384,9026909_3091111
9026909_3091111_x256_y384_crop6654.png,256,384,9026909_3091111
9026909_3091111_x384_y384_crop6655.png,384,384,9026909_3091111
8982881_3085607_x0_y0_crop6656.png,0,0,8982881_3085607
8982881_3085607_x128_y0_crop6657.png,128,0,8982881_3085607
8982881_3085607_x256_y0_crop6658.png,256,0,8982881_3085607
8982881_3085607_x384_y0_crop6659.png,384,0,8982881_3085607
8982881_3085607_x0_y128_crop6660.png,0,128,8982881_3085607
8982881_3085607_x128_y128_crop6661.png,128,128,8982881_3085607
8982881_3085607_x256_y128_crop6662.png,256,128,8982881_3085607
8982881_3085607_x384_y128_crop6663.png,384,128,8982881_3085607
8982881_3085607_x0_y256_crop6664.png,0,256,8982881_3085607
8982881_3085607_x128_y256_crop6665.png,128,256,8982881_3085607
8982881_3085607_x256_y256_crop6666.png,256,256,8982881_3085607
8982881_3085607_x384_y256_crop6667.png,384,256,8982881_3085607
8982881_3085607_x0_y384_crop6668.png,0,384,8982881_3085607
8982881_3085607_x128_y384_crop6669.png,128,384,8982881_3085607
8982881_3085607_x256_y384_crop6670.png,256,384,8982881_3085607
8982881_3085607_x384_y384_crop6671.png,384,384,8982881_3085607
8988385_3082855_x0_y0_crop6672.png,0,0,8988385_3082855
8988385_3082855_x128_y0_crop6673.png,128,0,8988385_3082855
8988385_3082855_x256_y0_crop6674.png,256,0,8988385_3082855
8988385_3082855_x384_y0_crop6675.png,384,0,8988385_3082855
8988385_3082855_x0_y128_crop6676.png,0,128,8988385_3082855
8988385_3082855_x128_y128_crop6677.png,128,128,8988385_3082855
8988385_3082855_x256_y128_crop6678.png,256,128,8988385_3082855
8988385_3082855_x384_y128_crop6679.png,384,128,8988385_3082855
8988385_3082855_x0_y256_crop6680.png,0,256,8988385_3082855
8988385_3082855_x128_y256_crop6681.png,128,256,8988385_3082855
8988385_3082855_x256_y256_crop6682.png,256,256,8988385_3082855
8988385_3082855_x384_y256_crop6683.png,384,256,8988385_3082855
8988385_3082855_x0_y384_crop6684.png,0,384,8988385_3082855
8988385_3082855_x128_y384_crop6685.png,128,384,8988385_3082855
8988385_3082855_x256_y384_crop6686.png,256,384,8988385_3082855
8988385_3082855_x384_y384_crop6687.png,384,384,8988385_3082855
9018654_3146145_x0_y0_crop6688.png,0,0,9018654_3146145
9018654_3146145_x128_y0_crop6689.png,128,0,9018654_3146145
9018654_3146145_x256_y0_crop6690.png,256,0,9018654_3146145
9018654_3146145_x384_y0_crop6691.png,384,0,9018654_3146145
9018654_3146145_x0_y128_crop6692.png,0,128,9018654_3146145
9018654_3146145_x128_y128_crop6693.png,128,128,9018654_3146145
9018654_3146145_x256_y128_crop6694.png,256,128,9018654_3146145
9018654_3146145_x384_y128_crop6695.png,384,128,9018654_3146145
9018654_3146145_x0_y256_crop6696.png,0,256,9018654_3146145
9018654_3146145_x128_y256_crop6697.png,128,256,9018654_3146145
9018654_3146145_x256_y256_crop6698.png,256,256,9018654_3146145
9018654_3146145_x384_y256_crop6699.png,384,256,9018654_3146145
9018654_3146145_x0_y384_crop6700.png,0,384,9018654_3146145
9018654_3146145_x128_y384_crop6701.png,128,384,9018654_3146145
9018654_3146145_x256_y384_crop6702.png,256,384,9018654_3146145
9018654_3146145_x384_y384_crop6703.png,384,384,9018654_3146145
9021406_3132387_x0_y0_crop6704.png,0,0,9021406_3132387
9021406_3132387_x128_y0_crop6705.png,128,0,9021406_3132387
9021406_3132387_x256_y0_crop6706.png,256,0,9021406_3132387
9021406_3132387_x384_y0_crop6707.png,384,0,9021406_3132387
9021406_3132387_x0_y128_crop6708.png,0,128,9021406_3132387
9021406_3132387_x128_y128_crop6709.png,128,128,9021406_3132387
9021406_3132387_x256_y128_crop6710.png,256,128,9021406_3132387
9021406_3132387_x384_y128_crop6711.png,384,128,9021406_3132387
9021406_3132387_x0_y256_crop6712.png,0,256,9021406_3132387
9021406_3132387_x128_y256_crop6713.png,128,256,9021406_3132387
9021406_3132387_x256_y256_crop6714.png,256,256,9021406_3132387
9021406_3132387_x384_y256_crop6715.png,384,256,9021406_3132387
9021406_3132387_x0_y384_crop6716.png,0,384,9021406_3132387
9021406_3132387_x128_y384_crop6717.png,128,384,9021406_3132387
9021406_3132387_x256_y384_crop6718.png,256,384,9021406_3132387
9021406_3132387_x384_y384_crop6719.png,384,384,9021406_3132387
8999392_3113124_x0_y0_crop6720.png,0,0,8999392_3113124
8999392_3113124_x128_y0_crop6721.png,128,0,8999392_3113124
8999392_3113124_x256_y0_crop6722.png,256,0,8999392_3113124
8999392_3113124_x384_y0_crop6723.png,384,0,8999392_3113124
8999392_3113124_x0_y128_crop6724.png,0,128,8999392_3113124
8999392_3113124_x128_y128_crop6725.png,128,128,8999392_3113124
8999392_3113124_x256_y128_crop6726.png,256,128,8999392_3113124
8999392_3113124_x384_y128_crop6727.png,384,128,8999392_3113124
8999392_3113124_x0_y256_crop6728.png,0,256,8999392_3113124
8999392_3113124_x128_y256_crop6729.png,128,256,8999392_3113124
8999392_3113124_x256_y256_crop6730.png,256,256,8999392_3113124
8999392_3113124_x384_y256_crop6731.png,384,256,8999392_3113124
8999392_3113124_x0_y384_crop6732.png,0,384,8999392_3113124
8999392_3113124_x128_y384_crop6733.png,128,384,8999392_3113124
8999392_3113124_x256_y384_crop6734.png,256,384,8999392_3113124
8999392_3113124_x384_y384_crop6735.png,384,384,8999392_3113124
8999392_3115876_x0_y0_crop6736.png,0,0,8999392_3115876
8999392_3115876_x128_y0_crop6737.png,128,0,8999392_3115876
8999392_3115876_x256_y0_crop6738.png,256,0,8999392_3115876
8999392_3115876_x384_y0_crop6739.png,384,0,8999392_3115876
8999392_3115876_x0_y128_crop6740.png,0,128,8999392_3115876
8999392_3115876_x128_y128_crop6741.png,128,128,8999392_3115876
8999392_3115876_x256_y128_crop6742.png,256,128,8999392_3115876
8999392_3115876_x384_y128_crop6743.png,384,128,8999392_3115876
8999392_3115876_x0_y256_crop6744.png,0,256,8999392_3115876
8999392_3115876_x128_y256_crop6745.png,128,256,8999392_3115876
8999392_3115876_x256_y256_crop6746.png,256,256,8999392_3115876
8999392_3115876_x384_y256_crop6747.png,384,256,8999392_3115876
8999392_3115876_x0_y384_crop6748.png,0,384,8999392_3115876
8999392_3115876_x128_y384_crop6749.png,128,384,8999392_3115876
8999392_3115876_x256_y384_crop6750.png,256,384,8999392_3115876
8999392_3115876_x384_y384_crop6751.png,384,384,8999392_3115876
9007647_3096614_x0_y0_crop6752.png,0,0,9007647_3096614
9007647_3096614_x128_y0_crop6753.png,128,0,9007647_3096614
9007647_3096614_x256_y0_crop6754.png,256,0,9007647_3096614
9007647_3096614_x384_y0_crop6755.png,384,0,9007647_3096614
9007647_3096614_x0_y128_crop6756.png,0,128,9007647_3096614
9007647_3096614_x128_y128_crop6757.png,128,128,9007647_3096614
9007647_3096614_x256_y128_crop6758.png,256,128,9007647_3096614
9007647_3096614_x384_y128_crop6759.png,384,128,9007647_3096614
9007647_3096614_x0_y256_crop6760.png,0,256,9007647_3096614
9007647_3096614_x128_y256_crop6761.png,128,256,9007647_3096614
9007647_3096614_x256_y256_crop6762.png,256,256,9007647_3096614
9007647_3096614_x384_y256_crop6763.png,384,256,9007647_3096614
9007647_3096614_x0_y384_crop6764.png,0,384,9007647_3096614
9007647_3096614_x128_y384_crop6765.png,128,384,9007647_3096614
9007647_3096614_x256_y384_crop6766.png,256,384,9007647_3096614
9007647_3096614_x384_y384_crop6767.png,384,384,9007647_3096614
9004895_3085607_x0_y0_crop6768.png,0,0,9004895_3085607
9004895_3085607_x128_y0_crop6769.png,128,0,9004895_3085607
9004895_3085607_x256_y0_crop6770.png,256,0,9004895_3085607
9004895_3085607_x384_y0_crop6771.png,384,0,9004895_3085607
9004895_3085607_x0_y128_crop6772.png,0,128,9004895_3085607
9004895_3085607_x128_y128_crop6773.png,128,128,9004895_3085607
9004895_3085607_x256_y128_crop6774.png,256,128,9004895_3085607
9004895_3085607_x384_y128_crop6775.png,384,128,9004895_3085607
9004895_3085607_x0_y256_crop6776.png,0,256,9004895_3085607
9004895_3085607_x128_y256_crop6777.png,128,256,9004895_3085607
9004895_3085607_x256_y256_crop6778.png,256,256,9004895_3085607
9004895_3085607_x384_y256_crop6779.png,384,256,9004895_3085607
9004895_3085607_x0_y384_crop6780.png,0,384,9004895_3085607
9004895_3085607_x128_y384_crop6781.png,128,384,9004895_3085607
9004895_3085607_x256_y384_crop6782.png,256,384,9004895_3085607
9004895_3085607_x384_y384_crop6783.png,384,384,9004895_3085607
8980130_3110373_x0_y0_crop6784.png,0,0,8980130_3110373
8980130_3110373_x128_y0_crop6785.png,128,0,8980130_3110373
8980130_3110373_x256_y0_crop6786.png,256,0,8980130_3110373
8980130_3110373_x384_y0_crop6787.png,384,0,8980130_3110373
8980130_3110373_x0_y128_crop6788.png,0,128,8980130_3110373
8980130_3110373_x128_y128_crop6789.png,128,128,8980130_3110373
8980130_3110373_x256_y128_crop6790.png,256,128,8980130_3110373
8980130_3110373_x384_y128_crop6791.png,384,128,8980130_3110373
8980130_3110373_x0_y256_crop6792.png,0,256,8980130_3110373
8980130_3110373_x128_y256_crop6793.png,128,256,8980130_3110373
8980130_3110373_x256_y256_crop6794.png,256,256,8980130_3110373
8980130_3110373_x384_y256_crop6795.png,384,256,8980130_3110373
8980130_3110373_x0_y384_crop6796.png,0,384,8980130_3110373
8980130_3110373_x128_y384_crop6797.png,128,384,8980130_3110373
8980130_3110373_x256_y384_crop6798.png,256,384,8980130_3110373
8980130_3110373_x384_y384_crop6799.png,384,384,8980130_3110373
9004895_3146145_x0_y0_crop6800.png,0,0,9004895_3146145
9004895_3146145_x128_y0_crop6801.png,128,0,9004895_3146145
9004895_3146145_x256_y0_crop6802.png,256,0,9004895_3146145
9004895_3146145_x384_y0_crop6803.png,384,0,9004895_3146145
9004895_3146145_x0_y128_crop6804.png,0,128,9004895_3146145
9004895_3146145_x128_y128_crop6805.png,128,128,9004895_3146145
9004895_3146145_x256_y128_crop6806.png,256,128,9004895_3146145
9004895_3146145_x384_y128_crop6807.png,384,128,9004895_3146145
9004895_3146145_x0_y256_crop6808.png,0,256,9004895_3146145
9004895_3146145_x128_y256_crop6809.png,128,256,9004895_3146145
9004895_3146145_x256_y256_crop6810.png,256,256,9004895_3146145
9004895_3146145_x384_y256_crop6811.png,384,256,9004895_3146145
9004895_3146145_x0_y384_crop6812.png,0,384,9004895_3146145
9004895_3146145_x128_y384_crop6813.png,128,384,9004895_3146145
9004895_3146145_x256_y384_crop6814.png,256,384,9004895_3146145
9004895_3146145_x384_y384_crop6815.png,384,384,9004895_3146145
9007647_3146145_x0_y0_crop6816.png,0,0,9007647_3146145
9007647_3146145_x128_y0_crop6817.png,128,0,9007647_3146145
9007647_3146145_x256_y0_crop6818.png,256,0,9007647_3146145
9007647_3146145_x384_y0_crop6819.png,384,0,9007647_3146145
9007647_3146145_x0_y128_crop6820.png,0,128,9007647_3146145
9007647_3146145_x128_y128_crop6821.png,128,128,9007647_3146145
9007647_3146145_x256_y128_crop6822.png,256,128,9007647_3146145
9007647_3146145_x384_y128_crop6823.png,384,128,9007647_3146145
9007647_3146145_x0_y256_crop6824.png,0,256,9007647_3146145
9007647_3146145_x128_y256_crop6825.png,128,256,9007647_3146145
9007647_3146145_x256_y256_crop6826.png,256,256,9007647_3146145
9007647_3146145_x384_y256_crop6827.png,384,256,9007647_3146145
9007647_3146145_x0_y384_crop6828.png,0,384,9007647_3146145
9007647_3146145_x128_y384_crop6829.png,128,384,9007647_3146145
9007647_3146145_x256_y384_crop6830.png,256,384,9007647_3146145
9007647_3146145_x384_y384_crop6831.png,384,384,9007647_3146145
9013151_3143393_x0_y0_crop6832.png,0,0,9013151_3143393
9013151_3143393_x128_y0_crop6833.png,128,0,9013151_3143393
9013151_3143393_x256_y0_crop6834.png,256,0,9013151_3143393
9013151_3143393_x384_y0_crop6835.png,384,0,9013151_3143393
9013151_3143393_x0_y128_crop6836.png,0,128,9013151_3143393
9013151_3143393_x128_y128_crop6837.png,128,128,9013151_3143393
9013151_3143393_x256_y128_crop6838.png,256,128,9013151_3143393
9013151_3143393_x384_y128_crop6839.png,384,128,9013151_3143393
9013151_3143393_x0_y256_crop6840.png,0,256,9013151_3143393
9013151_3143393_x128_y256_crop6841.png,128,256,9013151_3143393
9013151_3143393_x256_y256_crop6842.png,256,256,9013151_3143393
9013151_3143393_x384_y256_crop6843.png,384,256,9013151_3143393
9013151_3143393_x0_y384_crop6844.png,0,384,9013151_3143393
9013151_3143393_x128_y384_crop6845.png,128,384,9013151_3143393
9013151_3143393_x256_y384_crop6846.png,256,384,9013151_3143393
9013151_3143393_x384_y384_crop6847.png,384,384,9013151_3143393
9010399_3085607_x0_y0_crop6848.png,0,0,9010399_3085607
9010399_3085607_x128_y0_crop6849.png,128,0,9010399_3085607
9010399_3085607_x256_y0_crop6850.png,256,0,9010399_3085607
9010399_3085607_x384_y0_crop6851.png,384,0,9010399_3085607
9010399_3085607_x0_y128_crop6852.png,0,128,9010399_3085607
9010399_3085607_x128_y128_crop6853.png,128,128,9010399_3085607
9010399_3085607_x256_y128_crop6854.png,256,128,9010399_3085607
9010399_3085607_x384_y128_crop6855.png,384,128,9010399_3085607
9010399_3085607_x0_y256_crop6856.png,0,256,9010399_3085607
9010399_3085607_x128_y256_crop6857.png,128,256,9010399_3085607
9010399_3085607_x256_y256_crop6858.png,256,256,9010399_3085607
9010399_3085607_x384_y256_crop6859.png,384,256,9010399_3085607
9010399_3085607_x0_y384_crop6860.png,0,384,9010399_3085607
9010399_3085607_x128_y384_crop6861.png,128,384,9010399_3085607
9010399_3085607_x256_y384_crop6862.png,256,384,9010399_3085607
9010399_3085607_x384_y384_crop6863.png,384,384,9010399_3085607
9021406_3096614_x0_y0_crop6864.png,0,0,9021406_3096614
9021406_3096614_x128_y0_crop6865.png,128,0,9021406_3096614
9021406_3096614_x256_y0_crop6866.png,256,0,9021406_3096614
9021406_3096614_x384_y0_crop6867.png,384,0,9021406_3096614
9021406_3096614_x0_y128_crop6868.png,0,128,9021406_3096614
9021406_3096614_x128_y128_crop6869.png,128,128,9021406_3096614
9021406_3096614_x256_y128_crop6870.png,256,128,9021406_3096614
9021406_3096614_x384_y128_crop6871.png,384,128,9021406_3096614
9021406_3096614_x0_y256_crop6872.png,0,256,9021406_3096614
9021406_3096614_x128_y256_crop6873.png,128,256,9021406_3096614
9021406_3096614_x256_y256_crop6874.png,256,256,9021406_3096614
9021406_3096614_x384_y256_crop6875.png,384,256,9021406_3096614
9021406_3096614_x0_y384_crop6876.png,0,384,9021406_3096614
9021406_3096614_x128_y384_crop6877.png,128,384,9021406_3096614
9021406_3096614_x256_y384_crop6878.png,256,384,9021406_3096614
9021406_3096614_x384_y384_crop6879.png,384,384,9021406_3096614
9002144_3096614_x0_y0_crop6880.png,0,0,9002144_3096614
9002144_3096614_x128_y0_crop6881.png,128,0,9002144_3096614
9002144_3096614_x256_y0_crop6882.png,256,0,9002144_3096614
9002144_3096614_x384_y0_crop6883.png,384,0,9002144_3096614
9002144_3096614_x0_y128_crop6884.png,0,128,9002144_3096614
9002144_3096614_x128_y128_crop6885.png,128,128,9002144_3096614
9002144_3096614_x256_y128_crop6886.png,256,128,9002144_3096614
9002144_3096614_x384_y128_crop6887.png,384,128,9002144_3096614
9002144_3096614_x0_y256_crop6888.png,0,256,9002144_3096614
9002144_3096614_x128_y256_crop6889.png,128,256,9002144_3096614
9002144_3096614_x256_y256_crop6890.png,256,256,9002144_3096614
9002144_3096614_x384_y256_crop6891.png,384,256,9002144_3096614
9002144_3096614_x0_y384_crop6892.png,0,384,9002144_3096614
9002144_3096614_x128_y384_crop6893.png,128,384,9002144_3096614
9002144_3096614_x256_y384_crop6894.png,256,384,9002144_3096614
9002144_3096614_x384_y384_crop6895.png,384,384,9002144_3096614
9026909_3082855_x0_y0_crop6896.png,0,0,9026909_3082855
9026909_3082855_x128_y0_crop6897.png,128,0,9026909_3082855
9026909_3082855_x256_y0_crop6898.png,256,0,9026909_3082855
9026909_3082855_x384_y0_crop6899.png,384,0,9026909_3082855
9026909_3082855_x0_y128_crop6900.png,0,128,9026909_3082855
9026909_3082855_x128_y128_crop6901.png,128,128,9026909_3082855
9026909_3082855_x256_y128_crop6902.png,256,128,9026909_3082855
9026909_3082855_x384_y128_crop6903.png,384,128,9026909_3082855
9026909_3082855_x0_y256_crop6904.png,0,256,9026909_3082855
9026909_3082855_x128_y256_crop6905.png,128,256,9026909_3082855
9026909_3082855_x256_y256_crop6906.png,256,256,9026909_3082855
9026909_3082855_x384_y256_crop6907.png,384,256,9026909_3082855
9026909_3082855_x0_y384_crop6908.png,0,384,9026909_3082855
9026909_3082855_x128_y384_crop6909.png,128,384,9026909_3082855
9026909_3082855_x256_y384_crop6910.png,256,384,9026909_3082855
9026909_3082855_x384_y384_crop6911.png,384,384,9026909_3082855
9002144_3085607_x0_y0_crop6912.png,0,0,9002144_3085607
9002144_3085607_x128_y0_crop6913.png,128,0,9002144_3085607
9002144_3085607_x256_y0_crop6914.png,256,0,9002144_3085607
9002144_3085607_x384_y0_crop6915.png,384,0,9002144_3085607
9002144_3085607_x0_y128_crop6916.png,0,128,9002144_3085607
9002144_3085607_x128_y128_crop6917.png,128,128,9002144_3085607
9002144_3085607_x256_y128_crop6918.png,256,128,9002144_3085607
9002144_3085607_x384_y128_crop6919.png,384,128,9002144_3085607
9002144_3085607_x0_y256_crop6920.png,0,256,9002144_3085607
9002144_3085607_x128_y256_crop6921.png,128,256,9002144_3085607
9002144_3085607_x256_y256_crop6922.png,256,256,9002144_3085607
9002144_3085607_x384_y256_crop6923.png,384,256,9002144_3085607
9002144_3085607_x0_y384_crop6924.png,0,384,9002144_3085607
9002144_3085607_x128_y384_crop6925.png,128,384,9002144_3085607
9002144_3085607_x256_y384_crop6926.png,256,384,9002144_3085607
9002144_3085607_x384_y384_crop6927.png,384,384,9002144_3085607
9040668_3124131_x0_y0_crop6928.png,0,0,9040668_3124131
9040668_3124131_x128_y0_crop6929.png,128,0,9040668_3124131
9040668_3124131_x256_y0_crop6930.png,256,0,9040668_3124131
9040668_3124131_x384_y0_crop6931.png,384,0,9040668_3124131
9040668_3124131_x0_y128_crop6932.png,0,128,9040668_3124131
9040668_3124131_x128_y128_crop6933.png,128,128,9040668_3124131
9040668_3124131_x256_y128_crop6934.png,256,128,9040668_3124131
9040668_3124131_x384_y128_crop6935.png,384,128,9040668_3124131
9040668_3124131_x0_y256_crop6936.png,0,256,9040668_3124131
9040668_3124131_x128_y256_crop6937.png,128,256,9040668_3124131
9040668_3124131_x256_y256_crop6938.png,256,256,9040668_3124131
9040668_3124131_x384_y256_crop6939.png,384,256,9040668_3124131
9040668_3124131_x0_y384_crop6940.png,0,384,9040668_3124131
9040668_3124131_x128_y384_crop6941.png,128,384,9040668_3124131
9040668_3124131_x256_y384_crop6942.png,256,384,9040668_3124131
9040668_3124131_x384_y384_crop6943.png,384,384,9040668_3124131
9015902_3137890_x0_y0_crop6944.png,0,0,9015902_3137890
9015902_3137890_x128_y0_crop6945.png,128,0,9015902_3137890
9015902_3137890_x256_y0_crop6946.png,256,0,9015902_3137890
9015902_3137890_x384_y0_crop6947.png,384,0,9015902_3137890
9015902_3137890_x0_y128_crop6948.png,0,128,9015902_3137890
9015902_3137890_x128_y128_crop6949.png,128,128,9015902_3137890
9015902_3137890_x256_y128_crop6950.png,256,128,9015902_3137890
9015902_3137890_x384_y128_crop6951.png,384,128,9015902_3137890
9015902_3137890_x0_y256_crop6952.png,0,256,9015902_3137890
9015902_3137890_x128_y256_crop6953.png,128,256,9015902_3137890
9015902_3137890_x256_y256_crop6954.png,256,256,9015902_3137890
9015902_3137890_x384_y256_crop6955.png,384,256,9015902_3137890
9015902_3137890_x0_y384_crop6956.png,0,384,9015902_3137890
9015902_3137890_x128_y384_crop6957.png,128,384,9015902_3137890
9015902_3137890_x256_y384_crop6958.png,256,384,9015902_3137890
9015902_3137890_x384_y384_crop6959.png,384,384,9015902_3137890
9024157_3088359_x0_y0_crop6960.png,0,0,9024157_3088359
9024157_3088359_x128_y0_crop6961.png,128,0,9024157_3088359
9024157_3088359_x256_y0_crop6962.png,256,0,9024157_3088359
9024157_3088359_x384_y0_crop6963.png,384,0,9024157_3088359
9024157_3088359_x0_y128_crop6964.png,0,128,9024157_3088359
9024157_3088359_x128_y128_crop6965.png,128,128,9024157_3088359
9024157_3088359_x256_y128_crop6966.png,256,128,9024157_3088359
9024157_3088359_x384_y128_crop6967.png,384,128,9024157_3088359
9024157_3088359_x0_y256_crop6968.png,0,256,9024157_3088359
9024157_3088359_x128_y256_crop6969.png,128,256,9024157_3088359
9024157_3088359_x256_y256_crop6970.png,256,256,9024157_3088359
9024157_3088359_x384_y256_crop6971.png,384,256,9024157_3088359
9024157_3088359_x0_y384_crop6972.png,0,384,9024157_3088359
9024157_3088359_x128_y384_crop6973.png,128,384,9024157_3088359
9024157_3088359_x256_y384_crop6974.png,256,384,9024157_3088359
9024157_3088359_x384_y384_crop6975.png,384,384,9024157_3088359
9021406_3091111_x0_y0_crop6976.png,0,0,9021406_3091111
9021406_3091111_x128_y0_crop6977.png,128,0,9021406_3091111
9021406_3091111_x256_y0_crop6978.png,256,0,9021406_3091111
9021406_3091111_x384_y0_crop6979.png,384,0,9021406_3091111
9021406_3091111_x0_y128_crop6980.png,0,128,9021406_3091111
9021406_3091111_x128_y128_crop6981.png,128,128,9021406_3091111
9021406_3091111_x256_y128_crop6982.png,256,128,9021406_3091111
9021406_3091111_x384_y128_crop6983.png,384,128,9021406_3091111
9021406_3091111_x0_y256_crop6984.png,0,256,9021406_3091111
9021406_3091111_x128_y256_crop6985.png,128,256,9021406_3091111
9021406_3091111_x256_y256_crop6986.png,256,256,9021406_3091111
9021406_3091111_x384_y256_crop6987.png,384,256,9021406_3091111
9021406_3091111_x0_y384_crop6988.png,0,384,9021406_3091111
9021406_3091111_x128_y384_crop6989.png,128,384,9021406_3091111
9021406_3091111_x256_y384_crop6990.png,256,384,9021406_3091111
9021406_3091111_x384_y384_crop6991.png,384,384,9021406_3091111
9007647_3115876_x0_y0_crop6992.png,0,0,9007647_3115876
9007647_3115876_x128_y0_crop6993.png,128,0,9007647_3115876
9007647_3115876_x256_y0_crop6994.png,256,0,9007647_3115876
9007647_3115876_x384_y0_crop6995.png,384,0,9007647_3115876
9007647_3115876_x0_y128_crop6996.png,0,128,9007647_3115876
9007647_3115876_x128_y128_crop6997.png,128,128,9007647_3115876
9007647_3115876_x256_y128_crop6998.png,256,128,9007647_3115876
9007647_3115876_x384_y128_crop6999.png,384,128,9007647_3115876
9007647_3115876_x0_y256_crop7000.png,0,256,9007647_3115876
9007647_3115876_x128_y256_crop7001.png,128,256,9007647_3115876
9007647_3115876_x256_y256_crop7002.png,256,256,9007647_3115876
9007647_3115876_x384_y256_crop7003.png,384,256,9007647_3115876
9007647_3115876_x0_y384_crop7004.png,0,384,9007647_3115876
9007647_3115876_x128_y384_crop7005.png,128,384,9007647_3115876
9007647_3115876_x256_y384_crop7006.png,256,384,9007647_3115876
9007647_3115876_x384_y384_crop7007.png,384,384,9007647_3115876
9037916_3085607_x0_y0_crop7008.png,0,0,9037916_3085607
9037916_3085607_x128_y0_crop7009.png,128,0,9037916_3085607
9037916_3085607_x256_y0_crop7010.png,256,0,9037916_3085607
9037916_3085607_x384_y0_crop7011.png,384,0,9037916_3085607
9037916_3085607_x0_y128_crop7012.png,0,128,9037916_3085607
9037916_3085607_x128_y128_crop7013.png,128,128,9037916_3085607
9037916_3085607_x256_y128_crop7014.png,256,128,9037916_3085607
9037916_3085607_x384_y128_crop7015.png,384,128,9037916_3085607
9037916_3085607_x0_y256_crop7016.png,0,256,9037916_3085607
9037916_3085607_x128_y256_crop7017.png,128,256,9037916_3085607
9037916_3085607_x256_y256_crop7018.png,256,256,9037916_3085607
9037916_3085607_x384_y256_crop7019.png,384,256,9037916_3085607
9037916_3085607_x0_y384_crop7020.png,0,384,9037916_3085607
9037916_3085607_x128_y384_crop7021.png,128,384,9037916_3085607
9037916_3085607_x256_y384_crop7022.png,256,384,9037916_3085607
9037916_3085607_x384_y384_crop7023.png,384,384,9037916_3085607
9007647_3088359_x0_y0_crop7024.png,0,0,9007647_3088359
9007647_3088359_x128_y0_crop7025.png,128,0,9007647_3088359
9007647_3088359_x256_y0_crop7026.png,256,0,9007647_3088359
9007647_3088359_x384_y0_crop7027.png,384,0,9007647_3088359
9007647_3088359_x0_y128_crop7028.png,0,128,9007647_3088359
9007647_3088359_x128_y128_crop7029.png,128,128,9007647_3088359
9007647_3088359_x256_y128_crop7030.png,256,128,9007647_3088359
9007647_3088359_x384_y128_crop7031.png,384,128,9007647_3088359
9007647_3088359_x0_y256_crop7032.png,0,256,9007647_3088359
9007647_3088359_x128_y256_crop7033.png,128,256,9007647_3088359
9007647_3088359_x256_y256_crop7034.png,256,256,9007647_3088359
9007647_3088359_x384_y256_crop7035.png,384,256,9007647_3088359
9007647_3088359_x0_y384_crop7036.png,0,384,9007647_3088359
9007647_3088359_x128_y384_crop7037.png,128,384,9007647_3088359
9007647_3088359_x256_y384_crop7038.png,256,384,9007647_3088359
9007647_3088359_x384_y384_crop7039.png,384,384,9007647_3088359
9015902_3088359_x0_y0_crop7040.png,0,0,9015902_3088359
9015902_3088359_x128_y0_crop7041.png,128,0,9015902_3088359
9015902_3088359_x256_y0_crop7042.png,256,0,9015902_3088359
9015902_3088359_x384_y0_crop7043.png,384,0,9015902_3088359
9015902_3088359_x0_y128_crop7044.png,0,128,9015902_3088359
9015902_3088359_x128_y128_crop7045.png,128,128,9015902_3088359
9015902_3088359_x256_y128_crop7046.png,256,128,9015902_3088359
9015902_3088359_x384_y128_crop7047.png,384,128,9015902_3088359
9015902_3088359_x0_y256_crop7048.png,0,256,9015902_3088359
9015902_3088359_x128_y256_crop7049.png,128,256,9015902_3088359
9015902_3088359_x256_y256_crop7050.png,256,256,9015902_3088359
9015902_3088359_x384_y256_crop7051.png,384,256,9015902_3088359
9015902_3088359_x0_y384_crop7052.png,0,384,9015902_3088359
9015902_3088359_x128_y384_crop7053.png,128,384,9015902_3088359
9015902_3088359_x256_y384_crop7054.png,256,384,9015902_3088359
9015902_3088359_x384_y384_crop7055.png,384,384,9015902_3088359
9026909_3113124_x0_y0_crop7056.png,0,0,9026909_3113124
9026909_3113124_x128_y0_crop7057.png,128,0,9026909_3113124
9026909_3113124_x256_y0_crop7058.png,256,0,9026909_3113124
9026909_3113124_x384_y0_crop7059.png,384,0,9026909_3113124
9026909_3113124_x0_y128_crop7060.png,0,128,9026909_3113124
9026909_3113124_x128_y128_crop7061.png,128,128,9026909_3113124
9026909_3113124_x256_y128_crop7062.png,256,128,9026909_3113124
9026909_3113124_x384_y128_crop7063.png,384,128,9026909_3113124
9026909_3113124_x0_y256_crop7064.png,0,256,9026909_3113124
9026909_3113124_x128_y256_crop7065.png,128,256,9026909_3113124
9026909_3113124_x256_y256_crop7066.png,256,256,9026909_3113124
9026909_3113124_x384_y256_crop7067.png,384,256,9026909_3113124
9026909_3113124_x0_y384_crop7068.png,0,384,9026909_3113124
9026909_3113124_x128_y384_crop7069.png,128,384,9026909_3113124
9026909_3113124_x256_y384_crop7070.png,256,384,9026909_3113124
9026909_3113124_x384_y384_crop7071.png,384,384,9026909_3113124
8991137_3110373_x0_y0_crop7072.png,0,0,8991137_3110373
8991137_3110373_x128_y0_crop7073.png,128,0,8991137_3110373
8991137_3110373_x256_y0_crop7074.png,256,0,8991137_3110373
8991137_3110373_x384_y0_crop7075.png,384,0,8991137_3110373
8991137_3110373_x0_y128_crop7076.png,0,128,8991137_3110373
8991137_3110373_x128_y128_crop7077.png,128,128,8991137_3110373
8991137_3110373_x256_y128_crop7078.png,256,128,8991137_3110373
8991137_3110373_x384_y128_crop7079.png,384,128,8991137_3110373
8991137_3110373_x0_y256_crop7080.png,0,256,8991137_3110373
8991137_3110373_x128_y256_crop7081.png,128,256,8991137_3110373
8991137_3110373_x256_y256_crop7082.png,256,256,8991137_3110373
8991137_3110373_x384_y256_crop7083.png,384,256,8991137_3110373
8991137_3110373_x0_y384_crop7084.png,0,384,8991137_3110373
8991137_3110373_x128_y384_crop7085.png,128,384,8991137_3110373
8991137_3110373_x256_y384_crop7086.png,256,384,8991137_3110373
8991137_3110373_x384_y384_crop7087.png,384,384,8991137_3110373
8988385_3129635_x0_y0_crop7088.png,0,0,8988385_3129635
8988385_3129635_x128_y0_crop7089.png,128,0,8988385_3129635
8988385_3129635_x256_y0_crop7090.png,256,0,8988385_3129635
8988385_3129635_x384_y0_crop7091.png,384,0,8988385_3129635
8988385_3129635_x0_y128_crop7092.png,0,128,8988385_3129635
8988385_3129635_x128_y128_crop7093.png,128,128,8988385_3129635
8988385_3129635_x256_y128_crop7094.png,256,128,8988385_3129635
8988385_3129635_x384_y128_crop7095.png,384,128,8988385_3129635
8988385_3129635_x0_y256_crop7096.png,0,256,8988385_3129635
8988385_3129635_x128_y256_crop7097.png,128,256,8988385_3129635
8988385_3129635_x256_y256_crop7098.png,256,256,8988385_3129635
8988385_3129635_x384_y256_crop7099.png,384,256,8988385_3129635
8988385_3129635_x0_y384_crop7100.png,0,384,8988385_3129635
8988385_3129635_x128_y384_crop7101.png,128,384,8988385_3129635
8988385_3129635_x256_y384_crop7102.png,256,384,8988385_3129635
8988385_3129635_x384_y384_crop7103.png,384,384,8988385_3129635
8980130_3102117_x0_y0_crop7104.png,0,0,8980130_3102117
8980130_3102117_x128_y0_crop7105.png,128,0,8980130_3102117
8980130_3102117_x256_y0_crop7106.png,256,0,8980130_3102117
8980130_3102117_x384_y0_crop7107.png,384,0,8980130_3102117
8980130_3102117_x0_y128_crop7108.png,0,128,8980130_3102117
8980130_3102117_x128_y128_crop7109.png,128,128,8980130_3102117
8980130_3102117_x256_y128_crop7110.png,256,128,8980130_3102117
8980130_3102117_x384_y128_crop7111.png,384,128,8980130_3102117
8980130_3102117_x0_y256_crop7112.png,0,256,8980130_3102117
8980130_3102117_x128_y256_crop7113.png,128,256,8980130_3102117
8980130_3102117_x256_y256_crop7114.png,256,256,8980130_3102117
8980130_3102117_x384_y256_crop7115.png,384,256,8980130_3102117
8980130_3102117_x0_y384_crop7116.png,0,384,8980130_3102117
8980130_3102117_x128_y384_crop7117.png,128,384,8980130_3102117
8980130_3102117_x256_y384_crop7118.png,256,384,8980130_3102117
8980130_3102117_x384_y384_crop7119.png,384,384,8980130_3102117
9024157_3140642_x0_y0_crop7120.png,0,0,9024157_3140642
9024157_3140642_x128_y0_crop7121.png,128,0,9024157_3140642
9024157_3140642_x256_y0_crop7122.png,256,0,9024157_3140642
9024157_3140642_x384_y0_crop7123.png,384,0,9024157_3140642
9024157_3140642_x0_y128_crop7124.png,0,128,9024157_3140642
9024157_3140642_x128_y128_crop7125.png,128,128,9024157_3140642
9024157_3140642_x256_y128_crop7126.png,256,128,9024157_3140642
9024157_3140642_x384_y128_crop7127.png,384,128,9024157_3140642
9024157_3140642_x0_y256_crop7128.png,0,256,9024157_3140642
9024157_3140642_x128_y256_crop7129.png,128,256,9024157_3140642
9024157_3140642_x256_y256_crop7130.png,256,256,9024157_3140642
9024157_3140642_x384_y256_crop7131.png,384,256,9024157_3140642
9024157_3140642_x0_y384_crop7132.png,0,384,9024157_3140642
9024157_3140642_x128_y384_crop7133.png,128,384,9024157_3140642
9024157_3140642_x256_y384_crop7134.png,256,384,9024157_3140642
9024157_3140642_x384_y384_crop7135.png,384,384,9024157_3140642
9013151_3137890_x0_y0_crop7136.png,0,0,9013151_3137890
9013151_3137890_x128_y0_crop7137.png,128,0,9013151_3137890
9013151_3137890_x256_y0_crop7138.png,256,0,9013151_3137890
9013151_3137890_x384_y0_crop7139.png,384,0,9013151_3137890
9013151_3137890_x0_y128_crop7140.png,0,128,9013151_3137890
9013151_3137890_x128_y128_crop7141.png,128,128,9013151_3137890
9013151_3137890_x256_y128_crop7142.png,256,128,9013151_3137890
9013151_3137890_x384_y128_crop7143.png,384,128,9013151_3137890
9013151_3137890_x0_y256_crop7144.png,0,256,9013151_3137890
9013151_3137890_x128_y256_crop7145.png,128,256,9013151_3137890
9013151_3137890_x256_y256_crop7146.png,256,256,9013151_3137890
9013151_3137890_x384_y256_crop7147.png,384,256,9013151_3137890
9013151_3137890_x0_y384_crop7148.png,0,384,9013151_3137890
9013151_3137890_x128_y384_crop7149.png,128,384,9013151_3137890
9013151_3137890_x256_y384_crop7150.png,256,384,9013151_3137890
9013151_3137890_x384_y384_crop7151.png,384,384,9013151_3137890
9002144_3143393_x0_y0_crop7152.png,0,0,9002144_3143393
9002144_3143393_x128_y0_crop7153.png,128,0,9002144_3143393
9002144_3143393_x256_y0_crop7154.png,256,0,9002144_3143393
9002144_3143393_x384_y0_crop7155.png,384,0,9002144_3143393
9002144_3143393_x0_y128_crop7156.png,0,128,9002144_3143393
9002144_3143393_x128_y128_crop7157.png,128,128,9002144_3143393
9002144_3143393_x256_y128_crop7158.png,256,128,9002144_3143393
9002144_3143393_x384_y128_crop7159.png,384,128,9002144_3143393
9002144_3143393_x0_y256_crop7160.png,0,256,9002144_3143393
9002144_3143393_x128_y256_crop7161.png,128,256,9002144_3143393
9002144_3143393_x256_y256_crop7162.png,256,256,9002144_3143393
9002144_3143393_x384_y256_crop7163.png,384,256,9002144_3143393
9002144_3143393_x0_y384_crop7164.png,0,384,9002144_3143393
9002144_3143393_x128_y384_crop7165.png,128,384,9002144_3143393
9002144_3143393_x256_y384_crop7166.png,256,384,9002144_3143393
9002144_3143393_x384_y384_crop7167.png,384,384,9002144_3143393
8996640_3146145_x0_y0_crop7168.png,0,0,8996640_3146145
8996640_3146145_x128_y0_crop7169.png,128,0,8996640_3146145
8996640_3146145_x256_y0_crop7170.png,256,0,8996640_3146145
8996640_3146145_x384_y0_crop7171.png,384,0,8996640_3146145
8996640_3146145_x0_y128_crop7172.png,0,128,8996640_3146145
8996640_3146145_x128_y128_crop7173.png,128,128,8996640_3146145
8996640_3146145_x256_y128_crop7174.png,256,128,8996640_3146145
8996640_3146145_x384_y128_crop7175.png,384,128,8996640_3146145
8996640_3146145_x0_y256_crop7176.png,0,256,8996640_3146145
8996640_3146145_x128_y256_crop7177.png,128,256,8996640_3146145
8996640_3146145_x256_y256_crop7178.png,256,256,8996640_3146145
8996640_3146145_x384_y256_crop7179.png,384,256,8996640_3146145
8996640_3146145_x0_y384_crop7180.png,0,384,8996640_3146145
8996640_3146145_x128_y384_crop7181.png,128,384,8996640_3146145
8996640_3146145_x256_y384_crop7182.png,256,384,8996640_3146145
8996640_3146145_x384_y384_crop7183.png,384,384,8996640_3146145
9029661_3077352_x0_y0_crop7184.png,0,0,9029661_3077352
9029661_3077352_x128_y0_crop7185.png,128,0,9029661_3077352
9029661_3077352_x256_y0_crop7186.png,256,0,9029661_3077352
9029661_3077352_x384_y0_crop7187.png,384,0,9029661_3077352
9029661_3077352_x0_y128_crop7188.png,0,128,9029661_3077352
9029661_3077352_x128_y128_crop7189.png,128,128,9029661_3077352
9029661_3077352_x256_y128_crop7190.png,256,128,9029661_3077352
9029661_3077352_x384_y128_crop7191.png,384,128,9029661_3077352
9029661_3077352_x0_y256_crop7192.png,0,256,9029661_3077352
9029661_3077352_x128_y256_crop7193.png,128,256,9029661_3077352
9029661_3077352_x256_y256_crop7194.png,256,256,9029661_3077352
9029661_3077352_x384_y256_crop7195.png,384,256,9029661_3077352
9029661_3077352_x0_y384_crop7196.png,0,384,9029661_3077352
9029661_3077352_x128_y384_crop7197.png,128,384,9029661_3077352
9029661_3077352_x256_y384_crop7198.png,256,384,9029661_3077352
9029661_3077352_x384_y384_crop7199.png,384,384,9029661_3077352
9037916_3110373_x0_y0_crop7200.png,0,0,9037916_3110373
9037916_3110373_x128_y0_crop7201.png,128,0,9037916_3110373
9037916_3110373_x256_y0_crop7202.png,256,0,9037916_3110373
9037916_3110373_x384_y0_crop7203.png,384,0,9037916_3110373
9037916_3110373_x0_y128_crop7204.png,0,128,9037916_3110373
9037916_3110373_x128_y128_crop7205.png,128,128,9037916_3110373
9037916_3110373_x256_y128_crop7206.png,256,128,9037916_3110373
9037916_3110373_x384_y128_crop7207.png,384,128,9037916_3110373
9037916_3110373_x0_y256_crop7208.png,0,256,9037916_3110373
9037916_3110373_x128_y256_crop7209.png,128,256,9037916_3110373
9037916_3110373_x256_y256_crop7210.png,256,256,9037916_3110373
9037916_3110373_x384_y256_crop7211.png,384,256,9037916_3110373
9037916_3110373_x0_y384_crop7212.png,0,384,9037916_3110373
9037916_3110373_x128_y384_crop7213.png,128,384,9037916_3110373
9037916_3110373_x256_y384_crop7214.png,256,384,9037916_3110373
9037916_3110373_x384_y384_crop7215.png,384,384,9037916_3110373
8991137_3107621_x0_y0_crop7216.png,0,0,8991137_3107621
8991137_3107621_x128_y0_crop7217.png,128,0,8991137_3107621
8991137_3107621_x256_y0_crop7218.png,256,0,8991137_3107621
8991137_3107621_x384_y0_crop7219.png,384,0,8991137_3107621
8991137_3107621_x0_y128_crop7220.png,0,128,8991137_3107621
8991137_3107621_x128_y128_crop7221.png,128,128,8991137_3107621
8991137_3107621_x256_y128_crop7222.png,256,128,8991137_3107621
8991137_3107621_x384_y128_crop7223.png,384,128,8991137_3107621
8991137_3107621_x0_y256_crop7224.png,0,256,8991137_3107621
8991137_3107621_x128_y256_crop7225.png,128,256,8991137_3107621
8991137_3107621_x256_y256_crop7226.png,256,256,8991137_3107621
8991137_3107621_x384_y256_crop7227.png,384,256,8991137_3107621
8991137_3107621_x0_y384_crop7228.png,0,384,8991137_3107621
8991137_3107621_x128_y384_crop7229.png,128,384,8991137_3107621
8991137_3107621_x256_y384_crop7230.png,256,384,8991137_3107621
8991137_3107621_x384_y384_crop7231.png,384,384,8991137_3107621
9018654_3082855_x0_y0_crop7232.png,0,0,9018654_3082855
9018654_3082855_x128_y0_crop7233.png,128,0,9018654_3082855
9018654_3082855_x256_y0_crop7234.png,256,0,9018654_3082855
9018654_3082855_x384_y0_crop7235.png,384,0,9018654_3082855
9018654_3082855_x0_y128_crop7236.png,0,128,9018654_3082855
9018654_3082855_x128_y128_crop7237.png,128,128,9018654_3082855
9018654_3082855_x256_y128_crop7238.png,256,128,9018654_3082855
9018654_3082855_x384_y128_crop7239.png,384,128,9018654_3082855
9018654_3082855_x0_y256_crop7240.png,0,256,9018654_3082855
9018654_3082855_x128_y256_crop7241.png,128,256,9018654_3082855
9018654_3082855_x256_y256_crop7242.png,256,256,9018654_3082855
9018654_3082855_x384_y256_crop7243.png,384,256,9018654_3082855
9018654_3082855_x0_y384_crop7244.png,0,384,9018654_3082855
9018654_3082855_x128_y384_crop7245.png,128,384,9018654_3082855
9018654_3082855_x256_y384_crop7246.png,256,384,9018654_3082855
9018654_3082855_x384_y384_crop7247.png,384,384,9018654_3082855
9037916_3096614_x0_y0_crop7248.png,0,0,9037916_3096614
9037916_3096614_x128_y0_crop7249.png,128,0,9037916_3096614
9037916_3096614_x256_y0_crop7250.png,256,0,9037916_3096614
9037916_3096614_x384_y0_crop7251.png,384,0,9037916_3096614
9037916_3096614_x0_y128_crop7252.png,0,128,9037916_3096614
9037916_3096614_x128_y128_crop7253.png,128,128,9037916_3096614
9037916_3096614_x256_y128_crop7254.png,256,128,9037916_3096614
9037916_3096614_x384_y128_crop7255.png,384,128,9037916_3096614
9037916_3096614_x0_y256_crop7256.png,0,256,9037916_3096614
9037916_3096614_x128_y256_crop7257.png,128,256,9037916_3096614
9037916_3096614_x256_y256_crop7258.png,256,256,9037916_3096614
9037916_3096614_x384_y256_crop7259.png,384,256,9037916_3096614
9037916_3096614_x0_y384_crop7260.png,0,384,9037916_3096614
9037916_3096614_x128_y384_crop7261.png,128,384,9037916_3096614
9037916_3096614_x256_y384_crop7262.png,256,384,9037916_3096614
9037916_3096614_x384_y384_crop7263.png,384,384,9037916_3096614
9015902_3115876_x0_y0_crop7264.png,0,0,9015902_3115876
9015902_3115876_x128_y0_crop7265.png,128,0,9015902_3115876
9015902_3115876_x256_y0_crop7266.png,256,0,9015902_3115876
9015902_3115876_x384_y0_crop7267.png,384,0,9015902_3115876
9015902_3115876_x0_y128_crop7268.png,0,128,9015902_3115876
9015902_3115876_x128_y128_crop7269.png,128,128,9015902_3115876
9015902_3115876_x256_y128_crop7270.png,256,128,9015902_3115876
9015902_3115876_x384_y128_crop7271.png,384,128,9015902_3115876
9015902_3115876_x0_y256_crop7272.png,0,256,9015902_3115876
9015902_3115876_x128_y256_crop7273.png,128,256,9015902_3115876
9015902_3115876_x256_y256_crop7274.png,256,256,9015902_3115876
9015902_3115876_x384_y256_crop7275.png,384,256,9015902_3115876
9015902_3115876_x0_y384_crop7276.png,0,384,9015902_3115876
9015902_3115876_x128_y384_crop7277.png,128,384,9015902_3115876
9015902_3115876_x256_y384_crop7278.png,256,384,9015902_3115876
9015902_3115876_x384_y384_crop7279.png,384,384,9015902_3115876
9010399_3110373_x0_y0_crop7280.png,0,0,9010399_3110373
9010399_3110373_x128_y0_crop7281.png,128,0,9010399_3110373
9010399_3110373_x256_y0_crop7282.png,256,0,9010399_3110373
9010399_3110373_x384_y0_crop7283.png,384,0,9010399_3110373
9010399_3110373_x0_y128_crop7284.png,0,128,9010399_3110373
9010399_3110373_x128_y128_crop7285.png,128,128,9010399_3110373
9010399_3110373_x256_y128_crop7286.png,256,128,9010399_3110373
9010399_3110373_x384_y128_crop7287.png,384,128,9010399_3110373
9010399_3110373_x0_y256_crop7288.png,0,256,9010399_3110373
9010399_3110373_x128_y256_crop7289.png,128,256,9010399_3110373
9010399_3110373_x256_y256_crop7290.png,256,256,9010399_3110373
9010399_3110373_x384_y256_crop7291.png,384,256,9010399_3110373
9010399_3110373_x0_y384_crop7292.png,0,384,9010399_3110373
9010399_3110373_x128_y384_crop7293.png,128,384,9010399_3110373
9010399_3110373_x256_y384_crop7294.png,256,384,9010399_3110373
9010399_3110373_x384_y384_crop7295.png,384,384,9010399_3110373
8985633_3082855_x0_y0_crop7296.png,0,0,8985633_3082855
8985633_3082855_x128_y0_crop7297.png,128,0,8985633_3082855
8985633_3082855_x256_y0_crop7298.png,256,0,8985633_3082855
8985633_3082855_x384_y0_crop7299.png,384,0,8985633_3082855
8985633_3082855_x0_y128_crop7300.png,0,128,8985633_3082855
8985633_3082855_x128_y128_crop7301.png,128,128,8985633_3082855
8985633_3082855_x256_y128_crop7302.png,256,128,8985633_3082855
8985633_3082855_x384_y128_crop7303.png,384,128,8985633_3082855
8985633_3082855_x0_y256_crop7304.png,0,256,8985633_3082855
8985633_3082855_x128_y256_crop7305.png,128,256,8985633_3082855
8985633_3082855_x256_y256_crop7306.png,256,256,8985633_3082855
8985633_3082855_x384_y256_crop7307.png,384,256,8985633_3082855
8985633_3082855_x0_y384_crop7308.png,0,384,8985633_3082855
8985633_3082855_x128_y384_crop7309.png,128,384,8985633_3082855
8985633_3082855_x256_y384_crop7310.png,256,384,8985633_3082855
8985633_3082855_x384_y384_crop7311.png,384,384,8985633_3082855
9035164_3085607_x0_y0_crop7312.png,0,0,9035164_3085607
9035164_3085607_x128_y0_crop7313.png,128,0,9035164_3085607
9035164_3085607_x256_y0_crop7314.png,256,0,9035164_3085607
9035164_3085607_x384_y0_crop7315.png,384,0,9035164_3085607
9035164_3085607_x0_y128_crop7316.png,0,128,9035164_3085607
9035164_3085607_x128_y128_crop7317.png,128,128,9035164_3085607
9035164_3085607_x256_y128_crop7318.png,256,128,9035164_3085607
9035164_3085607_x384_y128_crop7319.png,384,128,9035164_3085607
9035164_3085607_x0_y256_crop7320.png,0,256,9035164_3085607
9035164_3085607_x128_y256_crop7321.png,128,256,9035164_3085607
9035164_3085607_x256_y256_crop7322.png,256,256,9035164_3085607
9035164_3085607_x384_y256_crop7323.png,384,256,9035164_3085607
9035164_3085607_x0_y384_crop7324.png,0,384,9035164_3085607
9035164_3085607_x128_y384_crop7325.png,128,384,9035164_3085607
9035164_3085607_x256_y384_crop7326.png,256,384,9035164_3085607
9035164_3085607_x384_y384_crop7327.png,384,384,9035164_3085607
8993888_3091111_x0_y0_crop7328.png,0,0,8993888_3091111
8993888_3091111_x128_y0_crop7329.png,128,0,8993888_3091111
8993888_3091111_x256_y0_crop7330.png,256,0,8993888_3091111
8993888_3091111_x384_y0_crop7331.png,384,0,8993888_3091111
8993888_3091111_x0_y128_crop7332.png,0,128,8993888_3091111
8993888_3091111_x128_y128_crop7333.png,128,128,8993888_3091111
8993888_3091111_x256_y128_crop7334.png,256,128,8993888_3091111
8993888_3091111_x384_y128_crop7335.png,384,128,8993888_3091111
8993888_3091111_x0_y256_crop7336.png,0,256,8993888_3091111
8993888_3091111_x128_y256_crop7337.png,128,256,8993888_3091111
8993888_3091111_x256_y256_crop7338.png,256,256,8993888_3091111
8993888_3091111_x384_y256_crop7339.png,384,256,8993888_3091111
8993888_3091111_x0_y384_crop7340.png,0,384,8993888_3091111
8993888_3091111_x128_y384_crop7341.png,128,384,8993888_3091111
8993888_3091111_x256_y384_crop7342.png,256,384,8993888_3091111
8993888_3091111_x384_y384_crop7343.png,384,384,8993888_3091111
8985633_3124131_x0_y0_crop7344.png,0,0,8985633_3124131
8985633_3124131_x128_y0_crop7345.png,128,0,8985633_3124131
8985633_3124131_x256_y0_crop7346.png,256,0,8985633_3124131
8985633_3124131_x384_y0_crop7347.png,384,0,8985633_3124131
8985633_3124131_x0_y128_crop7348.png,0,128,8985633_3124131
8985633_3124131_x128_y128_crop7349.png,128,128,8985633_3124131
8985633_3124131_x256_y128_crop7350.png,256,128,8985633_3124131
8985633_3124131_x384_y128_crop7351.png,384,128,8985633_3124131
8985633_3124131_x0_y256_crop7352.png,0,256,8985633_3124131
8985633_3124131_x128_y256_crop7353.png,128,256,8985633_3124131
8985633_3124131_x256_y256_crop7354.png,256,256,8985633_3124131
8985633_3124131_x384_y256_crop7355.png,384,256,8985633_3124131
8985633_3124131_x0_y384_crop7356.png,0,384,8985633_3124131
8985633_3124131_x128_y384_crop7357.png,128,384,8985633_3124131
8985633_3124131_x256_y384_crop7358.png,256,384,8985633_3124131
8985633_3124131_x384_y384_crop7359.png,384,384,8985633_3124131
8991137_3113124_x0_y0_crop7360.png,0,0,8991137_3113124
8991137_3113124_x128_y0_crop7361.png,128,0,8991137_3113124
8991137_3113124_x256_y0_crop7362.png,256,0,8991137_3113124
8991137_3113124_x384_y0_crop7363.png,384,0,8991137_3113124
8991137_3113124_x0_y128_crop7364.png,0,128,8991137_3113124
8991137_3113124_x128_y128_crop7365.png,128,128,8991137_3113124
8991137_3113124_x256_y128_crop7366.png,256,128,8991137_3113124
8991137_3113124_x384_y128_crop7367.png,384,128,8991137_3113124
8991137_3113124_x0_y256_crop7368.png,0,256,8991137_3113124
8991137_3113124_x128_y256_crop7369.png,128,256,8991137_3113124
8991137_3113124_x256_y256_crop7370.png,256,256,8991137_3113124
8991137_3113124_x384_y256_crop7371.png,384,256,8991137_3113124
8991137_3113124_x0_y384_crop7372.png,0,384,8991137_3113124
8991137_3113124_x128_y384_crop7373.png,128,384,8991137_3113124
8991137_3113124_x256_y384_crop7374.png,256,384,8991137_3113124
8991137_3113124_x384_y384_crop7375.png,384,384,8991137_3113124
9002144_3146145_x0_y0_crop7376.png,0,0,9002144_3146145
9002144_3146145_x128_y0_crop7377.png,128,0,9002144_3146145
9002144_3146145_x256_y0_crop7378.png,256,0,9002144_3146145
9002144_3146145_x384_y0_crop7379.png,384,0,9002144_3146145
9002144_3146145_x0_y128_crop7380.png,0,128,9002144_3146145
9002144_3146145_x128_y128_crop7381.png,128,128,9002144_3146145
9002144_3146145_x256_y128_crop7382.png,256,128,9002144_3146145
9002144_3146145_x384_y128_crop7383.png,384,128,9002144_3146145
9002144_3146145_x0_y256_crop7384.png,0,256,9002144_3146145
9002144_3146145_x128_y256_crop7385.png,128,256,9002144_3146145
9002144_3146145_x256_y256_crop7386.png,256,256,9002144_3146145
9002144_3146145_x384_y256_crop7387.png,384,256,9002144_3146145
9002144_3146145_x0_y384_crop7388.png,0,384,9002144_3146145
9002144_3146145_x128_y384_crop7389.png,128,384,9002144_3146145
9002144_3146145_x256_y384_crop7390.png,256,384,9002144_3146145
9002144_3146145_x384_y384_crop7391.png,384,384,9002144_3146145
8982881_3096614_x0_y0_crop7392.png,0,0,8982881_3096614
8982881_3096614_x128_y0_crop7393.png,128,0,8982881_3096614
8982881_3096614_x256_y0_crop7394.png,256,0,8982881_3096614
8982881_3096614_x384_y0_crop7395.png,384,0,8982881_3096614
8982881_3096614_x0_y128_crop7396.png,0,128,8982881_3096614
8982881_3096614_x128_y128_crop7397.png,128,128,8982881_3096614
8982881_3096614_x256_y128_crop7398.png,256,128,8982881_3096614
8982881_3096614_x384_y128_crop7399.png,384,128,8982881_3096614
8982881_3096614_x0_y256_crop7400.png,0,256,8982881_3096614
8982881_3096614_x128_y256_crop7401.png,128,256,8982881_3096614
8982881_3096614_x256_y256_crop7402.png,256,256,8982881_3096614
8982881_3096614_x384_y256_crop7403.png,384,256,8982881_3096614
8982881_3096614_x0_y384_crop7404.png,0,384,8982881_3096614
8982881_3096614_x128_y384_crop7405.png,128,384,8982881_3096614
8982881_3096614_x256_y384_crop7406.png,256,384,8982881_3096614
8982881_3096614_x384_y384_crop7407.png,384,384,8982881_3096614
9007647_3135138_x0_y0_crop7408.png,0,0,9007647_3135138
9007647_3135138_x128_y0_crop7409.png,128,0,9007647_3135138
9007647_3135138_x256_y0_crop7410.png,256,0,9007647_3135138
9007647_3135138_x384_y0_crop7411.png,384,0,9007647_3135138
9007647_3135138_x0_y128_crop7412.png,0,128,9007647_3135138
9007647_3135138_x128_y128_crop7413.png,128,128,9007647_3135138
9007647_3135138_x256_y128_crop7414.png,256,128,9007647_3135138
9007647_3135138_x384_y128_crop7415.png,384,128,9007647_3135138
9007647_3135138_x0_y256_crop7416.png,0,256,9007647_3135138
9007647_3135138_x128_y256_crop7417.png,128,256,9007647_3135138
9007647_3135138_x256_y256_crop7418.png,256,256,9007647_3135138
9007647_3135138_x384_y256_crop7419.png,384,256,9007647_3135138
9007647_3135138_x0_y384_crop7420.png,0,384,9007647_3135138
9007647_3135138_x128_y384_crop7421.png,128,384,9007647_3135138
9007647_3135138_x256_y384_crop7422.png,256,384,9007647_3135138
9007647_3135138_x384_y384_crop7423.png,384,384,9007647_3135138
8993888_3143393_x0_y0_crop7424.png,0,0,8993888_3143393
8993888_3143393_x128_y0_crop7425.png,128,0,8993888_3143393
8993888_3143393_x256_y0_crop7426.png,256,0,8993888_3143393
8993888_3143393_x384_y0_crop7427.png,384,0,8993888_3143393
8993888_3143393_x0_y128_crop7428.png,0,128,8993888_3143393
8993888_3143393_x128_y128_crop7429.png,128,128,8993888_3143393
8993888_3143393_x256_y128_crop7430.png,256,128,8993888_3143393
8993888_3143393_x384_y128_crop7431.png,384,128,8993888_3143393
8993888_3143393_x0_y256_crop7432.png,0,256,8993888_3143393
8993888_3143393_x128_y256_crop7433.png,128,256,8993888_3143393
8993888_3143393_x256_y256_crop7434.png,256,256,8993888_3143393
8993888_3143393_x384_y256_crop7435.png,384,256,8993888_3143393
8993888_3143393_x0_y384_crop7436.png,0,384,8993888_3143393
8993888_3143393_x128_y384_crop7437.png,128,384,8993888_3143393
8993888_3143393_x256_y384_crop7438.png,256,384,8993888_3143393
8993888_3143393_x384_y384_crop7439.png,384,384,8993888_3143393
8999392_3137890_x0_y0_crop7440.png,0,0,8999392_3137890
8999392_3137890_x128_y0_crop7441.png,128,0,8999392_3137890
8999392_3137890_x256_y0_crop7442.png,256,0,8999392_3137890
8999392_3137890_x384_y0_crop7443.png,384,0,8999392_3137890
8999392_3137890_x0_y128_crop7444.png,0,128,8999392_3137890
8999392_3137890_x128_y128_crop7445.png,128,128,8999392_3137890
8999392_3137890_x256_y128_crop7446.png,256,128,8999392_3137890
8999392_3137890_x384_y128_crop7447.png,384,128,8999392_3137890
8999392_3137890_x0_y256_crop7448.png,0,256,8999392_3137890
8999392_3137890_x128_y256_crop7449.png,128,256,8999392_3137890
8999392_3137890_x256_y256_crop7450.png,256,256,8999392_3137890
8999392_3137890_x384_y256_crop7451.png,384,256,8999392_3137890
8999392_3137890_x0_y384_crop7452.png,0,384,8999392_3137890
8999392_3137890_x128_y384_crop7453.png,128,384,8999392_3137890
8999392_3137890_x256_y384_crop7454.png,256,384,8999392_3137890
8999392_3137890_x384_y384_crop7455.png,384,384,8999392_3137890
8991137_3126883_x0_y0_crop7456.png,0,0,8991137_3126883
8991137_3126883_x128_y0_crop7457.png,128,0,8991137_3126883
8991137_3126883_x256_y0_crop7458.png,256,0,8991137_3126883
8991137_3126883_x384_y0_crop7459.png,384,0,8991137_3126883
8991137_3126883_x0_y128_crop7460.png,0,128,8991137_3126883
8991137_3126883_x128_y128_crop7461.png,128,128,8991137_3126883
8991137_3126883_x256_y128_crop7462.png,256,128,8991137_3126883
8991137_3126883_x384_y128_crop7463.png,384,128,8991137_3126883
8991137_3126883_x0_y256_crop7464.png,0,256,8991137_3126883
8991137_3126883_x128_y256_crop7465.png,128,256,8991137_3126883
8991137_3126883_x256_y256_crop7466.png,256,256,8991137_3126883
8991137_3126883_x384_y256_crop7467.png,384,256,8991137_3126883
8991137_3126883_x0_y384_crop7468.png,0,384,8991137_3126883
8991137_3126883_x128_y384_crop7469.png,128,384,8991137_3126883
8991137_3126883_x256_y384_crop7470.png,256,384,8991137_3126883
8991137_3126883_x384_y384_crop7471.png,384,384,8991137_3126883
9029661_3085607_x0_y0_crop7472.png,0,0,9029661_3085607
9029661_3085607_x128_y0_crop7473.png,128,0,9029661_3085607
9029661_3085607_x256_y0_crop7474.png,256,0,9029661_3085607
9029661_3085607_x384_y0_crop7475.png,384,0,9029661_3085607
9029661_3085607_x0_y128_crop7476.png,0,128,9029661_3085607
9029661_3085607_x128_y128_crop7477.png,128,128,9029661_3085607
9029661_3085607_x256_y128_crop7478.png,256,128,9029661_3085607
9029661_3085607_x384_y128_crop7479.png,384,128,9029661_3085607
9029661_3085607_x0_y256_crop7480.png,0,256,9029661_3085607
9029661_3085607_x128_y256_crop7481.png,128,256,9029661_3085607
9029661_3085607_x256_y256_crop7482.png,256,256,9029661_3085607
9029661_3085607_x384_y256_crop7483.png,384,256,9029661_3085607
9029661_3085607_x0_y384_crop7484.png,0,384,9029661_3085607
9029661_3085607_x128_y384_crop7485.png,128,384,9029661_3085607
9029661_3085607_x256_y384_crop7486.png,256,384,9029661_3085607
9029661_3085607_x384_y384_crop7487.png,384,384,9029661_3085607
8985633_3113124_x0_y0_crop7488.png,0,0,8985633_3113124
8985633_3113124_x128_y0_crop7489.png,128,0,8985633_3113124
8985633_3113124_x256_y0_crop7490.png,256,0,8985633_3113124
8985633_3113124_x384_y0_crop7491.png,384,0,8985633_3113124
8985633_3113124_x0_y128_crop7492.png,0,128,8985633_3113124
8985633_3113124_x128_y128_crop7493.png,128,128,8985633_3113124
8985633_3113124_x256_y128_crop7494.png,256,128,8985633_3113124
8985633_3113124_x384_y128_crop7495.png,384,128,8985633_3113124
8985633_3113124_x0_y256_crop7496.png,0,256,8985633_3113124
8985633_3113124_x128_y256_crop7497.png,128,256,8985633_3113124
8985633_3113124_x256_y256_crop7498.png,256,256,8985633_3113124
8985633_3113124_x384_y256_crop7499.png,384,256,8985633_3113124
8985633_3113124_x0_y384_crop7500.png,0,384,8985633_3113124
8985633_3113124_x128_y384_crop7501.png,128,384,8985633_3113124
8985633_3113124_x256_y384_crop7502.png,256,384,8985633_3113124
8985633_3113124_x384_y384_crop7503.png,384,384,8985633_3113124
9015902_3102117_x0_y0_crop7504.png,0,0,9015902_3102117
9015902_3102117_x128_y0_crop7505.png,128,0,9015902_3102117
9015902_3102117_x256_y0_crop7506.png,256,0,9015902_3102117
9015902_3102117_x384_y0_crop7507.png,384,0,9015902_3102117
9015902_3102117_x0_y128_crop7508.png,0,128,9015902_3102117
9015902_3102117_x128_y128_crop7509.png,128,128,9015902_3102117
9015902_3102117_x256_y128_crop7510.png,256,128,9015902_3102117
9015902_3102117_x384_y128_crop7511.png,384,128,9015902_3102117
9015902_3102117_x0_y256_crop7512.png,0,256,9015902_3102117
9015902_3102117_x128_y256_crop7513.png,128,256,9015902_3102117
9015902_3102117_x256_y256_crop7514.png,256,256,9015902_3102117
9015902_3102117_x384_y256_crop7515.png,384,256,9015902_3102117
9015902_3102117_x0_y384_crop7516.png,0,384,9015902_3102117
9015902_3102117_x128_y384_crop7517.png,128,384,9015902_3102117
9015902_3102117_x256_y384_crop7518.png,256,384,9015902_3102117
9015902_3102117_x384_y384_crop7519.png,384,384,9015902_3102117
8982881_3124131_x0_y0_crop7520.png,0,0,8982881_3124131
8982881_3124131_x128_y0_crop7521.png,128,0,8982881_3124131
8982881_3124131_x256_y0_crop7522.png,256,0,8982881_3124131
8982881_3124131_x384_y0_crop7523.png,384,0,8982881_3124131
8982881_3124131_x0_y128_crop7524.png,0,128,8982881_3124131
8982881_3124131_x128_y128_crop7525.png,128,128,8982881_3124131
8982881_3124131_x256_y128_crop7526.png,256,128,8982881_3124131
8982881_3124131_x384_y128_crop7527.png,384,128,8982881_3124131
8982881_3124131_x0_y256_crop7528.png,0,256,8982881_3124131
8982881_3124131_x128_y256_crop7529.png,128,256,8982881_3124131
8982881_3124131_x256_y256_crop7530.png,256,256,8982881_3124131
8982881_3124131_x384_y256_crop7531.png,384,256,8982881_3124131
8982881_3124131_x0_y384_crop7532.png,0,384,8982881_3124131
8982881_3124131_x128_y384_crop7533.png,128,384,8982881_3124131
8982881_3124131_x256_y384_crop7534.png,256,384,8982881_3124131
8982881_3124131_x384_y384_crop7535.png,384,384,8982881_3124131
9024157_3132387_x0_y0_crop7536.png,0,0,9024157_3132387
9024157_3132387_x128_y0_crop7537.png,128,0,9024157_3132387
9024157_3132387_x256_y0_crop7538.png,256,0,9024157_3132387
9024157_3132387_x384_y0_crop7539.png,384,0,9024157_3132387
9024157_3132387_x0_y128_crop7540.png,0,128,9024157_3132387
9024157_3132387_x128_y128_crop7541.png,128,128,9024157_3132387
9024157_3132387_x256_y128_crop7542.png,256,128,9024157_3132387
9024157_3132387_x384_y128_crop7543.png,384,128,9024157_3132387
9024157_3132387_x0_y256_crop7544.png,0,256,9024157_3132387
9024157_3132387_x128_y256_crop7545.png,128,256,9024157_3132387
9024157_3132387_x256_y256_crop7546.png,256,256,9024157_3132387
9024157_3132387_x384_y256_crop7547.png,384,256,9024157_3132387
9024157_3132387_x0_y384_crop7548.png,0,384,9024157_3132387
9024157_3132387_x128_y384_crop7549.png,128,384,9024157_3132387
9024157_3132387_x256_y384_crop7550.png,256,384,9024157_3132387
9024157_3132387_x384_y384_crop7551.png,384,384,9024157_3132387
9021406_3121380_x0_y0_crop7552.png,0,0,9021406_3121380
9021406_3121380_x128_y0_crop7553.png,128,0,9021406_3121380
9021406_3121380_x256_y0_crop7554.png,256,0,9021406_3121380
9021406_3121380_x384_y0_crop7555.png,384,0,9021406_3121380
9021406_3121380_x0_y128_crop7556.png,0,128,9021406_3121380
9021406_3121380_x128_y128_crop7557.png,128,128,9021406_3121380
9021406_3121380_x256_y128_crop7558.png,256,128,9021406_3121380
9021406_3121380_x384_y128_crop7559.png,384,128,9021406_3121380
9021406_3121380_x0_y256_crop7560.png,0,256,9021406_3121380
9021406_3121380_x128_y256_crop7561.png,128,256,9021406_3121380
9021406_3121380_x256_y256_crop7562.png,256,256,9021406_3121380
9021406_3121380_x384_y256_crop7563.png,384,256,9021406_3121380
9021406_3121380_x0_y384_crop7564.png,0,384,9021406_3121380
9021406_3121380_x128_y384_crop7565.png,128,384,9021406_3121380
9021406_3121380_x256_y384_crop7566.png,256,384,9021406_3121380
9021406_3121380_x384_y384_crop7567.png,384,384,9021406_3121380
8999392_3126883_x0_y0_crop7568.png,0,0,8999392_3126883
8999392_3126883_x128_y0_crop7569.png,128,0,8999392_3126883
8999392_3126883_x256_y0_crop7570.png,256,0,8999392_3126883
8999392_3126883_x384_y0_crop7571.png,384,0,8999392_3126883
8999392_3126883_x0_y128_crop7572.png,0,128,8999392_3126883
8999392_3126883_x128_y128_crop7573.png,128,128,8999392_3126883
8999392_3126883_x256_y128_crop7574.png,256,128,8999392_3126883
8999392_3126883_x384_y128_crop7575.png,384,128,8999392_3126883
8999392_3126883_x0_y256_crop7576.png,0,256,8999392_3126883
8999392_3126883_x128_y256_crop7577.png,128,256,8999392_3126883
8999392_3126883_x256_y256_crop7578.png,256,256,8999392_3126883
8999392_3126883_x384_y256_crop7579.png,384,256,8999392_3126883
8999392_3126883_x0_y384_crop7580.png,0,384,8999392_3126883
8999392_3126883_x128_y384_crop7581.png,128,384,8999392_3126883
8999392_3126883_x256_y384_crop7582.png,256,384,8999392_3126883
8999392_3126883_x384_y384_crop7583.png,384,384,8999392_3126883
9007647_3082855_x0_y0_crop7584.png,0,0,9007647_3082855
9007647_3082855_x128_y0_crop7585.png,128,0,9007647_3082855
9007647_3082855_x256_y0_crop7586.png,256,0,9007647_3082855
9007647_3082855_x384_y0_crop7587.png,384,0,9007647_3082855
9007647_3082855_x0_y128_crop7588.png,0,128,9007647_3082855
9007647_3082855_x128_y128_crop7589.png,128,128,9007647_3082855
9007647_3082855_x256_y128_crop7590.png,256,128,9007647_3082855
9007647_3082855_x384_y128_crop7591.png,384,128,9007647_3082855
9007647_3082855_x0_y256_crop7592.png,0,256,9007647_3082855
9007647_3082855_x128_y256_crop7593.png,128,256,9007647_3082855
9007647_3082855_x256_y256_crop7594.png,256,256,9007647_3082855
9007647_3082855_x384_y256_crop7595.png,384,256,9007647_3082855
9007647_3082855_x0_y384_crop7596.png,0,384,9007647_3082855
9007647_3082855_x128_y384_crop7597.png,128,384,9007647_3082855
9007647_3082855_x256_y384_crop7598.png,256,384,9007647_3082855
9007647_3082855_x384_y384_crop7599.png,384,384,9007647_3082855
9026909_3099366_x0_y0_crop7600.png,0,0,9026909_3099366
9026909_3099366_x128_y0_crop7601.png,128,0,9026909_3099366
9026909_3099366_x256_y0_crop7602.png,256,0,9026909_3099366
9026909_3099366_x384_y0_crop7603.png,384,0,9026909_3099366
9026909_3099366_x0_y128_crop7604.png,0,128,9026909_3099366
9026909_3099366_x128_y128_crop7605.png,128,128,9026909_3099366
9026909_3099366_x256_y128_crop7606.png,256,128,9026909_3099366
9026909_3099366_x384_y128_crop7607.png,384,128,9026909_3099366
9026909_3099366_x0_y256_crop7608.png,0,256,9026909_3099366
9026909_3099366_x128_y256_crop7609.png,128,256,9026909_3099366
9026909_3099366_x256_y256_crop7610.png,256,256,9026909_3099366
9026909_3099366_x384_y256_crop7611.png,384,256,9026909_3099366
9026909_3099366_x0_y384_crop7612.png,0,384,9026909_3099366
9026909_3099366_x128_y384_crop7613.png,128,384,9026909_3099366
9026909_3099366_x256_y384_crop7614.png,256,384,9026909_3099366
9026909_3099366_x384_y384_crop7615.png,384,384,9026909_3099366
8993888_3077352_x0_y0_crop7616.png,0,0,8993888_3077352
8993888_3077352_x128_y0_crop7617.png,128,0,8993888_3077352
8993888_3077352_x256_y0_crop7618.png,256,0,8993888_3077352
8993888_3077352_x384_y0_crop7619.png,384,0,8993888_3077352
8993888_3077352_x0_y128_crop7620.png,0,128,8993888_3077352
8993888_3077352_x128_y128_crop7621.png,128,128,8993888_3077352
8993888_3077352_x256_y128_crop7622.png,256,128,8993888_3077352
8993888_3077352_x384_y128_crop7623.png,384,128,8993888_3077352
8993888_3077352_x0_y256_crop7624.png,0,256,8993888_3077352
8993888_3077352_x128_y256_crop7625.png,128,256,8993888_3077352
8993888_3077352_x256_y256_crop7626.png,256,256,8993888_3077352
8993888_3077352_x384_y256_crop7627.png,384,256,8993888_3077352
8993888_3077352_x0_y384_crop7628.png,0,384,8993888_3077352
8993888_3077352_x128_y384_crop7629.png,128,384,8993888_3077352
8993888_3077352_x256_y384_crop7630.png,256,384,8993888_3077352
8993888_3077352_x384_y384_crop7631.png,384,384,8993888_3077352
8996640_3080104_x0_y0_crop7632.png,0,0,8996640_3080104
8996640_3080104_x128_y0_crop7633.png,128,0,8996640_3080104
8996640_3080104_x256_y0_crop7634.png,256,0,8996640_3080104
8996640_3080104_x384_y0_crop7635.png,384,0,8996640_3080104
8996640_3080104_x0_y128_crop7636.png,0,128,8996640_3080104
8996640_3080104_x128_y128_crop7637.png,128,128,8996640_3080104
8996640_3080104_x256_y128_crop7638.png,256,128,8996640_3080104
8996640_3080104_x384_y128_crop7639.png,384,128,8996640_3080104
8996640_3080104_x0_y256_crop7640.png,0,256,8996640_3080104
8996640_3080104_x128_y256_crop7641.png,128,256,8996640_3080104
8996640_3080104_x256_y256_crop7642.png,256,256,8996640_3080104
8996640_3080104_x384_y256_crop7643.png,384,256,8996640_3080104
8996640_3080104_x0_y384_crop7644.png,0,384,8996640_3080104
8996640_3080104_x128_y384_crop7645.png,128,384,8996640_3080104
8996640_3080104_x256_y384_crop7646.png,256,384,8996640_3080104
8996640_3080104_x384_y384_crop7647.png,384,384,8996640_3080104
8988385_3091111_x0_y0_crop7648.png,0,0,8988385_3091111
8988385_3091111_x128_y0_crop7649.png,128,0,8988385_3091111
8988385_3091111_x256_y0_crop7650.png,256,0,8988385_3091111
8988385_3091111_x384_y0_crop7651.png,384,0,8988385_3091111
8988385_3091111_x0_y128_crop7652.png,0,128,8988385_3091111
8988385_3091111_x128_y128_crop7653.png,128,128,8988385_3091111
8988385_3091111_x256_y128_crop7654.png,256,128,8988385_3091111
8988385_3091111_x384_y128_crop7655.png,384,128,8988385_3091111
8988385_3091111_x0_y256_crop7656.png,0,256,8988385_3091111
8988385_3091111_x128_y256_crop7657.png,128,256,8988385_3091111
8988385_3091111_x256_y256_crop7658.png,256,256,8988385_3091111
8988385_3091111_x384_y256_crop7659.png,384,256,8988385_3091111
8988385_3091111_x0_y384_crop7660.png,0,384,8988385_3091111
8988385_3091111_x128_y384_crop7661.png,128,384,8988385_3091111
8988385_3091111_x256_y384_crop7662.png,256,384,8988385_3091111
8988385_3091111_x384_y384_crop7663.png,384,384,8988385_3091111
8988385_3126883_x0_y0_crop7664.png,0,0,8988385_3126883
8988385_3126883_x128_y0_crop7665.png,128,0,8988385_3126883
8988385_3126883_x256_y0_crop7666.png,256,0,8988385_3126883
8988385_3126883_x384_y0_crop7667.png,384,0,8988385_3126883
8988385_3126883_x0_y128_crop7668.png,0,128,8988385_3126883
8988385_3126883_x128_y128_crop7669.png,128,128,8988385_3126883
8988385_3126883_x256_y128_crop7670.png,256,128,8988385_3126883
8988385_3126883_x384_y128_crop7671.png,384,128,8988385_3126883
8988385_3126883_x0_y256_crop7672.png,0,256,8988385_3126883
8988385_3126883_x128_y256_crop7673.png,128,256,8988385_3126883
8988385_3126883_x256_y256_crop7674.png,256,256,8988385_3126883
8988385_3126883_x384_y256_crop7675.png,384,256,8988385_3126883
8988385_3126883_x0_y384_crop7676.png,0,384,8988385_3126883
8988385_3126883_x128_y384_crop7677.png,128,384,8988385_3126883
8988385_3126883_x256_y384_crop7678.png,256,384,8988385_3126883
8988385_3126883_x384_y384_crop7679.png,384,384,8988385_3126883
9002144_3124131_x0_y0_crop7680.png,0,0,9002144_3124131
9002144_3124131_x128_y0_crop7681.png,128,0,9002144_3124131
9002144_3124131_x256_y0_crop7682.png,256,0,9002144_3124131
9002144_3124131_x384_y0_crop7683.png,384,0,9002144_3124131
9002144_3124131_x0_y128_crop7684.png,0,128,9002144_3124131
9002144_3124131_x128_y128_crop7685.png,128,128,9002144_3124131
9002144_3124131_x256_y128_crop7686.png,256,128,9002144_3124131
9002144_3124131_x384_y128_crop7687.png,384,128,9002144_3124131
9002144_3124131_x0_y256_crop7688.png,0,256,9002144_3124131
9002144_3124131_x128_y256_crop7689.png,128,256,9002144_3124131
9002144_3124131_x256_y256_crop7690.png,256,256,9002144_3124131
9002144_3124131_x384_y256_crop7691.png,384,256,9002144_3124131
9002144_3124131_x0_y384_crop7692.png,0,384,9002144_3124131
9002144_3124131_x128_y384_crop7693.png,128,384,9002144_3124131
9002144_3124131_x256_y384_crop7694.png,256,384,9002144_3124131
9002144_3124131_x384_y384_crop7695.png,384,384,9002144_3124131
8988385_3135138_x0_y0_crop7696.png,0,0,8988385_3135138
8988385_3135138_x128_y0_crop7697.png,128,0,8988385_3135138
8988385_3135138_x256_y0_crop7698.png,256,0,8988385_3135138
8988385_3135138_x384_y0_crop7699.png,384,0,8988385_3135138
8988385_3135138_x0_y128_crop7700.png,0,128,8988385_3135138
8988385_3135138_x128_y128_crop7701.png,128,128,8988385_3135138
8988385_3135138_x256_y128_crop7702.png,256,128,8988385_3135138
8988385_3135138_x384_y128_crop7703.png,384,128,8988385_3135138
8988385_3135138_x0_y256_crop7704.png,0,256,8988385_3135138
8988385_3135138_x128_y256_crop7705.png,128,256,8988385_3135138
8988385_3135138_x256_y256_crop7706.png,256,256,8988385_3135138
8988385_3135138_x384_y256_crop7707.png,384,256,8988385_3135138
8988385_3135138_x0_y384_crop7708.png,0,384,8988385_3135138
8988385_3135138_x128_y384_crop7709.png,128,384,8988385_3135138
8988385_3135138_x256_y384_crop7710.png,256,384,8988385_3135138
8988385_3135138_x384_y384_crop7711.png,384,384,8988385_3135138
8999392_3096614_x0_y0_crop7712.png,0,0,8999392_3096614
8999392_3096614_x128_y0_crop7713.png,128,0,8999392_3096614
8999392_3096614_x256_y0_crop7714.png,256,0,8999392_3096614
8999392_3096614_x384_y0_crop7715.png,384,0,8999392_3096614
8999392_3096614_x0_y128_crop7716.png,0,128,8999392_3096614
8999392_3096614_x128_y128_crop7717.png,128,128,8999392_3096614
8999392_3096614_x256_y128_crop7718.png,256,128,8999392_3096614
8999392_3096614_x384_y128_crop7719.png,384,128,8999392_3096614
8999392_3096614_x0_y256_crop7720.png,0,256,8999392_3096614
8999392_3096614_x128_y256_crop7721.png,128,256,8999392_3096614
8999392_3096614_x256_y256_crop7722.png,256,256,8999392_3096614
8999392_3096614_x384_y256_crop7723.png,384,256,8999392_3096614
8999392_3096614_x0_y384_crop7724.png,0,384,8999392_3096614
8999392_3096614_x128_y384_crop7725.png,128,384,8999392_3096614
8999392_3096614_x256_y384_crop7726.png,256,384,8999392_3096614
8999392_3096614_x384_y384_crop7727.png,384,384,8999392_3096614
8999392_3129635_x0_y0_crop7728.png,0,0,8999392_3129635
8999392_3129635_x128_y0_crop7729.png,128,0,8999392_3129635
8999392_3129635_x256_y0_crop7730.png,256,0,8999392_3129635
8999392_3129635_x384_y0_crop7731.png,384,0,8999392_3129635
8999392_3129635_x0_y128_crop7732.png,0,128,8999392_3129635
8999392_3129635_x128_y128_crop7733.png,128,128,8999392_3129635
8999392_3129635_x256_y128_crop7734.png,256,128,8999392_3129635
8999392_3129635_x384_y128_crop7735.png,384,128,8999392_3129635
8999392_3129635_x0_y256_crop7736.png,0,256,8999392_3129635
8999392_3129635_x128_y256_crop7737.png,128,256,8999392_3129635
8999392_3129635_x256_y256_crop7738.png,256,256,8999392_3129635
8999392_3129635_x384_y256_crop7739.png,384,256,8999392_3129635
8999392_3129635_x0_y384_crop7740.png,0,384,8999392_3129635
8999392_3129635_x128_y384_crop7741.png,128,384,8999392_3129635
8999392_3129635_x256_y384_crop7742.png,256,384,8999392_3129635
8999392_3129635_x384_y384_crop7743.png,384,384,8999392_3129635
9007647_3099366_x0_y0_crop7744.png,0,0,9007647_3099366
9007647_3099366_x128_y0_crop7745.png,128,0,9007647_3099366
9007647_3099366_x256_y0_crop7746.png,256,0,9007647_3099366
9007647_3099366_x384_y0_crop7747.png,384,0,9007647_3099366
9007647_3099366_x0_y128_crop7748.png,0,128,9007647_3099366
9007647_3099366_x128_y128_crop7749.png,128,128,9007647_3099366
9007647_3099366_x256_y128_crop7750.png,256,128,9007647_3099366
9007647_3099366_x384_y128_crop7751.png,384,128,9007647_3099366
9007647_3099366_x0_y256_crop7752.png,0,256,9007647_3099366
9007647_3099366_x128_y256_crop7753.png,128,256,9007647_3099366
9007647_3099366_x256_y256_crop7754.png,256,256,9007647_3099366
9007647_3099366_x384_y256_crop7755.png,384,256,9007647_3099366
9007647_3099366_x0_y384_crop7756.png,0,384,9007647_3099366
9007647_3099366_x128_y384_crop7757.png,128,384,9007647_3099366
9007647_3099366_x256_y384_crop7758.png,256,384,9007647_3099366
9007647_3099366_x384_y384_crop7759.png,384,384,9007647_3099366
9018654_3121380_x0_y0_crop7760.png,0,0,9018654_3121380
9018654_3121380_x128_y0_crop7761.png,128,0,9018654_3121380
9018654_3121380_x256_y0_crop7762.png,256,0,9018654_3121380
9018654_3121380_x384_y0_crop7763.png,384,0,9018654_3121380
9018654_3121380_x0_y128_crop7764.png,0,128,9018654_3121380
9018654_3121380_x128_y128_crop7765.png,128,128,9018654_3121380
9018654_3121380_x256_y128_crop7766.png,256,128,9018654_3121380
9018654_3121380_x384_y128_crop7767.png,384,128,9018654_3121380
9018654_3121380_x0_y256_crop7768.png,0,256,9018654_3121380
9018654_3121380_x128_y256_crop7769.png,128,256,9018654_3121380
9018654_3121380_x256_y256_crop7770.png,256,256,9018654_3121380
9018654_3121380_x384_y256_crop7771.png,384,256,9018654_3121380
9018654_3121380_x0_y384_crop7772.png,0,384,9018654_3121380
9018654_3121380_x128_y384_crop7773.png,128,384,9018654_3121380
9018654_3121380_x256_y384_crop7774.png,256,384,9018654_3121380
9018654_3121380_x384_y384_crop7775.png,384,384,9018654_3121380
9018654_3140642_x0_y0_crop7776.png,0,0,9018654_3140642
9018654_3140642_x128_y0_crop7777.png,128,0,9018654_3140642
9018654_3140642_x256_y0_crop7778.png,256,0,9018654_3140642
9018654_3140642_x384_y0_crop7779.png,384,0,9018654_3140642
9018654_3140642_x0_y128_crop7780.png,0,128,9018654_3140642
9018654_3140642_x128_y128_crop7781.png,128,128,9018654_3140642
9018654_3140642_x256_y128_crop7782.png,256,128,9018654_3140642
9018654_3140642_x384_y128_crop7783.png,384,128,9018654_3140642
9018654_3140642_x0_y256_crop7784.png,0,256,9018654_3140642
9018654_3140642_x128_y256_crop7785.png,128,256,9018654_3140642
9018654_3140642_x256_y256_crop7786.png,256,256,9018654_3140642
9018654_3140642_x384_y256_crop7787.png,384,256,9018654_3140642
9018654_3140642_x0_y384_crop7788.png,0,384,9018654_3140642
9018654_3140642_x128_y384_crop7789.png,128,384,9018654_3140642
9018654_3140642_x256_y384_crop7790.png,256,384,9018654_3140642
9018654_3140642_x384_y384_crop7791.png,384,384,9018654_3140642
9035164_3115876_x0_y0_crop7792.png,0,0,9035164_3115876
9035164_3115876_x128_y0_crop7793.png,128,0,9035164_3115876
9035164_3115876_x256_y0_crop7794.png,256,0,9035164_3115876
9035164_3115876_x384_y0_crop7795.png,384,0,9035164_3115876
9035164_3115876_x0_y128_crop7796.png,0,128,9035164_3115876
9035164_3115876_x128_y128_crop7797.png,128,128,9035164_3115876
9035164_3115876_x256_y128_crop7798.png,256,128,9035164_3115876
9035164_3115876_x384_y128_crop7799.png,384,128,9035164_3115876
9035164_3115876_x0_y256_crop7800.png,0,256,9035164_3115876
9035164_3115876_x128_y256_crop7801.png,128,256,9035164_3115876
9035164_3115876_x256_y256_crop7802.png,256,256,9035164_3115876
9035164_3115876_x384_y256_crop7803.png,384,256,9035164_3115876
9035164_3115876_x0_y384_crop7804.png,0,384,9035164_3115876
9035164_3115876_x128_y384_crop7805.png,128,384,9035164_3115876
9035164_3115876_x256_y384_crop7806.png,256,384,9035164_3115876
9035164_3115876_x384_y384_crop7807.png,384,384,9035164_3115876
8985633_3104869_x0_y0_crop7808.png,0,0,8985633_3104869
8985633_3104869_x128_y0_crop7809.png,128,0,8985633_3104869
8985633_3104869_x256_y0_crop7810.png,256,0,8985633_3104869
8985633_3104869_x384_y0_crop7811.png,384,0,8985633_3104869
8985633_3104869_x0_y128_crop7812.png,0,128,8985633_3104869
8985633_3104869_x128_y128_crop7813.png,128,128,8985633_3104869
8985633_3104869_x256_y128_crop7814.png,256,128,8985633_3104869
8985633_3104869_x384_y128_crop7815.png,384,128,8985633_3104869
8985633_3104869_x0_y256_crop7816.png,0,256,8985633_3104869
8985633_3104869_x128_y256_crop7817.png,128,256,8985633_3104869
8985633_3104869_x256_y256_crop7818.png,256,256,8985633_3104869
8985633_3104869_x384_y256_crop7819.png,384,256,8985633_3104869
8985633_3104869_x0_y384_crop7820.png,0,384,8985633_3104869
8985633_3104869_x128_y384_crop7821.png,128,384,8985633_3104869
8985633_3104869_x256_y384_crop7822.png,256,384,8985633_3104869
8985633_3104869_x384_y384_crop7823.png,384,384,8985633_3104869
9029661_3143393_x0_y0_crop7824.png,0,0,9029661_3143393
9029661_3143393_x128_y0_crop7825.png,128,0,9029661_3143393
9029661_3143393_x256_y0_crop7826.png,256,0,9029661_3143393
9029661_3143393_x384_y0_crop7827.png,384,0,9029661_3143393
9029661_3143393_x0_y128_crop7828.png,0,128,9029661_3143393
9029661_3143393_x128_y128_crop7829.png,128,128,9029661_3143393
9029661_3143393_x256_y128_crop7830.png,256,128,9029661_3143393
9029661_3143393_x384_y128_crop7831.png,384,128,9029661_3143393
9029661_3143393_x0_y256_crop7832.png,0,256,9029661_3143393
9029661_3143393_x128_y256_crop7833.png,128,256,9029661_3143393
9029661_3143393_x256_y256_crop7834.png,256,256,9029661_3143393
9029661_3143393_x384_y256_crop7835.png,384,256,9029661_3143393
9029661_3143393_x0_y384_crop7836.png,0,384,9029661_3143393
9029661_3143393_x128_y384_crop7837.png,128,384,9029661_3143393
9029661_3143393_x256_y384_crop7838.png,256,384,9029661_3143393
9029661_3143393_x384_y384_crop7839.png,384,384,9029661_3143393
9004895_3102117_x0_y0_crop7840.png,0,0,9004895_3102117
9004895_3102117_x128_y0_crop7841.png,128,0,9004895_3102117
9004895_3102117_x256_y0_crop7842.png,256,0,9004895_3102117
9004895_3102117_x384_y0_crop7843.png,384,0,9004895_3102117
9004895_3102117_x0_y128_crop7844.png,0,128,9004895_3102117
9004895_3102117_x128_y128_crop7845.png,128,128,9004895_3102117
9004895_3102117_x256_y128_crop7846.png,256,128,9004895_3102117
9004895_3102117_x384_y128_crop7847.png,384,128,9004895_3102117
9004895_3102117_x0_y256_crop7848.png,0,256,9004895_3102117
9004895_3102117_x128_y256_crop7849.png,128,256,9004895_3102117
9004895_3102117_x256_y256_crop7850.png,256,256,9004895_3102117
9004895_3102117_x384_y256_crop7851.png,384,256,9004895_3102117
9004895_3102117_x0_y384_crop7852.png,0,384,9004895_3102117
9004895_3102117_x128_y384_crop7853.png,128,384,9004895_3102117
9004895_3102117_x256_y384_crop7854.png,256,384,9004895_3102117
9004895_3102117_x384_y384_crop7855.png,384,384,9004895_3102117
9004895_3135138_x0_y0_crop7856.png,0,0,9004895_3135138
9004895_3135138_x128_y0_crop7857.png,128,0,9004895_3135138
9004895_3135138_x256_y0_crop7858.png,256,0,9004895_3135138
9004895_3135138_x384_y0_crop7859.png,384,0,9004895_3135138
9004895_3135138_x0_y128_crop7860.png,0,128,9004895_3135138
9004895_3135138_x128_y128_crop7861.png,128,128,9004895_3135138
9004895_3135138_x256_y128_crop7862.png,256,128,9004895_3135138
9004895_3135138_x384_y128_crop7863.png,384,128,9004895_3135138
9004895_3135138_x0_y256_crop7864.png,0,256,9004895_3135138
9004895_3135138_x128_y256_crop7865.png,128,256,9004895_3135138
9004895_3135138_x256_y256_crop7866.png,256,256,9004895_3135138
9004895_3135138_x384_y256_crop7867.png,384,256,9004895_3135138
9004895_3135138_x0_y384_crop7868.png,0,384,9004895_3135138
9004895_3135138_x128_y384_crop7869.png,128,384,9004895_3135138
9004895_3135138_x256_y384_crop7870.png,256,384,9004895_3135138
9004895_3135138_x384_y384_crop7871.png,384,384,9004895_3135138
9002144_3077352_x0_y0_crop7872.png,0,0,9002144_3077352
9002144_3077352_x128_y0_crop7873.png,128,0,9002144_3077352
9002144_3077352_x256_y0_crop7874.png,256,0,9002144_3077352
9002144_3077352_x384_y0_crop7875.png,384,0,9002144_3077352
9002144_3077352_x0_y128_crop7876.png,0,128,9002144_3077352
9002144_3077352_x128_y128_crop7877.png,128,128,9002144_3077352
9002144_3077352_x256_y128_crop7878.png,256,128,9002144_3077352
9002144_3077352_x384_y128_crop7879.png,384,128,9002144_3077352
9002144_3077352_x0_y256_crop7880.png,0,256,9002144_3077352
9002144_3077352_x128_y256_crop7881.png,128,256,9002144_3077352
9002144_3077352_x256_y256_crop7882.png,256,256,9002144_3077352
9002144_3077352_x384_y256_crop7883.png,384,256,9002144_3077352
9002144_3077352_x0_y384_crop7884.png,0,384,9002144_3077352
9002144_3077352_x128_y384_crop7885.png,128,384,9002144_3077352
9002144_3077352_x256_y384_crop7886.png,256,384,9002144_3077352
9002144_3077352_x384_y384_crop7887.png,384,384,9002144_3077352
9013151_3126883_x0_y0_crop7888.png,0,0,9013151_3126883
9013151_3126883_x128_y0_crop7889.png,128,0,9013151_3126883
9013151_3126883_x256_y0_crop7890.png,256,0,9013151_3126883
9013151_3126883_x384_y0_crop7891.png,384,0,9013151_3126883
9013151_3126883_x0_y128_crop7892.png,0,128,9013151_3126883
9013151_3126883_x128_y128_crop7893.png,128,128,9013151_3126883
9013151_3126883_x256_y128_crop7894.png,256,128,9013151_3126883
9013151_3126883_x384_y128_crop7895.png,384,128,9013151_3126883
9013151_3126883_x0_y256_crop7896.png,0,256,9013151_3126883
9013151_3126883_x128_y256_crop7897.png,128,256,9013151_3126883
9013151_3126883_x256_y256_crop7898.png,256,256,9013151_3126883
9013151_3126883_x384_y256_crop7899.png,384,256,9013151_3126883
9013151_3126883_x0_y384_crop7900.png,0,384,9013151_3126883
9013151_3126883_x128_y384_crop7901.png,128,384,9013151_3126883
9013151_3126883_x256_y384_crop7902.png,256,384,9013151_3126883
9013151_3126883_x384_y384_crop7903.png,384,384,9013151_3126883
9024157_3124131_x0_y0_crop7904.png,0,0,9024157_3124131
9024157_3124131_x128_y0_crop7905.png,128,0,9024157_3124131
9024157_3124131_x256_y0_crop7906.png,256,0,9024157_3124131
9024157_3124131_x384_y0_crop7907.png,384,0,9024157_3124131
9024157_3124131_x0_y128_crop7908.png,0,128,9024157_3124131
9024157_3124131_x128_y128_crop7909.png,128,128,9024157_3124131
9024157_3124131_x256_y128_crop7910.png,256,128,9024157_3124131
9024157_3124131_x384_y128_crop7911.png,384,128,9024157_3124131
9024157_3124131_x0_y256_crop7912.png,0,256,9024157_3124131
9024157_3124131_x128_y256_crop7913.png,128,256,9024157_3124131
9024157_3124131_x256_y256_crop7914.png,256,256,9024157_3124131
9024157_3124131_x384_y256_crop7915.png,384,256,9024157_3124131
9024157_3124131_x0_y384_crop7916.png,0,384,9024157_3124131
9024157_3124131_x128_y384_crop7917.png,128,384,9024157_3124131
9024157_3124131_x256_y384_crop7918.png,256,384,9024157_3124131
9024157_3124131_x384_y384_crop7919.png,384,384,9024157_3124131
9035164_3102117_x0_y0_crop7920.png,0,0,9035164_3102117
9035164_3102117_x128_y0_crop7921.png,128,0,9035164_3102117
9035164_3102117_x256_y0_crop7922.png,256,0,9035164_3102117
9035164_3102117_x384_y0_crop7923.png,384,0,9035164_3102117
9035164_3102117_x0_y128_crop7924.png,0,128,9035164_3102117
9035164_3102117_x128_y128_crop7925.png,128,128,9035164_3102117
9035164_3102117_x256_y128_crop7926.png,256,128,9035164_3102117
9035164_3102117_x384_y128_crop7927.png,384,128,9035164_3102117
9035164_3102117_x0_y256_crop7928.png,0,256,9035164_3102117
9035164_3102117_x128_y256_crop7929.png,128,256,9035164_3102117
9035164_3102117_x256_y256_crop7930.png,256,256,9035164_3102117
9035164_3102117_x384_y256_crop7931.png,384,256,9035164_3102117
9035164_3102117_x0_y384_crop7932.png,0,384,9035164_3102117
9035164_3102117_x128_y384_crop7933.png,128,384,9035164_3102117
9035164_3102117_x256_y384_crop7934.png,256,384,9035164_3102117
9035164_3102117_x384_y384_crop7935.png,384,384,9035164_3102117
9029661_3146145_x0_y0_crop7936.png,0,0,9029661_3146145
9029661_3146145_x128_y0_crop7937.png,128,0,9029661_3146145
9029661_3146145_x256_y0_crop7938.png,256,0,9029661_3146145
9029661_3146145_x384_y0_crop7939.png,384,0,9029661_3146145
9029661_3146145_x0_y128_crop7940.png,0,128,9029661_3146145
9029661_3146145_x128_y128_crop7941.png,128,128,9029661_3146145
9029661_3146145_x256_y128_crop7942.png,256,128,9029661_3146145
9029661_3146145_x384_y128_crop7943.png,384,128,9029661_3146145
9029661_3146145_x0_y256_crop7944.png,0,256,9029661_3146145
9029661_3146145_x128_y256_crop7945.png,128,256,9029661_3146145
9029661_3146145_x256_y256_crop7946.png,256,256,9029661_3146145
9029661_3146145_x384_y256_crop7947.png,384,256,9029661_3146145
9029661_3146145_x0_y384_crop7948.png,0,384,9029661_3146145
9029661_3146145_x128_y384_crop7949.png,128,384,9029661_3146145
9029661_3146145_x256_y384_crop7950.png,256,384,9029661_3146145
9029661_3146145_x384_y384_crop7951.png,384,384,9029661_3146145
9040668_3140642_x0_y0_crop7952.png,0,0,9040668_3140642
9040668_3140642_x128_y0_crop7953.png,128,0,9040668_3140642
9040668_3140642_x256_y0_crop7954.png,256,0,9040668_3140642
9040668_3140642_x384_y0_crop7955.png,384,0,9040668_3140642
9040668_3140642_x0_y128_crop7956.png,0,128,9040668_3140642
9040668_3140642_x128_y128_crop7957.png,128,128,9040668_3140642
9040668_3140642_x256_y128_crop7958.png,256,128,9040668_3140642
9040668_3140642_x384_y128_crop7959.png,384,128,9040668_3140642
9040668_3140642_x0_y256_crop7960.png,0,256,9040668_3140642
9040668_3140642_x128_y256_crop7961.png,128,256,9040668_3140642
9040668_3140642_x256_y256_crop7962.png,256,256,9040668_3140642
9040668_3140642_x384_y256_crop7963.png,384,256,9040668_3140642
9040668_3140642_x0_y384_crop7964.png,0,384,9040668_3140642
9040668_3140642_x128_y384_crop7965.png,128,384,9040668_3140642
9040668_3140642_x256_y384_crop7966.png,256,384,9040668_3140642
9040668_3140642_x384_y384_crop7967.png,384,384,9040668_3140642
8996640_3113124_x0_y0_crop7968.png,0,0,8996640_3113124
8996640_3113124_x128_y0_crop7969.png,128,0,8996640_3113124
8996640_3113124_x256_y0_crop7970.png,256,0,8996640_3113124
8996640_3113124_x384_y0_crop7971.png,384,0,8996640_3113124
8996640_3113124_x0_y128_crop7972.png,0,128,8996640_3113124
8996640_3113124_x128_y128_crop7973.png,128,128,8996640_3113124
8996640_3113124_x256_y128_crop7974.png,256,128,8996640_3113124
8996640_3113124_x384_y128_crop7975.png,384,128,8996640_3113124
8996640_3113124_x0_y256_crop7976.png,0,256,8996640_3113124
8996640_3113124_x128_y256_crop7977.png,128,256,8996640_3113124
8996640_3113124_x256_y256_crop7978.png,256,256,8996640_3113124
8996640_3113124_x384_y256_crop7979.png,384,256,8996640_3113124
8996640_3113124_x0_y384_crop7980.png,0,384,8996640_3113124
8996640_3113124_x128_y384_crop7981.png,128,384,8996640_3113124
8996640_3113124_x256_y384_crop7982.png,256,384,8996640_3113124
8996640_3113124_x384_y384_crop7983.png,384,384,8996640_3113124
9029661_3115876_x0_y0_crop7984.png,0,0,9029661_3115876
9029661_3115876_x128_y0_crop7985.png,128,0,9029661_3115876
9029661_3115876_x256_y0_crop7986.png,256,0,9029661_3115876
9029661_3115876_x384_y0_crop7987.png,384,0,9029661_3115876
9029661_3115876_x0_y128_crop7988.png,0,128,9029661_3115876
9029661_3115876_x128_y128_crop7989.png,128,128,9029661_3115876
9029661_3115876_x256_y128_crop7990.png,256,128,9029661_3115876
9029661_3115876_x384_y128_crop7991.png,384,128,9029661_3115876
9029661_3115876_x0_y256_crop7992.png,0,256,9029661_3115876
9029661_3115876_x128_y256_crop7993.png,128,256,9029661_3115876
9029661_3115876_x256_y256_crop7994.png,256,256,9029661_3115876
9029661_3115876_x384_y256_crop7995.png,384,256,9029661_3115876
9029661_3115876_x0_y384_crop7996.png,0,384,9029661_3115876
9029661_3115876_x128_y384_crop7997.png,128,384,9029661_3115876
9029661_3115876_x256_y384_crop7998.png,256,384,9029661_3115876
9029661_3115876_x384_y384_crop7999.png,384,384,9029661_3115876
9018654_3104869_x0_y0_crop8000.png,0,0,9018654_3104869
9018654_3104869_x128_y0_crop8001.png,128,0,9018654_3104869
9018654_3104869_x256_y0_crop8002.png,256,0,9018654_3104869
9018654_3104869_x384_y0_crop8003.png,384,0,9018654_3104869
9018654_3104869_x0_y128_crop8004.png,0,128,9018654_3104869
9018654_3104869_x128_y128_crop8005.png,128,128,9018654_3104869
9018654_3104869_x256_y128_crop8006.png,256,128,9018654_3104869
9018654_3104869_x384_y128_crop8007.png,384,128,9018654_3104869
9018654_3104869_x0_y256_crop8008.png,0,256,9018654_3104869
9018654_3104869_x128_y256_crop8009.png,128,256,9018654_3104869
9018654_3104869_x256_y256_crop8010.png,256,256,9018654_3104869
9018654_3104869_x384_y256_crop8011.png,384,256,9018654_3104869
9018654_3104869_x0_y384_crop8012.png,0,384,9018654_3104869
9018654_3104869_x128_y384_crop8013.png,128,384,9018654_3104869
9018654_3104869_x256_y384_crop8014.png,256,384,9018654_3104869
9018654_3104869_x384_y384_crop8015.png,384,384,9018654_3104869
8985633_3137890_x0_y0_crop8016.png,0,0,8985633_3137890
8985633_3137890_x128_y0_crop8017.png,128,0,8985633_3137890
8985633_3137890_x256_y0_crop8018.png,256,0,8985633_3137890
8985633_3137890_x384_y0_crop8019.png,384,0,8985633_3137890
8985633_3137890_x0_y128_crop8020.png,0,128,8985633_3137890
8985633_3137890_x128_y128_crop8021.png,128,128,8985633_3137890
8985633_3137890_x256_y128_crop8022.png,256,128,8985633_3137890
8985633_3137890_x384_y128_crop8023.png,384,128,8985633_3137890
8985633_3137890_x0_y256_crop8024.png,0,256,8985633_3137890
8985633_3137890_x128_y256_crop8025.png,128,256,8985633_3137890
8985633_3137890_x256_y256_crop8026.png,256,256,8985633_3137890
8985633_3137890_x384_y256_crop8027.png,384,256,8985633_3137890
8985633_3137890_x0_y384_crop8028.png,0,384,8985633_3137890
8985633_3137890_x128_y384_crop8029.png,128,384,8985633_3137890
8985633_3137890_x256_y384_crop8030.png,256,384,8985633_3137890
8985633_3137890_x384_y384_crop8031.png,384,384,8985633_3137890
9032413_3107621_x0_y0_crop8032.png,0,0,9032413_3107621
9032413_3107621_x128_y0_crop8033.png,128,0,9032413_3107621
9032413_3107621_x256_y0_crop8034.png,256,0,9032413_3107621
9032413_3107621_x384_y0_crop8035.png,384,0,9032413_3107621
9032413_3107621_x0_y128_crop8036.png,0,128,9032413_3107621
9032413_3107621_x128_y128_crop8037.png,128,128,9032413_3107621
9032413_3107621_x256_y128_crop8038.png,256,128,9032413_3107621
9032413_3107621_x384_y128_crop8039.png,384,128,9032413_3107621
9032413_3107621_x0_y256_crop8040.png,0,256,9032413_3107621
9032413_3107621_x128_y256_crop8041.png,128,256,9032413_3107621
9032413_3107621_x256_y256_crop8042.png,256,256,9032413_3107621
9032413_3107621_x384_y256_crop8043.png,384,256,9032413_3107621
9032413_3107621_x0_y384_crop8044.png,0,384,9032413_3107621
9032413_3107621_x128_y384_crop8045.png,128,384,9032413_3107621
9032413_3107621_x256_y384_crop8046.png,256,384,9032413_3107621
9032413_3107621_x384_y384_crop8047.png,384,384,9032413_3107621
9037916_3140642_x0_y0_crop8048.png,0,0,9037916_3140642
9037916_3140642_x128_y0_crop8049.png,128,0,9037916_3140642
9037916_3140642_x256_y0_crop8050.png,256,0,9037916_3140642
9037916_3140642_x384_y0_crop8051.png,384,0,9037916_3140642
9037916_3140642_x0_y128_crop8052.png,0,128,9037916_3140642
9037916_3140642_x128_y128_crop8053.png,128,128,9037916_3140642
9037916_3140642_x256_y128_crop8054.png,256,128,9037916_3140642
9037916_3140642_x384_y128_crop8055.png,384,128,9037916_3140642
9037916_3140642_x0_y256_crop8056.png,0,256,9037916_3140642
9037916_3140642_x128_y256_crop8057.png,128,256,9037916_3140642
9037916_3140642_x256_y256_crop8058.png,256,256,9037916_3140642
9037916_3140642_x384_y256_crop8059.png,384,256,9037916_3140642
9037916_3140642_x0_y384_crop8060.png,0,384,9037916_3140642
9037916_3140642_x128_y384_crop8061.png,128,384,9037916_3140642
9037916_3140642_x256_y384_crop8062.png,256,384,9037916_3140642
9037916_3140642_x384_y384_crop8063.png,384,384,9037916_3140642
8996640_3104869_x0_y0_crop8064.png,0,0,8996640_3104869
8996640_3104869_x128_y0_crop8065.png,128,0,8996640_3104869
8996640_3104869_x256_y0_crop8066.png,256,0,8996640_3104869
8996640_3104869_x384_y0_crop8067.png,384,0,8996640_3104869
8996640_3104869_x0_y128_crop8068.png,0,128,8996640_3104869
8996640_3104869_x128_y128_crop8069.png,128,128,8996640_3104869
8996640_3104869_x256_y128_crop8070.png,256,128,8996640_3104869
8996640_3104869_x384_y128_crop8071.png,384,128,8996640_3104869
8996640_3104869_x0_y256_crop8072.png,0,256,8996640_3104869
8996640_3104869_x128_y256_crop8073.png,128,256,8996640_3104869
8996640_3104869_x256_y256_crop8074.png,256,256,8996640_3104869
8996640_3104869_x384_y256_crop8075.png,384,256,8996640_3104869
8996640_3104869_x0_y384_crop8076.png,0,384,8996640_3104869
8996640_3104869_x128_y384_crop8077.png,128,384,8996640_3104869
8996640_3104869_x256_y384_crop8078.png,256,384,8996640_3104869
8996640_3104869_x384_y384_crop8079.png,384,384,8996640_3104869
8982881_3102117_x0_y0_crop8080.png,0,0,8982881_3102117
8982881_3102117_x128_y0_crop8081.png,128,0,8982881_3102117
8982881_3102117_x256_y0_crop8082.png,256,0,8982881_3102117
8982881_3102117_x384_y0_crop8083.png,384,0,8982881_3102117
8982881_3102117_x0_y128_crop8084.png,0,128,8982881_3102117
8982881_3102117_x128_y128_crop8085.png,128,128,8982881_3102117
8982881_3102117_x256_y128_crop8086.png,256,128,8982881_3102117
8982881_3102117_x384_y128_crop8087.png,384,128,8982881_3102117
8982881_3102117_x0_y256_crop8088.png,0,256,8982881_3102117
8982881_3102117_x128_y256_crop8089.png,128,256,8982881_3102117
8982881_3102117_x256_y256_crop8090.png,256,256,8982881_3102117
8982881_3102117_x384_y256_crop8091.png,384,256,8982881_3102117
8982881_3102117_x0_y384_crop8092.png,0,384,8982881_3102117
8982881_3102117_x128_y384_crop8093.png,128,384,8982881_3102117
8982881_3102117_x256_y384_crop8094.png,256,384,8982881_3102117
8982881_3102117_x384_y384_crop8095.png,384,384,8982881_3102117
9032413_3118628_x0_y0_crop8096.png,0,0,9032413_3118628
9032413_3118628_x128_y0_crop8097.png,128,0,9032413_3118628
9032413_3118628_x256_y0_crop8098.png,256,0,9032413_3118628
9032413_3118628_x384_y0_crop8099.png,384,0,9032413_3118628
9032413_3118628_x0_y128_crop8100.png,0,128,9032413_3118628
9032413_3118628_x128_y128_crop8101.png,128,128,9032413_3118628
9032413_3118628_x256_y128_crop8102.png,256,128,9032413_3118628
9032413_3118628_x384_y128_crop8103.png,384,128,9032413_3118628
9032413_3118628_x0_y256_crop8104.png,0,256,9032413_3118628
9032413_3118628_x128_y256_crop8105.png,128,256,9032413_3118628
9032413_3118628_x256_y256_crop8106.png,256,256,9032413_3118628
9032413_3118628_x384_y256_crop8107.png,384,256,9032413_3118628
9032413_3118628_x0_y384_crop8108.png,0,384,9032413_3118628
9032413_3118628_x128_y384_crop8109.png,128,384,9032413_3118628
9032413_3118628_x256_y384_crop8110.png,256,384,9032413_3118628
9032413_3118628_x384_y384_crop8111.png,384,384,9032413_3118628
9010399_3107621_x0_y0_crop8112.png,0,0,9010399_3107621
9010399_3107621_x128_y0_crop8113.png,128,0,9010399_3107621
9010399_3107621_x256_y0_crop8114.png,256,0,9010399_3107621
9010399_3107621_x384_y0_crop8115.png,384,0,9010399_3107621
9010399_3107621_x0_y128_crop8116.png,0,128,9010399_3107621
9010399_3107621_x128_y128_crop8117.png,128,128,9010399_3107621
9010399_3107621_x256_y128_crop8118.png,256,128,9010399_3107621
9010399_3107621_x384_y128_crop8119.png,384,128,9010399_3107621
9010399_3107621_x0_y256_crop8120.png,0,256,9010399_3107621
9010399_3107621_x128_y256_crop8121.png,128,256,9010399_3107621
9010399_3107621_x256_y256_crop8122.png,256,256,9010399_3107621
9010399_3107621_x384_y256_crop8123.png,384,256,9010399_3107621
9010399_3107621_x0_y384_crop8124.png,0,384,9010399_3107621
9010399_3107621_x128_y384_crop8125.png,128,384,9010399_3107621
9010399_3107621_x256_y384_crop8126.png,256,384,9010399_3107621
9010399_3107621_x384_y384_crop8127.png,384,384,9010399_3107621
9037916_3082855_x0_y0_crop8128.png,0,0,9037916_3082855
9037916_3082855_x128_y0_crop8129.png,128,0,9037916_3082855
9037916_3082855_x256_y0_crop8130.png,256,0,9037916_3082855
9037916_3082855_x384_y0_crop8131.png,384,0,9037916_3082855
9037916_3082855_x0_y128_crop8132.png,0,128,9037916_3082855
9037916_3082855_x128_y128_crop8133.png,128,128,9037916_3082855
9037916_3082855_x256_y128_crop8134.png,256,128,9037916_3082855
9037916_3082855_x384_y128_crop8135.png,384,128,9037916_3082855
9037916_3082855_x0_y256_crop8136.png,0,256,9037916_3082855
9037916_3082855_x128_y256_crop8137.png,128,256,9037916_3082855
9037916_3082855_x256_y256_crop8138.png,256,256,9037916_3082855
9037916_3082855_x384_y256_crop8139.png,384,256,9037916_3082855
9037916_3082855_x0_y384_crop8140.png,0,384,9037916_3082855
9037916_3082855_x128_y384_crop8141.png,128,384,9037916_3082855
9037916_3082855_x256_y384_crop8142.png,256,384,9037916_3082855
9037916_3082855_x384_y384_crop8143.png,384,384,9037916_3082855
8996640_3137890_x0_y0_crop8144.png,0,0,8996640_3137890
8996640_3137890_x128_y0_crop8145.png,128,0,8996640_3137890
8996640_3137890_x256_y0_crop8146.png,256,0,8996640_3137890
8996640_3137890_x384_y0_crop8147.png,384,0,8996640_3137890
8996640_3137890_x0_y128_crop8148.png,0,128,8996640_3137890
8996640_3137890_x128_y128_crop8149.png,128,128,8996640_3137890
8996640_3137890_x256_y128_crop8150.png,256,128,8996640_3137890
8996640_3137890_x384_y128_crop8151.png,384,128,8996640_3137890
8996640_3137890_x0_y256_crop8152.png,0,256,8996640_3137890
8996640_3137890_x128_y256_crop8153.png,128,256,8996640_3137890
8996640_3137890_x256_y256_crop8154.png,256,256,8996640_3137890
8996640_3137890_x384_y256_crop8155.png,384,256,8996640_3137890
8996640_3137890_x0_y384_crop8156.png,0,384,8996640_3137890
8996640_3137890_x128_y384_crop8157.png,128,384,8996640_3137890
8996640_3137890_x256_y384_crop8158.png,256,384,8996640_3137890
8996640_3137890_x384_y384_crop8159.png,384,384,8996640_3137890
8980130_3140642_x0_y0_crop8160.png,0,0,8980130_3140642
8980130_3140642_x128_y0_crop8161.png,128,0,8980130_3140642
8980130_3140642_x256_y0_crop8162.png,256,0,8980130_3140642
8980130_3140642_x384_y0_crop8163.png,384,0,8980130_3140642
8980130_3140642_x0_y128_crop8164.png,0,128,8980130_3140642
8980130_3140642_x128_y128_crop8165.png,128,128,8980130_3140642
8980130_3140642_x256_y128_crop8166.png,256,128,8980130_3140642
8980130_3140642_x384_y128_crop8167.png,384,128,8980130_3140642
8980130_3140642_x0_y256_crop8168.png,0,256,8980130_3140642
8980130_3140642_x128_y256_crop8169.png,128,256,8980130_3140642
8980130_3140642_x256_y256_crop8170.png,256,256,8980130_3140642
8980130_3140642_x384_y256_crop8171.png,384,256,8980130_3140642
8980130_3140642_x0_y384_crop8172.png,0,384,8980130_3140642
8980130_3140642_x128_y384_crop8173.png,128,384,8980130_3140642
8980130_3140642_x256_y384_crop8174.png,256,384,8980130_3140642
8980130_3140642_x384_y384_crop8175.png,384,384,8980130_3140642
9021406_3099366_x0_y0_crop8176.png,0,0,9021406_3099366
9021406_3099366_x128_y0_crop8177.png,128,0,9021406_3099366
9021406_3099366_x256_y0_crop8178.png,256,0,9021406_3099366
9021406_3099366_x384_y0_crop8179.png,384,0,9021406_3099366
9021406_3099366_x0_y128_crop8180.png,0,128,9021406_3099366
9021406_3099366_x128_y128_crop8181.png,128,128,9021406_3099366
9021406_3099366_x256_y128_crop8182.png,256,128,9021406_3099366
9021406_3099366_x384_y128_crop8183.png,384,128,9021406_3099366
9021406_3099366_x0_y256_crop8184.png,0,256,9021406_3099366
9021406_3099366_x128_y256_crop8185.png,128,256,9021406_3099366
9021406_3099366_x256_y256_crop8186.png,256,256,9021406_3099366
9021406_3099366_x384_y256_crop8187.png,384,256,9021406_3099366
9021406_3099366_x0_y384_crop8188.png,0,384,9021406_3099366
9021406_3099366_x128_y384_crop8189.png,128,384,9021406_3099366
9021406_3099366_x256_y384_crop8190.png,256,384,9021406_3099366
9021406_3099366_x384_y384_crop8191.png,384,384,9021406_3099366
9007647_3104869_x0_y0_crop8192.png,0,0,9007647_3104869
9007647_3104869_x128_y0_crop8193.png,128,0,9007647_3104869
9007647_3104869_x256_y0_crop8194.png,256,0,9007647_3104869
9007647_3104869_x384_y0_crop8195.png,384,0,9007647_3104869
9007647_3104869_x0_y128_crop8196.png,0,128,9007647_3104869
9007647_3104869_x128_y128_crop8197.png,128,128,9007647_3104869
9007647_3104869_x256_y128_crop8198.png,256,128,9007647_3104869
9007647_3104869_x384_y128_crop8199.png,384,128,9007647_3104869
9007647_3104869_x0_y256_crop8200.png,0,256,9007647_3104869
9007647_3104869_x128_y256_crop8201.png,128,256,9007647_3104869
9007647_3104869_x256_y256_crop8202.png,256,256,9007647_3104869
9007647_3104869_x384_y256_crop8203.png,384,256,9007647_3104869
9007647_3104869_x0_y384_crop8204.png,0,384,9007647_3104869
9007647_3104869_x128_y384_crop8205.png,128,384,9007647_3104869
9007647_3104869_x256_y384_crop8206.png,256,384,9007647_3104869
9007647_3104869_x384_y384_crop8207.png,384,384,9007647_3104869
9010399_3137890_x0_y0_crop8208.png,0,0,9010399_3137890
9010399_3137890_x128_y0_crop8209.png,128,0,9010399_3137890
9010399_3137890_x256_y0_crop8210.png,256,0,9010399_3137890
9010399_3137890_x384_y0_crop8211.png,384,0,9010399_3137890
9010399_3137890_x0_y128_crop8212.png,0,128,9010399_3137890
9010399_3137890_x128_y128_crop8213.png,128,128,9010399_3137890
9010399_3137890_x256_y128_crop8214.png,256,128,9010399_3137890
9010399_3137890_x384_y128_crop8215.png,384,128,9010399_3137890
9010399_3137890_x0_y256_crop8216.png,0,256,9010399_3137890
9010399_3137890_x128_y256_crop8217.png,128,256,9010399_3137890
9010399_3137890_x256_y256_crop8218.png,256,256,9010399_3137890
9010399_3137890_x384_y256_crop8219.png,384,256,9010399_3137890
9010399_3137890_x0_y384_crop8220.png,0,384,9010399_3137890
9010399_3137890_x128_y384_crop8221.png,128,384,9010399_3137890
9010399_3137890_x256_y384_crop8222.png,256,384,9010399_3137890
9010399_3137890_x384_y384_crop8223.png,384,384,9010399_3137890
9018654_3135138_x0_y0_crop8224.png,0,0,9018654_3135138
9018654_3135138_x128_y0_crop8225.png,128,0,9018654_3135138
9018654_3135138_x256_y0_crop8226.png,256,0,9018654_3135138
9018654_3135138_x384_y0_crop8227.png,384,0,9018654_3135138
9018654_3135138_x0_y128_crop8228.png,0,128,9018654_3135138
9018654_3135138_x128_y128_crop8229.png,128,128,9018654_3135138
9018654_3135138_x256_y128_crop8230.png,256,128,9018654_3135138
9018654_3135138_x384_y128_crop8231.png,384,128,9018654_3135138
9018654_3135138_x0_y256_crop8232.png,0,256,9018654_3135138
9018654_3135138_x128_y256_crop8233.png,128,256,9018654_3135138
9018654_3135138_x256_y256_crop8234.png,256,256,9018654_3135138
9018654_3135138_x384_y256_crop8235.png,384,256,9018654_3135138
9018654_3135138_x0_y384_crop8236.png,0,384,9018654_3135138
9018654_3135138_x128_y384_crop8237.png,128,384,9018654_3135138
9018654_3135138_x256_y384_crop8238.png,256,384,9018654_3135138
9018654_3135138_x384_y384_crop8239.png,384,384,9018654_3135138
8993888_3140642_x0_y0_crop8240.png,0,0,8993888_3140642
8993888_3140642_x128_y0_crop8241.png,128,0,8993888_3140642
8993888_3140642_x256_y0_crop8242.png,256,0,8993888_3140642
8993888_3140642_x384_y0_crop8243.png,384,0,8993888_3140642
8993888_3140642_x0_y128_crop8244.png,0,128,8993888_3140642
8993888_3140642_x128_y128_crop8245.png,128,128,8993888_3140642
8993888_3140642_x256_y128_crop8246.png,256,128,8993888_3140642
8993888_3140642_x384_y128_crop8247.png,384,128,8993888_3140642
8993888_3140642_x0_y256_crop8248.png,0,256,8993888_3140642
8993888_3140642_x128_y256_crop8249.png,128,256,8993888_3140642
8993888_3140642_x256_y256_crop8250.png,256,256,8993888_3140642
8993888_3140642_x384_y256_crop8251.png,384,256,8993888_3140642
8993888_3140642_x0_y384_crop8252.png,0,384,8993888_3140642
8993888_3140642_x128_y384_crop8253.png,128,384,8993888_3140642
8993888_3140642_x256_y384_crop8254.png,256,384,8993888_3140642
8993888_3140642_x384_y384_crop8255.png,384,384,8993888_3140642
9035164_3124131_x0_y0_crop8256.png,0,0,9035164_3124131
9035164_3124131_x128_y0_crop8257.png,128,0,9035164_3124131
9035164_3124131_x256_y0_crop8258.png,256,0,9035164_3124131
9035164_3124131_x384_y0_crop8259.png,384,0,9035164_3124131
9035164_3124131_x0_y128_crop8260.png,0,128,9035164_3124131
9035164_3124131_x128_y128_crop8261.png,128,128,9035164_3124131
9035164_3124131_x256_y128_crop8262.png,256,128,9035164_3124131
9035164_3124131_x384_y128_crop8263.png,384,128,9035164_3124131
9035164_3124131_x0_y256_crop8264.png,0,256,9035164_3124131
9035164_3124131_x128_y256_crop8265.png,128,256,9035164_3124131
9035164_3124131_x256_y256_crop8266.png,256,256,9035164_3124131
9035164_3124131_x384_y256_crop8267.png,384,256,9035164_3124131
9035164_3124131_x0_y384_crop8268.png,0,384,9035164_3124131
9035164_3124131_x128_y384_crop8269.png,128,384,9035164_3124131
9035164_3124131_x256_y384_crop8270.png,256,384,9035164_3124131
9035164_3124131_x384_y384_crop8271.png,384,384,9035164_3124131
8982881_3088359_x0_y0_crop8272.png,0,0,8982881_3088359
8982881_3088359_x128_y0_crop8273.png,128,0,8982881_3088359
8982881_3088359_x256_y0_crop8274.png,256,0,8982881_3088359
8982881_3088359_x384_y0_crop8275.png,384,0,8982881_3088359
8982881_3088359_x0_y128_crop8276.png,0,128,8982881_3088359
8982881_3088359_x128_y128_crop8277.png,128,128,8982881_3088359
8982881_3088359_x256_y128_crop8278.png,256,128,8982881_3088359
8982881_3088359_x384_y128_crop8279.png,384,128,8982881_3088359
8982881_3088359_x0_y256_crop8280.png,0,256,8982881_3088359
8982881_3088359_x128_y256_crop8281.png,128,256,8982881_3088359
8982881_3088359_x256_y256_crop8282.png,256,256,8982881_3088359
8982881_3088359_x384_y256_crop8283.png,384,256,8982881_3088359
8982881_3088359_x0_y384_crop8284.png,0,384,8982881_3088359
8982881_3088359_x128_y384_crop8285.png,128,384,8982881_3088359
8982881_3088359_x256_y384_crop8286.png,256,384,8982881_3088359
8982881_3088359_x384_y384_crop8287.png,384,384,8982881_3088359
9024157_3102117_x0_y0_crop8288.png,0,0,9024157_3102117
9024157_3102117_x128_y0_crop8289.png,128,0,9024157_3102117
9024157_3102117_x256_y0_crop8290.png,256,0,9024157_3102117
9024157_3102117_x384_y0_crop8291.png,384,0,9024157_3102117
9024157_3102117_x0_y128_crop8292.png,0,128,9024157_3102117
9024157_3102117_x128_y128_crop8293.png,128,128,9024157_3102117
9024157_3102117_x256_y128_crop8294.png,256,128,9024157_3102117
9024157_3102117_x384_y128_crop8295.png,384,128,9024157_3102117
9024157_3102117_x0_y256_crop8296.png,0,256,9024157_3102117
9024157_3102117_x128_y256_crop8297.png,128,256,9024157_3102117
9024157_3102117_x256_y256_crop8298.png,256,256,9024157_3102117
9024157_3102117_x384_y256_crop8299.png,384,256,9024157_3102117
9024157_3102117_x0_y384_crop8300.png,0,384,9024157_3102117
9024157_3102117_x128_y384_crop8301.png,128,384,9024157_3102117
9024157_3102117_x256_y384_crop8302.png,256,384,9024157_3102117
9024157_3102117_x384_y384_crop8303.png,384,384,9024157_3102117
9010399_3124131_x0_y0_crop8304.png,0,0,9010399_3124131
9010399_3124131_x128_y0_crop8305.png,128,0,9010399_3124131
9010399_3124131_x256_y0_crop8306.png,256,0,9010399_3124131
9010399_3124131_x384_y0_crop8307.png,384,0,9010399_3124131
9010399_3124131_x0_y128_crop8308.png,0,128,9010399_3124131
9010399_3124131_x128_y128_crop8309.png,128,128,9010399_3124131
9010399_3124131_x256_y128_crop8310.png,256,128,9010399_3124131
9010399_3124131_x384_y128_crop8311.png,384,128,9010399_3124131
9010399_3124131_x0_y256_crop8312.png,0,256,9010399_3124131
9010399_3124131_x128_y256_crop8313.png,128,256,9010399_3124131
9010399_3124131_x256_y256_crop8314.png,256,256,9010399_3124131
9010399_3124131_x384_y256_crop8315.png,384,256,9010399_3124131
9010399_3124131_x0_y384_crop8316.png,0,384,9010399_3124131
9010399_3124131_x128_y384_crop8317.png,128,384,9010399_3124131
9010399_3124131_x256_y384_crop8318.png,256,384,9010399_3124131
9010399_3124131_x384_y384_crop8319.png,384,384,9010399_3124131
8996640_3140642_x0_y0_crop8320.png,0,0,8996640_3140642
8996640_3140642_x128_y0_crop8321.png,128,0,8996640_3140642
8996640_3140642_x256_y0_crop8322.png,256,0,8996640_3140642
8996640_3140642_x384_y0_crop8323.png,384,0,8996640_3140642
8996640_3140642_x0_y128_crop8324.png,0,128,8996640_3140642
8996640_3140642_x128_y128_crop8325.png,128,128,8996640_3140642
8996640_3140642_x256_y128_crop8326.png,256,128,8996640_3140642
8996640_3140642_x384_y128_crop8327.png,384,128,8996640_3140642
8996640_3140642_x0_y256_crop8328.png,0,256,8996640_3140642
8996640_3140642_x128_y256_crop8329.png,128,256,8996640_3140642
8996640_3140642_x256_y256_crop8330.png,256,256,8996640_3140642
8996640_3140642_x384_y256_crop8331.png,384,256,8996640_3140642
8996640_3140642_x0_y384_crop8332.png,0,384,8996640_3140642
8996640_3140642_x128_y384_crop8333.png,128,384,8996640_3140642
8996640_3140642_x256_y384_crop8334.png,256,384,8996640_3140642
8996640_3140642_x384_y384_crop8335.png,384,384,8996640_3140642
9024157_3113124_x0_y0_crop8336.png,0,0,9024157_3113124
9024157_3113124_x128_y0_crop8337.png,128,0,9024157_3113124
9024157_3113124_x256_y0_crop8338.png,256,0,9024157_3113124
9024157_3113124_x384_y0_crop8339.png,384,0,9024157_3113124
9024157_3113124_x0_y128_crop8340.png,0,128,9024157_3113124
9024157_3113124_x128_y128_crop8341.png,128,128,9024157_3113124
9024157_3113124_x256_y128_crop8342.png,256,128,9024157_3113124
9024157_3113124_x384_y128_crop8343.png,384,128,9024157_3113124
9024157_3113124_x0_y256_crop8344.png,0,256,9024157_3113124
9024157_3113124_x128_y256_crop8345.png,128,256,9024157_3113124
9024157_3113124_x256_y256_crop8346.png,256,256,9024157_3113124
9024157_3113124_x384_y256_crop8347.png,384,256,9024157_3113124
9024157_3113124_x0_y384_crop8348.png,0,384,9024157_3113124
9024157_3113124_x128_y384_crop8349.png,128,384,9024157_3113124
9024157_3113124_x256_y384_crop8350.png,256,384,9024157_3113124
9024157_3113124_x384_y384_crop8351.png,384,384,9024157_3113124
8988385_3137890_x0_y0_crop8352.png,0,0,8988385_3137890
8988385_3137890_x128_y0_crop8353.png,128,0,8988385_3137890
8988385_3137890_x256_y0_crop8354.png,256,0,8988385_3137890
8988385_3137890_x384_y0_crop8355.png,384,0,8988385_3137890
8988385_3137890_x0_y128_crop8356.png,0,128,8988385_3137890
8988385_3137890_x128_y128_crop8357.png,128,128,8988385_3137890
8988385_3137890_x256_y128_crop8358.png,256,128,8988385_3137890
8988385_3137890_x384_y128_crop8359.png,384,128,8988385_3137890
8988385_3137890_x0_y256_crop8360.png,0,256,8988385_3137890
8988385_3137890_x128_y256_crop8361.png,128,256,8988385_3137890
8988385_3137890_x256_y256_crop8362.png,256,256,8988385_3137890
8988385_3137890_x384_y256_crop8363.png,384,256,8988385_3137890
8988385_3137890_x0_y384_crop8364.png,0,384,8988385_3137890
8988385_3137890_x128_y384_crop8365.png,128,384,8988385_3137890
8988385_3137890_x256_y384_crop8366.png,256,384,8988385_3137890
8988385_3137890_x384_y384_crop8367.png,384,384,8988385_3137890
9010399_3082855_x0_y0_crop8368.png,0,0,9010399_3082855
9010399_3082855_x128_y0_crop8369.png,128,0,9010399_3082855
9010399_3082855_x256_y0_crop8370.png,256,0,9010399_3082855
9010399_3082855_x384_y0_crop8371.png,384,0,9010399_3082855
9010399_3082855_x0_y128_crop8372.png,0,128,9010399_3082855
9010399_3082855_x128_y128_crop8373.png,128,128,9010399_3082855
9010399_3082855_x256_y128_crop8374.png,256,128,9010399_3082855
9010399_3082855_x384_y128_crop8375.png,384,128,9010399_3082855
9010399_3082855_x0_y256_crop8376.png,0,256,9010399_3082855
9010399_3082855_x128_y256_crop8377.png,128,256,9010399_3082855
9010399_3082855_x256_y256_crop8378.png,256,256,9010399_3082855
9010399_3082855_x384_y256_crop8379.png,384,256,9010399_3082855
9010399_3082855_x0_y384_crop8380.png,0,384,9010399_3082855
9010399_3082855_x128_y384_crop8381.png,128,384,9010399_3082855
9010399_3082855_x256_y384_crop8382.png,256,384,9010399_3082855
9010399_3082855_x384_y384_crop8383.png,384,384,9010399_3082855
9029661_3124131_x0_y0_crop8384.png,0,0,9029661_3124131
9029661_3124131_x128_y0_crop8385.png,128,0,9029661_3124131
9029661_3124131_x256_y0_crop8386.png,256,0,9029661_3124131
9029661_3124131_x384_y0_crop8387.png,384,0,9029661_3124131
9029661_3124131_x0_y128_crop8388.png,0,128,9029661_3124131
9029661_3124131_x128_y128_crop8389.png,128,128,9029661_3124131
9029661_3124131_x256_y128_crop8390.png,256,128,9029661_3124131
9029661_3124131_x384_y128_crop8391.png,384,128,9029661_3124131
9029661_3124131_x0_y256_crop8392.png,0,256,9029661_3124131
9029661_3124131_x128_y256_crop8393.png,128,256,9029661_3124131
9029661_3124131_x256_y256_crop8394.png,256,256,9029661_3124131
9029661_3124131_x384_y256_crop8395.png,384,256,9029661_3124131
9029661_3124131_x0_y384_crop8396.png,0,384,9029661_3124131
9029661_3124131_x128_y384_crop8397.png,128,384,9029661_3124131
9029661_3124131_x256_y384_crop8398.png,256,384,9029661_3124131
9029661_3124131_x384_y384_crop8399.png,384,384,9029661_3124131
8985633_3088359_x0_y0_crop8400.png,0,0,8985633_3088359
8985633_3088359_x128_y0_crop8401.png,128,0,8985633_3088359
8985633_3088359_x256_y0_crop8402.png,256,0,8985633_3088359
8985633_3088359_x384_y0_crop8403.png,384,0,8985633_3088359
8985633_3088359_x0_y128_crop8404.png,0,128,8985633_3088359
8985633_3088359_x128_y128_crop8405.png,128,128,8985633_3088359
8985633_3088359_x256_y128_crop8406.png,256,128,8985633_3088359
8985633_3088359_x384_y128_crop8407.png,384,128,8985633_3088359
8985633_3088359_x0_y256_crop8408.png,0,256,8985633_3088359
8985633_3088359_x128_y256_crop8409.png,128,256,8985633_3088359
8985633_3088359_x256_y256_crop8410.png,256,256,8985633_3088359
8985633_3088359_x384_y256_crop8411.png,384,256,8985633_3088359
8985633_3088359_x0_y384_crop8412.png,0,384,8985633_3088359
8985633_3088359_x128_y384_crop8413.png,128,384,8985633_3088359
8985633_3088359_x256_y384_crop8414.png,256,384,8985633_3088359
8985633_3088359_x384_y384_crop8415.png,384,384,8985633_3088359
8996640_3102117_x0_y0_crop8416.png,0,0,8996640_3102117
8996640_3102117_x128_y0_crop8417.png,128,0,8996640_3102117
8996640_3102117_x256_y0_crop8418.png,256,0,8996640_3102117
8996640_3102117_x384_y0_crop8419.png,384,0,8996640_3102117
8996640_3102117_x0_y128_crop8420.png,0,128,8996640_3102117
8996640_3102117_x128_y128_crop8421.png,128,128,8996640_3102117
8996640_3102117_x256_y128_crop8422.png,256,128,8996640_3102117
8996640_3102117_x384_y128_crop8423.png,384,128,8996640_3102117
8996640_3102117_x0_y256_crop8424.png,0,256,8996640_3102117
8996640_3102117_x128_y256_crop8425.png,128,256,8996640_3102117
8996640_3102117_x256_y256_crop8426.png,256,256,8996640_3102117
8996640_3102117_x384_y256_crop8427.png,384,256,8996640_3102117
8996640_3102117_x0_y384_crop8428.png,0,384,8996640_3102117
8996640_3102117_x128_y384_crop8429.png,128,384,8996640_3102117
8996640_3102117_x256_y384_crop8430.png,256,384,8996640_3102117
8996640_3102117_x384_y384_crop8431.png,384,384,8996640_3102117
8993888_3118628_x0_y0_crop8432.png,0,0,8993888_3118628
8993888_3118628_x128_y0_crop8433.png,128,0,8993888_3118628
8993888_3118628_x256_y0_crop8434.png,256,0,8993888_3118628
8993888_3118628_x384_y0_crop8435.png,384,0,8993888_3118628
8993888_3118628_x0_y128_crop8436.png,0,128,8993888_3118628
8993888_3118628_x128_y128_crop8437.png,128,128,8993888_3118628
8993888_3118628_x256_y128_crop8438.png,256,128,8993888_3118628
8993888_3118628_x384_y128_crop8439.png,384,128,8993888_3118628
8993888_3118628_x0_y256_crop8440.png,0,256,8993888_3118628
8993888_3118628_x128_y256_crop8441.png,128,256,8993888_3118628
8993888_3118628_x256_y256_crop8442.png,256,256,8993888_3118628
8993888_3118628_x384_y256_crop8443.png,384,256,8993888_3118628
8993888_3118628_x0_y384_crop8444.png,0,384,8993888_3118628
8993888_3118628_x128_y384_crop8445.png,128,384,8993888_3118628
8993888_3118628_x256_y384_crop8446.png,256,384,8993888_3118628
8993888_3118628_x384_y384_crop8447.png,384,384,8993888_3118628
9015902_3091111_x0_y0_crop8448.png,0,0,9015902_3091111
9015902_3091111_x128_y0_crop8449.png,128,0,9015902_3091111
9015902_3091111_x256_y0_crop8450.png,256,0,9015902_3091111
9015902_3091111_x384_y0_crop8451.png,384,0,9015902_3091111
9015902_3091111_x0_y128_crop8452.png,0,128,9015902_3091111
9015902_3091111_x128_y128_crop8453.png,128,128,9015902_3091111
9015902_3091111_x256_y128_crop8454.png,256,128,9015902_3091111
9015902_3091111_x384_y128_crop8455.png,384,128,9015902_3091111
9015902_3091111_x0_y256_crop8456.png,0,256,9015902_3091111
9015902_3091111_x128_y256_crop8457.png,128,256,9015902_3091111
9015902_3091111_x256_y256_crop8458.png,256,256,9015902_3091111
9015902_3091111_x384_y256_crop8459.png,384,256,9015902_3091111
9015902_3091111_x0_y384_crop8460.png,0,384,9015902_3091111
9015902_3091111_x128_y384_crop8461.png,128,384,9015902_3091111
9015902_3091111_x256_y384_crop8462.png,256,384,9015902_3091111
9015902_3091111_x384_y384_crop8463.png,384,384,9015902_3091111
9004895_3143393_x0_y0_crop8464.png,0,0,9004895_3143393
9004895_3143393_x128_y0_crop8465.png,128,0,9004895_3143393
9004895_3143393_x256_y0_crop8466.png,256,0,9004895_3143393
9004895_3143393_x384_y0_crop8467.png,384,0,9004895_3143393
9004895_3143393_x0_y128_crop8468.png,0,128,9004895_3143393
9004895_3143393_x128_y128_crop8469.png,128,128,9004895_3143393
9004895_3143393_x256_y128_crop8470.png,256,128,9004895_3143393
9004895_3143393_x384_y128_crop8471.png,384,128,9004895_3143393
9004895_3143393_x0_y256_crop8472.png,0,256,9004895_3143393
9004895_3143393_x128_y256_crop8473.png,128,256,9004895_3143393
9004895_3143393_x256_y256_crop8474.png,256,256,9004895_3143393
9004895_3143393_x384_y256_crop8475.png,384,256,9004895_3143393
9004895_3143393_x0_y384_crop8476.png,0,384,9004895_3143393
9004895_3143393_x128_y384_crop8477.png,128,384,9004895_3143393
9004895_3143393_x256_y384_crop8478.png,256,384,9004895_3143393
9004895_3143393_x384_y384_crop8479.png,384,384,9004895_3143393
9024157_3080104_x0_y0_crop8480.png,0,0,9024157_3080104
9024157_3080104_x128_y0_crop8481.png,128,0,9024157_3080104
9024157_3080104_x256_y0_crop8482.png,256,0,9024157_3080104
9024157_3080104_x384_y0_crop8483.png,384,0,9024157_3080104
9024157_3080104_x0_y128_crop8484.png,0,128,9024157_3080104
9024157_3080104_x128_y128_crop8485.png,128,128,9024157_3080104
9024157_3080104_x256_y128_crop8486.png,256,128,9024157_3080104
9024157_3080104_x384_y128_crop8487.png,384,128,9024157_3080104
9024157_3080104_x0_y256_crop8488.png,0,256,9024157_3080104
9024157_3080104_x128_y256_crop8489.png,128,256,9024157_3080104
9024157_3080104_x256_y256_crop8490.png,256,256,9024157_3080104
9024157_3080104_x384_y256_crop8491.png,384,256,9024157_3080104
9024157_3080104_x0_y384_crop8492.png,0,384,9024157_3080104
9024157_3080104_x128_y384_crop8493.png,128,384,9024157_3080104
9024157_3080104_x256_y384_crop8494.png,256,384,9024157_3080104
9024157_3080104_x384_y384_crop8495.png,384,384,9024157_3080104
9035164_3121380_x0_y0_crop8496.png,0,0,9035164_3121380
9035164_3121380_x128_y0_crop8497.png,128,0,9035164_3121380
9035164_3121380_x256_y0_crop8498.png,256,0,9035164_3121380
9035164_3121380_x384_y0_crop8499.png,384,0,9035164_3121380
9035164_3121380_x0_y128_crop8500.png,0,128,9035164_3121380
9035164_3121380_x128_y128_crop8501.png,128,128,9035164_3121380
9035164_3121380_x256_y128_crop8502.png,256,128,9035164_3121380
9035164_3121380_x384_y128_crop8503.png,384,128,9035164_3121380
9035164_3121380_x0_y256_crop8504.png,0,256,9035164_3121380
9035164_3121380_x128_y256_crop8505.png,128,256,9035164_3121380
9035164_3121380_x256_y256_crop8506.png,256,256,9035164_3121380
9035164_3121380_x384_y256_crop8507.png,384,256,9035164_3121380
9035164_3121380_x0_y384_crop8508.png,0,384,9035164_3121380
9035164_3121380_x128_y384_crop8509.png,128,384,9035164_3121380
9035164_3121380_x256_y384_crop8510.png,256,384,9035164_3121380
9035164_3121380_x384_y384_crop8511.png,384,384,9035164_3121380
8982881_3121380_x0_y0_crop8512.png,0,0,8982881_3121380
8982881_3121380_x128_y0_crop8513.png,128,0,8982881_3121380
8982881_3121380_x256_y0_crop8514.png,256,0,8982881_3121380
8982881_3121380_x384_y0_crop8515.png,384,0,8982881_3121380
8982881_3121380_x0_y128_crop8516.png,0,128,8982881_3121380
8982881_3121380_x128_y128_crop8517.png,128,128,8982881_3121380
8982881_3121380_x256_y128_crop8518.png,256,128,8982881_3121380
8982881_3121380_x384_y128_crop8519.png,384,128,8982881_3121380
8982881_3121380_x0_y256_crop8520.png,0,256,8982881_3121380
8982881_3121380_x128_y256_crop8521.png,128,256,8982881_3121380
8982881_3121380_x256_y256_crop8522.png,256,256,8982881_3121380
8982881_3121380_x384_y256_crop8523.png,384,256,8982881_3121380
8982881_3121380_x0_y384_crop8524.png,0,384,8982881_3121380
8982881_3121380_x128_y384_crop8525.png,128,384,8982881_3121380
8982881_3121380_x256_y384_crop8526.png,256,384,8982881_3121380
8982881_3121380_x384_y384_crop8527.png,384,384,8982881_3121380
9013151_3107621_x0_y0_crop8528.png,0,0,9013151_3107621
9013151_3107621_x128_y0_crop8529.png,128,0,9013151_3107621
9013151_3107621_x256_y0_crop8530.png,256,0,9013151_3107621
9013151_3107621_x384_y0_crop8531.png,384,0,9013151_3107621
9013151_3107621_x0_y128_crop8532.png,0,128,9013151_3107621
9013151_3107621_x128_y128_crop8533.png,128,128,9013151_3107621
9013151_3107621_x256_y128_crop8534.png,256,128,9013151_3107621
9013151_3107621_x384_y128_crop8535.png,384,128,9013151_3107621
9013151_3107621_x0_y256_crop8536.png,0,256,9013151_3107621
9013151_3107621_x128_y256_crop8537.png,128,256,9013151_3107621
9013151_3107621_x256_y256_crop8538.png,256,256,9013151_3107621
9013151_3107621_x384_y256_crop8539.png,384,256,9013151_3107621
9013151_3107621_x0_y384_crop8540.png,0,384,9013151_3107621
9013151_3107621_x128_y384_crop8541.png,128,384,9013151_3107621
9013151_3107621_x256_y384_crop8542.png,256,384,9013151_3107621
9013151_3107621_x384_y384_crop8543.png,384,384,9013151_3107621
9013151_3135138_x0_y0_crop8544.png,0,0,9013151_3135138
9013151_3135138_x128_y0_crop8545.png,128,0,9013151_3135138
9013151_3135138_x256_y0_crop8546.png,256,0,9013151_3135138
9013151_3135138_x384_y0_crop8547.png,384,0,9013151_3135138
9013151_3135138_x0_y128_crop8548.png,0,128,9013151_3135138
9013151_3135138_x128_y128_crop8549.png,128,128,9013151_3135138
9013151_3135138_x256_y128_crop8550.png,256,128,9013151_3135138
9013151_3135138_x384_y128_crop8551.png,384,128,9013151_3135138
9013151_3135138_x0_y256_crop8552.png,0,256,9013151_3135138
9013151_3135138_x128_y256_crop8553.png,128,256,9013151_3135138
9013151_3135138_x256_y256_crop8554.png,256,256,9013151_3135138
9013151_3135138_x384_y256_crop8555.png,384,256,9013151_3135138
9013151_3135138_x0_y384_crop8556.png,0,384,9013151_3135138
9013151_3135138_x128_y384_crop8557.png,128,384,9013151_3135138
9013151_3135138_x256_y384_crop8558.png,256,384,9013151_3135138
9013151_3135138_x384_y384_crop8559.png,384,384,9013151_3135138
9021406_3088359_x0_y0_crop8560.png,0,0,9021406_3088359
9021406_3088359_x128_y0_crop8561.png,128,0,9021406_3088359
9021406_3088359_x256_y0_crop8562.png,256,0,9021406_3088359
9021406_3088359_x384_y0_crop8563.png,384,0,9021406_3088359
9021406_3088359_x0_y128_crop8564.png,0,128,9021406_3088359
9021406_3088359_x128_y128_crop8565.png,128,128,9021406_3088359
9021406_3088359_x256_y128_crop8566.png,256,128,9021406_3088359
9021406_3088359_x384_y128_crop8567.png,384,128,9021406_3088359
9021406_3088359_x0_y256_crop8568.png,0,256,9021406_3088359
9021406_3088359_x128_y256_crop8569.png,128,256,9021406_3088359
9021406_3088359_x256_y256_crop8570.png,256,256,9021406_3088359
9021406_3088359_x384_y256_crop8571.png,384,256,9021406_3088359
9021406_3088359_x0_y384_crop8572.png,0,384,9021406_3088359
9021406_3088359_x128_y384_crop8573.png,128,384,9021406_3088359
9021406_3088359_x256_y384_crop8574.png,256,384,9021406_3088359
9021406_3088359_x384_y384_crop8575.png,384,384,9021406_3088359
9010399_3146145_x0_y0_crop8576.png,0,0,9010399_3146145
9010399_3146145_x128_y0_crop8577.png,128,0,9010399_3146145
9010399_3146145_x256_y0_crop8578.png,256,0,9010399_3146145
9010399_3146145_x384_y0_crop8579.png,384,0,9010399_3146145
9010399_3146145_x0_y128_crop8580.png,0,128,9010399_3146145
9010399_3146145_x128_y128_crop8581.png,128,128,9010399_3146145
9010399_3146145_x256_y128_crop8582.png,256,128,9010399_3146145
9010399_3146145_x384_y128_crop8583.png,384,128,9010399_3146145
9010399_3146145_x0_y256_crop8584.png,0,256,9010399_3146145
9010399_3146145_x128_y256_crop8585.png,128,256,9010399_3146145
9010399_3146145_x256_y256_crop8586.png,256,256,9010399_3146145
9010399_3146145_x384_y256_crop8587.png,384,256,9010399_3146145
9010399_3146145_x0_y384_crop8588.png,0,384,9010399_3146145
9010399_3146145_x128_y384_crop8589.png,128,384,9010399_3146145
9010399_3146145_x256_y384_crop8590.png,256,384,9010399_3146145
9010399_3146145_x384_y384_crop8591.png,384,384,9010399_3146145
8999392_3143393_x0_y0_crop8592.png,0,0,8999392_3143393
8999392_3143393_x128_y0_crop8593.png,128,0,8999392_3143393
8999392_3143393_x256_y0_crop8594.png,256,0,8999392_3143393
8999392_3143393_x384_y0_crop8595.png,384,0,8999392_3143393
8999392_3143393_x0_y128_crop8596.png,0,128,8999392_3143393
8999392_3143393_x128_y128_crop8597.png,128,128,8999392_3143393
8999392_3143393_x256_y128_crop8598.png,256,128,8999392_3143393
8999392_3143393_x384_y128_crop8599.png,384,128,8999392_3143393
8999392_3143393_x0_y256_crop8600.png,0,256,8999392_3143393
8999392_3143393_x128_y256_crop8601.png,128,256,8999392_3143393
8999392_3143393_x256_y256_crop8602.png,256,256,8999392_3143393
8999392_3143393_x384_y256_crop8603.png,384,256,8999392_3143393
8999392_3143393_x0_y384_crop8604.png,0,384,8999392_3143393
8999392_3143393_x128_y384_crop8605.png,128,384,8999392_3143393
8999392_3143393_x256_y384_crop8606.png,256,384,8999392_3143393
8999392_3143393_x384_y384_crop8607.png,384,384,8999392_3143393
9035164_3080104_x0_y0_crop8608.png,0,0,9035164_3080104
9035164_3080104_x128_y0_crop8609.png,128,0,9035164_3080104
9035164_3080104_x256_y0_crop8610.png,256,0,9035164_3080104
9035164_3080104_x384_y0_crop8611.png,384,0,9035164_3080104
9035164_3080104_x0_y128_crop8612.png,0,128,9035164_3080104
9035164_3080104_x128_y128_crop8613.png,128,128,9035164_3080104
9035164_3080104_x256_y128_crop8614.png,256,128,9035164_3080104
9035164_3080104_x384_y128_crop8615.png,384,128,9035164_3080104
9035164_3080104_x0_y256_crop8616.png,0,256,9035164_3080104
9035164_3080104_x128_y256_crop8617.png,128,256,9035164_3080104
9035164_3080104_x256_y256_crop8618.png,256,256,9035164_3080104
9035164_3080104_x384_y256_crop8619.png,384,256,9035164_3080104
9035164_3080104_x0_y384_crop8620.png,0,384,9035164_3080104
9035164_3080104_x128_y384_crop8621.png,128,384,9035164_3080104
9035164_3080104_x256_y384_crop8622.png,256,384,9035164_3080104
9035164_3080104_x384_y384_crop8623.png,384,384,9035164_3080104
8999392_3093862_x0_y0_crop8624.png,0,0,8999392_3093862
8999392_3093862_x128_y0_crop8625.png,128,0,8999392_3093862
8999392_3093862_x256_y0_crop8626.png,256,0,8999392_3093862
8999392_3093862_x384_y0_crop8627.png,384,0,8999392_3093862
8999392_3093862_x0_y128_crop8628.png,0,128,8999392_3093862
8999392_3093862_x128_y128_crop8629.png,128,128,8999392_3093862
8999392_3093862_x256_y128_crop8630.png,256,128,8999392_3093862
8999392_3093862_x384_y128_crop8631.png,384,128,8999392_3093862
8999392_3093862_x0_y256_crop8632.png,0,256,8999392_3093862
8999392_3093862_x128_y256_crop8633.png,128,256,8999392_3093862
8999392_3093862_x256_y256_crop8634.png,256,256,8999392_3093862
8999392_3093862_x384_y256_crop8635.png,384,256,8999392_3093862
8999392_3093862_x0_y384_crop8636.png,0,384,8999392_3093862
8999392_3093862_x128_y384_crop8637.png,128,384,8999392_3093862
8999392_3093862_x256_y384_crop8638.png,256,384,8999392_3093862
8999392_3093862_x384_y384_crop8639.png,384,384,8999392_3093862
8996640_3093862_x0_y0_crop8640.png,0,0,8996640_3093862
8996640_3093862_x128_y0_crop8641.png,128,0,8996640_3093862
8996640_3093862_x256_y0_crop8642.png,256,0,8996640_3093862
8996640_3093862_x384_y0_crop8643.png,384,0,8996640_3093862
8996640_3093862_x0_y128_crop8644.png,0,128,8996640_3093862
8996640_3093862_x128_y128_crop8645.png,128,128,8996640_3093862
8996640_3093862_x256_y128_crop8646.png,256,128,8996640_3093862
8996640_3093862_x384_y128_crop8647.png,384,128,8996640_3093862
8996640_3093862_x0_y256_crop8648.png,0,256,8996640_3093862
8996640_3093862_x128_y256_crop8649.png,128,256,8996640_3093862
8996640_3093862_x256_y256_crop8650.png,256,256,8996640_3093862
8996640_3093862_x384_y256_crop8651.png,384,256,8996640_3093862
8996640_3093862_x0_y384_crop8652.png,0,384,8996640_3093862
8996640_3093862_x128_y384_crop8653.png,128,384,8996640_3093862
8996640_3093862_x256_y384_crop8654.png,256,384,8996640_3093862
8996640_3093862_x384_y384_crop8655.png,384,384,8996640_3093862
8985633_3110373_x0_y0_crop8656.png,0,0,8985633_3110373
8985633_3110373_x128_y0_crop8657.png,128,0,8985633_3110373
8985633_3110373_x256_y0_crop8658.png,256,0,8985633_3110373
8985633_3110373_x384_y0_crop8659.png,384,0,8985633_3110373
8985633_3110373_x0_y128_crop8660.png,0,128,8985633_3110373
8985633_3110373_x128_y128_crop8661.png,128,128,8985633_3110373
8985633_3110373_x256_y128_crop8662.png,256,128,8985633_3110373
8985633_3110373_x384_y128_crop8663.png,384,128,8985633_3110373
8985633_3110373_x0_y256_crop8664.png,0,256,8985633_3110373
8985633_3110373_x128_y256_crop8665.png,128,256,8985633_3110373
8985633_3110373_x256_y256_crop8666.png,256,256,8985633_3110373
8985633_3110373_x384_y256_crop8667.png,384,256,8985633_3110373
8985633_3110373_x0_y384_crop8668.png,0,384,8985633_3110373
8985633_3110373_x128_y384_crop8669.png,128,384,8985633_3110373
8985633_3110373_x256_y384_crop8670.png,256,384,8985633_3110373
8985633_3110373_x384_y384_crop8671.png,384,384,8985633_3110373
8991137_3143393_x0_y0_crop8672.png,0,0,8991137_3143393
8991137_3143393_x128_y0_crop8673.png,128,0,8991137_3143393
8991137_3143393_x256_y0_crop8674.png,256,0,8991137_3143393
8991137_3143393_x384_y0_crop8675.png,384,0,8991137_3143393
8991137_3143393_x0_y128_crop8676.png,0,128,8991137_3143393
8991137_3143393_x128_y128_crop8677.png,128,128,8991137_3143393
8991137_3143393_x256_y128_crop8678.png,256,128,8991137_3143393
8991137_3143393_x384_y128_crop8679.png,384,128,8991137_3143393
8991137_3143393_x0_y256_crop8680.png,0,256,8991137_3143393
8991137_3143393_x128_y256_crop8681.png,128,256,8991137_3143393
8991137_3143393_x256_y256_crop8682.png,256,256,8991137_3143393
8991137_3143393_x384_y256_crop8683.png,384,256,8991137_3143393
8991137_3143393_x0_y384_crop8684.png,0,384,8991137_3143393
8991137_3143393_x128_y384_crop8685.png,128,384,8991137_3143393
8991137_3143393_x256_y384_crop8686.png,256,384,8991137_3143393
8991137_3143393_x384_y384_crop8687.png,384,384,8991137_3143393
9004895_3093862_x0_y0_crop8688.png,0,0,9004895_3093862
9004895_3093862_x128_y0_crop8689.png,128,0,9004895_3093862
9004895_3093862_x256_y0_crop8690.png,256,0,9004895_3093862
9004895_3093862_x384_y0_crop8691.png,384,0,9004895_3093862
9004895_3093862_x0_y128_crop8692.png,0,128,9004895_3093862
9004895_3093862_x128_y128_crop8693.png,128,128,9004895_3093862
9004895_3093862_x256_y128_crop8694.png,256,128,9004895_3093862
9004895_3093862_x384_y128_crop8695.png,384,128,9004895_3093862
9004895_3093862_x0_y256_crop8696.png,0,256,9004895_3093862
9004895_3093862_x128_y256_crop8697.png,128,256,9004895_3093862
9004895_3093862_x256_y256_crop8698.png,256,256,9004895_3093862
9004895_3093862_x384_y256_crop8699.png,384,256,9004895_3093862
9004895_3093862_x0_y384_crop8700.png,0,384,9004895_3093862
9004895_3093862_x128_y384_crop8701.png,128,384,9004895_3093862
9004895_3093862_x256_y384_crop8702.png,256,384,9004895_3093862
9004895_3093862_x384_y384_crop8703.png,384,384,9004895_3093862
8993888_3137890_x0_y0_crop8704.png,0,0,8993888_3137890
8993888_3137890_x128_y0_crop8705.png,128,0,8993888_3137890
8993888_3137890_x256_y0_crop8706.png,256,0,8993888_3137890
8993888_3137890_x384_y0_crop8707.png,384,0,8993888_3137890
8993888_3137890_x0_y128_crop8708.png,0,128,8993888_3137890
8993888_3137890_x128_y128_crop8709.png,128,128,8993888_3137890
8993888_3137890_x256_y128_crop8710.png,256,128,8993888_3137890
8993888_3137890_x384_y128_crop8711.png,384,128,8993888_3137890
8993888_3137890_x0_y256_crop8712.png,0,256,8993888_3137890
8993888_3137890_x128_y256_crop8713.png,128,256,8993888_3137890
8993888_3137890_x256_y256_crop8714.png,256,256,8993888_3137890
8993888_3137890_x384_y256_crop8715.png,384,256,8993888_3137890
8993888_3137890_x0_y384_crop8716.png,0,384,8993888_3137890
8993888_3137890_x128_y384_crop8717.png,128,384,8993888_3137890
8993888_3137890_x256_y384_crop8718.png,256,384,8993888_3137890
8993888_3137890_x384_y384_crop8719.png,384,384,8993888_3137890
8999392_3077352_x0_y0_crop8720.png,0,0,8999392_3077352
8999392_3077352_x128_y0_crop8721.png,128,0,8999392_3077352
8999392_3077352_x256_y0_crop8722.png,256,0,8999392_3077352
8999392_3077352_x384_y0_crop8723.png,384,0,8999392_3077352
8999392_3077352_x0_y128_crop8724.png,0,128,8999392_3077352
8999392_3077352_x128_y128_crop8725.png,128,128,8999392_3077352
8999392_3077352_x256_y128_crop8726.png,256,128,8999392_3077352
8999392_3077352_x384_y128_crop8727.png,384,128,8999392_3077352
8999392_3077352_x0_y256_crop8728.png,0,256,8999392_3077352
8999392_3077352_x128_y256_crop8729.png,128,256,8999392_3077352
8999392_3077352_x256_y256_crop8730.png,256,256,8999392_3077352
8999392_3077352_x384_y256_crop8731.png,384,256,8999392_3077352
8999392_3077352_x0_y384_crop8732.png,0,384,8999392_3077352
8999392_3077352_x128_y384_crop8733.png,128,384,8999392_3077352
8999392_3077352_x256_y384_crop8734.png,256,384,8999392_3077352
8999392_3077352_x384_y384_crop8735.png,384,384,8999392_3077352
9037916_3093862_x0_y0_crop8736.png,0,0,9037916_3093862
9037916_3093862_x128_y0_crop8737.png,128,0,9037916_3093862
9037916_3093862_x256_y0_crop8738.png,256,0,9037916_3093862
9037916_3093862_x384_y0_crop8739.png,384,0,9037916_3093862
9037916_3093862_x0_y128_crop8740.png,0,128,9037916_3093862
9037916_3093862_x128_y128_crop8741.png,128,128,9037916_3093862
9037916_3093862_x256_y128_crop8742.png,256,128,9037916_3093862
9037916_3093862_x384_y128_crop8743.png,384,128,9037916_3093862
9037916_3093862_x0_y256_crop8744.png,0,256,9037916_3093862
9037916_3093862_x128_y256_crop8745.png,128,256,9037916_3093862
9037916_3093862_x256_y256_crop8746.png,256,256,9037916_3093862
9037916_3093862_x384_y256_crop8747.png,384,256,9037916_3093862
9037916_3093862_x0_y384_crop8748.png,0,384,9037916_3093862
9037916_3093862_x128_y384_crop8749.png,128,384,9037916_3093862
9037916_3093862_x256_y384_crop8750.png,256,384,9037916_3093862
9037916_3093862_x384_y384_crop8751.png,384,384,9037916_3093862
9024157_3146145_x0_y0_crop8752.png,0,0,9024157_3146145
9024157_3146145_x128_y0_crop8753.png,128,0,9024157_3146145
9024157_3146145_x256_y0_crop8754.png,256,0,9024157_3146145
9024157_3146145_x384_y0_crop8755.png,384,0,9024157_3146145
9024157_3146145_x0_y128_crop8756.png,0,128,9024157_3146145
9024157_3146145_x128_y128_crop8757.png,128,128,9024157_3146145
9024157_3146145_x256_y128_crop8758.png,256,128,9024157_3146145
9024157_3146145_x384_y128_crop8759.png,384,128,9024157_3146145
9024157_3146145_x0_y256_crop8760.png,0,256,9024157_3146145
9024157_3146145_x128_y256_crop8761.png,128,256,9024157_3146145
9024157_3146145_x256_y256_crop8762.png,256,256,9024157_3146145
9024157_3146145_x384_y256_crop8763.png,384,256,9024157_3146145
9024157_3146145_x0_y384_crop8764.png,0,384,9024157_3146145
9024157_3146145_x128_y384_crop8765.png,128,384,9024157_3146145
9024157_3146145_x256_y384_crop8766.png,256,384,9024157_3146145
9024157_3146145_x384_y384_crop8767.png,384,384,9024157_3146145
8980130_3121380_x0_y0_crop8768.png,0,0,8980130_3121380
8980130_3121380_x128_y0_crop8769.png,128,0,8980130_3121380
8980130_3121380_x256_y0_crop8770.png,256,0,8980130_3121380
8980130_3121380_x384_y0_crop8771.png,384,0,8980130_3121380
8980130_3121380_x0_y128_crop8772.png,0,128,8980130_3121380
8980130_3121380_x128_y128_crop8773.png,128,128,8980130_3121380
8980130_3121380_x256_y128_crop8774.png,256,128,8980130_3121380
8980130_3121380_x384_y128_crop8775.png,384,128,8980130_3121380
8980130_3121380_x0_y256_crop8776.png,0,256,8980130_3121380
8980130_3121380_x128_y256_crop8777.png,128,256,8980130_3121380
8980130_3121380_x256_y256_crop8778.png,256,256,8980130_3121380
8980130_3121380_x384_y256_crop8779.png,384,256,8980130_3121380
8980130_3121380_x0_y384_crop8780.png,0,384,8980130_3121380
8980130_3121380_x128_y384_crop8781.png,128,384,8980130_3121380
8980130_3121380_x256_y384_crop8782.png,256,384,8980130_3121380
8980130_3121380_x384_y384_crop8783.png,384,384,8980130_3121380
9024157_3118628_x0_y0_crop8784.png,0,0,9024157_3118628
9024157_3118628_x128_y0_crop8785.png,128,0,9024157_3118628
9024157_3118628_x256_y0_crop8786.png,256,0,9024157_3118628
9024157_3118628_x384_y0_crop8787.png,384,0,9024157_3118628
9024157_3118628_x0_y128_crop8788.png,0,128,9024157_3118628
9024157_3118628_x128_y128_crop8789.png,128,128,9024157_3118628
9024157_3118628_x256_y128_crop8790.png,256,128,9024157_3118628
9024157_3118628_x384_y128_crop8791.png,384,128,9024157_3118628
9024157_3118628_x0_y256_crop8792.png,0,256,9024157_3118628
9024157_3118628_x128_y256_crop8793.png,128,256,9024157_3118628
9024157_3118628_x256_y256_crop8794.png,256,256,9024157_3118628
9024157_3118628_x384_y256_crop8795.png,384,256,9024157_3118628
9024157_3118628_x0_y384_crop8796.png,0,384,9024157_3118628
9024157_3118628_x128_y384_crop8797.png,128,384,9024157_3118628
9024157_3118628_x256_y384_crop8798.png,256,384,9024157_3118628
9024157_3118628_x384_y384_crop8799.png,384,384,9024157_3118628
8996640_3091111_x0_y0_crop8800.png,0,0,8996640_3091111
8996640_3091111_x128_y0_crop8801.png,128,0,8996640_3091111
8996640_3091111_x256_y0_crop8802.png,256,0,8996640_3091111
8996640_3091111_x384_y0_crop8803.png,384,0,8996640_3091111
8996640_3091111_x0_y128_crop8804.png,0,128,8996640_3091111
8996640_3091111_x128_y128_crop8805.png,128,128,8996640_3091111
8996640_3091111_x256_y128_crop8806.png,256,128,8996640_3091111
8996640_3091111_x384_y128_crop8807.png,384,128,8996640_3091111
8996640_3091111_x0_y256_crop8808.png,0,256,8996640_3091111
8996640_3091111_x128_y256_crop8809.png,128,256,8996640_3091111
8996640_3091111_x256_y256_crop8810.png,256,256,8996640_3091111
8996640_3091111_x384_y256_crop8811.png,384,256,8996640_3091111
8996640_3091111_x0_y384_crop8812.png,0,384,8996640_3091111
8996640_3091111_x128_y384_crop8813.png,128,384,8996640_3091111
8996640_3091111_x256_y384_crop8814.png,256,384,8996640_3091111
8996640_3091111_x384_y384_crop8815.png,384,384,8996640_3091111
9035164_3099366_x0_y0_crop8816.png,0,0,9035164_3099366
9035164_3099366_x128_y0_crop8817.png,128,0,9035164_3099366
9035164_3099366_x256_y0_crop8818.png,256,0,9035164_3099366
9035164_3099366_x384_y0_crop8819.png,384,0,9035164_3099366
9035164_3099366_x0_y128_crop8820.png,0,128,9035164_3099366
9035164_3099366_x128_y128_crop8821.png,128,128,9035164_3099366
9035164_3099366_x256_y128_crop8822.png,256,128,9035164_3099366
9035164_3099366_x384_y128_crop8823.png,384,128,9035164_3099366
9035164_3099366_x0_y256_crop8824.png,0,256,9035164_3099366
9035164_3099366_x128_y256_crop8825.png,128,256,9035164_3099366
9035164_3099366_x256_y256_crop8826.png,256,256,9035164_3099366
9035164_3099366_x384_y256_crop8827.png,384,256,9035164_3099366
9035164_3099366_x0_y384_crop8828.png,0,384,9035164_3099366
9035164_3099366_x128_y384_crop8829.png,128,384,9035164_3099366
9035164_3099366_x256_y384_crop8830.png,256,384,9035164_3099366
9035164_3099366_x384_y384_crop8831.png,384,384,9035164_3099366
9018654_3088359_x0_y0_crop8832.png,0,0,9018654_3088359
9018654_3088359_x128_y0_crop8833.png,128,0,9018654_3088359
9018654_3088359_x256_y0_crop8834.png,256,0,9018654_3088359
9018654_3088359_x384_y0_crop8835.png,384,0,9018654_3088359
9018654_3088359_x0_y128_crop8836.png,0,128,9018654_3088359
9018654_3088359_x128_y128_crop8837.png,128,128,9018654_3088359
9018654_3088359_x256_y128_crop8838.png,256,128,9018654_3088359
9018654_3088359_x384_y128_crop8839.png,384,128,9018654_3088359
9018654_3088359_x0_y256_crop8840.png,0,256,9018654_3088359
9018654_3088359_x128_y256_crop8841.png,128,256,9018654_3088359
9018654_3088359_x256_y256_crop8842.png,256,256,9018654_3088359
9018654_3088359_x384_y256_crop8843.png,384,256,9018654_3088359
9018654_3088359_x0_y384_crop8844.png,0,384,9018654_3088359
9018654_3088359_x128_y384_crop8845.png,128,384,9018654_3088359
9018654_3088359_x256_y384_crop8846.png,256,384,9018654_3088359
9018654_3088359_x384_y384_crop8847.png,384,384,9018654_3088359
8991137_3135138_x0_y0_crop8848.png,0,0,8991137_3135138
8991137_3135138_x128_y0_crop8849.png,128,0,8991137_3135138
8991137_3135138_x256_y0_crop8850.png,256,0,8991137_3135138
8991137_3135138_x384_y0_crop8851.png,384,0,8991137_3135138
8991137_3135138_x0_y128_crop8852.png,0,128,8991137_3135138
8991137_3135138_x128_y128_crop8853.png,128,128,8991137_3135138
8991137_3135138_x256_y128_crop8854.png,256,128,8991137_3135138
8991137_3135138_x384_y128_crop8855.png,384,128,8991137_3135138
8991137_3135138_x0_y256_crop8856.png,0,256,8991137_3135138
8991137_3135138_x128_y256_crop8857.png,128,256,8991137_3135138
8991137_3135138_x256_y256_crop8858.png,256,256,8991137_3135138
8991137_3135138_x384_y256_crop8859.png,384,256,8991137_3135138
8991137_3135138_x0_y384_crop8860.png,0,384,8991137_3135138
8991137_3135138_x128_y384_crop8861.png,128,384,8991137_3135138
8991137_3135138_x256_y384_crop8862.png,256,384,8991137_3135138
8991137_3135138_x384_y384_crop8863.png,384,384,8991137_3135138
8991137_3104869_x0_y0_crop8864.png,0,0,8991137_3104869
8991137_3104869_x128_y0_crop8865.png,128,0,8991137_3104869
8991137_3104869_x256_y0_crop8866.png,256,0,8991137_3104869
8991137_3104869_x384_y0_crop8867.png,384,0,8991137_3104869
8991137_3104869_x0_y128_crop8868.png,0,128,8991137_3104869
8991137_3104869_x128_y128_crop8869.png,128,128,8991137_3104869
8991137_3104869_x256_y128_crop8870.png,256,128,8991137_3104869
8991137_3104869_x384_y128_crop8871.png,384,128,8991137_3104869
8991137_3104869_x0_y256_crop8872.png,0,256,8991137_3104869
8991137_3104869_x128_y256_crop8873.png,128,256,8991137_3104869
8991137_3104869_x256_y256_crop8874.png,256,256,8991137_3104869
8991137_3104869_x384_y256_crop8875.png,384,256,8991137_3104869
8991137_3104869_x0_y384_crop8876.png,0,384,8991137_3104869
8991137_3104869_x128_y384_crop8877.png,128,384,8991137_3104869
8991137_3104869_x256_y384_crop8878.png,256,384,8991137_3104869
8991137_3104869_x384_y384_crop8879.png,384,384,8991137_3104869
9040668_3143393_x0_y0_crop8880.png,0,0,9040668_3143393
9040668_3143393_x128_y0_crop8881.png,128,0,9040668_3143393
9040668_3143393_x256_y0_crop8882.png,256,0,9040668_3143393
9040668_3143393_x384_y0_crop8883.png,384,0,9040668_3143393
9040668_3143393_x0_y128_crop8884.png,0,128,9040668_3143393
9040668_3143393_x128_y128_crop8885.png,128,128,9040668_3143393
9040668_3143393_x256_y128_crop8886.png,256,128,9040668_3143393
9040668_3143393_x384_y128_crop8887.png,384,128,9040668_3143393
9040668_3143393_x0_y256_crop8888.png,0,256,9040668_3143393
9040668_3143393_x128_y256_crop8889.png,128,256,9040668_3143393
9040668_3143393_x256_y256_crop8890.png,256,256,9040668_3143393
9040668_3143393_x384_y256_crop8891.png,384,256,9040668_3143393
9040668_3143393_x0_y384_crop8892.png,0,384,9040668_3143393
9040668_3143393_x128_y384_crop8893.png,128,384,9040668_3143393
9040668_3143393_x256_y384_crop8894.png,256,384,9040668_3143393
9040668_3143393_x384_y384_crop8895.png,384,384,9040668_3143393
9018654_3129635_x0_y0_crop8896.png,0,0,9018654_3129635
9018654_3129635_x128_y0_crop8897.png,128,0,9018654_3129635
9018654_3129635_x256_y0_crop8898.png,256,0,9018654_3129635
9018654_3129635_x384_y0_crop8899.png,384,0,9018654_3129635
9018654_3129635_x0_y128_crop8900.png,0,128,9018654_3129635
9018654_3129635_x128_y128_crop8901.png,128,128,9018654_3129635
9018654_3129635_x256_y128_crop8902.png,256,128,9018654_3129635
9018654_3129635_x384_y128_crop8903.png,384,128,9018654_3129635
9018654_3129635_x0_y256_crop8904.png,0,256,9018654_3129635
9018654_3129635_x128_y256_crop8905.png,128,256,9018654_3129635
9018654_3129635_x256_y256_crop8906.png,256,256,9018654_3129635
9018654_3129635_x384_y256_crop8907.png,384,256,9018654_3129635
9018654_3129635_x0_y384_crop8908.png,0,384,9018654_3129635
9018654_3129635_x128_y384_crop8909.png,128,384,9018654_3129635
9018654_3129635_x256_y384_crop8910.png,256,384,9018654_3129635
9018654_3129635_x384_y384_crop8911.png,384,384,9018654_3129635
9026909_3115876_x0_y0_crop8912.png,0,0,9026909_3115876
9026909_3115876_x128_y0_crop8913.png,128,0,9026909_3115876
9026909_3115876_x256_y0_crop8914.png,256,0,9026909_3115876
9026909_3115876_x384_y0_crop8915.png,384,0,9026909_3115876
9026909_3115876_x0_y128_crop8916.png,0,128,9026909_3115876
9026909_3115876_x128_y128_crop8917.png,128,128,9026909_3115876
9026909_3115876_x256_y128_crop8918.png,256,128,9026909_3115876
9026909_3115876_x384_y128_crop8919.png,384,128,9026909_3115876
9026909_3115876_x0_y256_crop8920.png,0,256,9026909_3115876
9026909_3115876_x128_y256_crop8921.png,128,256,9026909_3115876
9026909_3115876_x256_y256_crop8922.png,256,256,9026909_3115876
9026909_3115876_x384_y256_crop8923.png,384,256,9026909_3115876
9026909_3115876_x0_y384_crop8924.png,0,384,9026909_3115876
9026909_3115876_x128_y384_crop8925.png,128,384,9026909_3115876
9026909_3115876_x256_y384_crop8926.png,256,384,9026909_3115876
9026909_3115876_x384_y384_crop8927.png,384,384,9026909_3115876
8996640_3110373_x0_y0_crop8928.png,0,0,8996640_3110373
8996640_3110373_x128_y0_crop8929.png,128,0,8996640_3110373
8996640_3110373_x256_y0_crop8930.png,256,0,8996640_3110373
8996640_3110373_x384_y0_crop8931.png,384,0,8996640_3110373
8996640_3110373_x0_y128_crop8932.png,0,128,8996640_3110373
8996640_3110373_x128_y128_crop8933.png,128,128,8996640_3110373
8996640_3110373_x256_y128_crop8934.png,256,128,8996640_3110373
8996640_3110373_x384_y128_crop8935.png,384,128,8996640_3110373
8996640_3110373_x0_y256_crop8936.png,0,256,8996640_3110373
8996640_3110373_x128_y256_crop8937.png,128,256,8996640_3110373
8996640_3110373_x256_y256_crop8938.png,256,256,8996640_3110373
8996640_3110373_x384_y256_crop8939.png,384,256,8996640_3110373
8996640_3110373_x0_y384_crop8940.png,0,384,8996640_3110373
8996640_3110373_x128_y384_crop8941.png,128,384,8996640_3110373
8996640_3110373_x256_y384_crop8942.png,256,384,8996640_3110373
8996640_3110373_x384_y384_crop8943.png,384,384,8996640_3110373
9015902_3093862_x0_y0_crop8944.png,0,0,9015902_3093862
9015902_3093862_x128_y0_crop8945.png,128,0,9015902_3093862
9015902_3093862_x256_y0_crop8946.png,256,0,9015902_3093862
9015902_3093862_x384_y0_crop8947.png,384,0,9015902_3093862
9015902_3093862_x0_y128_crop8948.png,0,128,9015902_3093862
9015902_3093862_x128_y128_crop8949.png,128,128,9015902_3093862
9015902_3093862_x256_y128_crop8950.png,256,128,9015902_3093862
9015902_3093862_x384_y128_crop8951.png,384,128,9015902_3093862
9015902_3093862_x0_y256_crop8952.png,0,256,9015902_3093862
9015902_3093862_x128_y256_crop8953.png,128,256,9015902_3093862
9015902_3093862_x256_y256_crop8954.png,256,256,9015902_3093862
9015902_3093862_x384_y256_crop8955.png,384,256,9015902_3093862
9015902_3093862_x0_y384_crop8956.png,0,384,9015902_3093862
9015902_3093862_x128_y384_crop8957.png,128,384,9015902_3093862
9015902_3093862_x256_y384_crop8958.png,256,384,9015902_3093862
9015902_3093862_x384_y384_crop8959.png,384,384,9015902_3093862
9024157_3110373_x0_y0_crop8960.png,0,0,9024157_3110373
9024157_3110373_x128_y0_crop8961.png,128,0,9024157_3110373
9024157_3110373_x256_y0_crop8962.png,256,0,9024157_3110373
9024157_3110373_x384_y0_crop8963.png,384,0,9024157_3110373
9024157_3110373_x0_y128_crop8964.png,0,128,9024157_3110373
9024157_3110373_x128_y128_crop8965.png,128,128,9024157_3110373
9024157_3110373_x256_y128_crop8966.png,256,128,9024157_3110373
9024157_3110373_x384_y128_crop8967.png,384,128,9024157_3110373
9024157_3110373_x0_y256_crop8968.png,0,256,9024157_3110373
9024157_3110373_x128_y256_crop8969.png,128,256,9024157_3110373
9024157_3110373_x256_y256_crop8970.png,256,256,9024157_3110373
9024157_3110373_x384_y256_crop8971.png,384,256,9024157_3110373
9024157_3110373_x0_y384_crop8972.png,0,384,9024157_3110373
9024157_3110373_x128_y384_crop8973.png,128,384,9024157_3110373
9024157_3110373_x256_y384_crop8974.png,256,384,9024157_3110373
9024157_3110373_x384_y384_crop8975.png,384,384,9024157_3110373
9037916_3113124_x0_y0_crop8976.png,0,0,9037916_3113124
9037916_3113124_x128_y0_crop8977.png,128,0,9037916_3113124
9037916_3113124_x256_y0_crop8978.png,256,0,9037916_3113124
9037916_3113124_x384_y0_crop8979.png,384,0,9037916_3113124
9037916_3113124_x0_y128_crop8980.png,0,128,9037916_3113124
9037916_3113124_x128_y128_crop8981.png,128,128,9037916_3113124
9037916_3113124_x256_y128_crop8982.png,256,128,9037916_3113124
9037916_3113124_x384_y128_crop8983.png,384,128,9037916_3113124
9037916_3113124_x0_y256_crop8984.png,0,256,9037916_3113124
9037916_3113124_x128_y256_crop8985.png,128,256,9037916_3113124
9037916_3113124_x256_y256_crop8986.png,256,256,9037916_3113124
9037916_3113124_x384_y256_crop8987.png,384,256,9037916_3113124
9037916_3113124_x0_y384_crop8988.png,0,384,9037916_3113124
9037916_3113124_x128_y384_crop8989.png,128,384,9037916_3113124
9037916_3113124_x256_y384_crop8990.png,256,384,9037916_3113124
9037916_3113124_x384_y384_crop8991.png,384,384,9037916_3113124
9026909_3129635_x0_y0_crop8992.png,0,0,9026909_3129635
9026909_3129635_x128_y0_crop8993.png,128,0,9026909_3129635
9026909_3129635_x256_y0_crop8994.png,256,0,9026909_3129635
9026909_3129635_x384_y0_crop8995.png,384,0,9026909_3129635
9026909_3129635_x0_y128_crop8996.png,0,128,9026909_3129635
9026909_3129635_x128_y128_crop8997.png,128,128,9026909_3129635
9026909_3129635_x256_y128_crop8998.png,256,128,9026909_3129635
9026909_3129635_x384_y128_crop8999.png,384,128,9026909_3129635
9026909_3129635_x0_y256_crop9000.png,0,256,9026909_3129635
9026909_3129635_x128_y256_crop9001.png,128,256,9026909_3129635
9026909_3129635_x256_y256_crop9002.png,256,256,9026909_3129635
9026909_3129635_x384_y256_crop9003.png,384,256,9026909_3129635
9026909_3129635_x0_y384_crop9004.png,0,384,9026909_3129635
9026909_3129635_x128_y384_crop9005.png,128,384,9026909_3129635
9026909_3129635_x256_y384_crop9006.png,256,384,9026909_3129635
9026909_3129635_x384_y384_crop9007.png,384,384,9026909_3129635
9029661_3096614_x0_y0_crop9008.png,0,0,9029661_3096614
9029661_3096614_x128_y0_crop9009.png,128,0,9029661_3096614
9029661_3096614_x256_y0_crop9010.png,256,0,9029661_3096614
9029661_3096614_x384_y0_crop9011.png,384,0,9029661_3096614
9029661_3096614_x0_y128_crop9012.png,0,128,9029661_3096614
9029661_3096614_x128_y128_crop9013.png,128,128,9029661_3096614
9029661_3096614_x256_y128_crop9014.png,256,128,9029661_3096614
9029661_3096614_x384_y128_crop9015.png,384,128,9029661_3096614
9029661_3096614_x0_y256_crop9016.png,0,256,9029661_3096614
9029661_3096614_x128_y256_crop9017.png,128,256,9029661_3096614
9029661_3096614_x256_y256_crop9018.png,256,256,9029661_3096614
9029661_3096614_x384_y256_crop9019.png,384,256,9029661_3096614
9029661_3096614_x0_y384_crop9020.png,0,384,9029661_3096614
9029661_3096614_x128_y384_crop9021.png,128,384,9029661_3096614
9029661_3096614_x256_y384_crop9022.png,256,384,9029661_3096614
9029661_3096614_x384_y384_crop9023.png,384,384,9029661_3096614
8996640_3135138_x0_y0_crop9024.png,0,0,8996640_3135138
8996640_3135138_x128_y0_crop9025.png,128,0,8996640_3135138
8996640_3135138_x256_y0_crop9026.png,256,0,8996640_3135138
8996640_3135138_x384_y0_crop9027.png,384,0,8996640_3135138
8996640_3135138_x0_y128_crop9028.png,0,128,8996640_3135138
8996640_3135138_x128_y128_crop9029.png,128,128,8996640_3135138
8996640_3135138_x256_y128_crop9030.png,256,128,8996640_3135138
8996640_3135138_x384_y128_crop9031.png,384,128,8996640_3135138
8996640_3135138_x0_y256_crop9032.png,0,256,8996640_3135138
8996640_3135138_x128_y256_crop9033.png,128,256,8996640_3135138
8996640_3135138_x256_y256_crop9034.png,256,256,8996640_3135138
8996640_3135138_x384_y256_crop9035.png,384,256,8996640_3135138
8996640_3135138_x0_y384_crop9036.png,0,384,8996640_3135138
8996640_3135138_x128_y384_crop9037.png,128,384,8996640_3135138
8996640_3135138_x256_y384_crop9038.png,256,384,8996640_3135138
8996640_3135138_x384_y384_crop9039.png,384,384,8996640_3135138
9010399_3132387_x0_y0_crop9040.png,0,0,9010399_3132387
9010399_3132387_x128_y0_crop9041.png,128,0,9010399_3132387
9010399_3132387_x256_y0_crop9042.png,256,0,9010399_3132387
9010399_3132387_x384_y0_crop9043.png,384,0,9010399_3132387
9010399_3132387_x0_y128_crop9044.png,0,128,9010399_3132387
9010399_3132387_x128_y128_crop9045.png,128,128,9010399_3132387
9010399_3132387_x256_y128_crop9046.png,256,128,9010399_3132387
9010399_3132387_x384_y128_crop9047.png,384,128,9010399_3132387
9010399_3132387_x0_y256_crop9048.png,0,256,9010399_3132387
9010399_3132387_x128_y256_crop9049.png,128,256,9010399_3132387
9010399_3132387_x256_y256_crop9050.png,256,256,9010399_3132387
9010399_3132387_x384_y256_crop9051.png,384,256,9010399_3132387
9010399_3132387_x0_y384_crop9052.png,0,384,9010399_3132387
9010399_3132387_x128_y384_crop9053.png,128,384,9010399_3132387
9010399_3132387_x256_y384_crop9054.png,256,384,9010399_3132387
9010399_3132387_x384_y384_crop9055.png,384,384,9010399_3132387
9007647_3132387_x0_y0_crop9056.png,0,0,9007647_3132387
9007647_3132387_x128_y0_crop9057.png,128,0,9007647_3132387
9007647_3132387_x256_y0_crop9058.png,256,0,9007647_3132387
9007647_3132387_x384_y0_crop9059.png,384,0,9007647_3132387
9007647_3132387_x0_y128_crop9060.png,0,128,9007647_3132387
9007647_3132387_x128_y128_crop9061.png,128,128,9007647_3132387
9007647_3132387_x256_y128_crop9062.png,256,128,9007647_3132387
9007647_3132387_x384_y128_crop9063.png,384,128,9007647_3132387
9007647_3132387_x0_y256_crop9064.png,0,256,9007647_3132387
9007647_3132387_x128_y256_crop9065.png,128,256,9007647_3132387
9007647_3132387_x256_y256_crop9066.png,256,256,9007647_3132387
9007647_3132387_x384_y256_crop9067.png,384,256,9007647_3132387
9007647_3132387_x0_y384_crop9068.png,0,384,9007647_3132387
9007647_3132387_x128_y384_crop9069.png,128,384,9007647_3132387
9007647_3132387_x256_y384_crop9070.png,256,384,9007647_3132387
9007647_3132387_x384_y384_crop9071.png,384,384,9007647_3132387
8988385_3096614_x0_y0_crop9072.png,0,0,8988385_3096614
8988385_3096614_x128_y0_crop9073.png,128,0,8988385_3096614
8988385_3096614_x256_y0_crop9074.png,256,0,8988385_3096614
8988385_3096614_x384_y0_crop9075.png,384,0,8988385_3096614
8988385_3096614_x0_y128_crop9076.png,0,128,8988385_3096614
8988385_3096614_x128_y128_crop9077.png,128,128,8988385_3096614
8988385_3096614_x256_y128_crop9078.png,256,128,8988385_3096614
8988385_3096614_x384_y128_crop9079.png,384,128,8988385_3096614
8988385_3096614_x0_y256_crop9080.png,0,256,8988385_3096614
8988385_3096614_x128_y256_crop9081.png,128,256,8988385_3096614
8988385_3096614_x256_y256_crop9082.png,256,256,8988385_3096614
8988385_3096614_x384_y256_crop9083.png,384,256,8988385_3096614
8988385_3096614_x0_y384_crop9084.png,0,384,8988385_3096614
8988385_3096614_x128_y384_crop9085.png,128,384,8988385_3096614
8988385_3096614_x256_y384_crop9086.png,256,384,8988385_3096614
8988385_3096614_x384_y384_crop9087.png,384,384,8988385_3096614
9004895_3107621_x0_y0_crop9088.png,0,0,9004895_3107621
9004895_3107621_x128_y0_crop9089.png,128,0,9004895_3107621
9004895_3107621_x256_y0_crop9090.png,256,0,9004895_3107621
9004895_3107621_x384_y0_crop9091.png,384,0,9004895_3107621
9004895_3107621_x0_y128_crop9092.png,0,128,9004895_3107621
9004895_3107621_x128_y128_crop9093.png,128,128,9004895_3107621
9004895_3107621_x256_y128_crop9094.png,256,128,9004895_3107621
9004895_3107621_x384_y128_crop9095.png,384,128,9004895_3107621
9004895_3107621_x0_y256_crop9096.png,0,256,9004895_3107621
9004895_3107621_x128_y256_crop9097.png,128,256,9004895_3107621
9004895_3107621_x256_y256_crop9098.png,256,256,9004895_3107621
9004895_3107621_x384_y256_crop9099.png,384,256,9004895_3107621
9004895_3107621_x0_y384_crop9100.png,0,384,9004895_3107621
9004895_3107621_x128_y384_crop9101.png,128,384,9004895_3107621
9004895_3107621_x256_y384_crop9102.png,256,384,9004895_3107621
9004895_3107621_x384_y384_crop9103.png,384,384,9004895_3107621
9007647_3085607_x0_y0_crop9104.png,0,0,9007647_3085607
9007647_3085607_x128_y0_crop9105.png,128,0,9007647_3085607
9007647_3085607_x256_y0_crop9106.png,256,0,9007647_3085607
9007647_3085607_x384_y0_crop9107.png,384,0,9007647_3085607
9007647_3085607_x0_y128_crop9108.png,0,128,9007647_3085607
9007647_3085607_x128_y128_crop9109.png,128,128,9007647_3085607
9007647_3085607_x256_y128_crop9110.png,256,128,9007647_3085607
9007647_3085607_x384_y128_crop9111.png,384,128,9007647_3085607
9007647_3085607_x0_y256_crop9112.png,0,256,9007647_3085607
9007647_3085607_x128_y256_crop9113.png,128,256,9007647_3085607
9007647_3085607_x256_y256_crop9114.png,256,256,9007647_3085607
9007647_3085607_x384_y256_crop9115.png,384,256,9007647_3085607
9007647_3085607_x0_y384_crop9116.png,0,384,9007647_3085607
9007647_3085607_x128_y384_crop9117.png,128,384,9007647_3085607
9007647_3085607_x256_y384_crop9118.png,256,384,9007647_3085607
9007647_3085607_x384_y384_crop9119.png,384,384,9007647_3085607
8982881_3110373_x0_y0_crop9120.png,0,0,8982881_3110373
8982881_3110373_x128_y0_crop9121.png,128,0,8982881_3110373
8982881_3110373_x256_y0_crop9122.png,256,0,8982881_3110373
8982881_3110373_x384_y0_crop9123.png,384,0,8982881_3110373
8982881_3110373_x0_y128_crop9124.png,0,128,8982881_3110373
8982881_3110373_x128_y128_crop9125.png,128,128,8982881_3110373
8982881_3110373_x256_y128_crop9126.png,256,128,8982881_3110373
8982881_3110373_x384_y128_crop9127.png,384,128,8982881_3110373
8982881_3110373_x0_y256_crop9128.png,0,256,8982881_3110373
8982881_3110373_x128_y256_crop9129.png,128,256,8982881_3110373
8982881_3110373_x256_y256_crop9130.png,256,256,8982881_3110373
8982881_3110373_x384_y256_crop9131.png,384,256,8982881_3110373
8982881_3110373_x0_y384_crop9132.png,0,384,8982881_3110373
8982881_3110373_x128_y384_crop9133.png,128,384,8982881_3110373
8982881_3110373_x256_y384_crop9134.png,256,384,8982881_3110373
8982881_3110373_x384_y384_crop9135.png,384,384,8982881_3110373
9010399_3129635_x0_y0_crop9136.png,0,0,9010399_3129635
9010399_3129635_x128_y0_crop9137.png,128,0,9010399_3129635
9010399_3129635_x256_y0_crop9138.png,256,0,9010399_3129635
9010399_3129635_x384_y0_crop9139.png,384,0,9010399_3129635
9010399_3129635_x0_y128_crop9140.png,0,128,9010399_3129635
9010399_3129635_x128_y128_crop9141.png,128,128,9010399_3129635
9010399_3129635_x256_y128_crop9142.png,256,128,9010399_3129635
9010399_3129635_x384_y128_crop9143.png,384,128,9010399_3129635
9010399_3129635_x0_y256_crop9144.png,0,256,9010399_3129635
9010399_3129635_x128_y256_crop9145.png,128,256,9010399_3129635
9010399_3129635_x256_y256_crop9146.png,256,256,9010399_3129635
9010399_3129635_x384_y256_crop9147.png,384,256,9010399_3129635
9010399_3129635_x0_y384_crop9148.png,0,384,9010399_3129635
9010399_3129635_x128_y384_crop9149.png,128,384,9010399_3129635
9010399_3129635_x256_y384_crop9150.png,256,384,9010399_3129635
9010399_3129635_x384_y384_crop9151.png,384,384,9010399_3129635
8980130_3099366_x0_y0_crop9152.png,0,0,8980130_3099366
8980130_3099366_x128_y0_crop9153.png,128,0,8980130_3099366
8980130_3099366_x256_y0_crop9154.png,256,0,8980130_3099366
8980130_3099366_x384_y0_crop9155.png,384,0,8980130_3099366
8980130_3099366_x0_y128_crop9156.png,0,128,8980130_3099366
8980130_3099366_x128_y128_crop9157.png,128,128,8980130_3099366
8980130_3099366_x256_y128_crop9158.png,256,128,8980130_3099366
8980130_3099366_x384_y128_crop9159.png,384,128,8980130_3099366
8980130_3099366_x0_y256_crop9160.png,0,256,8980130_3099366
8980130_3099366_x128_y256_crop9161.png,128,256,8980130_3099366
8980130_3099366_x256_y256_crop9162.png,256,256,8980130_3099366
8980130_3099366_x384_y256_crop9163.png,384,256,8980130_3099366
8980130_3099366_x0_y384_crop9164.png,0,384,8980130_3099366
8980130_3099366_x128_y384_crop9165.png,128,384,8980130_3099366
8980130_3099366_x256_y384_crop9166.png,256,384,8980130_3099366
8980130_3099366_x384_y384_crop9167.png,384,384,8980130_3099366
9004895_3088359_x0_y0_crop9168.png,0,0,9004895_3088359
9004895_3088359_x128_y0_crop9169.png,128,0,9004895_3088359
9004895_3088359_x256_y0_crop9170.png,256,0,9004895_3088359
9004895_3088359_x384_y0_crop9171.png,384,0,9004895_3088359
9004895_3088359_x0_y128_crop9172.png,0,128,9004895_3088359
9004895_3088359_x128_y128_crop9173.png,128,128,9004895_3088359
9004895_3088359_x256_y128_crop9174.png,256,128,9004895_3088359
9004895_3088359_x384_y128_crop9175.png,384,128,9004895_3088359
9004895_3088359_x0_y256_crop9176.png,0,256,9004895_3088359
9004895_3088359_x128_y256_crop9177.png,128,256,9004895_3088359
9004895_3088359_x256_y256_crop9178.png,256,256,9004895_3088359
9004895_3088359_x384_y256_crop9179.png,384,256,9004895_3088359
9004895_3088359_x0_y384_crop9180.png,0,384,9004895_3088359
9004895_3088359_x128_y384_crop9181.png,128,384,9004895_3088359
9004895_3088359_x256_y384_crop9182.png,256,384,9004895_3088359
9004895_3088359_x384_y384_crop9183.png,384,384,9004895_3088359
8988385_3102117_x0_y0_crop9184.png,0,0,8988385_3102117
8988385_3102117_x128_y0_crop9185.png,128,0,8988385_3102117
8988385_3102117_x256_y0_crop9186.png,256,0,8988385_3102117
8988385_3102117_x384_y0_crop9187.png,384,0,8988385_3102117
8988385_3102117_x0_y128_crop9188.png,0,128,8988385_3102117
8988385_3102117_x128_y128_crop9189.png,128,128,8988385_3102117
8988385_3102117_x256_y128_crop9190.png,256,128,8988385_3102117
8988385_3102117_x384_y128_crop9191.png,384,128,8988385_3102117
8988385_3102117_x0_y256_crop9192.png,0,256,8988385_3102117
8988385_3102117_x128_y256_crop9193.png,128,256,8988385_3102117
8988385_3102117_x256_y256_crop9194.png,256,256,8988385_3102117
8988385_3102117_x384_y256_crop9195.png,384,256,8988385_3102117
8988385_3102117_x0_y384_crop9196.png,0,384,8988385_3102117
8988385_3102117_x128_y384_crop9197.png,128,384,8988385_3102117
8988385_3102117_x256_y384_crop9198.png,256,384,8988385_3102117
8988385_3102117_x384_y384_crop9199.png,384,384,8988385_3102117
9035164_3137890_x0_y0_crop9200.png,0,0,9035164_3137890
9035164_3137890_x128_y0_crop9201.png,128,0,9035164_3137890
9035164_3137890_x256_y0_crop9202.png,256,0,9035164_3137890
9035164_3137890_x384_y0_crop9203.png,384,0,9035164_3137890
9035164_3137890_x0_y128_crop9204.png,0,128,9035164_3137890
9035164_3137890_x128_y128_crop9205.png,128,128,9035164_3137890
9035164_3137890_x256_y128_crop9206.png,256,128,9035164_3137890
9035164_3137890_x384_y128_crop9207.png,384,128,9035164_3137890
9035164_3137890_x0_y256_crop9208.png,0,256,9035164_3137890
9035164_3137890_x128_y256_crop9209.png,128,256,9035164_3137890
9035164_3137890_x256_y256_crop9210.png,256,256,9035164_3137890
9035164_3137890_x384_y256_crop9211.png,384,256,9035164_3137890
9035164_3137890_x0_y384_crop9212.png,0,384,9035164_3137890
9035164_3137890_x128_y384_crop9213.png,128,384,9035164_3137890
9035164_3137890_x256_y384_crop9214.png,256,384,9035164_3137890
9035164_3137890_x384_y384_crop9215.png,384,384,9035164_3137890
8991137_3140642_x0_y0_crop9216.png,0,0,8991137_3140642
8991137_3140642_x128_y0_crop9217.png,128,0,8991137_3140642
8991137_3140642_x256_y0_crop9218.png,256,0,8991137_3140642
8991137_3140642_x384_y0_crop9219.png,384,0,8991137_3140642
8991137_3140642_x0_y128_crop9220.png,0,128,8991137_3140642
8991137_3140642_x128_y128_crop9221.png,128,128,8991137_3140642
8991137_3140642_x256_y128_crop9222.png,256,128,8991137_3140642
8991137_3140642_x384_y128_crop9223.png,384,128,8991137_3140642
8991137_3140642_x0_y256_crop9224.png,0,256,8991137_3140642
8991137_3140642_x128_y256_crop9225.png,128,256,8991137_3140642
8991137_3140642_x256_y256_crop9226.png,256,256,8991137_3140642
8991137_3140642_x384_y256_crop9227.png,384,256,8991137_3140642
8991137_3140642_x0_y384_crop9228.png,0,384,8991137_3140642
8991137_3140642_x128_y384_crop9229.png,128,384,8991137_3140642
8991137_3140642_x256_y384_crop9230.png,256,384,8991137_3140642
8991137_3140642_x384_y384_crop9231.png,384,384,8991137_3140642
8982881_3129635_x0_y0_crop9232.png,0,0,8982881_3129635
8982881_3129635_x128_y0_crop9233.png,128,0,8982881_3129635
8982881_3129635_x256_y0_crop9234.png,256,0,8982881_3129635
8982881_3129635_x384_y0_crop9235.png,384,0,8982881_3129635
8982881_3129635_x0_y128_crop9236.png,0,128,8982881_3129635
8982881_3129635_x128_y128_crop9237.png,128,128,8982881_3129635
8982881_3129635_x256_y128_crop9238.png,256,128,8982881_3129635
8982881_3129635_x384_y128_crop9239.png,384,128,8982881_3129635
8982881_3129635_x0_y256_crop9240.png,0,256,8982881_3129635
8982881_3129635_x128_y256_crop9241.png,128,256,8982881_3129635
8982881_3129635_x256_y256_crop9242.png,256,256,8982881_3129635
8982881_3129635_x384_y256_crop9243.png,384,256,8982881_3129635
8982881_3129635_x0_y384_crop9244.png,0,384,8982881_3129635
8982881_3129635_x128_y384_crop9245.png,128,384,8982881_3129635
8982881_3129635_x256_y384_crop9246.png,256,384,8982881_3129635
8982881_3129635_x384_y384_crop9247.png,384,384,8982881_3129635
9040668_3085607_x0_y0_crop9248.png,0,0,9040668_3085607
9040668_3085607_x128_y0_crop9249.png,128,0,9040668_3085607
9040668_3085607_x256_y0_crop9250.png,256,0,9040668_3085607
9040668_3085607_x384_y0_crop9251.png,384,0,9040668_3085607
9040668_3085607_x0_y128_crop9252.png,0,128,9040668_3085607
9040668_3085607_x128_y128_crop9253.png,128,128,9040668_3085607
9040668_3085607_x256_y128_crop9254.png,256,128,9040668_3085607
9040668_3085607_x384_y128_crop9255.png,384,128,9040668_3085607
9040668_3085607_x0_y256_crop9256.png,0,256,9040668_3085607
9040668_3085607_x128_y256_crop9257.png,128,256,9040668_3085607
9040668_3085607_x256_y256_crop9258.png,256,256,9040668_3085607
9040668_3085607_x384_y256_crop9259.png,384,256,9040668_3085607
9040668_3085607_x0_y384_crop9260.png,0,384,9040668_3085607
9040668_3085607_x128_y384_crop9261.png,128,384,9040668_3085607
9040668_3085607_x256_y384_crop9262.png,256,384,9040668_3085607
9040668_3085607_x384_y384_crop9263.png,384,384,9040668_3085607
8993888_3096614_x0_y0_crop9264.png,0,0,8993888_3096614
8993888_3096614_x128_y0_crop9265.png,128,0,8993888_3096614
8993888_3096614_x256_y0_crop9266.png,256,0,8993888_3096614
8993888_3096614_x384_y0_crop9267.png,384,0,8993888_3096614
8993888_3096614_x0_y128_crop9268.png,0,128,8993888_3096614
8993888_3096614_x128_y128_crop9269.png,128,128,8993888_3096614
8993888_3096614_x256_y128_crop9270.png,256,128,8993888_3096614
8993888_3096614_x384_y128_crop9271.png,384,128,8993888_3096614
8993888_3096614_x0_y256_crop9272.png,0,256,8993888_3096614
8993888_3096614_x128_y256_crop9273.png,128,256,8993888_3096614
8993888_3096614_x256_y256_crop9274.png,256,256,8993888_3096614
8993888_3096614_x384_y256_crop9275.png,384,256,8993888_3096614
8993888_3096614_x0_y384_crop9276.png,0,384,8993888_3096614
8993888_3096614_x128_y384_crop9277.png,128,384,8993888_3096614
8993888_3096614_x256_y384_crop9278.png,256,384,8993888_3096614
8993888_3096614_x384_y384_crop9279.png,384,384,8993888_3096614
8991137_3118628_x0_y0_crop9280.png,0,0,8991137_3118628
8991137_3118628_x128_y0_crop9281.png,128,0,8991137_3118628
8991137_3118628_x256_y0_crop9282.png,256,0,8991137_3118628
8991137_3118628_x384_y0_crop9283.png,384,0,8991137_3118628
8991137_3118628_x0_y128_crop9284.png,0,128,8991137_3118628
8991137_3118628_x128_y128_crop9285.png,128,128,8991137_3118628
8991137_3118628_x256_y128_crop9286.png,256,128,8991137_3118628
8991137_3118628_x384_y128_crop9287.png,384,128,8991137_3118628
8991137_3118628_x0_y256_crop9288.png,0,256,8991137_3118628
8991137_3118628_x128_y256_crop9289.png,128,256,8991137_3118628
8991137_3118628_x256_y256_crop9290.png,256,256,8991137_3118628
8991137_3118628_x384_y256_crop9291.png,384,256,8991137_3118628
8991137_3118628_x0_y384_crop9292.png,0,384,8991137_3118628
8991137_3118628_x128_y384_crop9293.png,128,384,8991137_3118628
8991137_3118628_x256_y384_crop9294.png,256,384,8991137_3118628
8991137_3118628_x384_y384_crop9295.png,384,384,8991137_3118628
9040668_3121380_x0_y0_crop9296.png,0,0,9040668_3121380
9040668_3121380_x128_y0_crop9297.png,128,0,9040668_3121380
9040668_3121380_x256_y0_crop9298.png,256,0,9040668_3121380
9040668_3121380_x384_y0_crop9299.png,384,0,9040668_3121380
9040668_3121380_x0_y128_crop9300.png,0,128,9040668_3121380
9040668_3121380_x128_y128_crop9301.png,128,128,9040668_3121380
9040668_3121380_x256_y128_crop9302.png,256,128,9040668_3121380
9040668_3121380_x384_y128_crop9303.png,384,128,9040668_3121380
9040668_3121380_x0_y256_crop9304.png,0,256,9040668_3121380
9040668_3121380_x128_y256_crop9305.png,128,256,9040668_3121380
9040668_3121380_x256_y256_crop9306.png,256,256,9040668_3121380
9040668_3121380_x384_y256_crop9307.png,384,256,9040668_3121380
9040668_3121380_x0_y384_crop9308.png,0,384,9040668_3121380
9040668_3121380_x128_y384_crop9309.png,128,384,9040668_3121380
9040668_3121380_x256_y384_crop9310.png,256,384,9040668_3121380
9040668_3121380_x384_y384_crop9311.png,384,384,9040668_3121380
9010399_3088359_x0_y0_crop9312.png,0,0,9010399_3088359
9010399_3088359_x128_y0_crop9313.png,128,0,9010399_3088359
9010399_3088359_x256_y0_crop9314.png,256,0,9010399_3088359
9010399_3088359_x384_y0_crop9315.png,384,0,9010399_3088359
9010399_3088359_x0_y128_crop9316.png,0,128,9010399_3088359
9010399_3088359_x128_y128_crop9317.png,128,128,9010399_3088359
9010399_3088359_x256_y128_crop9318.png,256,128,9010399_3088359
9010399_3088359_x384_y128_crop9319.png,384,128,9010399_3088359
9010399_3088359_x0_y256_crop9320.png,0,256,9010399_3088359
9010399_3088359_x128_y256_crop9321.png,128,256,9010399_3088359
9010399_3088359_x256_y256_crop9322.png,256,256,9010399_3088359
9010399_3088359_x384_y256_crop9323.png,384,256,9010399_3088359
9010399_3088359_x0_y384_crop9324.png,0,384,9010399_3088359
9010399_3088359_x128_y384_crop9325.png,128,384,9010399_3088359
9010399_3088359_x256_y384_crop9326.png,256,384,9010399_3088359
9010399_3088359_x384_y384_crop9327.png,384,384,9010399_3088359
9002144_3140642_x0_y0_crop9328.png,0,0,9002144_3140642
9002144_3140642_x128_y0_crop9329.png,128,0,9002144_3140642
9002144_3140642_x256_y0_crop9330.png,256,0,9002144_3140642
9002144_3140642_x384_y0_crop9331.png,384,0,9002144_3140642
9002144_3140642_x0_y128_crop9332.png,0,128,9002144_3140642
9002144_3140642_x128_y128_crop9333.png,128,128,9002144_3140642
9002144_3140642_x256_y128_crop9334.png,256,128,9002144_3140642
9002144_3140642_x384_y128_crop9335.png,384,128,9002144_3140642
9002144_3140642_x0_y256_crop9336.png,0,256,9002144_3140642
9002144_3140642_x128_y256_crop9337.png,128,256,9002144_3140642
9002144_3140642_x256_y256_crop9338.png,256,256,9002144_3140642
9002144_3140642_x384_y256_crop9339.png,384,256,9002144_3140642
9002144_3140642_x0_y384_crop9340.png,0,384,9002144_3140642
9002144_3140642_x128_y384_crop9341.png,128,384,9002144_3140642
9002144_3140642_x256_y384_crop9342.png,256,384,9002144_3140642
9002144_3140642_x384_y384_crop9343.png,384,384,9002144_3140642
8999392_3140642_x0_y0_crop9344.png,0,0,8999392_3140642
8999392_3140642_x128_y0_crop9345.png,128,0,8999392_3140642
8999392_3140642_x256_y0_crop9346.png,256,0,8999392_3140642
8999392_3140642_x384_y0_crop9347.png,384,0,8999392_3140642
8999392_3140642_x0_y128_crop9348.png,0,128,8999392_3140642
8999392_3140642_x128_y128_crop9349.png,128,128,8999392_3140642
8999392_3140642_x256_y128_crop9350.png,256,128,8999392_3140642
8999392_3140642_x384_y128_crop9351.png,384,128,8999392_3140642
8999392_3140642_x0_y256_crop9352.png,0,256,8999392_3140642
8999392_3140642_x128_y256_crop9353.png,128,256,8999392_3140642
8999392_3140642_x256_y256_crop9354.png,256,256,8999392_3140642
8999392_3140642_x384_y256_crop9355.png,384,256,8999392_3140642
8999392_3140642_x0_y384_crop9356.png,0,384,8999392_3140642
8999392_3140642_x128_y384_crop9357.png,128,384,8999392_3140642
8999392_3140642_x256_y384_crop9358.png,256,384,8999392_3140642
8999392_3140642_x384_y384_crop9359.png,384,384,8999392_3140642
9024157_3121380_x0_y0_crop9360.png,0,0,9024157_3121380
9024157_3121380_x128_y0_crop9361.png,128,0,9024157_3121380
9024157_3121380_x256_y0_crop9362.png,256,0,9024157_3121380
9024157_3121380_x384_y0_crop9363.png,384,0,9024157_3121380
9024157_3121380_x0_y128_crop9364.png,0,128,9024157_3121380
9024157_3121380_x128_y128_crop9365.png,128,128,9024157_3121380
9024157_3121380_x256_y128_crop9366.png,256,128,9024157_3121380
9024157_3121380_x384_y128_crop9367.png,384,128,9024157_3121380
9024157_3121380_x0_y256_crop9368.png,0,256,9024157_3121380
9024157_3121380_x128_y256_crop9369.png,128,256,9024157_3121380
9024157_3121380_x256_y256_crop9370.png,256,256,9024157_3121380
9024157_3121380_x384_y256_crop9371.png,384,256,9024157_3121380
9024157_3121380_x0_y384_crop9372.png,0,384,9024157_3121380
9024157_3121380_x128_y384_crop9373.png,128,384,9024157_3121380
9024157_3121380_x256_y384_crop9374.png,256,384,9024157_3121380
9024157_3121380_x384_y384_crop9375.png,384,384,9024157_3121380
8999392_3124131_x0_y0_crop9376.png,0,0,8999392_3124131
8999392_3124131_x128_y0_crop9377.png,128,0,8999392_3124131
8999392_3124131_x256_y0_crop9378.png,256,0,8999392_3124131
8999392_3124131_x384_y0_crop9379.png,384,0,8999392_3124131
8999392_3124131_x0_y128_crop9380.png,0,128,8999392_3124131
8999392_3124131_x128_y128_crop9381.png,128,128,8999392_3124131
8999392_3124131_x256_y128_crop9382.png,256,128,8999392_3124131
8999392_3124131_x384_y128_crop9383.png,384,128,8999392_3124131
8999392_3124131_x0_y256_crop9384.png,0,256,8999392_3124131
8999392_3124131_x128_y256_crop9385.png,128,256,8999392_3124131
8999392_3124131_x256_y256_crop9386.png,256,256,8999392_3124131
8999392_3124131_x384_y256_crop9387.png,384,256,8999392_3124131
8999392_3124131_x0_y384_crop9388.png,0,384,8999392_3124131
8999392_3124131_x128_y384_crop9389.png,128,384,8999392_3124131
8999392_3124131_x256_y384_crop9390.png,256,384,8999392_3124131
8999392_3124131_x384_y384_crop9391.png,384,384,8999392_3124131
9015902_3113124_x0_y0_crop9392.png,0,0,9015902_3113124
9015902_3113124_x128_y0_crop9393.png,128,0,9015902_3113124
9015902_3113124_x256_y0_crop9394.png,256,0,9015902_3113124
9015902_3113124_x384_y0_crop9395.png,384,0,9015902_3113124
9015902_3113124_x0_y128_crop9396.png,0,128,9015902_3113124
9015902_3113124_x128_y128_crop9397.png,128,128,9015902_3113124
9015902_3113124_x256_y128_crop9398.png,256,128,9015902_3113124
9015902_3113124_x384_y128_crop9399.png,384,128,9015902_3113124
9015902_3113124_x0_y256_crop9400.png,0,256,9015902_3113124
9015902_3113124_x128_y256_crop9401.png,128,256,9015902_3113124
9015902_3113124_x256_y256_crop9402.png,256,256,9015902_3113124
9015902_3113124_x384_y256_crop9403.png,384,256,9015902_3113124
9015902_3113124_x0_y384_crop9404.png,0,384,9015902_3113124
9015902_3113124_x128_y384_crop9405.png,128,384,9015902_3113124
9015902_3113124_x256_y384_crop9406.png,256,384,9015902_3113124
9015902_3113124_x384_y384_crop9407.png,384,384,9015902_3113124
9037916_3126883_x0_y0_crop9408.png,0,0,9037916_3126883
9037916_3126883_x128_y0_crop9409.png,128,0,9037916_3126883
9037916_3126883_x256_y0_crop9410.png,256,0,9037916_3126883
9037916_3126883_x384_y0_crop9411.png,384,0,9037916_3126883
9037916_3126883_x0_y128_crop9412.png,0,128,9037916_3126883
9037916_3126883_x128_y128_crop9413.png,128,128,9037916_3126883
9037916_3126883_x256_y128_crop9414.png,256,128,9037916_3126883
9037916_3126883_x384_y128_crop9415.png,384,128,9037916_3126883
9037916_3126883_x0_y256_crop9416.png,0,256,9037916_3126883
9037916_3126883_x128_y256_crop9417.png,128,256,9037916_3126883
9037916_3126883_x256_y256_crop9418.png,256,256,9037916_3126883
9037916_3126883_x384_y256_crop9419.png,384,256,9037916_3126883
9037916_3126883_x0_y384_crop9420.png,0,384,9037916_3126883
9037916_3126883_x128_y384_crop9421.png,128,384,9037916_3126883
9037916_3126883_x256_y384_crop9422.png,256,384,9037916_3126883
9037916_3126883_x384_y384_crop9423.png,384,384,9037916_3126883
8991137_3082855_x0_y0_crop9424.png,0,0,8991137_3082855
8991137_3082855_x128_y0_crop9425.png,128,0,8991137_3082855
8991137_3082855_x256_y0_crop9426.png,256,0,8991137_3082855
8991137_3082855_x384_y0_crop9427.png,384,0,8991137_3082855
8991137_3082855_x0_y128_crop9428.png,0,128,8991137_3082855
8991137_3082855_x128_y128_crop9429.png,128,128,8991137_3082855
8991137_3082855_x256_y128_crop9430.png,256,128,8991137_3082855
8991137_3082855_x384_y128_crop9431.png,384,128,8991137_3082855
8991137_3082855_x0_y256_crop9432.png,0,256,8991137_3082855
8991137_3082855_x128_y256_crop9433.png,128,256,8991137_3082855
8991137_3082855_x256_y256_crop9434.png,256,256,8991137_3082855
8991137_3082855_x384_y256_crop9435.png,384,256,8991137_3082855
8991137_3082855_x0_y384_crop9436.png,0,384,8991137_3082855
8991137_3082855_x128_y384_crop9437.png,128,384,8991137_3082855
8991137_3082855_x256_y384_crop9438.png,256,384,8991137_3082855
8991137_3082855_x384_y384_crop9439.png,384,384,8991137_3082855
9021406_3077352_x0_y0_crop9440.png,0,0,9021406_3077352
9021406_3077352_x128_y0_crop9441.png,128,0,9021406_3077352
9021406_3077352_x256_y0_crop9442.png,256,0,9021406_3077352
9021406_3077352_x384_y0_crop9443.png,384,0,9021406_3077352
9021406_3077352_x0_y128_crop9444.png,0,128,9021406_3077352
9021406_3077352_x128_y128_crop9445.png,128,128,9021406_3077352
9021406_3077352_x256_y128_crop9446.png,256,128,9021406_3077352
9021406_3077352_x384_y128_crop9447.png,384,128,9021406_3077352
9021406_3077352_x0_y256_crop9448.png,0,256,9021406_3077352
9021406_3077352_x128_y256_crop9449.png,128,256,9021406_3077352
9021406_3077352_x256_y256_crop9450.png,256,256,9021406_3077352
9021406_3077352_x384_y256_crop9451.png,384,256,9021406_3077352
9021406_3077352_x0_y384_crop9452.png,0,384,9021406_3077352
9021406_3077352_x128_y384_crop9453.png,128,384,9021406_3077352
9021406_3077352_x256_y384_crop9454.png,256,384,9021406_3077352
9021406_3077352_x384_y384_crop9455.png,384,384,9021406_3077352
9007647_3102117_x0_y0_crop9456.png,0,0,9007647_3102117
9007647_3102117_x128_y0_crop9457.png,128,0,9007647_3102117
9007647_3102117_x256_y0_crop9458.png,256,0,9007647_3102117
9007647_3102117_x384_y0_crop9459.png,384,0,9007647_3102117
9007647_3102117_x0_y128_crop9460.png,0,128,9007647_3102117
9007647_3102117_x128_y128_crop9461.png,128,128,9007647_3102117
9007647_3102117_x256_y128_crop9462.png,256,128,9007647_3102117
9007647_3102117_x384_y128_crop9463.png,384,128,9007647_3102117
9007647_3102117_x0_y256_crop9464.png,0,256,9007647_3102117
9007647_3102117_x128_y256_crop9465.png,128,256,9007647_3102117
9007647_3102117_x256_y256_crop9466.png,256,256,9007647_3102117
9007647_3102117_x384_y256_crop9467.png,384,256,9007647_3102117
9007647_3102117_x0_y384_crop9468.png,0,384,9007647_3102117
9007647_3102117_x128_y384_crop9469.png,128,384,9007647_3102117
9007647_3102117_x256_y384_crop9470.png,256,384,9007647_3102117
9007647_3102117_x384_y384_crop9471.png,384,384,9007647_3102117
9029661_3137890_x0_y0_crop9472.png,0,0,9029661_3137890
9029661_3137890_x128_y0_crop9473.png,128,0,9029661_3137890
9029661_3137890_x256_y0_crop9474.png,256,0,9029661_3137890
9029661_3137890_x384_y0_crop9475.png,384,0,9029661_3137890
9029661_3137890_x0_y128_crop9476.png,0,128,9029661_3137890
9029661_3137890_x128_y128_crop9477.png,128,128,9029661_3137890
9029661_3137890_x256_y128_crop9478.png,256,128,9029661_3137890
9029661_3137890_x384_y128_crop9479.png,384,128,9029661_3137890
9029661_3137890_x0_y256_crop9480.png,0,256,9029661_3137890
9029661_3137890_x128_y256_crop9481.png,128,256,9029661_3137890
9029661_3137890_x256_y256_crop9482.png,256,256,9029661_3137890
9029661_3137890_x384_y256_crop9483.png,384,256,9029661_3137890
9029661_3137890_x0_y384_crop9484.png,0,384,9029661_3137890
9029661_3137890_x128_y384_crop9485.png,128,384,9029661_3137890
9029661_3137890_x256_y384_crop9486.png,256,384,9029661_3137890
9029661_3137890_x384_y384_crop9487.png,384,384,9029661_3137890
9026909_3104869_x0_y0_crop9488.png,0,0,9026909_3104869
9026909_3104869_x128_y0_crop9489.png,128,0,9026909_3104869
9026909_3104869_x256_y0_crop9490.png,256,0,9026909_3104869
9026909_3104869_x384_y0_crop9491.png,384,0,9026909_3104869
9026909_3104869_x0_y128_crop9492.png,0,128,9026909_3104869
9026909_3104869_x128_y128_crop9493.png,128,128,9026909_3104869
9026909_3104869_x256_y128_crop9494.png,256,128,9026909_3104869
9026909_3104869_x384_y128_crop9495.png,384,128,9026909_3104869
9026909_3104869_x0_y256_crop9496.png,0,256,9026909_3104869
9026909_3104869_x128_y256_crop9497.png,128,256,9026909_3104869
9026909_3104869_x256_y256_crop9498.png,256,256,9026909_3104869
9026909_3104869_x384_y256_crop9499.png,384,256,9026909_3104869
9026909_3104869_x0_y384_crop9500.png,0,384,9026909_3104869
9026909_3104869_x128_y384_crop9501.png,128,384,9026909_3104869
9026909_3104869_x256_y384_crop9502.png,256,384,9026909_3104869
9026909_3104869_x384_y384_crop9503.png,384,384,9026909_3104869
9010399_3096614_x0_y0_crop9504.png,0,0,9010399_3096614
9010399_3096614_x128_y0_crop9505.png,128,0,9010399_3096614
9010399_3096614_x256_y0_crop9506.png,256,0,9010399_3096614
9010399_3096614_x384_y0_crop9507.png,384,0,9010399_3096614
9010399_3096614_x0_y128_crop9508.png,0,128,9010399_3096614
9010399_3096614_x128_y128_crop9509.png,128,128,9010399_3096614
9010399_3096614_x256_y128_crop9510.png,256,128,9010399_3096614
9010399_3096614_x384_y128_crop9511.png,384,128,9010399_3096614
9010399_3096614_x0_y256_crop9512.png,0,256,9010399_3096614
9010399_3096614_x128_y256_crop9513.png,128,256,9010399_3096614
9010399_3096614_x256_y256_crop9514.png,256,256,9010399_3096614
9010399_3096614_x384_y256_crop9515.png,384,256,9010399_3096614
9010399_3096614_x0_y384_crop9516.png,0,384,9010399_3096614
9010399_3096614_x128_y384_crop9517.png,128,384,9010399_3096614
9010399_3096614_x256_y384_crop9518.png,256,384,9010399_3096614
9010399_3096614_x384_y384_crop9519.png,384,384,9010399_3096614
8993888_3104869_x0_y0_crop9520.png,0,0,8993888_3104869
8993888_3104869_x128_y0_crop9521.png,128,0,8993888_3104869
8993888_3104869_x256_y0_crop9522.png,256,0,8993888_3104869
8993888_3104869_x384_y0_crop9523.png,384,0,8993888_3104869
8993888_3104869_x0_y128_crop9524.png,0,128,8993888_3104869
8993888_3104869_x128_y128_crop9525.png,128,128,8993888_3104869
8993888_3104869_x256_y128_crop9526.png,256,128,8993888_3104869
8993888_3104869_x384_y128_crop9527.png,384,128,8993888_3104869
8993888_3104869_x0_y256_crop9528.png,0,256,8993888_3104869
8993888_3104869_x128_y256_crop9529.png,128,256,8993888_3104869
8993888_3104869_x256_y256_crop9530.png,256,256,8993888_3104869
8993888_3104869_x384_y256_crop9531.png,384,256,8993888_3104869
8993888_3104869_x0_y384_crop9532.png,0,384,8993888_3104869
8993888_3104869_x128_y384_crop9533.png,128,384,8993888_3104869
8993888_3104869_x256_y384_crop9534.png,256,384,8993888_3104869
8993888_3104869_x384_y384_crop9535.png,384,384,8993888_3104869
8980130_3132387_x0_y0_crop9536.png,0,0,8980130_3132387
8980130_3132387_x128_y0_crop9537.png,128,0,8980130_3132387
8980130_3132387_x256_y0_crop9538.png,256,0,8980130_3132387
8980130_3132387_x384_y0_crop9539.png,384,0,8980130_3132387
8980130_3132387_x0_y128_crop9540.png,0,128,8980130_3132387
8980130_3132387_x128_y128_crop9541.png,128,128,8980130_3132387
8980130_3132387_x256_y128_crop9542.png,256,128,8980130_3132387
8980130_3132387_x384_y128_crop9543.png,384,128,8980130_3132387
8980130_3132387_x0_y256_crop9544.png,0,256,8980130_3132387
8980130_3132387_x128_y256_crop9545.png,128,256,8980130_3132387
8980130_3132387_x256_y256_crop9546.png,256,256,8980130_3132387
8980130_3132387_x384_y256_crop9547.png,384,256,8980130_3132387
8980130_3132387_x0_y384_crop9548.png,0,384,8980130_3132387
8980130_3132387_x128_y384_crop9549.png,128,384,8980130_3132387
8980130_3132387_x256_y384_crop9550.png,256,384,8980130_3132387
8980130_3132387_x384_y384_crop9551.png,384,384,8980130_3132387
9002144_3137890_x0_y0_crop9552.png,0,0,9002144_3137890
9002144_3137890_x128_y0_crop9553.png,128,0,9002144_3137890
9002144_3137890_x256_y0_crop9554.png,256,0,9002144_3137890
9002144_3137890_x384_y0_crop9555.png,384,0,9002144_3137890
9002144_3137890_x0_y128_crop9556.png,0,128,9002144_3137890
9002144_3137890_x128_y128_crop9557.png,128,128,9002144_3137890
9002144_3137890_x256_y128_crop9558.png,256,128,9002144_3137890
9002144_3137890_x384_y128_crop9559.png,384,128,9002144_3137890
9002144_3137890_x0_y256_crop9560.png,0,256,9002144_3137890
9002144_3137890_x128_y256_crop9561.png,128,256,9002144_3137890
9002144_3137890_x256_y256_crop9562.png,256,256,9002144_3137890
9002144_3137890_x384_y256_crop9563.png,384,256,9002144_3137890
9002144_3137890_x0_y384_crop9564.png,0,384,9002144_3137890
9002144_3137890_x128_y384_crop9565.png,128,384,9002144_3137890
9002144_3137890_x256_y384_crop9566.png,256,384,9002144_3137890
9002144_3137890_x384_y384_crop9567.png,384,384,9002144_3137890
